#include "bus/gui_core/mini_gui.h"
#include "config.h"
#ifdef ENABLE_UPGRADE_LOGO
unsigned char nc_logo_bmp[] = {
  0x42, 0x4d, 0x0a, 0x71, 0x00, 0x00, 0x00, 0x00, 0x00, 0x00, 0x8a, 0x00,
  0x00, 0x00, 0x7c, 0x00, 0x00, 0x00, 0xb4, 0x00, 0x00, 0x00, 0x50, 0x00,
  0x00, 0x00, 0x01, 0x00, 0x10, 0x00, 0x03, 0x00, 0x00, 0x00, 0x80, 0x70,
  0x00, 0x00, 0x13, 0x0b, 0x00, 0x00, 0x13, 0x0b, 0x00, 0x00, 0x00, 0x00,
  0x00, 0x00, 0x00, 0x00, 0x00, 0x00, 0x00, 0xf8, 0x00, 0x00, 0xe0, 0x07,
  0x00, 0x00, 0x1f, 0x00, 0x00, 0x00, 0x00, 0x00, 0x00, 0x00, 0x42, 0x47,
  0x52, 0x73, 0x00, 0x00, 0x00, 0x00, 0x00, 0x00, 0x00, 0x00, 0x00, 0x00,
  0x00, 0x00, 0x00, 0x00, 0x00, 0x00, 0x00, 0x00, 0x00, 0x00, 0x00, 0x00,
  0x00, 0x00, 0x00, 0x00, 0x00, 0x00, 0x00, 0x00, 0x00, 0x00, 0x00, 0x00,
  0x00, 0x00, 0x00, 0x00, 0x00, 0x00, 0x00, 0x00, 0x00, 0x00, 0x00, 0x00,
  0x00, 0x00, 0x02, 0x00, 0x00, 0x00, 0x00, 0x00, 0x00, 0x00, 0x00, 0x00,
  0x00, 0x00, 0x00, 0x00, 0x00, 0x00, 0xff, 0xff, 0xff, 0xff, 0xff, 0xff,
  0xff, 0xff, 0xff, 0xff, 0xff, 0xff, 0xff, 0xff, 0xff, 0xff, 0xff, 0xff,
  0xff, 0xff, 0xff, 0xff, 0xff, 0xff, 0xff, 0xff, 0xff, 0xff, 0xff, 0xff,
  0xff, 0xff, 0xff, 0xff, 0xff, 0xff, 0xff, 0xff, 0xff, 0xff, 0xff, 0xff,
  0xff, 0xff, 0xff, 0xff, 0xff, 0xff, 0xff, 0xf7, 0xdf, 0xff, 0xdf, 0xff,
  0xff, 0xff, 0xbe, 0xff, 0xff, 0xff, 0xff, 0xf7, 0xdf, 0xff, 0xff, 0xff,
  0xdd, 0xf7, 0xfe, 0xff, 0xdf, 0xff, 0xdf, 0xff, 0xff, 0xff, 0xfe, 0xff,
  0xdf, 0xff, 0xde, 0xf7, 0xff, 0xf7, 0xff, 0xf7, 0xdd, 0xf7, 0xfe, 0xff,
  0xff, 0xf7, 0xff, 0xf7, 0xff, 0xff, 0xff, 0xff, 0xde, 0xff, 0xfe, 0xff,
  0xff, 0xff, 0xdf, 0xf7, 0xff, 0xf7, 0xde, 0xff, 0xfe, 0xff, 0xdf, 0xff,
  0xdf, 0xff, 0xff, 0xff, 0xde, 0xf7, 0xfe, 0xff, 0xde, 0xff, 0xff, 0xff,
  0xbf, 0xff, 0xff, 0xff, 0xff, 0xf7, 0xff, 0xf7, 0xff, 0xff, 0xde, 0xf7,
  0xff, 0xf7, 0xff, 0xff, 0xdf, 0xff, 0xff, 0xf7, 0xfe, 0xf7, 0xfe, 0xff,
  0xfe, 0xff, 0xbe, 0xff, 0xdf, 0xff, 0xdf, 0xff, 0xdf, 0xff, 0xff, 0xff,
  0xdf, 0xff, 0xdf, 0xf7, 0xff, 0xf7, 0xdf, 0xff, 0xde, 0xff, 0xff, 0xf7,
  0xdf, 0xff, 0xff, 0xf7, 0xff, 0xff, 0xff, 0xf7, 0xff, 0xf7, 0xde, 0xff,
  0xdd, 0xff, 0xff, 0xf7, 0xff, 0xff, 0xfe, 0xff, 0xdf, 0xf7, 0xff, 0xf7,
  0xff, 0xf7, 0xff, 0xff, 0xdf, 0xff, 0xbd, 0xff, 0xfe, 0xff, 0xdf, 0xff,
  0xfd, 0xff, 0xff, 0xff, 0xbf, 0xff, 0xff, 0xff, 0xfd, 0xff, 0xfe, 0xf7,
  0xfe, 0xef, 0xdf, 0xff, 0xff, 0xff, 0xfe, 0xff, 0xfe, 0xff, 0xde, 0xf7,
  0xff, 0xff, 0xff, 0xff, 0xff, 0xff, 0xff, 0xff, 0xff, 0xff, 0xff, 0xf7,
  0xdf, 0xf7, 0xff, 0xff, 0xdf, 0xff, 0xde, 0xf7, 0xff, 0xff, 0xdf, 0xff,
  0xff, 0xf7, 0xff, 0xf7, 0xdf, 0xff, 0xdf, 0xff, 0xfe, 0xff, 0xde, 0xf7,
  0xdf, 0xff, 0xff, 0xf7, 0xdd, 0xff, 0xfe, 0xff, 0xff, 0xff, 0xfe, 0xff,
  0xfe, 0xf7, 0xbe, 0xf7, 0xfe, 0xff, 0xdf, 0xff, 0xff, 0xff, 0xde, 0xff,
  0xff, 0xff, 0xff, 0xff, 0xff, 0xff, 0xdf, 0xff, 0xdf, 0xff, 0xff, 0xff,
  0xff, 0xff, 0xff, 0xff, 0xff, 0xff, 0xff, 0xff, 0xff, 0xff, 0xff, 0xff,
  0xff, 0xff, 0xff, 0xff, 0xff, 0xff, 0xff, 0xff, 0xff, 0xff, 0xff, 0xff,
  0xff, 0xff, 0xff, 0xff, 0xff, 0xff, 0xff, 0xff, 0xff, 0xff, 0xff, 0xff,
  0xff, 0xff, 0xff, 0xff, 0xff, 0xff, 0xff, 0xff, 0xff, 0xff, 0xff, 0xff,
  0xff, 0xff, 0xff, 0xff, 0xff, 0xff, 0xff, 0xff, 0xff, 0xff, 0xff, 0xff,
  0xff, 0xff, 0xff, 0xff, 0xff, 0xff, 0xff, 0xff, 0xff, 0xff, 0xff, 0xff,
  0xff, 0xff, 0xff, 0xff, 0xff, 0xff, 0xff, 0xff, 0xff, 0xff, 0xff, 0xff,
  0xff, 0xff, 0xff, 0xff, 0xff, 0xff, 0xff, 0xff, 0xff, 0xff, 0xff, 0xff,
  0xff, 0xff, 0xff, 0xff, 0xff, 0xff, 0xff, 0xf7, 0xdf, 0xff, 0xff, 0xff,
  0xff, 0xff, 0xdf, 0xff, 0xff, 0xff, 0xde, 0xef, 0xbe, 0xff, 0xff, 0xff,
  0xff, 0xff, 0xff, 0xff, 0xdf, 0xff, 0xff, 0xff, 0xff, 0xff, 0xff, 0xff,
  0xff, 0xff, 0xde, 0xff, 0xdf, 0xff, 0xbf, 0xf7, 0xff, 0xff, 0xdf, 0xff,
  0xdf, 0xff, 0xdf, 0xff, 0xdf, 0xff, 0xbe, 0xf7, 0xfe, 0xff, 0xfe, 0xff,
  0xfe, 0xff, 0xff, 0xff, 0xbf, 0xf7, 0xff, 0xf7, 0xff, 0xf7, 0xdf, 0xef,
  0xff, 0xff, 0xde, 0xff, 0xbe, 0xff, 0xff, 0xff, 0xdf, 0xf7, 0xfe, 0xff,
  0xfd, 0xff, 0xdd, 0xff, 0xfe, 0xff, 0xff, 0xff, 0xdf, 0xff, 0xfe, 0xff,
  0xfe, 0xff, 0xfe, 0xff, 0xbe, 0xff, 0xde, 0xff, 0x9e, 0xff, 0xdf, 0xff,
  0xdf, 0xff, 0xff, 0xff, 0xff, 0xff, 0xdf, 0xff, 0xff, 0xff, 0xfd, 0xf7,
  0xde, 0xff, 0xff, 0xff, 0xff, 0xf7, 0xfe, 0xff, 0xfe, 0xff, 0xfe, 0xf7,
  0xde, 0xff, 0xfd, 0xff, 0xde, 0xff, 0xff, 0xff, 0xff, 0xf7, 0xdf, 0xff,
  0xff, 0xff, 0xff, 0xf7, 0xde, 0xff, 0xff, 0xf7, 0xff, 0xff, 0xff, 0xff,
  0xbe, 0xff, 0xff, 0xf7, 0xff, 0xf7, 0xff, 0xf7, 0xbf, 0xf7, 0xdf, 0xf7,
  0xfd, 0xff, 0xfe, 0xf7, 0xff, 0xff, 0xbf, 0xff, 0xde, 0xff, 0xdf, 0xff,
  0x9e, 0xef, 0xfd, 0xf7, 0xfe, 0xff, 0xff, 0xff, 0xdf, 0xff, 0xff, 0xff,
  0xdf, 0xff, 0xbe, 0xff, 0xdf, 0xff, 0xff, 0xff, 0xff, 0xff, 0xff, 0xff,
  0xdf, 0xf7, 0xff, 0xff, 0xff, 0xff, 0xff, 0xff, 0xff, 0xff, 0xdf, 0xff,
  0xfe, 0xff, 0xff, 0xff, 0xbf, 0xff, 0xdf, 0xff, 0xfe, 0xff, 0xfe, 0xff,
  0xdf, 0xff, 0xff, 0xff, 0xbf, 0xf7, 0xd5, 0x3b, 0xf5, 0x22, 0x74, 0x4b,
  0xdf, 0xef, 0xdf, 0xff, 0xdf, 0xff, 0xfd, 0xff, 0xfe, 0xff, 0xde, 0xf7,
  0xbe, 0xf7, 0xde, 0xff, 0xde, 0xff, 0xfe, 0xff, 0xfe, 0xf7, 0xff, 0xff,
  0xff, 0xff, 0xff, 0xff, 0xff, 0xff, 0xff, 0xff, 0xff, 0xff, 0xff, 0xff,
  0xff, 0xff, 0xff, 0xff, 0xff, 0xff, 0xff, 0xff, 0xff, 0xff, 0xff, 0xff,
  0xff, 0xff, 0xff, 0xff, 0xff, 0xff, 0xff, 0xff, 0xff, 0xff, 0xff, 0xff,
  0xff, 0xff, 0xff, 0xff, 0xff, 0xff, 0xff, 0xff, 0xff, 0xff, 0xff, 0xff,
  0xff, 0xff, 0xff, 0xff, 0xff, 0xff, 0xff, 0xff, 0xff, 0xff, 0xff, 0xff,
  0xff, 0xff, 0xff, 0xff, 0xff, 0xff, 0xff, 0xff, 0xff, 0xff, 0xff, 0xff,
  0xff, 0xff, 0xff, 0xff, 0xff, 0xff, 0xff, 0xff, 0xff, 0xff, 0xff, 0xff,
  0xff, 0xff, 0xff, 0xff, 0xff, 0xff, 0xff, 0xff, 0xff, 0xff, 0xff, 0xff,
  0xff, 0xff, 0xff, 0xff, 0xff, 0xff, 0xff, 0xf7, 0xff, 0xff, 0xfe, 0xff,
  0xde, 0xf7, 0xdf, 0xff, 0xff, 0xff, 0xfe, 0xff, 0xfe, 0xff, 0xdf, 0xff,
  0xff, 0xff, 0xff, 0xff, 0xfe, 0xff, 0xfe, 0xf7, 0xff, 0xf7, 0xdf, 0xff,
  0xff, 0xff, 0xbf, 0xff, 0xff, 0xff, 0xff, 0xff, 0xff, 0xff, 0xdf, 0xff,
  0xdf, 0xff, 0xdf, 0xff, 0xdf, 0xff, 0xff, 0xff, 0xff, 0xff, 0xbe, 0xf7,
  0xff, 0xff, 0xdf, 0xff, 0xdf, 0xff, 0xbe, 0xff, 0xdf, 0xff, 0xff, 0xff,
  0xff, 0xff, 0xde, 0xff, 0xff, 0xff, 0xff, 0xf7, 0xff, 0xf7, 0xff, 0xf7,
  0xde, 0xf7, 0xff, 0xf7, 0xff, 0xf7, 0xfe, 0xff, 0xfe, 0xff, 0xbe, 0xff,
  0xde, 0xf7, 0xff, 0xf7, 0xff, 0xf7, 0xff, 0xff, 0xff, 0xff, 0xdf, 0xff,
  0xdf, 0xf7, 0xfe, 0xf7, 0xfe, 0xf7, 0xfd, 0xf7, 0xfe, 0xff, 0xff, 0xff,
  0xdf, 0xff, 0xff, 0xff, 0xde, 0xf7, 0xff, 0xff, 0xff, 0xff, 0xff, 0xf7,
  0xff, 0xff, 0xff, 0xf7, 0xdf, 0xff, 0xff, 0xff, 0xfe, 0xf7, 0xff, 0xff,
  0xff, 0xf7, 0xff, 0xf7, 0xdf, 0xff, 0xdf, 0xef, 0xff, 0xff, 0xbe, 0xff,
  0xfe, 0xff, 0xfe, 0xff, 0xfe, 0xf7, 0xde, 0xff, 0xdf, 0xff, 0xdf, 0xff,
  0xff, 0xff, 0xfe, 0xf7, 0xff, 0xff, 0xff, 0xff, 0xde, 0xff, 0xbf, 0xff,
  0xdf, 0xff, 0xff, 0xf7, 0xdf, 0xff, 0xdf, 0xff, 0xbf, 0xf7, 0xff, 0xff,
  0xff, 0xf7, 0xff, 0xff, 0xff, 0xff, 0xbf, 0xf7, 0xff, 0xff, 0xff, 0xff,
  0xff, 0xff, 0xff, 0xff, 0xdf, 0xff, 0xdf, 0xff, 0xdf, 0xff, 0xff, 0xf7,
  0xff, 0xff, 0xff, 0xff, 0xff, 0xff, 0xff, 0xf7, 0xff, 0xf7, 0xff, 0xf7,
  0xdf, 0xf7, 0xde, 0xff, 0x9e, 0xff, 0xd3, 0x1a, 0x13, 0x0a, 0x72, 0x22,
  0x7e, 0xef, 0xff, 0xff, 0xdf, 0xf7, 0xff, 0xff, 0xdf, 0xf7, 0xff, 0xf7,
  0xff, 0xff, 0xfe, 0xff, 0xfe, 0xff, 0xde, 0xff, 0xdf, 0xff, 0xff, 0xff,
  0xff, 0xff, 0xff, 0xff, 0xff, 0xff, 0xff, 0xff, 0xff, 0xff, 0xff, 0xff,
  0xff, 0xff, 0xff, 0xff, 0xff, 0xff, 0xff, 0xff, 0xff, 0xff, 0xff, 0xff,
  0xff, 0xff, 0xff, 0xff, 0xff, 0xff, 0xff, 0xff, 0xff, 0xff, 0xff, 0xff,
  0xff, 0xff, 0xff, 0xff, 0xff, 0xff, 0xff, 0xff, 0xff, 0xff, 0xff, 0xff,
  0xff, 0xff, 0xff, 0xff, 0xff, 0xff, 0xff, 0xff, 0xff, 0xff, 0xff, 0xff,
  0xff, 0xff, 0xff, 0xff, 0xff, 0xff, 0xff, 0xff, 0xff, 0xff, 0xff, 0xff,
  0xff, 0xff, 0xff, 0xff, 0xff, 0xff, 0xff, 0xff, 0xff, 0xff, 0xff, 0xff,
  0xff, 0xff, 0xff, 0xff, 0xff, 0xff, 0xff, 0xff, 0xff, 0xff, 0xff, 0xff,
  0xff, 0xff, 0xff, 0xff, 0xff, 0xff, 0xdf, 0xf7, 0xff, 0xff, 0xfe, 0xff,
  0xfe, 0xf7, 0xff, 0xff, 0xff, 0xff, 0xdd, 0xff, 0xff, 0xff, 0xfe, 0xff,
  0xfe, 0xff, 0xde, 0xff, 0xfe, 0xff, 0xff, 0xf7, 0xdf, 0xff, 0xbf, 0xff,
  0xff, 0xff, 0xff, 0xff, 0xfe, 0xff, 0xfd, 0xf7, 0xff, 0xff, 0xff, 0xff,
  0xdf, 0xff, 0xde, 0xf7, 0xfe, 0xf7, 0xfe, 0xff, 0xdf, 0xf7, 0xff, 0xf7,
  0xff, 0xef, 0xbe, 0xef, 0xff, 0xff, 0xff, 0xff, 0xfe, 0xff, 0xbe, 0xf7,
  0xff, 0xff, 0xff, 0xff, 0xde, 0xff, 0xde, 0xff, 0xff, 0xff, 0xff, 0xff,
  0xff, 0xf7, 0xff, 0xf7, 0xde, 0xf7, 0xfe, 0xff, 0xff, 0xff, 0xff, 0xff,
  0xff, 0xff, 0xff, 0xff, 0xff, 0xf7, 0xff, 0xff, 0xbe, 0xf7, 0xff, 0xff,
  0xff, 0xff, 0x7e, 0xf7, 0xdf, 0xff, 0xff, 0xff, 0xdf, 0xff, 0xff, 0xf7,
  0xdf, 0xff, 0xff, 0xff, 0xde, 0xff, 0xff, 0xff, 0xff, 0xf7, 0xfe, 0xf7,
  0xdf, 0xff, 0xff, 0xf7, 0xff, 0xff, 0xbe, 0xef, 0xfe, 0xff, 0xdf, 0xff,
  0xff, 0xff, 0xdd, 0xff, 0xde, 0xff, 0xfe, 0xff, 0xff, 0xff, 0xff, 0xf7,
  0xff, 0xf7, 0xde, 0xef, 0xde, 0xf7, 0xff, 0xff, 0xdf, 0xff, 0xdf, 0xff,
  0xdf, 0xff, 0xbd, 0xff, 0xff, 0xff, 0xff, 0xff, 0xde, 0xf7, 0xff, 0xff,
  0x9d, 0xf7, 0xbf, 0xff, 0xdf, 0xff, 0xfe, 0xff, 0xfe, 0xff, 0xbe, 0xf7,
  0xff, 0xff, 0xdf, 0xf7, 0xff, 0xf7, 0xff, 0xff, 0xff, 0xff, 0xde, 0xff,
  0xfe, 0xff, 0xff, 0xff, 0xff, 0xff, 0xff, 0xff, 0xdf, 0xff, 0xff, 0xf7,
  0xff, 0xff, 0xfe, 0xff, 0xff, 0xff, 0xff, 0xf7, 0xfe, 0xff, 0xfe, 0xff,
  0xdf, 0xff, 0xff, 0xf7, 0x7c, 0xf7, 0xd2, 0x1a, 0xf1, 0x01, 0x15, 0x2b,
  0x9d, 0xef, 0xde, 0xff, 0xff, 0xff, 0xdf, 0xff, 0xff, 0xff, 0xbf, 0xf7,
  0xff, 0xff, 0xff, 0xf7, 0x9e, 0xef, 0xff, 0xff, 0xdf, 0xff, 0xff, 0xff,
  0xff, 0xff, 0xff, 0xff, 0xff, 0xff, 0xff, 0xff, 0xff, 0xff, 0xff, 0xff,
  0xff, 0xff, 0xff, 0xff, 0xff, 0xff, 0xff, 0xff, 0xff, 0xff, 0xff, 0xff,
  0xff, 0xff, 0xff, 0xff, 0xff, 0xff, 0xff, 0xff, 0xff, 0xff, 0xff, 0xff,
  0xff, 0xff, 0xff, 0xff, 0xff, 0xff, 0xff, 0xff, 0xff, 0xff, 0xff, 0xff,
  0xff, 0xff, 0xff, 0xff, 0xff, 0xff, 0xff, 0xff, 0xff, 0xff, 0xff, 0xff,
  0xff, 0xff, 0xff, 0xff, 0xff, 0xff, 0xff, 0xff, 0xff, 0xff, 0xff, 0xff,
  0xff, 0xff, 0xff, 0xff, 0xff, 0xff, 0xff, 0xff, 0xff, 0xff, 0xff, 0xff,
  0xff, 0xff, 0xff, 0xff, 0xff, 0xff, 0xff, 0xff, 0xff, 0xff, 0xff, 0xff,
  0xff, 0xff, 0xff, 0xff, 0xff, 0xff, 0xff, 0xff, 0xdf, 0xff, 0xdd, 0xff,
  0xff, 0xf7, 0xff, 0xff, 0x9e, 0xff, 0xfe, 0xff, 0xff, 0xef, 0xff, 0xef,
  0xff, 0xff, 0xdf, 0xff, 0xff, 0xff, 0xff, 0xff, 0xdf, 0xff, 0xff, 0xff,
  0xfe, 0xff, 0xdc, 0xf7, 0xfe, 0xff, 0xff, 0xff, 0xbf, 0xff, 0x9f, 0xff,
  0xff, 0xff, 0xdd, 0xf7, 0xfe, 0xff, 0xfe, 0xff, 0xff, 0xff, 0xdf, 0xf7,
  0xfe, 0xff, 0xfe, 0xff, 0xff, 0xff, 0xff, 0xf7, 0xfe, 0xef, 0xff, 0xff,
  0xdf, 0xf7, 0xff, 0xff, 0xde, 0xff, 0xff, 0xff, 0xdf, 0xff, 0x9d, 0xff,
  0xde, 0xff, 0xfe, 0xff, 0xff, 0xff, 0xbe, 0xf7, 0xdf, 0xf7, 0xff, 0xff,
  0xdf, 0xff, 0x9d, 0xf7, 0xfe, 0xff, 0xdf, 0xff, 0xff, 0xff, 0xff, 0xff,
  0xff, 0xff, 0xdf, 0xff, 0xdf, 0xff, 0xff, 0xff, 0xff, 0xf7, 0xff, 0xf7,
  0xff, 0xf7, 0xbf, 0xf7, 0xfd, 0xff, 0xfe, 0xff, 0xdf, 0xff, 0xfd, 0xff,
  0xff, 0xff, 0xde, 0xff, 0xff, 0xff, 0xff, 0xff, 0xfe, 0xff, 0xbf, 0xff,
  0x9e, 0xff, 0xfe, 0xff, 0xff, 0xff, 0xdf, 0xff, 0xbe, 0xff, 0xfe, 0xff,
  0xde, 0xff, 0xff, 0xff, 0xdf, 0xf7, 0xff, 0xff, 0xff, 0xf7, 0xfe, 0xff,
  0xdf, 0xff, 0xff, 0xff, 0xff, 0xff, 0xff, 0xff, 0xff, 0xf7, 0xdf, 0xf7,
  0xff, 0xff, 0xde, 0xff, 0xff, 0xff, 0xbd, 0xef, 0xfe, 0xf7, 0xfe, 0xff,
  0xde, 0xff, 0xde, 0xff, 0xff, 0xff, 0xff, 0xff, 0xff, 0xf7, 0xff, 0xf7,
  0xff, 0xf7, 0xff, 0xff, 0xfe, 0xff, 0xff, 0xff, 0xff, 0xff, 0xff, 0xff,
  0xdf, 0xff, 0xdf, 0xff, 0xde, 0xff, 0xfe, 0xff, 0xfe, 0xff, 0xff, 0xff,
  0xff, 0xff, 0xff, 0xf7, 0x7c, 0xef, 0xf3, 0x1a, 0x52, 0x02, 0xd3, 0x12,
  0xdf, 0xf7, 0xfe, 0xff, 0xff, 0xff, 0xff, 0xf7, 0xde, 0xff, 0xde, 0xff,
  0xbe, 0xff, 0xff, 0xf7, 0xff, 0xf7, 0xff, 0xf7, 0xde, 0xf7, 0xff, 0xff,
  0xff, 0xff, 0xff, 0xff, 0xff, 0xff, 0xff, 0xff, 0xff, 0xff, 0xff, 0xff,
  0xff, 0xff, 0xff, 0xff, 0xff, 0xff, 0xff, 0xff, 0xff, 0xff, 0xff, 0xff,
  0xff, 0xff, 0xff, 0xff, 0xff, 0xff, 0xff, 0xff, 0xff, 0xff, 0xff, 0xff,
  0xff, 0xff, 0xff, 0xff, 0xff, 0xff, 0xff, 0xff, 0xff, 0xff, 0xff, 0xff,
  0xff, 0xff, 0xff, 0xff, 0xff, 0xff, 0xff, 0xff, 0xff, 0xff, 0xff, 0xff,
  0xff, 0xff, 0xff, 0xff, 0xff, 0xff, 0xff, 0xff, 0xff, 0xff, 0xff, 0xff,
  0xff, 0xff, 0xff, 0xff, 0xff, 0xff, 0xff, 0xff, 0xff, 0xff, 0xff, 0xff,
  0xff, 0xff, 0xff, 0xff, 0xff, 0xff, 0xff, 0xff, 0xff, 0xff, 0xff, 0xff,
  0xff, 0xff, 0xff, 0xff, 0xff, 0xff, 0xff, 0xff, 0xff, 0xff, 0xde, 0xff,
  0xfe, 0xf7, 0xff, 0xf7, 0xfe, 0xff, 0xff, 0xff, 0xbb, 0x95, 0x59, 0x8d,
  0x9c, 0xce, 0xbf, 0xff, 0xff, 0xff, 0xdf, 0xff, 0xdd, 0xff, 0xfe, 0xff,
  0xde, 0xe7, 0x1a, 0xa6, 0x5a, 0x8d, 0x3a, 0x95, 0x3e, 0xe7, 0xfe, 0xff,
  0xff, 0xef, 0x7d, 0xb6, 0x58, 0x74, 0xf6, 0x4b, 0x17, 0x64, 0x39, 0x95,
  0x5e, 0xdf, 0xbf, 0xef, 0x38, 0x9d, 0x9a, 0x9d, 0x3a, 0xae, 0xde, 0xef,
  0xff, 0xff, 0x5e, 0xe7, 0x39, 0x95, 0x17, 0x54, 0x37, 0x54, 0xf7, 0x7c,
  0x5d, 0xdf, 0x37, 0x8d, 0x7a, 0x95, 0x1c, 0xb6, 0xdf, 0xff, 0xbc, 0xff,
  0xff, 0xf7, 0x5f, 0xd7, 0x3a, 0x95, 0x56, 0x5c, 0x16, 0x54, 0x36, 0x5c,
  0xba, 0x95, 0x7e, 0xdf, 0xdd, 0xf7, 0xdd, 0xf7, 0xfe, 0xff, 0x1b, 0xae,
  0x79, 0x8d, 0x59, 0x95, 0xbd, 0xef, 0xff, 0xff, 0xdf, 0xff, 0xfd, 0xff,
  0x7d, 0xbe, 0x59, 0x8d, 0x39, 0x8d, 0x1c, 0xdf, 0xfe, 0xff, 0xbf, 0xef,
  0xdb, 0xa5, 0x96, 0x6c, 0xd6, 0x3b, 0x38, 0x5c, 0xfb, 0xa5, 0xbe, 0xef,
  0x7e, 0xe7, 0x38, 0x9d, 0x19, 0x95, 0xdd, 0xd6, 0xfd, 0xff, 0x1a, 0x9e,
  0x3a, 0x8d, 0xdb, 0xa5, 0xdf, 0xf7, 0xff, 0xff, 0xfe, 0xff, 0xfe, 0xff,
  0xff, 0xef, 0x9c, 0xae, 0xb7, 0x6c, 0x37, 0x5c, 0x37, 0x64, 0x9a, 0x9d,
  0x9e, 0xe7, 0xff, 0xff, 0xde, 0xf7, 0xff, 0xff, 0x3b, 0xb6, 0x59, 0x8d,
  0x79, 0x95, 0x5e, 0xdf, 0xde, 0xf7, 0xfe, 0xff, 0xdf, 0xff, 0xdd, 0xce,
  0x59, 0x8d, 0x5a, 0x8d, 0xdc, 0xce, 0xff, 0xf7, 0x5b, 0xb6, 0x59, 0x8d,
  0x7a, 0x8d, 0x3e, 0xef, 0x7d, 0xf7, 0x14, 0x23, 0x11, 0x02, 0xf3, 0x2a,
  0x1f, 0xd7, 0xda, 0x9d, 0xd6, 0x53, 0xf5, 0x4b, 0x18, 0x85, 0x7c, 0xc6,
  0xdf, 0xff, 0xfe, 0xff, 0xdd, 0xff, 0xbe, 0xf7, 0xff, 0xff, 0xff, 0xff,
  0xff, 0xff, 0xff, 0xff, 0xff, 0xff, 0xff, 0xff, 0xff, 0xff, 0xff, 0xff,
  0xff, 0xff, 0xff, 0xff, 0xff, 0xff, 0xff, 0xff, 0xff, 0xff, 0xff, 0xff,
  0xff, 0xff, 0xff, 0xff, 0xff, 0xff, 0xff, 0xff, 0xff, 0xff, 0xff, 0xff,
  0xff, 0xff, 0xff, 0xff, 0xff, 0xff, 0xff, 0xff, 0xff, 0xff, 0xff, 0xff,
  0xff, 0xff, 0xff, 0xff, 0xff, 0xff, 0xff, 0xff, 0xff, 0xff, 0xff, 0xff,
  0xff, 0xff, 0xff, 0xff, 0xff, 0xff, 0xff, 0xff, 0xff, 0xff, 0xff, 0xff,
  0xff, 0xff, 0xff, 0xff, 0xff, 0xff, 0xff, 0xff, 0xff, 0xff, 0xff, 0xff,
  0xff, 0xff, 0xff, 0xff, 0xff, 0xff, 0xff, 0xff, 0xff, 0xff, 0xff, 0xff,
  0xff, 0xff, 0xff, 0xff, 0xff, 0xff, 0xfe, 0xf7, 0xff, 0xff, 0xdf, 0xff,
  0xdf, 0xff, 0xff, 0xf7, 0xfe, 0xff, 0x9e, 0xef, 0x92, 0x22, 0x31, 0x12,
  0x18, 0x8d, 0xbf, 0xf7, 0xff, 0xff, 0xff, 0xff, 0xfe, 0xff, 0xdf, 0xef,
  0x9a, 0x8d, 0xf0, 0x09, 0x13, 0x02, 0xaf, 0x01, 0x1a, 0xb6, 0xff, 0xef,
  0x75, 0x5c, 0xd0, 0x01, 0xf3, 0x11, 0x32, 0x02, 0x94, 0x1a, 0x51, 0x22,
  0x90, 0x22, 0x1b, 0x6d, 0xf2, 0x09, 0xd1, 0x09, 0xb8, 0x6c, 0xfe, 0xff,
  0x3e, 0xd7, 0x32, 0x43, 0xb0, 0x01, 0x32, 0x02, 0x11, 0x02, 0xb0, 0x22,
  0x9d, 0xae, 0x31, 0x02, 0x52, 0x02, 0x33, 0x3b, 0xdf, 0xff, 0xfe, 0xff,
  0x17, 0x7d, 0x72, 0x0a, 0x12, 0x02, 0x11, 0x02, 0x11, 0x0a, 0x32, 0x12,
  0xd0, 0x01, 0xb2, 0x22, 0x7a, 0x8d, 0xff, 0xf7, 0xdf, 0xff, 0xd3, 0x32,
  0x10, 0x0a, 0x52, 0x22, 0x1e, 0xd7, 0xff, 0xff, 0xdf, 0xff, 0xdd, 0xf7,
  0x98, 0x6c, 0x74, 0x02, 0xaf, 0x01, 0x3a, 0xb6, 0xdf, 0xef, 0x13, 0x3b,
  0x31, 0x0a, 0x10, 0x02, 0x72, 0x0a, 0xd4, 0x12, 0x30, 0x0a, 0x32, 0x3b,
  0x99, 0x5c, 0x32, 0x0a, 0x11, 0x0a, 0xfb, 0xa5, 0xff, 0xf7, 0x13, 0x2b,
  0x12, 0x12, 0xb2, 0x2a, 0xff, 0xef, 0xbd, 0xff, 0xfe, 0xff, 0xdf, 0xef,
  0xf3, 0x5b, 0x11, 0x02, 0x32, 0x02, 0xb2, 0x01, 0x33, 0x0a, 0x31, 0x02,
  0x11, 0x2b, 0xdd, 0xbe, 0xff, 0xf7, 0xff, 0xff, 0x35, 0x64, 0xcf, 0x01,
  0x10, 0x12, 0x3c, 0xb6, 0xfe, 0xff, 0xfe, 0xff, 0xff, 0xf7, 0x18, 0x85,
  0x11, 0x02, 0x52, 0x02, 0x58, 0x8d, 0xbf, 0xe7, 0x36, 0x64, 0x11, 0x02,
  0x31, 0x02, 0x1e, 0xdf, 0xff, 0xf7, 0xd4, 0x22, 0xf2, 0x01, 0xb3, 0x22,
  0xb2, 0x22, 0x2f, 0x0a, 0x53, 0x0a, 0x12, 0x02, 0x12, 0x0a, 0x11, 0x12,
  0x59, 0x8d, 0xff, 0xf7, 0xfd, 0xff, 0xde, 0xff, 0xbf, 0xff, 0xff, 0xff,
  0xff, 0xff, 0xff, 0xff, 0xff, 0xff, 0xff, 0xff, 0xff, 0xff, 0xff, 0xff,
  0xff, 0xff, 0xff, 0xff, 0xff, 0xff, 0xff, 0xff, 0xff, 0xff, 0xff, 0xff,
  0xff, 0xff, 0xff, 0xff, 0xff, 0xff, 0xff, 0xff, 0xff, 0xff, 0xff, 0xff,
  0xff, 0xff, 0xff, 0xff, 0xff, 0xff, 0xff, 0xff, 0xff, 0xff, 0xff, 0xff,
  0xff, 0xff, 0xff, 0xff, 0xff, 0xff, 0xff, 0xff, 0xff, 0xff, 0xff, 0xff,
  0xff, 0xff, 0xff, 0xff, 0xff, 0xff, 0xff, 0xff, 0xff, 0xff, 0xff, 0xff,
  0xff, 0xff, 0xff, 0xff, 0xff, 0xff, 0xff, 0xff, 0xff, 0xff, 0xff, 0xff,
  0xff, 0xff, 0xff, 0xff, 0xff, 0xff, 0xff, 0xff, 0xff, 0xff, 0xff, 0xff,
  0xff, 0xff, 0xff, 0xff, 0xff, 0xff, 0xfe, 0xff, 0xdf, 0xff, 0xdf, 0xff,
  0xff, 0xff, 0xff, 0xf7, 0xfd, 0xff, 0xff, 0xf7, 0x94, 0x1a, 0x12, 0x02,
  0x58, 0x8d, 0xfe, 0xff, 0xfe, 0xf7, 0xff, 0xff, 0xde, 0xff, 0x3c, 0xb6,
  0xf2, 0x11, 0x11, 0x0a, 0x32, 0x02, 0x30, 0x0a, 0x9d, 0xc6, 0x1c, 0xbe,
  0x10, 0x0a, 0x52, 0x02, 0x94, 0x33, 0x1b, 0xdf, 0xff, 0xff, 0x3f, 0xdf,
  0xb9, 0x95, 0x4f, 0x0a, 0x33, 0x02, 0xf0, 0x09, 0x79, 0x8d, 0xde, 0xff,
  0xfc, 0x9d, 0x11, 0x02, 0x53, 0x02, 0xd6, 0x53, 0x9d, 0xc6, 0x1e, 0xdf,
  0xde, 0xce, 0xd2, 0x09, 0x32, 0x02, 0xb4, 0x3b, 0xff, 0xef, 0x99, 0xa5,
  0x32, 0x12, 0x12, 0x02, 0x74, 0x43, 0x7c, 0xbe, 0x5e, 0xdf, 0x9c, 0xbe,
  0xb4, 0x4b, 0x12, 0x02, 0x32, 0x02, 0x5a, 0x95, 0xde, 0xff, 0x76, 0x3b,
  0x52, 0x02, 0xf1, 0x01, 0x7f, 0xd7, 0xff, 0xff, 0xdf, 0xff, 0xfd, 0xff,
  0x98, 0x64, 0xf2, 0x01, 0x11, 0x12, 0x7c, 0xbe, 0x58, 0x8d, 0x33, 0x02,
  0x33, 0x02, 0x15, 0x64, 0x3f, 0xe7, 0x9e, 0xff, 0x3f, 0xdf, 0xd9, 0x7c,
  0x11, 0x02, 0x12, 0x02, 0x30, 0x0a, 0x9d, 0xbe, 0xff, 0xff, 0x74, 0x2b,
  0xf2, 0x01, 0xf3, 0x2a, 0xdf, 0xe7, 0xff, 0xff, 0xff, 0xff, 0x57, 0x6c,
  0x13, 0x02, 0x12, 0x02, 0x30, 0x1a, 0xd5, 0x53, 0x13, 0x2b, 0x53, 0x02,
  0x33, 0x02, 0x91, 0x32, 0x9f, 0xef, 0xff, 0xf7, 0x16, 0x5c, 0x13, 0x02,
  0x12, 0x0a, 0x7e, 0xb6, 0xde, 0xff, 0xdd, 0xff, 0xff, 0xf7, 0x58, 0x95,
  0xf2, 0x01, 0x12, 0x02, 0x58, 0x95, 0xff, 0xff, 0x56, 0x6c, 0xf1, 0x01,
  0x32, 0x0a, 0xfb, 0xce, 0xfe, 0xef, 0xb3, 0x2a, 0x33, 0x02, 0xb0, 0x01,
  0x76, 0x33, 0x1d, 0xc7, 0x3d, 0xe7, 0x7c, 0xb6, 0x91, 0x22, 0x33, 0x02,
  0x11, 0x02, 0xbd, 0xb6, 0xfe, 0xff, 0xbd, 0xf7, 0xff, 0xf7, 0xff, 0xff,
  0xff, 0xff, 0xff, 0xff, 0xff, 0xff, 0xff, 0xff, 0xff, 0xff, 0xff, 0xff,
  0xff, 0xff, 0xff, 0xff, 0xff, 0xff, 0xff, 0xff, 0xff, 0xff, 0xff, 0xff,
  0xff, 0xff, 0xff, 0xff, 0xff, 0xff, 0xff, 0xff, 0xff, 0xff, 0xff, 0xff,
  0xff, 0xff, 0xff, 0xff, 0xff, 0xff, 0xff, 0xff, 0xff, 0xff, 0xff, 0xff,
  0xff, 0xff, 0xff, 0xff, 0xff, 0xff, 0xff, 0xff, 0xff, 0xff, 0xff, 0xff,
  0xff, 0xff, 0xff, 0xff, 0xff, 0xff, 0xff, 0xff, 0xff, 0xff, 0xff, 0xff,
  0xff, 0xff, 0xff, 0xff, 0xff, 0xff, 0xff, 0xff, 0xff, 0xff, 0xff, 0xff,
  0xff, 0xff, 0xff, 0xff, 0xff, 0xff, 0xff, 0xff, 0xff, 0xff, 0xff, 0xff,
  0xff, 0xff, 0xff, 0xff, 0xff, 0xff, 0xfe, 0xf7, 0xdf, 0xff, 0xff, 0xff,
  0xdf, 0xff, 0xff, 0xff, 0xff, 0xff, 0xff, 0xff, 0xb3, 0x22, 0x30, 0x02,
  0x58, 0x95, 0xff, 0xff, 0xff, 0xf7, 0xfd, 0xf7, 0xbc, 0xce, 0x72, 0x1a,
  0x73, 0x02, 0xf1, 0x09, 0x53, 0x02, 0xf0, 0x11, 0x3b, 0xc6, 0x9c, 0xbe,
  0x31, 0x02, 0x13, 0x02, 0x36, 0x5c, 0xfe, 0xff, 0xfe, 0xf7, 0xdd, 0xf7,
  0xff, 0xff, 0x19, 0x85, 0x12, 0x02, 0xf1, 0x01, 0x79, 0x8d, 0xfe, 0xff,
  0x9b, 0x9d, 0xf2, 0x01, 0x31, 0x02, 0xb9, 0xa5, 0xdf, 0xff, 0xdf, 0xf7,
  0x3c, 0xdf, 0xf1, 0x01, 0x32, 0x0a, 0xd8, 0x43, 0xfe, 0xff, 0xd3, 0x22,
  0x12, 0x02, 0x32, 0x0a, 0x1c, 0xd7, 0xdf, 0xff, 0xfe, 0xff, 0xff, 0xef,
  0x1e, 0xdf, 0x13, 0x12, 0x33, 0x02, 0xb2, 0x22, 0xfe, 0xff, 0x75, 0x3b,
  0x51, 0x0a, 0xf1, 0x09, 0x1f, 0xdf, 0xff, 0xf7, 0xff, 0xff, 0x9c, 0xff,
  0xb8, 0x6c, 0x30, 0x02, 0x74, 0x02, 0x3c, 0xb6, 0x15, 0x95, 0x31, 0x02,
  0xf1, 0x01, 0x39, 0x85, 0xff, 0xff, 0xff, 0xf7, 0xff, 0xff, 0xdf, 0xff,
  0x16, 0x64, 0xf3, 0x09, 0x13, 0x02, 0x7c, 0xb6, 0xdd, 0xff, 0x74, 0x33,
  0x11, 0x0a, 0xd3, 0x2a, 0xbf, 0xef, 0xff, 0xf7, 0xbe, 0xce, 0x11, 0x12,
  0x11, 0x02, 0x51, 0x12, 0x3b, 0xae, 0xfe, 0xff, 0xdf, 0xf7, 0x19, 0x85,
  0x12, 0x02, 0x11, 0x02, 0x37, 0x8d, 0xfd, 0xff, 0x56, 0x5c, 0x32, 0x02,
  0x33, 0x02, 0x7a, 0xae, 0xfd, 0xff, 0xff, 0xff, 0xde, 0xff, 0x3a, 0x8d,
  0x10, 0x02, 0x32, 0x02, 0x39, 0x95, 0xff, 0xff, 0x55, 0x6c, 0x12, 0x02,
  0x53, 0x0a, 0xfd, 0xce, 0xbe, 0xff, 0xd3, 0x22, 0x12, 0x0a, 0x53, 0x0a,
  0x3e, 0xdf, 0xfe, 0xf7, 0xff, 0xff, 0xff, 0xff, 0x98, 0x8d, 0xf2, 0x09,
  0x12, 0x0a, 0x38, 0x64, 0xfe, 0xf7, 0xfe, 0xff, 0xff, 0xff, 0xff, 0xff,
  0xff, 0xff, 0xff, 0xff, 0xff, 0xff, 0xff, 0xff, 0xff, 0xff, 0xff, 0xff,
  0xff, 0xff, 0xff, 0xff, 0xff, 0xff, 0xff, 0xff, 0xff, 0xff, 0xff, 0xff,
  0xff, 0xff, 0xff, 0xff, 0xff, 0xff, 0xff, 0xff, 0xff, 0xff, 0xff, 0xff,
  0xff, 0xff, 0xff, 0xff, 0xff, 0xff, 0xff, 0xff, 0xff, 0xff, 0xff, 0xff,
  0xff, 0xff, 0xff, 0xff, 0xff, 0xff, 0xff, 0xff, 0xff, 0xff, 0xff, 0xff,
  0xff, 0xff, 0xff, 0xff, 0xff, 0xff, 0xff, 0xff, 0xff, 0xff, 0xff, 0xff,
  0xff, 0xff, 0xff, 0xff, 0xff, 0xff, 0xff, 0xff, 0xff, 0xff, 0xff, 0xff,
  0xff, 0xff, 0xff, 0xff, 0xff, 0xff, 0xff, 0xff, 0xff, 0xff, 0xff, 0xff,
  0xff, 0xff, 0xff, 0xff, 0xff, 0xff, 0xfe, 0xf7, 0xdf, 0xff, 0xff, 0xff,
  0xdf, 0xff, 0xff, 0xff, 0xff, 0xff, 0xff, 0xff, 0xb3, 0x22, 0x32, 0x02,
  0x18, 0x95, 0xff, 0xf7, 0xfe, 0xff, 0x9f, 0xe7, 0xf3, 0x2a, 0x31, 0x12,
  0xd2, 0x01, 0x14, 0x33, 0x52, 0x02, 0x30, 0x12, 0x3c, 0xb6, 0xff, 0xef,
  0xd5, 0x53, 0xd1, 0x09, 0x51, 0x02, 0x14, 0x4b, 0x1a, 0x85, 0x3c, 0xb6,
  0x3b, 0xc6, 0x59, 0x8d, 0x10, 0x02, 0x31, 0x0a, 0x58, 0x85, 0xdf, 0xff,
  0xba, 0x9d, 0x52, 0x02, 0x12, 0x02, 0xba, 0xa5, 0xff, 0xff, 0xdf, 0xf7,
  0x1c, 0xd7, 0x72, 0x0a, 0xee, 0x01, 0x95, 0x43, 0xdc, 0xde, 0x53, 0x12,
  0x12, 0x02, 0xf4, 0x2a, 0xbe, 0xf7, 0xfe, 0xff, 0xdd, 0xff, 0xdf, 0xff,
  0xdd, 0xff, 0x34, 0x3b, 0x32, 0x02, 0x32, 0x0a, 0xfe, 0xd6, 0x75, 0x4b,
  0x51, 0x02, 0x10, 0x02, 0x7d, 0xe7, 0xdd, 0xff, 0xff, 0xff, 0xdf, 0xff,
  0x77, 0x74, 0x11, 0x0a, 0xf0, 0x01, 0x3c, 0xbe, 0x5f, 0xdf, 0xd5, 0x3b,
  0x33, 0x02, 0xd2, 0x09, 0xd5, 0x53, 0x78, 0x95, 0x7d, 0xb6, 0x7c, 0xb6,
  0x57, 0x5c, 0xf1, 0x09, 0xf1, 0x09, 0xbd, 0xbe, 0xff, 0xff, 0x54, 0x33,
  0xf1, 0x01, 0xf4, 0x2a, 0xdf, 0xef, 0xff, 0xf7, 0xf8, 0x8c, 0x52, 0x12,
  0x31, 0x02, 0x56, 0x5c, 0xff, 0xf7, 0xbf, 0xff, 0xff, 0xff, 0xbf, 0xef,
  0xf5, 0x53, 0xb5, 0x43, 0xf9, 0x84, 0xbf, 0xff, 0x18, 0x64, 0xf0, 0x01,
  0xf1, 0x11, 0xbc, 0xc6, 0xff, 0xff, 0xbe, 0xf7, 0xfe, 0xf7, 0x7a, 0x95,
  0x10, 0x02, 0x12, 0x02, 0x5a, 0x95, 0xff, 0xf7, 0x35, 0x64, 0x12, 0x0a,
  0x11, 0x0a, 0xfe, 0xde, 0xbf, 0xff, 0xf4, 0x1a, 0xf0, 0x01, 0xd2, 0x22,
  0xde, 0xff, 0xbd, 0xff, 0xdf, 0xff, 0x9f, 0xff, 0x7d, 0xb6, 0x11, 0x0a,
  0x11, 0x02, 0x95, 0x4b, 0xff, 0xf7, 0xfe, 0xff, 0xde, 0xff, 0xff, 0xff,
  0xff, 0xff, 0xff, 0xff, 0xff, 0xff, 0xff, 0xff, 0xff, 0xff, 0xff, 0xff,
  0xff, 0xff, 0xff, 0xff, 0xff, 0xff, 0xff, 0xff, 0xff, 0xff, 0xff, 0xff,
  0xff, 0xff, 0xff, 0xff, 0xff, 0xff, 0xff, 0xff, 0xff, 0xff, 0xff, 0xff,
  0xff, 0xff, 0xff, 0xff, 0xff, 0xff, 0xff, 0xff, 0xff, 0xff, 0xff, 0xff,
  0xff, 0xff, 0xff, 0xff, 0xff, 0xff, 0xff, 0xff, 0xff, 0xff, 0xff, 0xff,
  0xff, 0xff, 0xff, 0xff, 0xff, 0xff, 0xff, 0xff, 0xff, 0xff, 0xff, 0xff,
  0xff, 0xff, 0xff, 0xff, 0xff, 0xff, 0xff, 0xff, 0xff, 0xff, 0xff, 0xff,
  0xff, 0xff, 0xff, 0xff, 0xff, 0xff, 0xff, 0xff, 0xff, 0xff, 0xff, 0xff,
  0xff, 0xff, 0xff, 0xff, 0xff, 0xff, 0xfe, 0xf7, 0xdf, 0xff, 0xff, 0xff,
  0xff, 0xff, 0xff, 0xff, 0xff, 0xff, 0xff, 0xff, 0xb3, 0x22, 0x12, 0x02,
  0x39, 0x95, 0xfe, 0xff, 0x7e, 0xe7, 0x95, 0x53, 0x13, 0x02, 0xf1, 0x01,
  0x74, 0x4b, 0x9b, 0xbe, 0xb3, 0x1a, 0xf3, 0x01, 0x1d, 0xae, 0xfe, 0xf7,
  0xff, 0xf7, 0x7d, 0xbe, 0x78, 0x74, 0x15, 0x3b, 0xf3, 0x22, 0xb2, 0x12,
  0xb2, 0x1a, 0xb1, 0x1a, 0x11, 0x02, 0x11, 0x12, 0x3a, 0x8d, 0xff, 0xef,
  0xba, 0x9d, 0xf1, 0x09, 0xf2, 0x01, 0xdb, 0x9d, 0xfe, 0xef, 0xff, 0xf7,
  0xfe, 0xde, 0xf4, 0x01, 0x12, 0x02, 0xd7, 0x53, 0x7f, 0xef, 0x32, 0x12,
  0x31, 0x02, 0x13, 0x23, 0xff, 0xef, 0xff, 0xef, 0xff, 0xff, 0xdf, 0xff,
  0xfe, 0xf7, 0xf2, 0x22, 0x11, 0x02, 0x52, 0x1a, 0x3e, 0xef, 0x54, 0x43,
  0x52, 0x02, 0x73, 0x02, 0xfd, 0xce, 0xfe, 0xff, 0xff, 0xff, 0xdf, 0xff,
  0x98, 0x6c, 0xf1, 0x01, 0x52, 0x02, 0x3b, 0xb6, 0xde, 0xff, 0xff, 0xef,
  0xfb, 0xad, 0x58, 0x6c, 0x12, 0x33, 0x93, 0x22, 0x73, 0x1a, 0xb1, 0x22,
  0x92, 0x0a, 0x52, 0x0a, 0xf0, 0x01, 0xdc, 0xbe, 0xde, 0xf7, 0x54, 0x2b,
  0x12, 0x02, 0xf3, 0x2a, 0xde, 0xf7, 0xff, 0xf7, 0x16, 0x64, 0xf2, 0x01,
  0x11, 0x02, 0x7b, 0x95, 0xbf, 0xf7, 0xde, 0xff, 0xfe, 0xff, 0xbd, 0xf7,
  0xff, 0xff, 0xff, 0xf7, 0xfe, 0xf7, 0xff, 0xf7, 0x38, 0x64, 0x51, 0x12,
  0xb0, 0x09, 0x5d, 0xbe, 0xdf, 0xf7, 0xff, 0xff, 0xbf, 0xf7, 0x58, 0x85,
  0x10, 0x02, 0x52, 0x02, 0x57, 0x85, 0xff, 0xef, 0x97, 0x64, 0x13, 0x02,
  0x31, 0x02, 0xfd, 0xd6, 0xbf, 0xf7, 0x14, 0x1b, 0x12, 0x02, 0xb2, 0x1a,
  0xbf, 0xf7, 0xff, 0xff, 0xdf, 0xff, 0xdf, 0xff, 0x9c, 0xb6, 0x10, 0x02,
  0x31, 0x02, 0xb5, 0x53, 0xdf, 0xf7, 0xff, 0xff, 0xdf, 0xff, 0xff, 0xff,
  0xff, 0xff, 0xff, 0xff, 0xff, 0xff, 0xff, 0xff, 0xff, 0xff, 0xff, 0xff,
  0xff, 0xff, 0xff, 0xff, 0xff, 0xff, 0xff, 0xff, 0xff, 0xff, 0xff, 0xff,
  0xff, 0xff, 0xff, 0xff, 0xff, 0xff, 0xff, 0xff, 0xff, 0xff, 0xff, 0xff,
  0xff, 0xff, 0xff, 0xff, 0xff, 0xff, 0xff, 0xff, 0xff, 0xff, 0xff, 0xff,
  0xff, 0xff, 0xff, 0xff, 0xff, 0xff, 0xff, 0xff, 0xff, 0xff, 0xff, 0xff,
  0xff, 0xff, 0xff, 0xff, 0xff, 0xff, 0xff, 0xff, 0xff, 0xff, 0xff, 0xff,
  0xff, 0xff, 0xff, 0xff, 0xff, 0xff, 0xff, 0xff, 0xff, 0xff, 0xff, 0xff,
  0xff, 0xff, 0xff, 0xff, 0xff, 0xff, 0xff, 0xff, 0xff, 0xff, 0xff, 0xff,
  0xff, 0xff, 0xff, 0xff, 0xff, 0xff, 0xfe, 0xf7, 0xdf, 0xff, 0xff, 0xff,
  0xff, 0xff, 0xff, 0xff, 0xff, 0xff, 0xff, 0xff, 0xb3, 0x22, 0x53, 0x0a,
  0x57, 0x8d, 0xff, 0xff, 0x56, 0x6c, 0x31, 0x0a, 0x32, 0x02, 0x92, 0x12,
  0x3d, 0xdf, 0x5e, 0xe7, 0x31, 0x02, 0x32, 0x02, 0xfa, 0xad, 0xff, 0xff,
  0xfa, 0xad, 0xba, 0xa5, 0xdd, 0xd6, 0xff, 0xff, 0xdd, 0xf7, 0x9d, 0xef,
  0xdf, 0xef, 0xba, 0x95, 0x11, 0x0a, 0xd1, 0x09, 0x3b, 0x95, 0xdd, 0xff,
  0xba, 0xa5, 0x12, 0x0a, 0x12, 0x0a, 0xda, 0xad, 0xfc, 0xff, 0xfe, 0xff,
  0xbd, 0xd6, 0x31, 0x12, 0xd0, 0x01, 0x95, 0x4b, 0xfe, 0xef, 0x74, 0x33,
  0x11, 0x02, 0xb1, 0x09, 0xdb, 0xad, 0xdf, 0xff, 0xde, 0xff, 0xff, 0xf7,
  0x5a, 0xae, 0x31, 0x0a, 0x32, 0x02, 0x34, 0x43, 0xff, 0xff, 0x73, 0x43,
  0xf1, 0x01, 0xb3, 0x01, 0x36, 0x6c, 0xff, 0xef, 0xfe, 0xff, 0xff, 0xf7,
  0xf5, 0x53, 0x31, 0x0a, 0xd2, 0x01, 0x3c, 0xae, 0xdf, 0xef, 0xfb, 0xa5,
  0xb9, 0xa5, 0x7e, 0xd7, 0xff, 0xf7, 0xbd, 0xf7, 0xdf, 0xf7, 0xdf, 0xef,
  0xb7, 0x5c, 0x10, 0x02, 0x51, 0x02, 0x3b, 0xb6, 0xdf, 0xff, 0x54, 0x33,
  0x12, 0x02, 0xf3, 0x2a, 0xbe, 0xf7, 0xff, 0xf7, 0x16, 0x54, 0x33, 0x02,
  0xf0, 0x01, 0x39, 0x95, 0xff, 0xff, 0xfd, 0xff, 0xff, 0xef, 0xff, 0xff,
  0xbf, 0xff, 0xbf, 0xff, 0xde, 0xff, 0xfd, 0xf7, 0x17, 0x5c, 0x31, 0x02,
  0xf1, 0x01, 0xb6, 0x6c, 0xff, 0xef, 0xfc, 0xef, 0xfe, 0xff, 0x1a, 0x85,
  0x33, 0x1a, 0x92, 0x09, 0x3a, 0x9d, 0xff, 0xf7, 0x38, 0x64, 0xb1, 0x01,
  0x70, 0x0a, 0xfb, 0xde, 0xde, 0xff, 0x91, 0x22, 0x13, 0x0a, 0x12, 0x0a,
  0x9a, 0x9d, 0xff, 0xf7, 0xff, 0xff, 0xff, 0xf7, 0x15, 0x54, 0x13, 0x02,
  0x12, 0x02, 0x77, 0x74, 0xff, 0xff, 0xff, 0xff, 0xff, 0xff, 0xff, 0xff,
  0xff, 0xff, 0xff, 0xff, 0xff, 0xff, 0xff, 0xff, 0xff, 0xff, 0xff, 0xff,
  0xff, 0xff, 0xff, 0xff, 0xff, 0xff, 0xff, 0xff, 0xff, 0xff, 0xff, 0xff,
  0xff, 0xff, 0xff, 0xff, 0xff, 0xff, 0xff, 0xff, 0xff, 0xff, 0xff, 0xff,
  0xff, 0xff, 0xff, 0xff, 0xff, 0xff, 0xff, 0xff, 0xff, 0xff, 0xff, 0xff,
  0xff, 0xff, 0xff, 0xff, 0xff, 0xff, 0xff, 0xff, 0xff, 0xff, 0xff, 0xff,
  0xff, 0xff, 0xff, 0xff, 0xff, 0xff, 0xff, 0xff, 0xff, 0xff, 0xff, 0xff,
  0xff, 0xff, 0xff, 0xff, 0xff, 0xff, 0xff, 0xff, 0xff, 0xff, 0xff, 0xff,
  0xff, 0xff, 0xff, 0xff, 0xff, 0xff, 0xff, 0xff, 0xff, 0xff, 0xff, 0xff,
  0xff, 0xff, 0xff, 0xff, 0xff, 0xff, 0xfe, 0xf7, 0xdf, 0xff, 0xff, 0xff,
  0xff, 0xff, 0xff, 0xff, 0xff, 0xff, 0xff, 0xff, 0xb3, 0x22, 0xb1, 0x01,
  0xd8, 0xa5, 0x9a, 0x8d, 0x32, 0x0a, 0x32, 0x02, 0x51, 0x12, 0x7c, 0xbe,
  0xff, 0xff, 0xfe, 0xd6, 0x32, 0x02, 0x51, 0x0a, 0x39, 0xbe, 0xdf, 0xff,
  0xf5, 0x5b, 0xcf, 0x01, 0x71, 0x0a, 0x5a, 0x85, 0xbb, 0xc6, 0xbb, 0xde,
  0xfb, 0xb5, 0x34, 0x2b, 0x53, 0x02, 0x0f, 0x0a, 0x7b, 0xbe, 0xfc, 0xa5,
  0xd6, 0x53, 0x11, 0x02, 0x52, 0x02, 0xf7, 0x53, 0xd9, 0x84, 0xfb, 0xa5,
  0x5d, 0xd7, 0xf1, 0x01, 0x32, 0x02, 0x95, 0x43, 0xfe, 0xf7, 0xfe, 0xc6,
  0x50, 0x22, 0x14, 0x0a, 0x12, 0x02, 0x56, 0x74, 0x7a, 0x8d, 0xfa, 0x6c,
  0x51, 0x0a, 0x13, 0x0a, 0x91, 0x12, 0xdf, 0xbe, 0xdf, 0xf7, 0x75, 0x33,
  0x11, 0x02, 0x96, 0x22, 0x72, 0x22, 0x73, 0x3b, 0x59, 0x7d, 0x15, 0x4c,
  0x11, 0x02, 0x32, 0x0a, 0x11, 0x12, 0x5f, 0xe7, 0x9f, 0xef, 0xd3, 0x2a,
  0x31, 0x02, 0x13, 0x2b, 0xbb, 0xa5, 0xbb, 0xce, 0xbd, 0xce, 0x99, 0xa5,
  0xb2, 0x22, 0xf1, 0x09, 0x73, 0x12, 0x7f, 0xdf, 0xdf, 0xff, 0x34, 0x33,
  0x32, 0x02, 0xf3, 0x22, 0x9e, 0xf7, 0xff, 0xf7, 0x15, 0x5c, 0x94, 0x0a,
  0xf1, 0x09, 0xf7, 0x74, 0xff, 0xff, 0xbd, 0xff, 0xfe, 0xf7, 0xdd, 0xef,
  0xfe, 0xf7, 0xff, 0xf7, 0xff, 0xff, 0xff, 0xf7, 0xf7, 0x53, 0x30, 0x02,
  0x33, 0x02, 0xf0, 0x09, 0x57, 0x64, 0xfb, 0x9d, 0x58, 0x95, 0x13, 0x23,
  0xd1, 0x01, 0xef, 0x09, 0x7a, 0xbe, 0xff, 0xf7, 0x36, 0x64, 0x34, 0x0a,
  0x31, 0x02, 0x1d, 0xd7, 0xff, 0xf7, 0xb2, 0x22, 0x54, 0x0a, 0xd3, 0x01,
  0xcf, 0x01, 0x97, 0x64, 0x7a, 0x8d, 0x56, 0x5c, 0x32, 0x0a, 0x13, 0x02,
  0x72, 0x22, 0x3e, 0xd7, 0xfd, 0xff, 0xfd, 0xff, 0xfe, 0xef, 0xff, 0xff,
  0xff, 0xff, 0xff, 0xff, 0xff, 0xff, 0xff, 0xff, 0xff, 0xff, 0xff, 0xff,
  0xff, 0xff, 0xff, 0xff, 0xff, 0xff, 0xff, 0xff, 0xff, 0xff, 0xff, 0xff,
  0xff, 0xff, 0xff, 0xff, 0xff, 0xff, 0xff, 0xff, 0xff, 0xff, 0xff, 0xff,
  0xff, 0xff, 0xff, 0xff, 0xff, 0xff, 0xff, 0xff, 0xff, 0xff, 0xff, 0xff,
  0xff, 0xff, 0xff, 0xff, 0xff, 0xff, 0xff, 0xff, 0xff, 0xff, 0xff, 0xff,
  0xff, 0xff, 0xff, 0xff, 0xff, 0xff, 0xff, 0xff, 0xff, 0xff, 0xff, 0xff,
  0xff, 0xff, 0xff, 0xff, 0xff, 0xff, 0xff, 0xff, 0xff, 0xff, 0xff, 0xff,
  0xff, 0xff, 0xff, 0xff, 0xff, 0xff, 0xff, 0xff, 0xff, 0xff, 0xff, 0xff,
  0xff, 0xff, 0xff, 0xff, 0xff, 0xff, 0xfe, 0xff, 0xdf, 0xff, 0xff, 0xff,
  0xff, 0xff, 0xff, 0xff, 0xff, 0xff, 0xff, 0xff, 0xb3, 0x22, 0x32, 0x0a,
  0x55, 0x4b, 0x51, 0x1a, 0x33, 0x02, 0xf2, 0x09, 0x7a, 0x9d, 0xff, 0xff,
  0xdf, 0xff, 0xfd, 0xd6, 0x32, 0x0a, 0xd1, 0x01, 0x5c, 0xb6, 0xdf, 0xf7,
  0x5f, 0xe7, 0x19, 0x7d, 0x93, 0x0a, 0xf2, 0x01, 0x51, 0x02, 0xf1, 0x01,
  0xf2, 0x01, 0x32, 0x02, 0xd3, 0x1a, 0x39, 0x85, 0xff, 0xff, 0x14, 0x2b,
  0xf0, 0x11, 0xf0, 0x01, 0x11, 0x02, 0x53, 0x02, 0x33, 0x0a, 0x74, 0x43,
  0x3c, 0xd7, 0x31, 0x0a, 0xb2, 0x12, 0xb4, 0x53, 0xbe, 0xff, 0xdf, 0xff,
  0xfd, 0xce, 0x16, 0x5c, 0x51, 0x0a, 0x31, 0x02, 0x92, 0x02, 0xd1, 0x01,
  0x12, 0x0a, 0xb6, 0x5b, 0xdb, 0xbe, 0xff, 0xff, 0xff, 0xff, 0x54, 0x43,
  0x70, 0x0a, 0x74, 0x3b, 0x7d, 0xa6, 0xf1, 0x32, 0x12, 0x0a, 0x12, 0x02,
  0xf1, 0x11, 0xd2, 0x32, 0x7c, 0xa6, 0xde, 0xff, 0xbe, 0xff, 0x5d, 0xdf,
  0xf4, 0x5b, 0x33, 0x0a, 0xd1, 0x09, 0xf1, 0x01, 0xf4, 0x01, 0x13, 0x0a,
  0xf2, 0x01, 0xd3, 0x3a, 0x1c, 0xae, 0xde, 0xf7, 0xfe, 0xff, 0x34, 0x33,
  0x52, 0x0a, 0xf3, 0x22, 0xbf, 0xef, 0xff, 0xff, 0xda, 0xa5, 0xaf, 0x01,
  0x32, 0x0a, 0x74, 0x3b, 0xff, 0xf7, 0xdd, 0xff, 0xff, 0xff, 0xff, 0xef,
  0x34, 0x43, 0xd3, 0x2a, 0xda, 0x7c, 0xff, 0xff, 0x17, 0x64, 0x11, 0x02,
  0x34, 0x12, 0x9a, 0x6c, 0x31, 0x22, 0xf1, 0x09, 0xf3, 0x09, 0x32, 0x02,
  0x10, 0x02, 0x77, 0x64, 0xff, 0xef, 0xfd, 0xf7, 0x76, 0x74, 0x33, 0x1a,
  0x73, 0x1a, 0x1e, 0xdf, 0xdf, 0xef, 0x13, 0x2b, 0xf0, 0x01, 0x34, 0x3b,
  0xdd, 0x8d, 0x0e, 0x12, 0x31, 0x0a, 0xf1, 0x09, 0xf1, 0x09, 0x11, 0x33,
  0xbd, 0xbe, 0xff, 0xff, 0xbe, 0xff, 0xde, 0xff, 0xff, 0xf7, 0xff, 0xff,
  0xff, 0xff, 0xff, 0xff, 0xff, 0xff, 0xff, 0xff, 0xff, 0xff, 0xff, 0xff,
  0xff, 0xff, 0xff, 0xff, 0xff, 0xff, 0xff, 0xff, 0xff, 0xff, 0xff, 0xff,
  0xff, 0xff, 0xff, 0xff, 0xff, 0xff, 0xff, 0xff, 0xff, 0xff, 0xff, 0xff,
  0xff, 0xff, 0xff, 0xff, 0xff, 0xff, 0xff, 0xff, 0xff, 0xff, 0xff, 0xff,
  0xff, 0xff, 0xff, 0xff, 0xff, 0xff, 0xff, 0xff, 0xff, 0xff, 0xff, 0xff,
  0xff, 0xff, 0xff, 0xff, 0xff, 0xff, 0xff, 0xff, 0xff, 0xff, 0xff, 0xff,
  0xff, 0xff, 0xff, 0xff, 0xff, 0xff, 0xff, 0xff, 0xff, 0xff, 0xff, 0xff,
  0xff, 0xff, 0xff, 0xff, 0xff, 0xff, 0xff, 0xff, 0xff, 0xff, 0xff, 0xff,
  0xff, 0xff, 0xff, 0xff, 0xff, 0xff, 0xfe, 0xff, 0xdf, 0xff, 0xff, 0xff,
  0xff, 0xff, 0xff, 0xff, 0xff, 0xff, 0xff, 0xff, 0xb3, 0x22, 0x10, 0x02,
  0x13, 0x0a, 0xd1, 0x01, 0x11, 0x02, 0xd9, 0x7c, 0xdf, 0xff, 0xff, 0xff,
  0x9e, 0xff, 0x1d, 0xdf, 0x32, 0x0a, 0x31, 0x02, 0x5b, 0xa6, 0xff, 0xff,
  0xbf, 0xff, 0xde, 0xff, 0xbf, 0xe7, 0xdd, 0xce, 0xf9, 0xad, 0xbb, 0xa5,
  0x1c, 0xb6, 0x7a, 0xce, 0xbe, 0xff, 0xdf, 0xff, 0xdf, 0xf7, 0x5d, 0xe7,
  0xbb, 0x9d, 0x73, 0x12, 0x11, 0x02, 0xd7, 0x7c, 0x3d, 0xdf, 0x5e, 0xdf,
  0xff, 0xf7, 0x9b, 0xc6, 0x9d, 0xb6, 0xde, 0xce, 0xff, 0xff, 0xdf, 0xff,
  0xfe, 0xff, 0x9e, 0xff, 0x3d, 0xef, 0x3a, 0xb6, 0xb9, 0xa5, 0x3c, 0xc6,
  0x3e, 0xdf, 0xdf, 0xff, 0xdc, 0xf7, 0xbd, 0xff, 0xff, 0xff, 0x1e, 0xe7,
  0x5d, 0xd7, 0x3c, 0xdf, 0xfe, 0xff, 0xbf, 0xf7, 0x3d, 0xbe, 0xfc, 0xa5,
  0x5b, 0xc6, 0x7e, 0xff, 0xfe, 0xef, 0xfe, 0xf7, 0xff, 0xff, 0xdd, 0xff,
  0xfe, 0xff, 0xbf, 0xe7, 0x9d, 0xc6, 0x5a, 0xae, 0xba, 0x95, 0x5a, 0xae,
  0x1d, 0xc7, 0xbf, 0xf7, 0xff, 0xf7, 0xfd, 0xff, 0xfe, 0xf7, 0x14, 0x33,
  0x31, 0x0a, 0xf3, 0x22, 0xbf, 0xef, 0xff, 0xff, 0xbf, 0xf7, 0xd2, 0x2a,
  0x32, 0x02, 0xf2, 0x01, 0xf8, 0x7c, 0xbf, 0xe7, 0x9f, 0xdf, 0x1a, 0x85,
  0x11, 0x0a, 0xef, 0x01, 0x78, 0x8d, 0xfe, 0xff, 0x16, 0x5c, 0x52, 0x0a,
  0xd0, 0x09, 0xbb, 0xb6, 0xde, 0xe7, 0x98, 0x95, 0x7a, 0x85, 0x58, 0x95,
  0x5b, 0xb6, 0xff, 0xff, 0xdf, 0xff, 0xbd, 0xff, 0x7e, 0xdf, 0x9b, 0xb6,
  0xfa, 0xb6, 0x9e, 0xff, 0xde, 0xff, 0x3e, 0xd7, 0x1e, 0xd7, 0x5c, 0xf7,
  0xdf, 0xf7, 0x5e, 0xdf, 0x1c, 0xb6, 0x1b, 0xa6, 0x7d, 0xb6, 0xff, 0xef,
  0xff, 0xf7, 0xfe, 0xff, 0xdf, 0xff, 0xdf, 0xff, 0xdf, 0xf7, 0xff, 0xff,
  0xff, 0xff, 0xff, 0xff, 0xff, 0xff, 0xff, 0xff, 0xff, 0xff, 0xff, 0xff,
  0xff, 0xff, 0xff, 0xff, 0xff, 0xff, 0xff, 0xff, 0xff, 0xff, 0xff, 0xff,
  0xff, 0xff, 0xff, 0xff, 0xff, 0xff, 0xff, 0xff, 0xff, 0xff, 0xff, 0xff,
  0xff, 0xff, 0xff, 0xff, 0xff, 0xff, 0xff, 0xff, 0xff, 0xff, 0xff, 0xff,
  0xff, 0xff, 0xff, 0xff, 0xff, 0xff, 0xff, 0xff, 0xff, 0xff, 0xff, 0xff,
  0xff, 0xff, 0xff, 0xff, 0xff, 0xff, 0xff, 0xff, 0xff, 0xff, 0xff, 0xff,
  0xff, 0xff, 0xff, 0xff, 0xff, 0xff, 0xff, 0xff, 0xff, 0xff, 0xff, 0xff,
  0xff, 0xff, 0xff, 0xff, 0xff, 0xff, 0xff, 0xff, 0xff, 0xff, 0xff, 0xff,
  0xff, 0xff, 0xff, 0xff, 0xff, 0xff, 0xfe, 0xff, 0xdf, 0xff, 0xff, 0xff,
  0xff, 0xff, 0xff, 0xff, 0xff, 0xff, 0xff, 0xff, 0xb3, 0x22, 0x51, 0x02,
  0x11, 0x0a, 0x13, 0x02, 0x16, 0x5c, 0xfe, 0xf7, 0xfe, 0xff, 0xdf, 0xff,
  0xfe, 0xff, 0xfb, 0xce, 0x53, 0x0a, 0x12, 0x02, 0xf9, 0xb5, 0xfe, 0xff,
  0xff, 0xf7, 0xfe, 0xf7, 0xdf, 0xff, 0xff, 0xff, 0xfe, 0xff, 0xdf, 0xff,
  0xff, 0xf7, 0xfe, 0xf7, 0xdd, 0xf7, 0xff, 0xff, 0xfe, 0xff, 0xdf, 0xff,
  0x3f, 0xcf, 0x10, 0x02, 0x12, 0x02, 0xba, 0xad, 0xdd, 0xff, 0xfe, 0xf7,
  0x3d, 0xd7, 0x11, 0x0a, 0x74, 0x12, 0x95, 0x5b, 0xfe, 0xf7, 0xfe, 0xff,
  0xff, 0xf7, 0xff, 0xff, 0xff, 0xf7, 0xff, 0xff, 0xff, 0xff, 0xde, 0xff,
  0xfe, 0xef, 0xff, 0xff, 0xff, 0xef, 0xff, 0xff, 0xde, 0xf7, 0xdf, 0xff,
  0xbe, 0xef, 0xff, 0xff, 0xff, 0xf7, 0xde, 0xff, 0xde, 0xff, 0xfe, 0xef,
  0xfe, 0xf7, 0xdf, 0xff, 0xff, 0xff, 0xde, 0xff, 0xff, 0xff, 0xdf, 0xff,
  0xff, 0xf7, 0xfe, 0xef, 0xdd, 0xff, 0xdf, 0xff, 0xdf, 0xff, 0xbd, 0xff,
  0xff, 0xff, 0xff, 0xff, 0xff, 0xf7, 0xde, 0xff, 0xbf, 0xff, 0x35, 0x33,
  0xf0, 0x01, 0xf3, 0x22, 0xdf, 0xef, 0xde, 0xff, 0xde, 0xff, 0x1d, 0x9e,
  0x32, 0x02, 0x12, 0x02, 0x31, 0x12, 0x72, 0x1a, 0xb3, 0x22, 0x31, 0x12,
  0xf1, 0x01, 0x13, 0x33, 0x9f, 0xef, 0xdf, 0xff, 0x57, 0x5c, 0x11, 0x02,
  0x32, 0x0a, 0x7a, 0xbe, 0xfe, 0xff, 0xdf, 0xff, 0xff, 0xff, 0xdf, 0xff,
  0xfe, 0xff, 0xdd, 0xff, 0xff, 0xff, 0xff, 0xef, 0x77, 0x64, 0x53, 0x1a,
  0x53, 0x12, 0x3d, 0xcf, 0xde, 0xff, 0xff, 0xf7, 0xdf, 0xff, 0xbd, 0xff,
  0xff, 0xf7, 0xff, 0xff, 0xff, 0xff, 0xfd, 0xf7, 0xdf, 0xff, 0xbe, 0xff,
  0xdf, 0xff, 0xfd, 0xff, 0xdf, 0xff, 0xff, 0xff, 0xfe, 0xff, 0xff, 0xff,
  0xff, 0xff, 0xff, 0xff, 0xff, 0xff, 0xff, 0xff, 0xff, 0xff, 0xff, 0xff,
  0xff, 0xff, 0xff, 0xff, 0xff, 0xff, 0xff, 0xff, 0xff, 0xff, 0xff, 0xff,
  0xff, 0xff, 0xff, 0xff, 0xff, 0xff, 0xff, 0xff, 0xff, 0xff, 0xff, 0xff,
  0xff, 0xff, 0xff, 0xff, 0xff, 0xff, 0xff, 0xff, 0xff, 0xff, 0xff, 0xff,
  0xff, 0xff, 0xff, 0xff, 0xff, 0xff, 0xff, 0xff, 0xff, 0xff, 0xff, 0xff,
  0xff, 0xff, 0xff, 0xff, 0xff, 0xff, 0xff, 0xff, 0xff, 0xff, 0xff, 0xff,
  0xff, 0xff, 0xff, 0xff, 0xff, 0xff, 0xff, 0xff, 0xff, 0xff, 0xff, 0xff,
  0xff, 0xff, 0xff, 0xff, 0xff, 0xff, 0xff, 0xff, 0xff, 0xff, 0xff, 0xff,
  0xff, 0xff, 0xff, 0xff, 0xff, 0xff, 0xff, 0xff, 0xff, 0xff, 0xff, 0xff,
  0xdf, 0xff, 0xff, 0xff, 0xff, 0xff, 0xff, 0xe7, 0xf0, 0x3a, 0x53, 0x0a,
  0x10, 0x0a, 0x94, 0x4b, 0x9f, 0xdf, 0xdf, 0xf7, 0xfe, 0xff, 0xdd, 0xf7,
  0xfe, 0xff, 0x1d, 0xd7, 0x32, 0x22, 0x12, 0x1a, 0x3b, 0xb6, 0xfd, 0xff,
  0xbf, 0xff, 0xdf, 0xff, 0xfe, 0xf7, 0xff, 0xff, 0xff, 0xff, 0xff, 0xff,
  0xff, 0xff, 0xff, 0xff, 0xff, 0xff, 0xff, 0xff, 0xff, 0xff, 0xff, 0xff,
  0x9f, 0xef, 0xda, 0xb5, 0x57, 0xa5, 0xdc, 0xce, 0xff, 0xf7, 0xff, 0xf7,
  0x1d, 0xdf, 0x12, 0x02, 0x31, 0x12, 0xb4, 0x53, 0xff, 0xef, 0xff, 0xf7,
  0xfe, 0xff, 0xdd, 0xf7, 0xfe, 0xff, 0xff, 0xff, 0xff, 0xff, 0xff, 0xff,
  0xff, 0xff, 0xff, 0xff, 0xff, 0xff, 0xff, 0xff, 0xff, 0xff, 0xff, 0xff,
  0xff, 0xff, 0xff, 0xff, 0xff, 0xff, 0xff, 0xff, 0xff, 0xff, 0xff, 0xff,
  0xff, 0xff, 0xff, 0xff, 0xff, 0xff, 0xff, 0xff, 0xff, 0xff, 0xff, 0xff,
  0xff, 0xff, 0xff, 0xff, 0xff, 0xff, 0xff, 0xff, 0xff, 0xff, 0xff, 0xff,
  0xff, 0xff, 0xff, 0xff, 0xff, 0xff, 0xff, 0xff, 0xff, 0xff, 0x76, 0x3b,
  0x51, 0x1a, 0x12, 0x43, 0xbf, 0xdf, 0xff, 0xf7, 0xff, 0xff, 0xdf, 0xf7,
  0x3b, 0xbe, 0x34, 0x33, 0x51, 0x0a, 0x12, 0x02, 0x12, 0x02, 0x11, 0x12,
  0x15, 0x5c, 0xfd, 0xc6, 0xff, 0xf7, 0xfe, 0xf7, 0x56, 0x64, 0x12, 0x0a,
  0x52, 0x1a, 0x7c, 0xbe, 0xfe, 0xff, 0xfe, 0xff, 0xff, 0xef, 0xff, 0xff,
  0xbe, 0xff, 0xde, 0xff, 0xff, 0xff, 0xdf, 0xef, 0x55, 0x6c, 0x10, 0x12,
  0x32, 0x0a, 0x1c, 0xe7, 0xbe, 0xf7, 0xff, 0xff, 0xff, 0xff, 0xdf, 0xff,
  0xff, 0xff, 0xff, 0xff, 0xde, 0xff, 0xff, 0xff, 0xff, 0xff, 0xff, 0xff,
  0xff, 0xff, 0xff, 0xff, 0xff, 0xff, 0xff, 0xff, 0xff, 0xff, 0xff, 0xff,
  0xff, 0xff, 0xff, 0xff, 0xff, 0xff, 0xff, 0xff, 0xff, 0xff, 0xff, 0xff,
  0xff, 0xff, 0xff, 0xff, 0xff, 0xff, 0xff, 0xff, 0xff, 0xff, 0xff, 0xff,
  0xff, 0xff, 0xff, 0xff, 0xff, 0xff, 0xff, 0xff, 0xff, 0xff, 0xff, 0xff,
  0xff, 0xff, 0xff, 0xff, 0xff, 0xff, 0xff, 0xff, 0xff, 0xff, 0xff, 0xff,
  0xff, 0xff, 0xff, 0xff, 0xff, 0xff, 0xff, 0xff, 0xff, 0xff, 0xff, 0xff,
  0xff, 0xff, 0xff, 0xff, 0xff, 0xff, 0xff, 0xff, 0xff, 0xff, 0xff, 0xff,
  0xff, 0xff, 0xff, 0xff, 0xff, 0xff, 0xff, 0xff, 0xff, 0xff, 0xff, 0xff,
  0xff, 0xff, 0xff, 0xff, 0xff, 0xff, 0xff, 0xff, 0xff, 0xff, 0xff, 0xff,
  0xff, 0xff, 0xff, 0xff, 0xff, 0xff, 0xff, 0xff, 0xff, 0xff, 0xff, 0xf7,
  0xde, 0xff, 0xfe, 0xff, 0xde, 0xff, 0xff, 0xf7, 0xfe, 0xc6, 0xfd, 0xc6,
  0xfd, 0xce, 0x7e, 0xe7, 0xff, 0xff, 0xff, 0xff, 0xdf, 0xff, 0xdf, 0xff,
  0xdf, 0xf7, 0xde, 0xf7, 0xfe, 0xc6, 0x1f, 0xc7, 0xde, 0xef, 0xfd, 0xff,
  0xdf, 0xff, 0xff, 0xff, 0xff, 0xff, 0xff, 0xff, 0xff, 0xff, 0xff, 0xff,
  0xff, 0xff, 0xff, 0xff, 0xff, 0xff, 0xff, 0xff, 0xff, 0xff, 0xde, 0xf7,
  0xff, 0xff, 0xdf, 0xf7, 0xbf, 0xef, 0xff, 0xf7, 0xff, 0xf7, 0xdf, 0xff,
  0xdf, 0xff, 0x1e, 0xcf, 0x1d, 0xcf, 0x1d, 0xdf, 0xff, 0xff, 0xdf, 0xff,
  0xdf, 0xff, 0xff, 0xff, 0xdf, 0xf7, 0xff, 0xff, 0xff, 0xff, 0xff, 0xff,
  0xff, 0xff, 0xff, 0xff, 0xff, 0xff, 0xff, 0xff, 0xff, 0xff, 0xff, 0xff,
  0xff, 0xff, 0xff, 0xff, 0xff, 0xff, 0xff, 0xff, 0xff, 0xff, 0xff, 0xff,
  0xff, 0xff, 0xff, 0xff, 0xff, 0xff, 0xff, 0xff, 0xff, 0xff, 0xff, 0xff,
  0xff, 0xff, 0xff, 0xff, 0xff, 0xff, 0xff, 0xff, 0xff, 0xff, 0xff, 0xff,
  0xff, 0xff, 0xff, 0xff, 0xff, 0xff, 0xff, 0xff, 0xff, 0xff, 0x5e, 0xcf,
  0xfd, 0xc6, 0xdc, 0xce, 0xff, 0xff, 0xfe, 0xff, 0xfd, 0xff, 0xff, 0xff,
  0xff, 0xff, 0xff, 0xef, 0xbc, 0xc6, 0xf9, 0xa5, 0x3b, 0xae, 0xfd, 0xce,
  0xbf, 0xef, 0xff, 0xff, 0xdd, 0xff, 0xff, 0xff, 0x3e, 0xdf, 0xff, 0xce,
  0xbd, 0xc6, 0xdf, 0xf7, 0xff, 0xff, 0xde, 0xff, 0xff, 0xff, 0xff, 0xf7,
  0xff, 0xff, 0xfe, 0xff, 0xde, 0xf7, 0xff, 0xff, 0x5e, 0xdf, 0x1d, 0xcf,
  0x3f, 0xcf, 0xbe, 0xf7, 0xff, 0xff, 0xff, 0xff, 0xff, 0xff, 0xff, 0xff,
  0xff, 0xff, 0xff, 0xff, 0xff, 0xff, 0xff, 0xff, 0xff, 0xff, 0xff, 0xff,
  0xff, 0xff, 0xff, 0xff, 0xff, 0xff, 0xff, 0xff, 0xff, 0xff, 0xff, 0xff,
  0xff, 0xff, 0xff, 0xff, 0xff, 0xff, 0xff, 0xff, 0xff, 0xff, 0xff, 0xff,
  0xff, 0xff, 0xff, 0xff, 0xff, 0xff, 0xff, 0xff, 0xff, 0xff, 0xff, 0xff,
  0xff, 0xff, 0xff, 0xff, 0xff, 0xff, 0xff, 0xff, 0xff, 0xff, 0xff, 0xff,
  0xff, 0xff, 0xff, 0xff, 0xff, 0xff, 0xff, 0xff, 0xff, 0xff, 0xff, 0xff,
  0xff, 0xff, 0xff, 0xff, 0xff, 0xff, 0xff, 0xff, 0xff, 0xff, 0xff, 0xff,
  0xff, 0xff, 0xff, 0xff, 0xff, 0xff, 0xff, 0xff, 0xff, 0xff, 0xff, 0xff,
  0xff, 0xff, 0xff, 0xff, 0xff, 0xff, 0xff, 0xff, 0xff, 0xff, 0xff, 0xff,
  0xff, 0xff, 0xff, 0xff, 0xff, 0xff, 0xff, 0xff, 0xff, 0xff, 0xff, 0xff,
  0xff, 0xff, 0xff, 0xff, 0xff, 0xff, 0xde, 0xf7, 0xff, 0xff, 0xff, 0xff,
  0xff, 0xff, 0xfe, 0xff, 0xde, 0xff, 0xbe, 0xff, 0xff, 0xff, 0xde, 0xff,
  0xfe, 0xff, 0xfe, 0xff, 0x9d, 0xff, 0xfe, 0xff, 0xde, 0xff, 0xff, 0xff,
  0xff, 0xff, 0xfe, 0xff, 0xfe, 0xff, 0xfd, 0xf7, 0xfe, 0xff, 0xff, 0xff,
  0xdf, 0xf7, 0xbe, 0xef, 0xfe, 0xff, 0xff, 0xff, 0xff, 0xff, 0xff, 0xff,
  0xff, 0xff, 0xff, 0xff, 0xff, 0xff, 0xff, 0xff, 0xff, 0xff, 0xfe, 0xff,
  0xff, 0xff, 0xdf, 0xff, 0xff, 0xff, 0xff, 0xff, 0xde, 0xf7, 0xde, 0xff,
  0xdf, 0xff, 0xbe, 0xff, 0xfe, 0xff, 0xde, 0xff, 0xbd, 0xff, 0xfe, 0xff,
  0xbe, 0xff, 0xff, 0xff, 0xff, 0xff, 0xff, 0xff, 0xff, 0xff, 0xff, 0xff,
  0xff, 0xff, 0xff, 0xff, 0xff, 0xff, 0xff, 0xff, 0xff, 0xff, 0xff, 0xff,
  0xff, 0xff, 0xff, 0xff, 0xff, 0xff, 0xff, 0xff, 0xff, 0xff, 0xff, 0xff,
  0xff, 0xff, 0xff, 0xff, 0xff, 0xff, 0xff, 0xff, 0xff, 0xff, 0xff, 0xff,
  0xff, 0xff, 0xff, 0xff, 0xff, 0xff, 0xff, 0xff, 0xff, 0xff, 0xff, 0xff,
  0xff, 0xff, 0xff, 0xff, 0xff, 0xff, 0xff, 0xff, 0xff, 0xff, 0xfd, 0xff,
  0xfe, 0xff, 0xff, 0xff, 0xbf, 0xff, 0xdf, 0xff, 0xde, 0xff, 0xbe, 0xff,
  0xff, 0xff, 0xff, 0xff, 0xff, 0xff, 0xff, 0xff, 0xff, 0xff, 0xff, 0xff,
  0xdf, 0xff, 0xbf, 0xff, 0xdf, 0xff, 0xbf, 0xff, 0xde, 0xff, 0xfe, 0xff,
  0xde, 0xff, 0xde, 0xf7, 0xff, 0xff, 0xbe, 0xff, 0xde, 0xff, 0xff, 0xf7,
  0xff, 0xff, 0xff, 0xff, 0xdf, 0xff, 0xde, 0xff, 0xfe, 0xff, 0xfd, 0xff,
  0xdc, 0xf7, 0xff, 0xff, 0xff, 0xff, 0xff, 0xff, 0xff, 0xff, 0xff, 0xff,
  0xff, 0xff, 0xff, 0xff, 0xff, 0xff, 0xff, 0xff, 0xff, 0xff, 0xff, 0xff,
  0xff, 0xff, 0xff, 0xff, 0xff, 0xff, 0xff, 0xff, 0xff, 0xff, 0xff, 0xff,
  0xff, 0xff, 0xff, 0xff, 0xff, 0xff, 0xff, 0xff, 0xff, 0xff, 0xff, 0xff,
  0xff, 0xff, 0xff, 0xff, 0xff, 0xff, 0xff, 0xff, 0xff, 0xff, 0xff, 0xff,
  0xff, 0xff, 0xff, 0xff, 0xff, 0xff, 0xff, 0xff, 0xff, 0xff, 0xff, 0xff,
  0xff, 0xff, 0xff, 0xff, 0xff, 0xff, 0xff, 0xff, 0xff, 0xff, 0xff, 0xff,
  0xff, 0xff, 0xff, 0xff, 0xff, 0xff, 0xff, 0xff, 0xff, 0xff, 0xff, 0xff,
  0xff, 0xff, 0xff, 0xff, 0xff, 0xff, 0xff, 0xff, 0xff, 0xff, 0xff, 0xff,
  0xff, 0xff, 0xff, 0xff, 0xff, 0xff, 0xff, 0xff, 0xff, 0xff, 0xff, 0xff,
  0xff, 0xff, 0xff, 0xff, 0xff, 0xff, 0xff, 0xff, 0xff, 0xff, 0xff, 0xff,
  0xff, 0xff, 0xff, 0xff, 0xff, 0xff, 0xff, 0xff, 0xff, 0xff, 0xff, 0xff,
  0xff, 0xf7, 0xde, 0xff, 0xfe, 0xff, 0xfe, 0xff, 0xfe, 0xff, 0xff, 0xff,
  0xff, 0xff, 0xdf, 0xf7, 0xff, 0xff, 0xff, 0xff, 0xff, 0xff, 0xbe, 0xf7,
  0xde, 0xff, 0xdf, 0xff, 0xde, 0xff, 0xdd, 0xff, 0xdf, 0xff, 0xff, 0xff,
  0xff, 0xff, 0xff, 0xff, 0xfe, 0xff, 0xff, 0xff, 0xff, 0xff, 0xff, 0xff,
  0xff, 0xff, 0xff, 0xff, 0xff, 0xff, 0xff, 0xff, 0xff, 0xff, 0xde, 0xff,
  0xff, 0xff, 0xff, 0xff, 0xff, 0xff, 0xfe, 0xff, 0xfe, 0xff, 0xff, 0xff,
  0xdf, 0xff, 0xff, 0xff, 0xff, 0xff, 0xdf, 0xff, 0xff, 0xff, 0xff, 0xff,
  0xde, 0xf7, 0xde, 0xf7, 0xfe, 0xff, 0xff, 0xff, 0xff, 0xff, 0xff, 0xff,
  0xff, 0xff, 0xff, 0xff, 0xff, 0xff, 0xff, 0xff, 0xff, 0xff, 0xff, 0xff,
  0xff, 0xff, 0xff, 0xff, 0xff, 0xff, 0xff, 0xff, 0xff, 0xff, 0xff, 0xff,
  0xff, 0xff, 0xff, 0xff, 0xff, 0xff, 0xff, 0xff, 0xff, 0xff, 0xff, 0xff,
  0xff, 0xff, 0xff, 0xff, 0xff, 0xff, 0xff, 0xff, 0xff, 0xff, 0xff, 0xff,
  0xff, 0xff, 0xff, 0xff, 0xff, 0xff, 0xff, 0xff, 0xff, 0xff, 0xff, 0xff,
  0xbf, 0xf7, 0xff, 0xff, 0xdf, 0xf7, 0xff, 0xff, 0xff, 0xff, 0xff, 0xff,
  0xff, 0xf7, 0xdf, 0xff, 0xff, 0xff, 0xde, 0xf7, 0xfe, 0xf7, 0xfe, 0xff,
  0xfe, 0xf7, 0xff, 0xf7, 0xff, 0xff, 0xff, 0xff, 0xde, 0xff, 0xdf, 0xff,
  0xff, 0xff, 0xfe, 0xf7, 0xff, 0xf7, 0xff, 0xf7, 0xdf, 0xff, 0xdf, 0xff,
  0xdf, 0xff, 0xdf, 0xff, 0xff, 0xff, 0xff, 0xff, 0xff, 0xff, 0xff, 0xff,
  0xfe, 0xff, 0xff, 0xff, 0xff, 0xff, 0xff, 0xff, 0xff, 0xff, 0xff, 0xff,
  0xff, 0xff, 0xff, 0xff, 0xff, 0xff, 0xff, 0xff, 0xff, 0xff, 0xff, 0xff,
  0xff, 0xff, 0xff, 0xff, 0xff, 0xff, 0xff, 0xff, 0xff, 0xff, 0xff, 0xff,
  0xff, 0xff, 0xff, 0xff, 0xff, 0xff, 0xff, 0xff, 0xff, 0xff, 0xff, 0xff,
  0xff, 0xff, 0xff, 0xff, 0xff, 0xff, 0xff, 0xff, 0xff, 0xff, 0xff, 0xff,
  0xff, 0xff, 0xff, 0xff, 0xff, 0xff, 0xff, 0xff, 0xff, 0xff, 0xff, 0xff,
  0xff, 0xff, 0xff, 0xff, 0xff, 0xff, 0xff, 0xff, 0xff, 0xff, 0xff, 0xff,
  0xff, 0xff, 0xff, 0xff, 0xff, 0xff, 0xff, 0xff, 0xff, 0xff, 0xff, 0xff,
  0xff, 0xff, 0xff, 0xff, 0xff, 0xff, 0xff, 0xff, 0xff, 0xff, 0xff, 0xff,
  0xff, 0xff, 0xff, 0xff, 0xff, 0xff, 0xff, 0xff, 0xff, 0xff, 0xff, 0xff,
  0xff, 0xff, 0xff, 0xff, 0xff, 0xff, 0xff, 0xff, 0xff, 0xff, 0xff, 0xff,
  0xff, 0xff, 0xff, 0xff, 0xff, 0xff, 0xfe, 0xff, 0xde, 0xf7, 0xff, 0xf7,
  0xff, 0xff, 0xff, 0xff, 0xff, 0xff, 0xff, 0xff, 0xff, 0xff, 0xde, 0xf7,
  0xff, 0xf7, 0xff, 0xf7, 0xff, 0xf7, 0xdf, 0xf7, 0xff, 0xff, 0xff, 0xff,
  0xdf, 0xff, 0xff, 0xff, 0xdf, 0xff, 0xdf, 0xff, 0xff, 0xff, 0xbf, 0xf7,
  0xdf, 0xf7, 0xff, 0xff, 0xde, 0xff, 0xff, 0xff, 0xff, 0xff, 0xff, 0xff,
  0xff, 0xff, 0xff, 0xff, 0xff, 0xff, 0xff, 0xff, 0xff, 0xff, 0xdf, 0xf7,
  0xff, 0xff, 0xff, 0xff, 0xff, 0xff, 0xbe, 0xf7, 0xfe, 0xff, 0xff, 0xff,
  0xbf, 0xf7, 0xff, 0xf7, 0xff, 0xf7, 0xdf, 0xef, 0xff, 0xf7, 0xbf, 0xef,
  0xff, 0xff, 0xff, 0xff, 0xff, 0xff, 0xff, 0xff, 0xff, 0xff, 0xff, 0xff,
  0xff, 0xff, 0xff, 0xff, 0xff, 0xff, 0xff, 0xff, 0xff, 0xff, 0xff, 0xff,
  0xff, 0xff, 0xff, 0xff, 0xff, 0xff, 0xff, 0xff, 0xff, 0xff, 0xff, 0xff,
  0xff, 0xff, 0xff, 0xff, 0xff, 0xff, 0xff, 0xff, 0xff, 0xff, 0xff, 0xff,
  0xff, 0xff, 0xff, 0xff, 0xff, 0xff, 0xff, 0xff, 0xff, 0xff, 0xff, 0xff,
  0xff, 0xff, 0xff, 0xff, 0xff, 0xff, 0xff, 0xff, 0xff, 0xff, 0xff, 0xff,
  0xdf, 0xf7, 0xff, 0xf7, 0xff, 0xf7, 0xde, 0xf7, 0xde, 0xf7, 0xfe, 0xff,
  0xfe, 0xff, 0xff, 0xff, 0xff, 0xff, 0xff, 0xff, 0xfe, 0xff, 0xde, 0xff,
  0xdd, 0xff, 0xfe, 0xff, 0xfe, 0xff, 0xfe, 0xf7, 0xdf, 0xf7, 0xff, 0xff,
  0xff, 0xff, 0xff, 0xff, 0xfe, 0xf7, 0xff, 0xf7, 0xff, 0xf7, 0xff, 0xff,
  0xff, 0xff, 0xdf, 0xff, 0xdf, 0xf7, 0xdf, 0xf7, 0xff, 0xff, 0xdf, 0xf7,
  0xff, 0xff, 0xff, 0xff, 0xff, 0xff, 0xff, 0xff, 0xff, 0xff, 0xff, 0xff,
  0xff, 0xff, 0xff, 0xff, 0xff, 0xff, 0xff, 0xff, 0xff, 0xff, 0xff, 0xff,
  0xff, 0xff, 0xff, 0xff, 0xff, 0xff, 0xff, 0xff, 0xff, 0xff, 0xff, 0xff,
  0xff, 0xff, 0xff, 0xff, 0xff, 0xff, 0xff, 0xff, 0xff, 0xff, 0xff, 0xff,
  0xff, 0xff, 0xff, 0xff, 0xff, 0xff, 0xff, 0xff, 0xff, 0xff, 0xff, 0xff,
  0xff, 0xff, 0xff, 0xff, 0xff, 0xff, 0xff, 0xff, 0xff, 0xff, 0xff, 0xff,
  0xff, 0xff, 0xff, 0xff, 0xff, 0xff, 0xff, 0xff, 0xff, 0xff, 0xff, 0xff,
  0xff, 0xff, 0xff, 0xff, 0xff, 0xff, 0xff, 0xff, 0xff, 0xff, 0xff, 0xff,
  0xff, 0xff, 0xff, 0xff, 0xff, 0xff, 0xff, 0xff, 0xff, 0xff, 0xff, 0xff,
  0xff, 0xff, 0xff, 0xff, 0xff, 0xff, 0xff, 0xff, 0xff, 0xff, 0xff, 0xff,
  0xff, 0xff, 0xff, 0xff, 0xff, 0xff, 0xff, 0xff, 0xff, 0xff, 0xff, 0xff,
  0xff, 0xff, 0xff, 0xff, 0xff, 0xff, 0xde, 0xff, 0xff, 0xff, 0xff, 0xff,
  0xff, 0xff, 0xff, 0xff, 0xdf, 0xf7, 0xdf, 0xf7, 0xdf, 0xf7, 0xfe, 0xff,
  0xff, 0xff, 0xff, 0xff, 0xff, 0xff, 0xde, 0xf7, 0xff, 0xff, 0xff, 0xff,
  0xff, 0xff, 0xfd, 0xf7, 0xdf, 0xff, 0xbf, 0xff, 0xff, 0xff, 0xfe, 0xff,
  0xff, 0xff, 0xbf, 0xff, 0xff, 0xff, 0xff, 0xff, 0xff, 0xff, 0xff, 0xff,
  0xff, 0xff, 0xff, 0xff, 0xff, 0xff, 0xff, 0xff, 0xff, 0xff, 0xff, 0xff,
  0xff, 0xff, 0xff, 0xff, 0xff, 0xff, 0xff, 0xff, 0xff, 0xff, 0xff, 0xff,
  0xff, 0xff, 0xfe, 0xff, 0xde, 0xff, 0xff, 0xff, 0xff, 0xff, 0xff, 0xff,
  0xff, 0xff, 0xff, 0xff, 0xde, 0xf7, 0xff, 0xff, 0xff, 0xff, 0xff, 0xff,
  0xff, 0xff, 0xff, 0xff, 0xff, 0xff, 0xff, 0xff, 0xff, 0xff, 0xff, 0xff,
  0xff, 0xff, 0xff, 0xff, 0xff, 0xff, 0xff, 0xff, 0xff, 0xff, 0xff, 0xff,
  0xff, 0xff, 0xff, 0xff, 0xff, 0xff, 0xff, 0xff, 0xff, 0xff, 0xff, 0xff,
  0xff, 0xff, 0xff, 0xff, 0xff, 0xff, 0xff, 0xff, 0xff, 0xff, 0xff, 0xff,
  0xff, 0xff, 0xff, 0xff, 0xff, 0xff, 0xff, 0xff, 0xff, 0xff, 0xbe, 0xf7,
  0xff, 0xff, 0xfe, 0xf7, 0xfe, 0xff, 0xfe, 0xff, 0xff, 0xff, 0xdf, 0xff,
  0xff, 0xff, 0xff, 0xff, 0xde, 0xf7, 0xdf, 0xff, 0xdf, 0xff, 0xdf, 0xff,
  0xdf, 0xff, 0xff, 0xff, 0xbf, 0xff, 0xff, 0xff, 0xff, 0xf7, 0xff, 0xff,
  0xdf, 0xf7, 0xdf, 0xff, 0xdf, 0xff, 0xfe, 0xff, 0xfd, 0xff, 0xdf, 0xf7,
  0xff, 0xf7, 0xfe, 0xf7, 0xfe, 0xff, 0xfe, 0xff, 0xff, 0xff, 0xbf, 0xf7,
  0xff, 0xff, 0xff, 0xff, 0xff, 0xff, 0xff, 0xff, 0xff, 0xff, 0xff, 0xff,
  0xff, 0xff, 0xff, 0xff, 0xff, 0xff, 0xff, 0xff, 0xff, 0xff, 0xff, 0xff,
  0xff, 0xff, 0xff, 0xff, 0xff, 0xff, 0xff, 0xff, 0xff, 0xff, 0xff, 0xff,
  0xff, 0xff, 0xff, 0xff, 0xff, 0xff, 0xff, 0xff, 0xff, 0xff, 0xff, 0xff,
  0xff, 0xff, 0xff, 0xff, 0xff, 0xff, 0xff, 0xff, 0xff, 0xff, 0xff, 0xff,
  0xff, 0xff, 0xff, 0xff, 0xff, 0xff, 0xff, 0xff, 0xff, 0xff, 0xff, 0xff,
  0xff, 0xff, 0xff, 0xff, 0xff, 0xff, 0xff, 0xff, 0xff, 0xff, 0xff, 0xff,
  0xff, 0xff, 0xff, 0xff, 0xff, 0xff, 0xff, 0xff, 0xff, 0xff, 0xff, 0xff,
  0xff, 0xff, 0xff, 0xff, 0xff, 0xff, 0xff, 0xff, 0xff, 0xff, 0xff, 0xff,
  0xff, 0xff, 0xff, 0xff, 0xff, 0xff, 0xff, 0xff, 0xff, 0xff, 0xff, 0xff,
  0xff, 0xff, 0xff, 0xff, 0xff, 0xff, 0xff, 0xff, 0xff, 0xff, 0xff, 0xff,
  0xff, 0xff, 0xff, 0xff, 0xff, 0xff, 0xff, 0xff, 0xff, 0xff, 0xff, 0xff,
  0xbe, 0xf7, 0xff, 0xff, 0xff, 0xff, 0xff, 0xff, 0xff, 0xff, 0xdf, 0xff,
  0xbe, 0xff, 0xbf, 0xff, 0xdf, 0xff, 0xff, 0xff, 0xde, 0xff, 0xfe, 0xff,
  0xfe, 0xff, 0xfd, 0xf7, 0xff, 0xff, 0xff, 0xff, 0xfe, 0xf7, 0xfe, 0xff,
  0xdf, 0xff, 0xdf, 0xff, 0xff, 0xf7, 0xff, 0xff, 0xff, 0xff, 0xff, 0xff,
  0xff, 0xff, 0xff, 0xff, 0xff, 0xff, 0xff, 0xff, 0xff, 0xff, 0xde, 0xf7,
  0xbe, 0xf7, 0xff, 0xff, 0xff, 0xff, 0xff, 0xff, 0xdf, 0xff, 0xbe, 0xf7,
  0xff, 0xff, 0xdf, 0xff, 0xbe, 0xff, 0xdf, 0xff, 0xdf, 0xff, 0xff, 0xff,
  0xfe, 0xff, 0xfe, 0xff, 0xfe, 0xff, 0xff, 0xff, 0xff, 0xff, 0xff, 0xff,
  0xff, 0xff, 0xff, 0xff, 0xff, 0xff, 0xff, 0xff, 0xff, 0xff, 0xff, 0xff,
  0xff, 0xff, 0xff, 0xff, 0xff, 0xff, 0xff, 0xff, 0xff, 0xff, 0xff, 0xff,
  0xff, 0xff, 0xff, 0xff, 0xff, 0xff, 0xff, 0xff, 0xff, 0xff, 0xff, 0xff,
  0xff, 0xff, 0xff, 0xff, 0xff, 0xff, 0xff, 0xff, 0xff, 0xff, 0xff, 0xff,
  0xff, 0xff, 0xff, 0xff, 0xff, 0xff, 0xff, 0xff, 0xff, 0xff, 0xdf, 0xff,
  0xff, 0xff, 0xde, 0xf7, 0xde, 0xff, 0xdf, 0xff, 0xdf, 0xff, 0xbf, 0xff,
  0xdf, 0xff, 0xfe, 0xf7, 0xfe, 0xf7, 0xff, 0xff, 0xff, 0xff, 0xdf, 0xf7,
  0xff, 0xf7, 0xff, 0xff, 0xff, 0xff, 0xbf, 0xff, 0xff, 0xff, 0xfe, 0xff,
  0xfe, 0xff, 0xdf, 0xff, 0xbf, 0xff, 0xfe, 0xff, 0xdd, 0xf7, 0xff, 0xf7,
  0xff, 0xff, 0xde, 0xf7, 0xfe, 0xff, 0xfe, 0xff, 0xde, 0xff, 0xbe, 0xff,
  0xfe, 0xff, 0xff, 0xff, 0xff, 0xff, 0xff, 0xff, 0xdf, 0xff, 0xdf, 0xff,
  0xff, 0xff, 0xff, 0xff, 0xff, 0xff, 0xff, 0xff, 0xff, 0xff, 0xff, 0xff,
  0xff, 0xff, 0xff, 0xff, 0xff, 0xff, 0xff, 0xff, 0xff, 0xff, 0xff, 0xff,
  0xff, 0xff, 0xff, 0xff, 0xff, 0xff, 0xff, 0xff, 0xff, 0xff, 0xff, 0xff,
  0xff, 0xff, 0xff, 0xff, 0xff, 0xff, 0xff, 0xff, 0xff, 0xff, 0xff, 0xff,
  0xff, 0xff, 0xff, 0xff, 0xff, 0xff, 0xff, 0xff, 0xff, 0xff, 0xff, 0xff,
  0xff, 0xff, 0xff, 0xff, 0xff, 0xff, 0xff, 0xff, 0xff, 0xff, 0xff, 0xff,
  0xff, 0xff, 0xff, 0xff, 0xff, 0xff, 0xff, 0xff, 0xff, 0xff, 0xff, 0xff,
  0xff, 0xff, 0xff, 0xff, 0xff, 0xff, 0xff, 0xff, 0xff, 0xff, 0xff, 0xff,
  0xff, 0xff, 0xff, 0xff, 0xff, 0xff, 0xff, 0xff, 0xff, 0xff, 0xff, 0xff,
  0xff, 0xff, 0xff, 0xff, 0xff, 0xff, 0xff, 0xff, 0xff, 0xff, 0xff, 0xff,
  0xff, 0xff, 0xff, 0xff, 0xff, 0xff, 0xff, 0xff, 0xbf, 0xf7, 0xff, 0xff,
  0xfe, 0xff, 0xde, 0xff, 0xff, 0xff, 0xde, 0xff, 0xfe, 0xff, 0xfe, 0xef,
  0xff, 0xf7, 0xff, 0xff, 0xff, 0xff, 0xdf, 0xff, 0xff, 0xff, 0xdf, 0xff,
  0xff, 0xff, 0xdf, 0xff, 0xbf, 0xff, 0xff, 0xff, 0xff, 0xf7, 0xdf, 0xff,
  0xbf, 0xff, 0xff, 0xff, 0xfe, 0xf7, 0xff, 0xff, 0xff, 0xff, 0xff, 0xff,
  0xff, 0xff, 0xff, 0xff, 0xff, 0xff, 0xff, 0xff, 0xff, 0xff, 0xff, 0xff,
  0xfe, 0xff, 0xff, 0xff, 0xdf, 0xff, 0xff, 0xff, 0xff, 0xff, 0xde, 0xff,
  0xfe, 0xff, 0xfe, 0xef, 0xff, 0xf7, 0xff, 0xff, 0xff, 0xff, 0xdf, 0xff,
  0xff, 0xff, 0xdf, 0xff, 0xff, 0xff, 0xff, 0xff, 0xff, 0xff, 0xff, 0xff,
  0xff, 0xff, 0xff, 0xff, 0xff, 0xff, 0xff, 0xff, 0xff, 0xff, 0xff, 0xff,
  0xff, 0xff, 0xff, 0xff, 0xff, 0xff, 0xff, 0xff, 0xff, 0xff, 0xff, 0xff,
  0xff, 0xff, 0xff, 0xff, 0xff, 0xff, 0xff, 0xff, 0xff, 0xff, 0xff, 0xff,
  0xff, 0xff, 0xff, 0xff, 0xff, 0xff, 0xff, 0xff, 0xff, 0xff, 0xff, 0xff,
  0xff, 0xff, 0xff, 0xff, 0xff, 0xff, 0xff, 0xff, 0xff, 0xff, 0xff, 0xff,
  0xdf, 0xf7, 0xff, 0xff, 0xff, 0xff, 0xdf, 0xff, 0xff, 0xff, 0xfe, 0xff,
  0xfd, 0xf7, 0xdf, 0xff, 0xff, 0xff, 0xdf, 0xff, 0xdf, 0xff, 0xff, 0xff,
  0xff, 0xff, 0xfe, 0xff, 0xff, 0xff, 0xff, 0xff, 0xff, 0xff, 0xde, 0xf7,
  0xfe, 0xff, 0xff, 0xff, 0xff, 0xf7, 0xff, 0xf7, 0xff, 0xff, 0xfe, 0xff,
  0xdf, 0xff, 0xdf, 0xff, 0xdf, 0xff, 0xdf, 0xff, 0xff, 0xff, 0xff, 0xff,
  0xff, 0xff, 0xff, 0xff, 0xff, 0xff, 0xff, 0xff, 0xff, 0xff, 0xff, 0xff,
  0xff, 0xff, 0xff, 0xff, 0xff, 0xff, 0xff, 0xff, 0xff, 0xff, 0xff, 0xff,
  0xff, 0xff, 0xff, 0xff, 0xff, 0xff, 0xff, 0xff, 0xff, 0xff, 0xff, 0xff,
  0xff, 0xff, 0xff, 0xff, 0xff, 0xff, 0xff, 0xff, 0xff, 0xff, 0xff, 0xff,
  0xff, 0xff, 0xff, 0xff, 0xff, 0xff, 0xff, 0xff, 0xff, 0xff, 0xff, 0xff,
  0xff, 0xff, 0xff, 0xff, 0xff, 0xff, 0xff, 0xff, 0xff, 0xff, 0xff, 0xff,
  0xff, 0xff, 0xff, 0xff, 0xff, 0xff, 0xff, 0xff, 0xff, 0xff, 0xff, 0xff,
  0xff, 0xff, 0xff, 0xff, 0xff, 0xff, 0xff, 0xff, 0xff, 0xff, 0xff, 0xff,
  0xff, 0xff, 0xff, 0xff, 0xff, 0xff, 0xff, 0xff, 0xff, 0xff, 0xff, 0xff,
  0xff, 0xff, 0xff, 0xff, 0xff, 0xff, 0xff, 0xff, 0xff, 0xff, 0xff, 0xff,
  0xff, 0xff, 0xff, 0xff, 0xff, 0xff, 0xff, 0xff, 0xff, 0xff, 0xff, 0xff,
  0xff, 0xff, 0xff, 0xff, 0xff, 0xff, 0xff, 0xff, 0xff, 0xff, 0xff, 0xff,
  0xff, 0xff, 0xff, 0xff, 0xff, 0xff, 0xff, 0xff, 0xff, 0xff, 0xff, 0xff,
  0xff, 0xff, 0xff, 0xff, 0xff, 0xff, 0xff, 0xff, 0xff, 0xff, 0xff, 0xff,
  0xff, 0xff, 0xff, 0xff, 0xff, 0xff, 0xff, 0xff, 0xff, 0xff, 0xff, 0xff,
  0xff, 0xff, 0xff, 0xff, 0xff, 0xff, 0xff, 0xf7, 0xdf, 0xff, 0xff, 0xf7,
  0xdf, 0xff, 0xff, 0xf7, 0xfe, 0xf7, 0xff, 0xff, 0xbf, 0xff, 0xff, 0xff,
  0xbe, 0xf7, 0xde, 0xff, 0xdf, 0xff, 0xdf, 0xff, 0xdf, 0xf7, 0xde, 0xf7,
  0xbd, 0xff, 0xbd, 0xf7, 0xde, 0xff, 0xdf, 0xff, 0xbe, 0xf7, 0xfe, 0xff,
  0xfd, 0xff, 0xde, 0xff, 0xdf, 0xff, 0xdf, 0xff, 0xff, 0xff, 0xff, 0xff,
  0xff, 0xff, 0xdf, 0xff, 0xdf, 0xff, 0xde, 0xff, 0xde, 0xff, 0xdf, 0xff,
  0xde, 0xff, 0xfe, 0xff, 0xfd, 0xff, 0xfe, 0xff, 0xfe, 0xf7, 0xff, 0xf7,
  0xff, 0xff, 0xdf, 0xf7, 0xfe, 0xff, 0xff, 0xf7, 0xff, 0xff, 0xdf, 0xff,
  0xdf, 0xf7, 0xff, 0xf7, 0xfd, 0xff, 0xfd, 0xff, 0xfe, 0xff, 0xff, 0xf7,
  0xbf, 0xef, 0x5e, 0xdf, 0x1d, 0xd7, 0x5d, 0xe7, 0xff, 0xf7, 0xff, 0xf7,
  0xff, 0xff, 0xff, 0xff, 0xfe, 0xff, 0xff, 0xff, 0xff, 0xff, 0xff, 0xff,
  0xdf, 0xff, 0xde, 0xff, 0xff, 0xff, 0xde, 0xff, 0xfd, 0xff, 0xfe, 0xff,
  0xbf, 0xff, 0xff, 0xff, 0xfe, 0xf7, 0xff, 0xff, 0xbe, 0xf7, 0xff, 0xff,
  0xdf, 0xff, 0xde, 0xf7, 0xff, 0xff, 0xff, 0xff, 0xff, 0xff, 0xff, 0xff,
  0xff, 0xff, 0xff, 0xff, 0xff, 0xff, 0xff, 0xff, 0xff, 0xff, 0xff, 0xff,
  0xff, 0xff, 0xff, 0xff, 0xff, 0xff, 0xff, 0xff, 0xff, 0xff, 0xff, 0xff,
  0xff, 0xff, 0xff, 0xff, 0xff, 0xff, 0xff, 0xff, 0xff, 0xff, 0xff, 0xff,
  0xff, 0xff, 0xff, 0xff, 0xff, 0xff, 0xff, 0xff, 0xff, 0xff, 0xff, 0xff,
  0xff, 0xff, 0xff, 0xff, 0xff, 0xff, 0xff, 0xff, 0xff, 0xff, 0xff, 0xff,
  0xff, 0xff, 0xff, 0xff, 0xff, 0xff, 0xff, 0xff, 0xff, 0xff, 0xff, 0xff,
  0xff, 0xff, 0xff, 0xff, 0xff, 0xff, 0xff, 0xff, 0xff, 0xff, 0xff, 0xff,
  0xff, 0xff, 0xff, 0xff, 0xff, 0xff, 0xff, 0xff, 0xff, 0xff, 0xff, 0xff,
  0xff, 0xff, 0xff, 0xff, 0xff, 0xff, 0xff, 0xff, 0xff, 0xff, 0xff, 0xff,
  0xff, 0xff, 0xff, 0xff, 0xff, 0xff, 0xff, 0xff, 0xff, 0xff, 0xff, 0xff,
  0xff, 0xff, 0xff, 0xff, 0xff, 0xff, 0xff, 0xff, 0xff, 0xff, 0xff, 0xff,
  0xff, 0xff, 0xff, 0xff, 0xff, 0xff, 0xff, 0xff, 0xff, 0xff, 0xff, 0xff,
  0xff, 0xff, 0xff, 0xff, 0xff, 0xff, 0xff, 0xff, 0xff, 0xff, 0xff, 0xff,
  0xff, 0xff, 0xff, 0xff, 0xff, 0xff, 0xff, 0xff, 0xff, 0xff, 0xff, 0xff,
  0xff, 0xff, 0xff, 0xff, 0xff, 0xff, 0xff, 0xff, 0xff, 0xff, 0xff, 0xff,
  0xff, 0xff, 0xff, 0xff, 0xff, 0xff, 0xff, 0xff, 0xff, 0xff, 0xff, 0xff,
  0xff, 0xff, 0xff, 0xff, 0xff, 0xff, 0xff, 0xf7, 0xbf, 0xff, 0xff, 0xf7,
  0xde, 0xf7, 0xff, 0xff, 0xdf, 0xff, 0xff, 0xf7, 0xff, 0xff, 0xdf, 0xf7,
  0xff, 0xf7, 0x35, 0xdd, 0xb0, 0xeb, 0x6c, 0xea, 0x2b, 0xea, 0x69, 0xe1,
  0xc6, 0xd8, 0xc8, 0xe8, 0x87, 0xe0, 0x88, 0xe0, 0xa8, 0xe0, 0x6a, 0xe9,
  0xeb, 0xe1, 0xad, 0xea, 0x50, 0xeb, 0x32, 0xec, 0xf4, 0xf4, 0x18, 0xfe,
  0x3b, 0xff, 0xde, 0xff, 0xff, 0xf7, 0xff, 0xf7, 0xff, 0xf7, 0xff, 0xf7,
  0xff, 0xff, 0xff, 0xf7, 0xff, 0xf7, 0xff, 0xf7, 0xdf, 0xff, 0xde, 0xff,
  0xdd, 0xff, 0xdf, 0xff, 0xff, 0xff, 0x9d, 0xf7, 0x9e, 0xf7, 0xff, 0xff,
  0xfe, 0xff, 0xde, 0xff, 0xdf, 0xff, 0xfe, 0xce, 0x59, 0x95, 0x93, 0x53,
  0x91, 0x22, 0x51, 0x12, 0x52, 0x0a, 0x72, 0x12, 0xb3, 0x12, 0xf8, 0x53,
  0xd7, 0x7c, 0x1c, 0xcf, 0xfe, 0xf7, 0xdf, 0xf7, 0xdf, 0xff, 0xdf, 0xff,
  0xfe, 0xff, 0xff, 0xff, 0xdf, 0xff, 0xff, 0xff, 0xfe, 0xff, 0xde, 0xf7,
  0xff, 0xff, 0xff, 0xff, 0xfe, 0xff, 0xff, 0xff, 0xff, 0xff, 0xde, 0xf7,
  0xff, 0xff, 0xff, 0xff, 0xff, 0xff, 0x9e, 0xf7, 0xff, 0xff, 0xff, 0xff,
  0xff, 0xff, 0xff, 0xff, 0xff, 0xff, 0xff, 0xff, 0xff, 0xff, 0xff, 0xff,
  0xff, 0xff, 0xff, 0xff, 0xff, 0xff, 0xff, 0xff, 0xff, 0xff, 0xff, 0xff,
  0xff, 0xff, 0xff, 0xff, 0xff, 0xff, 0xff, 0xff, 0xff, 0xff, 0xff, 0xff,
  0xff, 0xff, 0xff, 0xff, 0xff, 0xff, 0xff, 0xff, 0xff, 0xff, 0xff, 0xff,
  0xff, 0xff, 0xff, 0xff, 0xff, 0xff, 0xff, 0xff, 0xff, 0xff, 0xff, 0xff,
  0xff, 0xff, 0xff, 0xff, 0xff, 0xff, 0xff, 0xff, 0xff, 0xff, 0xff, 0xff,
  0xff, 0xff, 0xff, 0xff, 0xff, 0xff, 0xff, 0xff, 0xff, 0xff, 0xff, 0xff,
  0xff, 0xff, 0xff, 0xff, 0xff, 0xff, 0xff, 0xff, 0xff, 0xff, 0xff, 0xff,
  0xff, 0xff, 0xff, 0xff, 0xff, 0xff, 0xff, 0xff, 0xff, 0xff, 0xff, 0xff,
  0xff, 0xff, 0xff, 0xff, 0xff, 0xff, 0xff, 0xff, 0xff, 0xff, 0xff, 0xff,
  0xff, 0xff, 0xff, 0xff, 0xff, 0xff, 0xff, 0xff, 0xff, 0xff, 0xff, 0xff,
  0xff, 0xff, 0xff, 0xff, 0xff, 0xff, 0xff, 0xff, 0xff, 0xff, 0xff, 0xff,
  0xff, 0xff, 0xff, 0xff, 0xff, 0xff, 0xff, 0xff, 0xff, 0xff, 0xff, 0xff,
  0xff, 0xff, 0xff, 0xff, 0xff, 0xff, 0xff, 0xff, 0xff, 0xff, 0xff, 0xff,
  0xff, 0xff, 0xff, 0xff, 0xff, 0xff, 0xff, 0xff, 0xff, 0xff, 0xff, 0xff,
  0xff, 0xff, 0xff, 0xff, 0xff, 0xff, 0xff, 0xff, 0xff, 0xff, 0xff, 0xff,
  0xff, 0xff, 0xff, 0xff, 0xff, 0xff, 0xff, 0xf7, 0xbf, 0xff, 0xff, 0xff,
  0xde, 0xf7, 0xff, 0xff, 0xbf, 0xff, 0xfe, 0xf7, 0xff, 0xff, 0xf7, 0xfd,
  0x29, 0xd9, 0x24, 0xe0, 0x24, 0xe8, 0x23, 0xe8, 0x03, 0xd8, 0x04, 0xe8,
  0x05, 0xe8, 0x23, 0xd8, 0x03, 0xd8, 0x24, 0xe0, 0x03, 0xd8, 0x24, 0xd8,
  0x03, 0xd8, 0x04, 0xe0, 0x04, 0xe0, 0x44, 0xe0, 0x04, 0xe0, 0x25, 0xe0,
  0xc7, 0xe0, 0xab, 0xe1, 0x0f, 0xe3, 0xb4, 0xec, 0xf9, 0xfd, 0x7e, 0xf7,
  0xff, 0xff, 0xdf, 0xff, 0xdf, 0xff, 0xdf, 0xff, 0xdf, 0xf7, 0xff, 0xff,
  0xbe, 0xff, 0xde, 0xff, 0xff, 0xe7, 0xff, 0xef, 0xff, 0xff, 0xfe, 0xff,
  0xdd, 0xf7, 0xbf, 0xf7, 0xba, 0x8c, 0x74, 0x12, 0x12, 0x02, 0xf2, 0x01,
  0x12, 0x02, 0x13, 0x02, 0x12, 0x02, 0x12, 0x0a, 0x12, 0x0a, 0x0f, 0x02,
  0x31, 0x0a, 0xf1, 0x11, 0xb6, 0x53, 0x7c, 0xb6, 0xfe, 0xef, 0xfe, 0xff,
  0xbf, 0xff, 0xff, 0xff, 0xdf, 0xf7, 0xff, 0xff, 0xff, 0xf7, 0xfe, 0xf7,
  0xff, 0xff, 0xdf, 0xff, 0xde, 0xff, 0xff, 0xff, 0xff, 0xff, 0xff, 0xff,
  0xff, 0xff, 0xbe, 0xf7, 0xff, 0xff, 0xff, 0xff, 0xff, 0xff, 0xff, 0xff,
  0xff, 0xff, 0xff, 0xff, 0xff, 0xff, 0xff, 0xff, 0xff, 0xff, 0xff, 0xff,
  0xff, 0xff, 0xff, 0xff, 0xff, 0xff, 0xff, 0xff, 0xff, 0xff, 0xff, 0xff,
  0xff, 0xff, 0xff, 0xff, 0xff, 0xff, 0xff, 0xff, 0xff, 0xff, 0xff, 0xff,
  0xff, 0xff, 0xff, 0xff, 0xff, 0xff, 0xff, 0xff, 0xff, 0xff, 0xff, 0xff,
  0xff, 0xff, 0xff, 0xff, 0xff, 0xff, 0xff, 0xff, 0xff, 0xff, 0xff, 0xff,
  0xff, 0xff, 0xff, 0xff, 0xff, 0xff, 0xff, 0xff, 0xff, 0xff, 0xff, 0xff,
  0xff, 0xff, 0xff, 0xff, 0xff, 0xff, 0xff, 0xff, 0xff, 0xff, 0xff, 0xff,
  0xff, 0xff, 0xff, 0xff, 0xff, 0xff, 0xff, 0xff, 0xff, 0xff, 0xff, 0xff,
  0xff, 0xff, 0xff, 0xff, 0xff, 0xff, 0xff, 0xff, 0xff, 0xff, 0xff, 0xff,
  0xff, 0xff, 0xff, 0xff, 0xff, 0xff, 0xff, 0xff, 0xff, 0xff, 0xff, 0xff,
  0xff, 0xff, 0xff, 0xff, 0xff, 0xff, 0xff, 0xff, 0xff, 0xff, 0xff, 0xff,
  0xff, 0xff, 0xff, 0xff, 0xff, 0xff, 0xff, 0xff, 0xff, 0xff, 0xff, 0xff,
  0xff, 0xff, 0xff, 0xff, 0xff, 0xff, 0xff, 0xff, 0xff, 0xff, 0xff, 0xff,
  0xff, 0xff, 0xff, 0xff, 0xff, 0xff, 0xff, 0xff, 0xff, 0xff, 0xff, 0xff,
  0xff, 0xff, 0xff, 0xff, 0xff, 0xff, 0xff, 0xff, 0xff, 0xff, 0xff, 0xff,
  0xff, 0xff, 0xff, 0xff, 0xff, 0xff, 0xff, 0xff, 0xff, 0xff, 0xff, 0xff,
  0xff, 0xff, 0xff, 0xff, 0xff, 0xff, 0xff, 0xf7, 0xdf, 0xff, 0xff, 0xff,
  0xff, 0xf7, 0xff, 0xff, 0xbf, 0xff, 0xfe, 0xf7, 0x7a, 0xfe, 0x66, 0xf8,
  0x05, 0xe8, 0x24, 0xd0, 0x04, 0xe0, 0x24, 0xd8, 0x04, 0xe8, 0x48, 0xf1,
  0xcd, 0xf2, 0xf0, 0xf3, 0xf1, 0xfb, 0xf1, 0xfb, 0x6e, 0xf3, 0xed, 0xf2,
  0x0c, 0xf2, 0x49, 0xf1, 0x65, 0xe8, 0x04, 0xe0, 0x04, 0xe0, 0x04, 0xe0,
  0x04, 0xe0, 0x24, 0xe8, 0x24, 0xe0, 0x04, 0xe0, 0x03, 0xe0, 0x06, 0xe9,
  0x6c, 0xfa, 0x73, 0xfc, 0xbb, 0xf6, 0xff, 0xf7, 0xff, 0xf7, 0xff, 0xff,
  0xfe, 0xf7, 0xff, 0xff, 0xdf, 0xff, 0xff, 0xff, 0xde, 0xf7, 0xbd, 0xff,
  0xbf, 0xff, 0x37, 0x5c, 0x2f, 0x02, 0x12, 0x0a, 0x11, 0x02, 0x11, 0x02,
  0x31, 0x02, 0x11, 0x02, 0xf0, 0x01, 0xf0, 0x01, 0x11, 0x0a, 0x30, 0x02,
  0x52, 0x02, 0xf4, 0x01, 0xf3, 0x01, 0x31, 0x0a, 0x55, 0x64, 0x7e, 0xe7,
  0xfe, 0xff, 0xfe, 0xff, 0xdf, 0xff, 0xff, 0xff, 0xff, 0xff, 0xff, 0xff,
  0xfe, 0xf7, 0xdf, 0xff, 0xdf, 0xff, 0xff, 0xff, 0xff, 0xff, 0xff, 0xff,
  0xff, 0xff, 0xff, 0xff, 0xff, 0xff, 0xdf, 0xff, 0xff, 0xff, 0xff, 0xff,
  0xff, 0xff, 0xff, 0xff, 0xff, 0xff, 0xff, 0xff, 0xff, 0xff, 0xff, 0xff,
  0xff, 0xff, 0xff, 0xff, 0xff, 0xff, 0xff, 0xff, 0xff, 0xff, 0xff, 0xff,
  0xff, 0xff, 0xff, 0xff, 0xff, 0xff, 0xff, 0xff, 0xff, 0xff, 0xff, 0xff,
  0xff, 0xff, 0xff, 0xff, 0xff, 0xff, 0xff, 0xff, 0xff, 0xff, 0xff, 0xff,
  0xff, 0xff, 0xff, 0xff, 0xff, 0xff, 0xff, 0xff, 0xff, 0xff, 0xff, 0xff,
  0xff, 0xff, 0xff, 0xff, 0xff, 0xff, 0xff, 0xff, 0xff, 0xff, 0xff, 0xff,
  0xff, 0xff, 0xff, 0xff, 0xff, 0xff, 0xff, 0xff, 0xff, 0xff, 0xff, 0xff,
  0xff, 0xff, 0xff, 0xff, 0xff, 0xff, 0xff, 0xff, 0xff, 0xff, 0xff, 0xff,
  0xff, 0xff, 0xff, 0xff, 0xff, 0xff, 0xff, 0xff, 0xff, 0xff, 0xff, 0xff,
  0xff, 0xff, 0xff, 0xff, 0xff, 0xff, 0xff, 0xff, 0xff, 0xff, 0xff, 0xff,
  0xff, 0xff, 0xff, 0xff, 0xff, 0xff, 0xff, 0xff, 0xff, 0xff, 0xff, 0xff,
  0xff, 0xff, 0xff, 0xff, 0xff, 0xff, 0xff, 0xff, 0xff, 0xff, 0xff, 0xff,
  0xff, 0xff, 0xff, 0xff, 0xff, 0xff, 0xff, 0xff, 0xff, 0xff, 0xff, 0xff,
  0xff, 0xff, 0xff, 0xff, 0xff, 0xff, 0xff, 0xff, 0xff, 0xff, 0xff, 0xff,
  0xff, 0xff, 0xff, 0xff, 0xff, 0xff, 0xff, 0xff, 0xff, 0xff, 0xff, 0xff,
  0xff, 0xff, 0xff, 0xff, 0xff, 0xff, 0xff, 0xff, 0xff, 0xff, 0xff, 0xff,
  0xff, 0xff, 0xff, 0xff, 0xff, 0xff, 0xdf, 0xff, 0xff, 0xff, 0xff, 0xf7,
  0xff, 0xff, 0xff, 0xff, 0xff, 0xf7, 0xfe, 0xff, 0xd2, 0xf3, 0x03, 0xd8,
  0x04, 0xd8, 0x05, 0xf0, 0x04, 0xe0, 0x05, 0xe8, 0x0f, 0xeb, 0xdb, 0xe6,
  0x7c, 0xe6, 0xbd, 0xe6, 0x7c, 0xde, 0x7c, 0xe6, 0x9b, 0xe6, 0x3e, 0xef,
  0x5e, 0xef, 0x5c, 0xf7, 0x59, 0xff, 0x38, 0xf6, 0x56, 0xf5, 0xd2, 0xf3,
  0x2c, 0xea, 0xc7, 0xe0, 0x45, 0xe0, 0x24, 0xe0, 0x24, 0xe0, 0x04, 0xd8,
  0x03, 0xd8, 0x24, 0xe8, 0x24, 0xe8, 0x89, 0xe9, 0x32, 0xf4, 0x5a, 0xf6,
  0xbf, 0xff, 0xfe, 0xf7, 0xde, 0xf7, 0xff, 0xf7, 0xde, 0xff, 0xff, 0xff,
  0x98, 0x64, 0x11, 0x02, 0x31, 0x0a, 0xf0, 0x09, 0xf0, 0x01, 0xf0, 0x01,
  0x11, 0x02, 0x32, 0x02, 0x32, 0x02, 0x32, 0x02, 0x32, 0x02, 0x13, 0x0a,
  0x11, 0x02, 0x51, 0x02, 0x11, 0x02, 0x33, 0x02, 0xf2, 0x09, 0x73, 0x4b,
  0x7f, 0xdf, 0xfe, 0xff, 0xff, 0xff, 0xdf, 0xff, 0xdf, 0xff, 0xff, 0xff,
  0xdd, 0xf7, 0xff, 0xff, 0x9f, 0xf7, 0xfb, 0xde, 0x38, 0xc6, 0x9a, 0xd6,
  0xbe, 0xf7, 0x9e, 0xf7, 0xff, 0xff, 0xbe, 0xf7, 0xff, 0xff, 0xff, 0xff,
  0xff, 0xff, 0xff, 0xff, 0xff, 0xff, 0xff, 0xff, 0xff, 0xff, 0xff, 0xff,
  0xff, 0xff, 0xff, 0xff, 0xff, 0xff, 0xff, 0xff, 0xff, 0xff, 0xff, 0xff,
  0xff, 0xff, 0xff, 0xff, 0xff, 0xff, 0xff, 0xff, 0xff, 0xff, 0xff, 0xff,
  0xff, 0xff, 0xff, 0xff, 0xff, 0xff, 0xff, 0xff, 0xff, 0xff, 0xff, 0xff,
  0xff, 0xff, 0xff, 0xff, 0xff, 0xff, 0xff, 0xff, 0xff, 0xff, 0xff, 0xff,
  0xff, 0xff, 0xff, 0xff, 0xff, 0xff, 0xff, 0xff, 0xff, 0xff, 0xff, 0xff,
  0xff, 0xff, 0xff, 0xff, 0xff, 0xff, 0xff, 0xff, 0xff, 0xff, 0xff, 0xff,
  0xff, 0xff, 0xff, 0xff, 0xff, 0xff, 0xff, 0xff, 0xff, 0xff, 0xff, 0xff,
  0xff, 0xff, 0xff, 0xff, 0xff, 0xff, 0xff, 0xff, 0xff, 0xff, 0xff, 0xff,
  0xff, 0xff, 0xff, 0xff, 0xff, 0xff, 0xff, 0xff, 0xff, 0xff, 0xff, 0xff,
  0xff, 0xff, 0xff, 0xff, 0xff, 0xff, 0xff, 0xff, 0xff, 0xff, 0xff, 0xff,
  0xff, 0xff, 0xff, 0xff, 0xff, 0xff, 0xff, 0xff, 0xff, 0xff, 0xff, 0xff,
  0xff, 0xff, 0xff, 0xff, 0xff, 0xff, 0xff, 0xff, 0xff, 0xff, 0xff, 0xff,
  0xff, 0xff, 0xff, 0xff, 0xff, 0xff, 0xff, 0xff, 0xff, 0xff, 0xff, 0xff,
  0xff, 0xff, 0xff, 0xff, 0xff, 0xff, 0xff, 0xff, 0xff, 0xff, 0xff, 0xff,
  0xff, 0xff, 0xff, 0xff, 0xff, 0xff, 0xff, 0xff, 0xff, 0xff, 0xff, 0xff,
  0xff, 0xff, 0xff, 0xff, 0xff, 0xff, 0xff, 0xff, 0xff, 0xff, 0xde, 0xf7,
  0xff, 0xff, 0xff, 0xff, 0xff, 0xf7, 0xfe, 0xff, 0xab, 0xe1, 0x03, 0xe0,
  0x64, 0xc8, 0x04, 0xe0, 0x64, 0xd8, 0x04, 0xd8, 0x1c, 0xff, 0xb8, 0x84,
  0x12, 0x0a, 0x52, 0x02, 0x53, 0x02, 0x73, 0x0a, 0x31, 0x02, 0x11, 0x02,
  0x53, 0x1a, 0xfa, 0x84, 0xff, 0xf7, 0xdf, 0xff, 0xff, 0xf7, 0xff, 0xf7,
  0xfe, 0xf7, 0xbd, 0xff, 0x7a, 0xfe, 0x94, 0xf4, 0xee, 0xda, 0x69, 0xe9,
  0x25, 0xd8, 0x05, 0xe0, 0x25, 0xe0, 0x05, 0xd8, 0x04, 0xd8, 0x45, 0xd0,
  0xca, 0xe9, 0x12, 0xf4, 0xfc, 0xfe, 0xfd, 0xf7, 0xfe, 0xff, 0x1d, 0xb6,
  0xb1, 0x09, 0x13, 0x0a, 0x31, 0x02, 0x33, 0x02, 0x33, 0x02, 0x33, 0x02,
  0x12, 0x02, 0x11, 0x02, 0xf1, 0x01, 0x11, 0x02, 0x11, 0x0a, 0x11, 0x02,
  0x11, 0x02, 0x11, 0x02, 0xf1, 0x01, 0x33, 0x0a, 0xf1, 0x01, 0xd0, 0x01,
  0x96, 0x3b, 0x7f, 0xe7, 0xff, 0xff, 0xde, 0xff, 0xff, 0xff, 0xff, 0xff,
  0xff, 0xff, 0xde, 0xf7, 0xf8, 0xbd, 0x38, 0xc6, 0x9a, 0xd6, 0xba, 0xd6,
  0x96, 0xb5, 0x5d, 0xef, 0xbe, 0xf7, 0xff, 0xff, 0xff, 0xff, 0xff, 0xff,
  0xff, 0xff, 0xff, 0xff, 0xff, 0xff, 0xff, 0xff, 0xff, 0xff, 0xff, 0xff,
  0xff, 0xff, 0xff, 0xff, 0xff, 0xff, 0xff, 0xff, 0xff, 0xff, 0xff, 0xff,
  0xff, 0xff, 0xff, 0xff, 0xff, 0xff, 0xff, 0xff, 0xff, 0xff, 0xff, 0xff,
  0xff, 0xff, 0xff, 0xff, 0xff, 0xff, 0xff, 0xff, 0xff, 0xff, 0xff, 0xff,
  0xff, 0xff, 0xff, 0xff, 0xff, 0xff, 0xff, 0xff, 0xff, 0xff, 0xff, 0xff,
  0xff, 0xff, 0xff, 0xff, 0xff, 0xff, 0xff, 0xff, 0xff, 0xff, 0xff, 0xff,
  0xff, 0xff, 0xff, 0xff, 0xff, 0xff, 0xff, 0xff, 0xff, 0xff, 0xff, 0xff,
  0xff, 0xff, 0xff, 0xff, 0xff, 0xff, 0xff, 0xff, 0xff, 0xff, 0xff, 0xff,
  0xff, 0xff, 0xff, 0xff, 0xff, 0xff, 0xff, 0xff, 0xff, 0xff, 0xff, 0xff,
  0xff, 0xff, 0xff, 0xff, 0xff, 0xff, 0xff, 0xff, 0xff, 0xff, 0xff, 0xff,
  0xff, 0xff, 0xff, 0xff, 0xff, 0xff, 0xff, 0xff, 0xff, 0xff, 0xff, 0xff,
  0xff, 0xff, 0xff, 0xff, 0xff, 0xff, 0xff, 0xff, 0xff, 0xff, 0xff, 0xff,
  0xff, 0xff, 0xff, 0xff, 0xff, 0xff, 0xff, 0xff, 0xff, 0xff, 0xff, 0xff,
  0xff, 0xff, 0xff, 0xff, 0xff, 0xff, 0xff, 0xff, 0xff, 0xff, 0xff, 0xff,
  0xff, 0xff, 0xff, 0xff, 0xff, 0xff, 0xff, 0xff, 0xff, 0xff, 0xff, 0xff,
  0xff, 0xff, 0xff, 0xff, 0xff, 0xff, 0xff, 0xff, 0xff, 0xff, 0xff, 0xff,
  0xff, 0xff, 0xff, 0xff, 0xff, 0xff, 0xff, 0xff, 0xff, 0xff, 0xde, 0xf7,
  0xff, 0xff, 0xff, 0xff, 0xff, 0xf7, 0xfe, 0xff, 0xcb, 0xe1, 0x05, 0xe0,
  0x06, 0xe0, 0x04, 0xd8, 0x03, 0xd8, 0x03, 0xf0, 0x78, 0xe6, 0xf7, 0x74,
  0x31, 0x02, 0x11, 0x0a, 0xf2, 0x09, 0x12, 0x02, 0x51, 0x02, 0x51, 0x02,
  0xf1, 0x01, 0x57, 0x6c, 0xfe, 0xf7, 0xbf, 0xff, 0xff, 0xff, 0xff, 0xff,
  0xdf, 0xff, 0xbf, 0xf7, 0xdf, 0xff, 0xff, 0xff, 0xdf, 0xff, 0x9d, 0xf7,
  0x59, 0xee, 0x53, 0xf4, 0xaa, 0xe9, 0x46, 0xe8, 0x25, 0xe8, 0x04, 0xe0,
  0x04, 0xe0, 0x05, 0xd8, 0x66, 0xe0, 0xef, 0xf2, 0xde, 0xe6, 0xd2, 0x0a,
  0x33, 0x02, 0xb1, 0x11, 0x12, 0x02, 0x32, 0x0a, 0x11, 0x02, 0xf1, 0x01,
  0xf1, 0x01, 0x12, 0x0a, 0x32, 0x0a, 0x11, 0x0a, 0xf1, 0x01, 0x51, 0x02,
  0x31, 0x02, 0xf1, 0x09, 0x32, 0x12, 0xf2, 0x01, 0xd2, 0x01, 0x53, 0x0a,
  0x31, 0x02, 0x18, 0x85, 0xff, 0xef, 0xfe, 0xff, 0xff, 0xff, 0xff, 0xff,
  0xff, 0xff, 0xb9, 0xce, 0xd7, 0xbd, 0xfb, 0xde, 0xff, 0xff, 0xfb, 0xde,
  0xdb, 0xde, 0x96, 0xb5, 0xde, 0xf7, 0xff, 0xff, 0xde, 0xf7, 0xff, 0xff,
  0xff, 0xff, 0xff, 0xff, 0xff, 0xff, 0xff, 0xff, 0xff, 0xff, 0xff, 0xff,
  0xff, 0xff, 0xff, 0xff, 0xff, 0xff, 0xff, 0xff, 0xff, 0xff, 0xff, 0xff,
  0xff, 0xff, 0xff, 0xff, 0xff, 0xff, 0xff, 0xff, 0xff, 0xff, 0xff, 0xff,
  0xff, 0xff, 0xff, 0xff, 0xff, 0xff, 0xff, 0xff, 0xff, 0xff, 0xff, 0xff,
  0xff, 0xff, 0xff, 0xff, 0xff, 0xff, 0xff, 0xff, 0xff, 0xff, 0xff, 0xff,
  0xff, 0xff, 0xff, 0xff, 0xff, 0xff, 0xff, 0xff, 0xff, 0xff, 0xff, 0xff,
  0xff, 0xff, 0xff, 0xff, 0xff, 0xff, 0xff, 0xff, 0xff, 0xff, 0xff, 0xff,
  0xff, 0xff, 0xff, 0xff, 0xff, 0xff, 0xff, 0xff, 0xff, 0xff, 0xff, 0xff,
  0xff, 0xff, 0xff, 0xff, 0xff, 0xff, 0xff, 0xff, 0xff, 0xff, 0xff, 0xff,
  0xff, 0xff, 0xff, 0xff, 0xff, 0xff, 0xff, 0xff, 0xff, 0xff, 0xff, 0xff,
  0xff, 0xff, 0xff, 0xff, 0xff, 0xff, 0xff, 0xff, 0xff, 0xff, 0xff, 0xff,
  0xff, 0xff, 0xff, 0xff, 0xff, 0xff, 0xff, 0xff, 0xff, 0xff, 0xff, 0xff,
  0xff, 0xff, 0xff, 0xff, 0xff, 0xff, 0xff, 0xff, 0xff, 0xff, 0xff, 0xff,
  0xff, 0xff, 0xff, 0xff, 0xff, 0xff, 0xff, 0xff, 0xff, 0xff, 0xff, 0xff,
  0xff, 0xff, 0xff, 0xff, 0xff, 0xff, 0xff, 0xff, 0xff, 0xff, 0xff, 0xff,
  0xff, 0xff, 0xff, 0xff, 0xff, 0xff, 0xff, 0xff, 0xff, 0xff, 0xff, 0xff,
  0xff, 0xff, 0xff, 0xff, 0xff, 0xff, 0xdf, 0xff, 0xfe, 0xff, 0xfe, 0xff,
  0xff, 0xf7, 0xdf, 0xff, 0xbf, 0xff, 0xfe, 0xff, 0xce, 0xea, 0x43, 0xd8,
  0x03, 0xe0, 0x04, 0xf0, 0x64, 0xe0, 0x23, 0xd8, 0x52, 0xfb, 0x77, 0x8c,
  0x11, 0x0a, 0x30, 0x02, 0x12, 0x0a, 0xf2, 0x09, 0x11, 0x02, 0x32, 0x02,
  0xf2, 0x09, 0x57, 0x6c, 0xfe, 0xf7, 0xfe, 0xff, 0xfe, 0xff, 0xde, 0xff,
  0xfe, 0xff, 0xff, 0xff, 0xff, 0xff, 0xff, 0xf7, 0xff, 0xf7, 0xdf, 0xff,
  0xdf, 0xff, 0xff, 0xf7, 0xff, 0xf7, 0xba, 0xf6, 0x52, 0xf4, 0xea, 0xe9,
  0x65, 0xe0, 0x05, 0xf0, 0x21, 0xd8, 0x51, 0xf4, 0xf5, 0x6b, 0x51, 0x02,
  0x52, 0x02, 0x32, 0x02, 0xf1, 0x01, 0x10, 0x02, 0x11, 0x02, 0x32, 0x0a,
  0x12, 0x02, 0x12, 0x02, 0x11, 0x02, 0x11, 0x02, 0x31, 0x02, 0x12, 0x02,
  0x12, 0x02, 0x12, 0x02, 0x11, 0x02, 0x31, 0x02, 0x31, 0x02, 0xf1, 0x01,
  0xf2, 0x09, 0x30, 0x1a, 0xbf, 0xd7, 0xfe, 0xf7, 0xde, 0xff, 0xdf, 0xff,
  0xdf, 0xf7, 0xf6, 0xbd, 0xbd, 0xf7, 0x17, 0xbe, 0x59, 0xce, 0x96, 0xb5,
  0xde, 0xf7, 0xf7, 0xbd, 0x5d, 0xef, 0xff, 0xff, 0xff, 0xff, 0xff, 0xff,
  0xff, 0xff, 0xff, 0xff, 0xff, 0xff, 0xff, 0xff, 0xff, 0xff, 0xff, 0xff,
  0xff, 0xff, 0xff, 0xff, 0xff, 0xff, 0xff, 0xff, 0xff, 0xff, 0xff, 0xff,
  0xff, 0xff, 0xff, 0xff, 0xff, 0xff, 0xff, 0xff, 0xff, 0xff, 0xff, 0xff,
  0xff, 0xff, 0xff, 0xff, 0xff, 0xff, 0xff, 0xff, 0xff, 0xff, 0xff, 0xff,
  0xff, 0xff, 0xff, 0xff, 0xff, 0xff, 0xff, 0xff, 0xff, 0xff, 0xff, 0xff,
  0xff, 0xff, 0xff, 0xff, 0xff, 0xff, 0xff, 0xff, 0xff, 0xff, 0xff, 0xff,
  0xff, 0xff, 0xff, 0xff, 0xff, 0xff, 0xff, 0xff, 0xff, 0xff, 0xff, 0xff,
  0xff, 0xff, 0xff, 0xff, 0xff, 0xff, 0xff, 0xff, 0xff, 0xff, 0xff, 0xff,
  0xff, 0xff, 0xff, 0xff, 0xff, 0xff, 0xff, 0xff, 0xff, 0xff, 0xff, 0xff,
  0xff, 0xff, 0xff, 0xff, 0xff, 0xff, 0xff, 0xff, 0xff, 0xff, 0xff, 0xff,
  0xff, 0xff, 0xff, 0xff, 0xff, 0xff, 0xff, 0xff, 0xff, 0xff, 0xff, 0xff,
  0xff, 0xff, 0xff, 0xff, 0xff, 0xff, 0xff, 0xff, 0xff, 0xff, 0xff, 0xff,
  0xff, 0xff, 0xff, 0xff, 0xff, 0xff, 0xff, 0xff, 0xff, 0xff, 0xff, 0xff,
  0xff, 0xff, 0xff, 0xff, 0xff, 0xff, 0xff, 0xff, 0xff, 0xff, 0xff, 0xff,
  0xff, 0xff, 0xff, 0xff, 0xff, 0xff, 0xff, 0xff, 0xff, 0xff, 0xff, 0xff,
  0xff, 0xff, 0xff, 0xff, 0xff, 0xff, 0xff, 0xff, 0xff, 0xff, 0xff, 0xff,
  0xff, 0xff, 0xff, 0xff, 0xff, 0xff, 0xff, 0xff, 0xff, 0xff, 0xbe, 0xf7,
  0xff, 0xff, 0xff, 0xf7, 0xff, 0xff, 0x7e, 0xff, 0x36, 0xdd, 0x45, 0xd8,
  0x03, 0xe0, 0x24, 0xe0, 0x04, 0xe0, 0x43, 0xd8, 0x85, 0xf0, 0x33, 0xac,
  0x52, 0x0a, 0xd3, 0x09, 0x11, 0x0a, 0x31, 0x02, 0xf1, 0x01, 0x11, 0x02,
  0x11, 0x02, 0x98, 0x64, 0xdf, 0xff, 0xff, 0xff, 0xff, 0xff, 0xff, 0xff,
  0xff, 0xff, 0xff, 0xff, 0xff, 0xff, 0xff, 0xff, 0xff, 0xff, 0xff, 0xff,
  0xff, 0xf7, 0xff, 0xf7, 0xfe, 0xff, 0xfe, 0xff, 0xdf, 0xf7, 0xff, 0xff,
  0xb9, 0xf6, 0xf1, 0xeb, 0x90, 0xeb, 0x19, 0xbd, 0x32, 0x02, 0xf3, 0x11,
  0xf0, 0x09, 0x71, 0x02, 0x31, 0x02, 0x32, 0x02, 0xd1, 0x01, 0x12, 0x02,
  0x32, 0x0a, 0x11, 0x0a, 0x11, 0x02, 0x11, 0x02, 0x11, 0x02, 0x51, 0x02,
  0xf2, 0x09, 0x12, 0x0a, 0x30, 0x02, 0x32, 0x0a, 0xd2, 0x01, 0x52, 0x02,
  0x30, 0x02, 0x12, 0x02, 0x9a, 0x95, 0xff, 0xff, 0xfe, 0xff, 0xbe, 0xf7,
  0xff, 0xff, 0xf7, 0xbd, 0x9e, 0xef, 0x38, 0xc6, 0x79, 0xce, 0x55, 0xad,
  0xff, 0xff, 0xf7, 0xbd, 0x7d, 0xef, 0xff, 0xff, 0xff, 0xff, 0xff, 0xff,
  0xff, 0xff, 0xff, 0xff, 0xff, 0xff, 0xff, 0xff, 0xff, 0xff, 0xff, 0xff,
  0xff, 0xff, 0xff, 0xff, 0xff, 0xff, 0xff, 0xff, 0xff, 0xff, 0xff, 0xff,
  0xff, 0xff, 0xff, 0xff, 0xff, 0xff, 0xff, 0xff, 0xff, 0xff, 0xff, 0xff,
  0xff, 0xff, 0xff, 0xff, 0xff, 0xff, 0xff, 0xff, 0xff, 0xff, 0xff, 0xff,
  0xff, 0xff, 0xff, 0xff, 0xff, 0xff, 0xff, 0xff, 0xff, 0xff, 0xff, 0xff,
  0xff, 0xff, 0xff, 0xff, 0xff, 0xff, 0xff, 0xff, 0xff, 0xff, 0xff, 0xff,
  0xff, 0xff, 0xff, 0xff, 0xff, 0xff, 0xff, 0xff, 0xff, 0xff, 0xff, 0xff,
  0xff, 0xff, 0xff, 0xff, 0xff, 0xff, 0xff, 0xff, 0xff, 0xff, 0xff, 0xff,
  0xff, 0xff, 0xff, 0xff, 0xff, 0xff, 0xff, 0xff, 0xff, 0xff, 0xff, 0xff,
  0xff, 0xff, 0xff, 0xff, 0xff, 0xff, 0xff, 0xff, 0xff, 0xff, 0xff, 0xff,
  0xff, 0xff, 0xff, 0xff, 0xff, 0xff, 0xff, 0xff, 0xff, 0xff, 0xff, 0xff,
  0xff, 0xff, 0xff, 0xff, 0xff, 0xff, 0xff, 0xff, 0xff, 0xff, 0xff, 0xff,
  0xff, 0xff, 0xff, 0xff, 0xff, 0xff, 0xff, 0xff, 0xff, 0xff, 0xff, 0xff,
  0xff, 0xff, 0xff, 0xff, 0xff, 0xff, 0xff, 0xff, 0xff, 0xff, 0xff, 0xff,
  0xff, 0xff, 0xff, 0xff, 0xff, 0xff, 0xff, 0xff, 0xff, 0xff, 0xff, 0xff,
  0xff, 0xff, 0xff, 0xff, 0xff, 0xff, 0xff, 0xff, 0xff, 0xff, 0xff, 0xff,
  0xff, 0xff, 0xff, 0xff, 0xff, 0xff, 0xdf, 0xf7, 0xff, 0xff, 0xdf, 0xff,
  0xff, 0xff, 0xff, 0xf7, 0xff, 0xff, 0xdf, 0xff, 0xbb, 0xf6, 0x46, 0xe8,
  0x24, 0xd8, 0x03, 0xd8, 0x46, 0xe8, 0x03, 0xd8, 0x02, 0xe0, 0xcc, 0xe1,
  0x36, 0x84, 0x92, 0x0a, 0xf1, 0x01, 0xb1, 0x01, 0x52, 0x12, 0x31, 0x0a,
  0xf2, 0x09, 0x37, 0x6c, 0xfe, 0xff, 0xff, 0xff, 0xff, 0xff, 0xff, 0xff,
  0xff, 0xff, 0xff, 0xff, 0xff, 0xff, 0xff, 0xff, 0xff, 0xff, 0xff, 0xff,
  0xdf, 0xf7, 0xff, 0xff, 0xbd, 0xff, 0xff, 0xff, 0xff, 0xff, 0xdf, 0xff,
  0xbd, 0xff, 0xfd, 0xff, 0x9f, 0xef, 0xb0, 0x22, 0x31, 0x02, 0x12, 0x02,
  0xf0, 0x01, 0xf1, 0x01, 0xf2, 0x11, 0x11, 0x02, 0x32, 0x02, 0x32, 0x02,
  0xf1, 0x01, 0xf1, 0x01, 0x12, 0x02, 0x12, 0x02, 0x32, 0x02, 0xf3, 0x09,
  0xb0, 0x01, 0x51, 0x02, 0x52, 0x02, 0xd1, 0x01, 0x11, 0x12, 0x12, 0x02,
  0x13, 0x02, 0x32, 0x02, 0xf8, 0x7c, 0xff, 0xf7, 0xde, 0xff, 0xff, 0xff,
  0xff, 0xff, 0xba, 0xd6, 0xf7, 0xbd, 0xfb, 0xde, 0x79, 0xce, 0xdb, 0xde,
  0xba, 0xd6, 0xf7, 0xbd, 0xff, 0xff, 0xff, 0xff, 0xff, 0xff, 0xff, 0xff,
  0xff, 0xff, 0xff, 0xff, 0xff, 0xff, 0xff, 0xff, 0xff, 0xff, 0xff, 0xff,
  0xff, 0xff, 0xff, 0xff, 0xff, 0xff, 0xff, 0xff, 0xff, 0xff, 0xff, 0xff,
  0xff, 0xff, 0xff, 0xff, 0xff, 0xff, 0xff, 0xff, 0xff, 0xff, 0xff, 0xff,
  0xff, 0xff, 0xff, 0xff, 0xff, 0xff, 0xff, 0xff, 0xff, 0xff, 0xff, 0xff,
  0xff, 0xff, 0xff, 0xff, 0xff, 0xff, 0xff, 0xff, 0xff, 0xff, 0xff, 0xff,
  0xff, 0xff, 0xff, 0xff, 0xff, 0xff, 0xff, 0xff, 0xff, 0xff, 0xff, 0xff,
  0xff, 0xff, 0xff, 0xff, 0xff, 0xff, 0xff, 0xff, 0xff, 0xff, 0xff, 0xff,
  0xff, 0xff, 0xff, 0xff, 0xff, 0xff, 0xff, 0xff, 0xff, 0xff, 0xff, 0xff,
  0xff, 0xff, 0xff, 0xff, 0xff, 0xff, 0xff, 0xff, 0xff, 0xff, 0xff, 0xff,
  0xff, 0xff, 0xff, 0xff, 0xff, 0xff, 0xff, 0xff, 0xff, 0xff, 0xff, 0xff,
  0xff, 0xff, 0xff, 0xff, 0xff, 0xff, 0xff, 0xff, 0xff, 0xff, 0xff, 0xff,
  0xff, 0xff, 0xff, 0xff, 0xff, 0xff, 0xff, 0xff, 0xff, 0xff, 0xff, 0xff,
  0xff, 0xff, 0xff, 0xff, 0xff, 0xff, 0xff, 0xff, 0xff, 0xff, 0xff, 0xff,
  0xff, 0xff, 0xff, 0xff, 0xff, 0xff, 0xff, 0xff, 0xff, 0xff, 0xff, 0xff,
  0xff, 0xff, 0xff, 0xff, 0xff, 0xff, 0xff, 0xff, 0xff, 0xff, 0xff, 0xff,
  0xff, 0xff, 0xff, 0xff, 0xff, 0xff, 0xff, 0xff, 0xff, 0xff, 0xff, 0xff,
  0xff, 0xff, 0xff, 0xff, 0xff, 0xff, 0xff, 0xff, 0xff, 0xff, 0xdf, 0xff,
  0xff, 0xff, 0xff, 0xf7, 0xff, 0xf7, 0xff, 0xff, 0xdf, 0xff, 0x8d, 0xf2,
  0x24, 0xe0, 0x03, 0xe0, 0x26, 0xe0, 0x04, 0xd8, 0x03, 0xe0, 0x05, 0xf8,
  0xee, 0xd2, 0x35, 0x5c, 0x71, 0x0a, 0xf3, 0x01, 0xb1, 0x01, 0x30, 0x0a,
  0x11, 0x02, 0x98, 0x6c, 0xfd, 0xff, 0xff, 0xff, 0xff, 0xff, 0xff, 0xff,
  0xff, 0xff, 0xff, 0xff, 0xff, 0xff, 0xff, 0xff, 0xff, 0xff, 0xde, 0xff,
  0xff, 0xff, 0xff, 0xf7, 0xff, 0xff, 0xff, 0xff, 0xff, 0xf7, 0xff, 0xff,
  0xff, 0xff, 0xbf, 0xf7, 0xf5, 0x4b, 0x12, 0x02, 0xf1, 0x01, 0x51, 0x02,
  0x72, 0x02, 0xf1, 0x01, 0xf2, 0x01, 0x11, 0x02, 0x32, 0x02, 0x11, 0x02,
  0xf1, 0x01, 0x32, 0x0a, 0x32, 0x02, 0x12, 0x02, 0x11, 0x02, 0x32, 0x02,
  0x92, 0x02, 0x52, 0x02, 0xd2, 0x01, 0x12, 0x0a, 0x51, 0x0a, 0x10, 0x02,
  0x12, 0x02, 0x12, 0x02, 0xd7, 0x7c, 0xff, 0xff, 0xfe, 0xff, 0xff, 0xff,
  0xff, 0xff, 0xbe, 0xf7, 0x38, 0xc6, 0xd7, 0xbd, 0xda, 0xd6, 0x9a, 0xd6,
  0x96, 0xb5, 0x3c, 0xe7, 0xff, 0xff, 0x9e, 0xf7, 0xff, 0xff, 0xff, 0xff,
  0xff, 0xff, 0xff, 0xff, 0xff, 0xff, 0xff, 0xff, 0xff, 0xff, 0xff, 0xff,
  0xff, 0xff, 0xff, 0xff, 0xff, 0xff, 0xff, 0xff, 0xff, 0xff, 0xff, 0xff,
  0xff, 0xff, 0xff, 0xff, 0xff, 0xff, 0xff, 0xff, 0xff, 0xff, 0xff, 0xff,
  0xff, 0xff, 0xff, 0xff, 0xff, 0xff, 0xff, 0xff, 0xff, 0xff, 0xff, 0xff,
  0xff, 0xff, 0xff, 0xff, 0xff, 0xff, 0xff, 0xff, 0xff, 0xff, 0xff, 0xff,
  0xff, 0xff, 0xff, 0xff, 0xff, 0xff, 0xff, 0xff, 0xff, 0xff, 0xff, 0xff,
  0xff, 0xff, 0xff, 0xff, 0xff, 0xff, 0xff, 0xff, 0xff, 0xff, 0xff, 0xff,
  0xff, 0xff, 0xff, 0xff, 0xff, 0xff, 0xff, 0xff, 0xff, 0xff, 0xff, 0xff,
  0xff, 0xff, 0xff, 0xff, 0xff, 0xff, 0xff, 0xff, 0xff, 0xff, 0xff, 0xff,
  0xff, 0xff, 0xff, 0xff, 0xff, 0xff, 0xff, 0xff, 0xff, 0xff, 0xff, 0xff,
  0xff, 0xff, 0xff, 0xff, 0xff, 0xff, 0xff, 0xff, 0xff, 0xff, 0xff, 0xff,
  0xff, 0xff, 0xff, 0xff, 0xff, 0xff, 0xff, 0xff, 0xff, 0xff, 0xff, 0xff,
  0xff, 0xff, 0xff, 0xff, 0xff, 0xff, 0xff, 0xff, 0xff, 0xff, 0xff, 0xff,
  0xff, 0xff, 0xff, 0xff, 0xff, 0xff, 0xff, 0xff, 0xff, 0xff, 0xff, 0xff,
  0xff, 0xff, 0xff, 0xff, 0xff, 0xff, 0xff, 0xff, 0xff, 0xff, 0xff, 0xff,
  0xff, 0xff, 0xff, 0xff, 0xff, 0xff, 0xff, 0xff, 0xff, 0xff, 0xff, 0xff,
  0xff, 0xff, 0xff, 0xff, 0xff, 0xff, 0xff, 0xff, 0xdf, 0xff, 0xdf, 0xff,
  0xff, 0xff, 0xff, 0xff, 0xff, 0xf7, 0xde, 0xf7, 0xff, 0xff, 0x17, 0xf6,
  0x46, 0xe0, 0x04, 0xe8, 0x45, 0xd0, 0x05, 0xe0, 0x44, 0xe8, 0x02, 0xe0,
  0x24, 0xe0, 0xef, 0xd2, 0xd4, 0x5b, 0x73, 0x02, 0xf4, 0x09, 0x11, 0x02,
  0x31, 0x02, 0x98, 0x74, 0xfe, 0xf7, 0xff, 0xff, 0xff, 0xff, 0xff, 0xff,
  0xff, 0xff, 0xff, 0xff, 0xff, 0xff, 0xff, 0xff, 0xff, 0xff, 0xde, 0xff,
  0xff, 0xff, 0xff, 0xf7, 0xff, 0xff, 0xde, 0xf7, 0xff, 0xf7, 0xff, 0xf7,
  0xff, 0xff, 0x9a, 0xa5, 0x11, 0x02, 0x34, 0x0a, 0xd1, 0x11, 0x12, 0x0a,
  0xf2, 0x01, 0xf2, 0x09, 0x32, 0x0a, 0x12, 0x02, 0x12, 0x02, 0xf1, 0x01,
  0x12, 0x02, 0x32, 0x02, 0x12, 0x02, 0x12, 0x02, 0x12, 0x02, 0x10, 0x02,
  0xf1, 0x09, 0xf2, 0x01, 0x11, 0x02, 0x50, 0x02, 0xf0, 0x01, 0x12, 0x1a,
  0x31, 0x02, 0x11, 0x02, 0x39, 0x85, 0xff, 0xff, 0xfe, 0xff, 0xdf, 0xff,
  0xdf, 0xff, 0xff, 0xff, 0xde, 0xf7, 0x3c, 0xe7, 0xba, 0xd6, 0x9a, 0xd6,
  0xde, 0xf7, 0xff, 0xff, 0x9e, 0xf7, 0xff, 0xff, 0xff, 0xff, 0xff, 0xff,
  0xff, 0xff, 0xff, 0xff, 0xff, 0xff, 0xff, 0xff, 0xff, 0xff, 0xff, 0xff,
  0xff, 0xff, 0xff, 0xff, 0xff, 0xff, 0xff, 0xff, 0xff, 0xff, 0xff, 0xff,
  0xff, 0xff, 0xff, 0xff, 0xff, 0xff, 0xff, 0xff, 0xff, 0xff, 0xff, 0xff,
  0xff, 0xff, 0xff, 0xff, 0xff, 0xff, 0xff, 0xff, 0xff, 0xff, 0xff, 0xff,
  0xff, 0xff, 0xff, 0xff, 0xff, 0xff, 0xff, 0xff, 0xff, 0xff, 0xff, 0xff,
  0xff, 0xff, 0xff, 0xff, 0xff, 0xff, 0xff, 0xff, 0xff, 0xff, 0xff, 0xff,
  0xff, 0xff, 0xff, 0xff, 0xff, 0xff, 0xff, 0xff, 0xff, 0xff, 0xff, 0xff,
  0xff, 0xff, 0xff, 0xff, 0xff, 0xff, 0xff, 0xff, 0xff, 0xff, 0xff, 0xff,
  0xff, 0xff, 0xff, 0xff, 0xff, 0xff, 0xff, 0xff, 0xff, 0xff, 0xff, 0xff,
  0xff, 0xff, 0xff, 0xff, 0xff, 0xff, 0xff, 0xff, 0xff, 0xff, 0xff, 0xff,
  0xff, 0xff, 0xff, 0xff, 0xff, 0xff, 0xff, 0xff, 0xff, 0xff, 0xff, 0xff,
  0xff, 0xff, 0xff, 0xff, 0xff, 0xff, 0xff, 0xff, 0xff, 0xff, 0xff, 0xff,
  0xff, 0xff, 0xff, 0xff, 0xff, 0xff, 0xff, 0xff, 0xff, 0xff, 0xff, 0xff,
  0xff, 0xff, 0xff, 0xff, 0xff, 0xff, 0xff, 0xff, 0xff, 0xff, 0xff, 0xff,
  0xff, 0xff, 0xff, 0xff, 0xff, 0xff, 0xff, 0xff, 0xff, 0xff, 0xff, 0xff,
  0xff, 0xff, 0xff, 0xff, 0xff, 0xff, 0xff, 0xff, 0xff, 0xff, 0xff, 0xff,
  0xff, 0xff, 0xff, 0xff, 0xff, 0xff, 0xff, 0xff, 0xff, 0xf7, 0xdf, 0xff,
  0xdf, 0xff, 0xff, 0xff, 0xff, 0xff, 0xde, 0xf7, 0xff, 0xff, 0xfe, 0xff,
  0xad, 0xe2, 0x03, 0xe0, 0x64, 0xd0, 0x04, 0xe8, 0x03, 0xe8, 0x64, 0xd8,
  0x03, 0xe8, 0x05, 0xf8, 0xcf, 0xda, 0x16, 0x6c, 0x52, 0x02, 0xf3, 0x09,
  0xf2, 0x11, 0x57, 0x64, 0xff, 0xff, 0xff, 0xff, 0xff, 0xff, 0xff, 0xff,
  0xff, 0xff, 0xff, 0xff, 0xff, 0xff, 0xff, 0xff, 0xff, 0xff, 0xff, 0xff,
  0xdf, 0xff, 0xff, 0xff, 0xdf, 0xf7, 0xfe, 0xff, 0xfe, 0xff, 0xdf, 0xf7,
  0x3e, 0xdf, 0x71, 0x12, 0x32, 0x02, 0xf0, 0x01, 0x11, 0x0a, 0x13, 0x0a,
  0xd1, 0x01, 0x72, 0x12, 0xd0, 0x01, 0x11, 0x02, 0x11, 0x02, 0x32, 0x02,
  0x32, 0x02, 0xf1, 0x01, 0xf1, 0x01, 0x32, 0x02, 0x32, 0x02, 0x53, 0x02,
  0xf0, 0x11, 0x11, 0x0a, 0x32, 0x12, 0x51, 0x12, 0x51, 0x02, 0x92, 0x01,
  0x12, 0x0a, 0x11, 0x02, 0x18, 0x85, 0xdf, 0xf7, 0xfe, 0xff, 0xdf, 0xff,
  0xff, 0xff, 0xde, 0xff, 0xff, 0xff, 0xff, 0xff, 0xff, 0xff, 0xff, 0xff,
  0xff, 0xff, 0xff, 0xff, 0xff, 0xff, 0xff, 0xff, 0xde, 0xf7, 0xff, 0xff,
  0xff, 0xff, 0xff, 0xff, 0xff, 0xff, 0xff, 0xff, 0xff, 0xff, 0xff, 0xff,
  0xff, 0xff, 0xff, 0xff, 0xff, 0xff, 0xff, 0xff, 0xff, 0xff, 0xff, 0xff,
  0xff, 0xff, 0xff, 0xff, 0xff, 0xff, 0xff, 0xff, 0xff, 0xff, 0xff, 0xff,
  0xff, 0xff, 0xff, 0xff, 0xff, 0xff, 0xff, 0xff, 0xff, 0xff, 0xff, 0xff,
  0xff, 0xff, 0xff, 0xff, 0xff, 0xff, 0xff, 0xff, 0xff, 0xff, 0xff, 0xff,
  0xff, 0xff, 0xff, 0xff, 0xff, 0xff, 0xff, 0xff, 0xff, 0xff, 0xff, 0xff,
  0xff, 0xff, 0xff, 0xff, 0xff, 0xff, 0xff, 0xff, 0xff, 0xff, 0xff, 0xff,
  0xff, 0xff, 0xff, 0xff, 0xff, 0xff, 0xff, 0xff, 0xff, 0xff, 0xff, 0xff,
  0xff, 0xff, 0xff, 0xff, 0xff, 0xff, 0xff, 0xff, 0xff, 0xff, 0xff, 0xff,
  0xff, 0xff, 0xff, 0xff, 0xff, 0xff, 0xff, 0xff, 0xff, 0xff, 0xff, 0xff,
  0xff, 0xff, 0xff, 0xff, 0xff, 0xff, 0xff, 0xff, 0xff, 0xff, 0xff, 0xff,
  0xff, 0xff, 0xff, 0xff, 0xff, 0xff, 0xff, 0xff, 0xff, 0xff, 0xff, 0xff,
  0xff, 0xff, 0xff, 0xff, 0xff, 0xff, 0xff, 0xff, 0xff, 0xff, 0xff, 0xff,
  0xff, 0xff, 0xff, 0xff, 0xff, 0xff, 0xff, 0xff, 0xff, 0xff, 0xff, 0xff,
  0xff, 0xff, 0xff, 0xff, 0xff, 0xff, 0xff, 0xff, 0xff, 0xff, 0xff, 0xff,
  0xff, 0xff, 0xff, 0xff, 0xff, 0xff, 0xff, 0xff, 0xff, 0xff, 0xff, 0xff,
  0xff, 0xff, 0xff, 0xff, 0xff, 0xff, 0xff, 0xf7, 0xff, 0xff, 0xff, 0xff,
  0xdf, 0xff, 0xdf, 0xff, 0xff, 0xff, 0xdf, 0xff, 0xff, 0xff, 0xff, 0xff,
  0x39, 0xf6, 0x46, 0xe0, 0x03, 0xe0, 0x04, 0xe0, 0x04, 0xe0, 0x04, 0xd8,
  0x25, 0xe8, 0x03, 0xe0, 0x45, 0xf8, 0xef, 0xd2, 0x35, 0x64, 0x72, 0x0a,
  0xf2, 0x01, 0x57, 0x5c, 0xfe, 0xff, 0xff, 0xff, 0xff, 0xff, 0xff, 0xff,
  0xff, 0xff, 0xff, 0xff, 0xff, 0xff, 0xff, 0xff, 0xff, 0xff, 0xff, 0xff,
  0xff, 0xff, 0xff, 0xff, 0xdf, 0xf7, 0xfe, 0xff, 0xfe, 0xff, 0xff, 0xf7,
  0x35, 0x6c, 0x33, 0x02, 0x11, 0x02, 0x51, 0x0a, 0x11, 0x02, 0xf2, 0x01,
  0x12, 0x02, 0x51, 0x02, 0x31, 0x02, 0x11, 0x02, 0x11, 0x02, 0x32, 0x0a,
  0x12, 0x02, 0xf1, 0x01, 0x32, 0x0a, 0x11, 0x02, 0xd0, 0x01, 0x96, 0x3b,
  0xda, 0xad, 0x52, 0x3b, 0xb2, 0x01, 0xb3, 0x01, 0x32, 0x02, 0x33, 0x0a,
  0x32, 0x02, 0x11, 0x02, 0xd7, 0x7c, 0xff, 0xff, 0xfe, 0xff, 0xdf, 0xf7,
  0xff, 0xff, 0xff, 0xff, 0xde, 0xf7, 0xdf, 0xff, 0xff, 0xff, 0xdf, 0xff,
  0xdf, 0xff, 0xff, 0xff, 0xdf, 0xff, 0xbe, 0xf7, 0xff, 0xff, 0xff, 0xff,
  0xff, 0xff, 0xff, 0xff, 0xff, 0xff, 0xff, 0xff, 0xff, 0xff, 0xff, 0xff,
  0xff, 0xff, 0xff, 0xff, 0xff, 0xff, 0xff, 0xff, 0xff, 0xff, 0xff, 0xff,
  0xff, 0xff, 0xff, 0xff, 0xff, 0xff, 0xff, 0xff, 0xff, 0xff, 0xff, 0xff,
  0xff, 0xff, 0xff, 0xff, 0xff, 0xff, 0xff, 0xff, 0xff, 0xff, 0xff, 0xff,
  0xff, 0xff, 0xff, 0xff, 0xff, 0xff, 0xff, 0xff, 0xff, 0xff, 0xff, 0xff,
  0xff, 0xff, 0xff, 0xff, 0xff, 0xff, 0xff, 0xff, 0xff, 0xff, 0xff, 0xff,
  0xff, 0xff, 0xff, 0xff, 0xff, 0xff, 0xff, 0xff, 0xff, 0xff, 0xff, 0xff,
  0xff, 0xff, 0xff, 0xff, 0xff, 0xff, 0xff, 0xff, 0xff, 0xff, 0xff, 0xff,
  0xff, 0xff, 0xff, 0xff, 0xff, 0xff, 0xff, 0xff, 0xff, 0xff, 0xff, 0xff,
  0xff, 0xff, 0xff, 0xff, 0xff, 0xff, 0xff, 0xff, 0xff, 0xff, 0xff, 0xff,
  0xff, 0xff, 0xff, 0xff, 0xff, 0xff, 0xff, 0xff, 0xff, 0xff, 0xff, 0xff,
  0xff, 0xff, 0xff, 0xff, 0xff, 0xff, 0xff, 0xff, 0xff, 0xff, 0xff, 0xff,
  0xff, 0xff, 0xff, 0xff, 0xff, 0xff, 0xff, 0xff, 0xff, 0xff, 0xff, 0xff,
  0xff, 0xff, 0xff, 0xff, 0xff, 0xff, 0xff, 0xff, 0xff, 0xff, 0xff, 0xff,
  0xff, 0xff, 0xff, 0xff, 0xff, 0xff, 0xff, 0xff, 0xff, 0xff, 0xff, 0xff,
  0xff, 0xff, 0xff, 0xff, 0xff, 0xff, 0xff, 0xff, 0xff, 0xff, 0xff, 0xff,
  0xff, 0xff, 0xff, 0xff, 0xff, 0xff, 0xff, 0xff, 0xff, 0xff, 0xff, 0xff,
  0xff, 0xff, 0xdf, 0xff, 0xdf, 0xff, 0xdf, 0xff, 0xff, 0xff, 0xff, 0xf7,
  0xff, 0xff, 0xb0, 0xf3, 0x25, 0xe0, 0x04, 0xe0, 0x45, 0xd8, 0x04, 0xe0,
  0x04, 0xe0, 0x24, 0xd8, 0x43, 0xd8, 0x24, 0xe0, 0xcf, 0xe2, 0xb6, 0x8c,
  0x50, 0x12, 0x16, 0x6c, 0xfe, 0xf7, 0xff, 0xff, 0xff, 0xff, 0xff, 0xff,
  0xff, 0xff, 0xff, 0xff, 0xff, 0xff, 0xff, 0xff, 0xff, 0xff, 0xff, 0xf7,
  0xff, 0xff, 0xdf, 0xff, 0xff, 0xff, 0xff, 0xff, 0xff, 0xff, 0x3c, 0xa6,
  0xcf, 0x01, 0xf2, 0x01, 0x11, 0x02, 0xf1, 0x01, 0x33, 0x0a, 0x12, 0x02,
  0x32, 0x12, 0x90, 0x01, 0x53, 0x0a, 0x11, 0x02, 0xf1, 0x01, 0x32, 0x0a,
  0xf1, 0x01, 0x32, 0x0a, 0x32, 0x0a, 0xf0, 0x01, 0x93, 0x1a, 0x99, 0xb5,
  0x8c, 0xda, 0xb1, 0xd3, 0x59, 0x74, 0x92, 0x0a, 0x52, 0x02, 0xd2, 0x11,
  0x10, 0x02, 0x12, 0x02, 0xf8, 0x7c, 0xff, 0xff, 0xfe, 0xff, 0xdf, 0xf7,
  0xff, 0xff, 0xff, 0xff, 0xff, 0xff, 0xdf, 0xff, 0xff, 0xff, 0xff, 0xff,
  0xff, 0xff, 0xff, 0xff, 0xdf, 0xff, 0xff, 0xff, 0xdf, 0xff, 0xff, 0xff,
  0xff, 0xff, 0xff, 0xff, 0xff, 0xff, 0xff, 0xff, 0xff, 0xff, 0xff, 0xff,
  0xff, 0xff, 0xff, 0xff, 0xff, 0xff, 0xff, 0xff, 0xff, 0xff, 0xff, 0xff,
  0xff, 0xff, 0xff, 0xff, 0xff, 0xff, 0xff, 0xff, 0xff, 0xff, 0xff, 0xff,
  0xff, 0xff, 0xff, 0xff, 0xff, 0xff, 0xff, 0xff, 0xff, 0xff, 0xff, 0xff,
  0xff, 0xff, 0xff, 0xff, 0xff, 0xff, 0xff, 0xff, 0xff, 0xff, 0xff, 0xff,
  0xff, 0xff, 0xff, 0xff, 0xff, 0xff, 0xff, 0xff, 0xff, 0xff, 0xff, 0xff,
  0xff, 0xff, 0xff, 0xff, 0xff, 0xff, 0xff, 0xff, 0xff, 0xff, 0xff, 0xff,
  0xff, 0xff, 0xff, 0xff, 0xff, 0xff, 0xff, 0xff, 0xff, 0xff, 0xff, 0xff,
  0xff, 0xff, 0xff, 0xff, 0xff, 0xff, 0xff, 0xff, 0xff, 0xff, 0xff, 0xff,
  0xff, 0xff, 0xff, 0xff, 0xff, 0xff, 0xff, 0xff, 0xff, 0xff, 0xff, 0xff,
  0xff, 0xff, 0xff, 0xff, 0xff, 0xff, 0xff, 0xff, 0xff, 0xff, 0xff, 0xff,
  0xff, 0xff, 0xff, 0xff, 0xff, 0xff, 0xff, 0xff, 0xff, 0xff, 0xff, 0xff,
  0xff, 0xff, 0xff, 0xff, 0xff, 0xff, 0xff, 0xff, 0xff, 0xff, 0xff, 0xff,
  0xff, 0xff, 0xff, 0xff, 0xff, 0xff, 0xff, 0xff, 0xff, 0xff, 0xff, 0xff,
  0xff, 0xff, 0xff, 0xff, 0xff, 0xff, 0xff, 0xff, 0xff, 0xff, 0xff, 0xff,
  0xff, 0xff, 0xff, 0xff, 0xff, 0xff, 0xff, 0xff, 0xff, 0xff, 0xff, 0xff,
  0xff, 0xff, 0xff, 0xff, 0xff, 0xff, 0xdf, 0xff, 0xff, 0xff, 0xde, 0xf7,
  0xff, 0xff, 0xff, 0xff, 0xff, 0xff, 0xff, 0xff, 0xff, 0xf7, 0xff, 0xff,
  0xbf, 0xff, 0xfd, 0xff, 0x69, 0xe1, 0x04, 0xe8, 0x04, 0xe0, 0x45, 0xd8,
  0x04, 0xe0, 0x04, 0xe8, 0x24, 0xd8, 0x04, 0xe0, 0x03, 0xf0, 0xeb, 0xe1,
  0x35, 0x9c, 0xba, 0x95, 0xbe, 0xff, 0xff, 0xff, 0xff, 0xff, 0xff, 0xff,
  0xff, 0xff, 0xff, 0xff, 0xff, 0xff, 0xff, 0xff, 0xff, 0xff, 0xff, 0xf7,
  0xfe, 0xff, 0xdf, 0xff, 0xff, 0xff, 0xdf, 0xf7, 0xdf, 0xef, 0xf1, 0x32,
  0x54, 0x02, 0x32, 0x0a, 0x10, 0x02, 0x13, 0x0a, 0xf3, 0x01, 0x30, 0x02,
  0x31, 0x02, 0x13, 0x0a, 0xf2, 0x01, 0x11, 0x02, 0xf1, 0x01, 0x32, 0x0a,
  0xf1, 0x01, 0x12, 0x0a, 0xf1, 0x01, 0x31, 0x0a, 0x7a, 0x5c, 0x17, 0xdd,
  0x23, 0xf8, 0x01, 0xf0, 0x6d, 0xda, 0x95, 0xbc, 0x53, 0x2b, 0xf2, 0x01,
  0x32, 0x0a, 0x11, 0x02, 0x19, 0x85, 0xbf, 0xf7, 0xfe, 0xff, 0xff, 0xff,
  0xdf, 0xff, 0xde, 0xff, 0xff, 0xff, 0xff, 0xff, 0xbe, 0xf7, 0xff, 0xff,
  0xff, 0xff, 0xff, 0xff, 0xff, 0xff, 0xdf, 0xff, 0xff, 0xff, 0xff, 0xff,
  0xff, 0xff, 0xff, 0xff, 0xff, 0xff, 0xff, 0xff, 0xff, 0xff, 0xff, 0xff,
  0xff, 0xff, 0xff, 0xff, 0xff, 0xff, 0xff, 0xff, 0xff, 0xff, 0xff, 0xff,
  0xff, 0xff, 0xff, 0xff, 0xff, 0xff, 0xff, 0xff, 0xff, 0xff, 0xff, 0xff,
  0xff, 0xff, 0xff, 0xff, 0xff, 0xff, 0xff, 0xff, 0xff, 0xff, 0xff, 0xff,
  0xff, 0xff, 0xff, 0xff, 0xff, 0xff, 0xff, 0xff, 0xff, 0xff, 0xff, 0xff,
  0xff, 0xff, 0xff, 0xff, 0xff, 0xff, 0xff, 0xff, 0xff, 0xff, 0xff, 0xff,
  0xff, 0xff, 0xff, 0xff, 0xff, 0xff, 0xff, 0xff, 0xff, 0xff, 0xff, 0xff,
  0xff, 0xff, 0xff, 0xff, 0xff, 0xff, 0xff, 0xff, 0xff, 0xff, 0xff, 0xff,
  0xff, 0xff, 0xff, 0xff, 0xff, 0xff, 0xff, 0xff, 0xff, 0xff, 0xff, 0xff,
  0xff, 0xff, 0xff, 0xff, 0xff, 0xff, 0xff, 0xff, 0xff, 0xff, 0xff, 0xff,
  0xff, 0xff, 0xff, 0xff, 0xff, 0xff, 0xff, 0xff, 0xff, 0xff, 0xff, 0xff,
  0xff, 0xff, 0xff, 0xff, 0xff, 0xff, 0xff, 0xff, 0xff, 0xff, 0xff, 0xff,
  0xff, 0xff, 0xff, 0xff, 0xff, 0xff, 0xff, 0xff, 0xff, 0xff, 0xff, 0xff,
  0xff, 0xff, 0xff, 0xff, 0xff, 0xff, 0xff, 0xff, 0xff, 0xff, 0xff, 0xff,
  0xff, 0xff, 0xff, 0xff, 0xff, 0xff, 0xff, 0xff, 0xff, 0xff, 0xff, 0xff,
  0xff, 0xff, 0xff, 0xff, 0xff, 0xff, 0xff, 0xff, 0xff, 0xff, 0xff, 0xff,
  0xff, 0xff, 0xff, 0xff, 0xff, 0xff, 0xff, 0xff, 0xff, 0xff, 0xff, 0xff,
  0xff, 0xff, 0xff, 0xff, 0xff, 0xff, 0xff, 0xff, 0xff, 0xff, 0xbe, 0xff,
  0xff, 0xf7, 0xff, 0xff, 0x79, 0xee, 0x65, 0xe0, 0x04, 0xd8, 0x06, 0xf0,
  0x04, 0xe0, 0x06, 0xe8, 0x02, 0xd0, 0x24, 0xe0, 0x05, 0xe8, 0x05, 0xe8,
  0xe6, 0xe8, 0x34, 0xed, 0xdf, 0xf7, 0xff, 0xf7, 0xff, 0xff, 0xbe, 0xff,
  0xfe, 0xff, 0xfe, 0xff, 0xde, 0xf7, 0xbf, 0xff, 0xff, 0xff, 0xfe, 0xef,
  0xff, 0xff, 0xbf, 0xff, 0xdd, 0xff, 0xff, 0xf7, 0xb7, 0x84, 0x13, 0x02,
  0x31, 0x0a, 0x12, 0x02, 0x12, 0x02, 0x12, 0x02, 0x12, 0x02, 0x12, 0x02,
  0x12, 0x02, 0x12, 0x02, 0x12, 0x02, 0x12, 0x02, 0x32, 0x0a, 0xf1, 0x09,
  0x12, 0x02, 0xf3, 0x01, 0x51, 0x02, 0x92, 0x1a, 0x5d, 0xe7, 0xdc, 0xff,
  0xf7, 0xec, 0x0d, 0xea, 0x02, 0xf0, 0xc6, 0xf8, 0xf2, 0xd3, 0x15, 0x6c,
  0x32, 0x0a, 0x32, 0x02, 0xf8, 0x7c, 0xbf, 0xff, 0xfe, 0xff, 0xde, 0xf7,
  0xfe, 0xef, 0xfe, 0xff, 0xff, 0xff, 0xff, 0xff, 0xff, 0xff, 0xff, 0xff,
  0xff, 0xff, 0xff, 0xff, 0xff, 0xff, 0xff, 0xff, 0xff, 0xff, 0xff, 0xff,
  0xff, 0xff, 0xff, 0xff, 0xff, 0xff, 0xff, 0xff, 0xff, 0xff, 0xff, 0xff,
  0xff, 0xff, 0xff, 0xff, 0xff, 0xff, 0xff, 0xff, 0xff, 0xff, 0xff, 0xff,
  0xff, 0xff, 0xff, 0xff, 0xff, 0xff, 0xff, 0xff, 0xff, 0xff, 0xff, 0xff,
  0xff, 0xff, 0xff, 0xff, 0xff, 0xff, 0xff, 0xff, 0xff, 0xff, 0xff, 0xff,
  0xff, 0xff, 0xff, 0xff, 0xff, 0xff, 0xff, 0xff, 0xff, 0xff, 0xff, 0xff,
  0xff, 0xff, 0xff, 0xff, 0xff, 0xff, 0xff, 0xff, 0xff, 0xff, 0xff, 0xff,
  0xff, 0xff, 0xff, 0xff, 0xff, 0xff, 0xff, 0xff, 0xff, 0xff, 0xff, 0xff,
  0xff, 0xff, 0xff, 0xff, 0xff, 0xff, 0xff, 0xff, 0xff, 0xff, 0xff, 0xff,
  0xff, 0xff, 0xff, 0xff, 0xff, 0xff, 0xff, 0xff, 0xff, 0xff, 0xff, 0xff,
  0xff, 0xff, 0xff, 0xff, 0xff, 0xff, 0xff, 0xff, 0xff, 0xff, 0xff, 0xff,
  0xff, 0xff, 0xff, 0xff, 0xff, 0xff, 0xff, 0xff, 0xff, 0xff, 0xff, 0xff,
  0xff, 0xff, 0xff, 0xff, 0xff, 0xff, 0xff, 0xff, 0xff, 0xff, 0xff, 0xff,
  0xff, 0xff, 0xff, 0xff, 0xff, 0xff, 0xff, 0xff, 0xff, 0xff, 0xff, 0xff,
  0xff, 0xff, 0xff, 0xff, 0xff, 0xff, 0xff, 0xff, 0xff, 0xff, 0xff, 0xff,
  0xff, 0xff, 0xff, 0xff, 0xff, 0xff, 0xff, 0xff, 0xff, 0xff, 0xff, 0xff,
  0xff, 0xff, 0xff, 0xff, 0xff, 0xff, 0xff, 0xff, 0xff, 0xff, 0xff, 0xff,
  0xff, 0xff, 0xff, 0xff, 0xff, 0xff, 0xff, 0xff, 0xff, 0xff, 0xff, 0xff,
  0xff, 0xff, 0xff, 0xff, 0xff, 0xff, 0xff, 0xff, 0xff, 0xff, 0xff, 0xff,
  0x9e, 0xff, 0xff, 0xff, 0xfe, 0xff, 0x73, 0xec, 0x06, 0xf0, 0x24, 0xd0,
  0x04, 0xd8, 0x04, 0xe8, 0x43, 0xd8, 0x24, 0xe0, 0x05, 0xe8, 0x05, 0xd8,
  0x64, 0xd0, 0x04, 0xe8, 0xd0, 0xf3, 0xde, 0xff, 0x9e, 0xff, 0xff, 0xff,
  0xdf, 0xf7, 0xbe, 0xff, 0xff, 0xff, 0xff, 0xff, 0xbe, 0xf7, 0xff, 0xff,
  0xbf, 0xf7, 0xdf, 0xff, 0xff, 0xff, 0xfd, 0xce, 0x73, 0x0a, 0xf1, 0x09,
  0x12, 0x02, 0x12, 0x02, 0x12, 0x02, 0x12, 0x02, 0x12, 0x02, 0x12, 0x02,
  0x12, 0x02, 0x12, 0x02, 0x12, 0x02, 0x12, 0x02, 0x31, 0x02, 0x11, 0x0a,
  0x32, 0x0a, 0x32, 0x02, 0xf2, 0x01, 0x99, 0x95, 0xdf, 0xf7, 0xde, 0xff,
  0xf8, 0x74, 0x37, 0x7c, 0x32, 0xc4, 0x66, 0xe1, 0x04, 0xf8, 0x4d, 0xe2,
  0x76, 0xa4, 0xb4, 0x12, 0xb6, 0x7c, 0xff, 0xf7, 0xdf, 0xff, 0xdf, 0xff,
  0xff, 0xff, 0xbd, 0xef, 0xff, 0xff, 0xff, 0xff, 0xff, 0xff, 0xff, 0xff,
  0xff, 0xff, 0xff, 0xff, 0xff, 0xff, 0xff, 0xff, 0xff, 0xff, 0xff, 0xff,
  0xff, 0xff, 0xff, 0xff, 0xff, 0xff, 0xff, 0xff, 0xff, 0xff, 0xff, 0xff,
  0xff, 0xff, 0xff, 0xff, 0xff, 0xff, 0xff, 0xff, 0xff, 0xff, 0xff, 0xff,
  0xff, 0xff, 0xff, 0xff, 0xff, 0xff, 0xff, 0xff, 0xff, 0xff, 0xff, 0xff,
  0xff, 0xff, 0xff, 0xff, 0xff, 0xff, 0xff, 0xff, 0xff, 0xff, 0xff, 0xff,
  0xff, 0xff, 0xff, 0xff, 0xff, 0xff, 0xff, 0xff, 0xff, 0xff, 0xff, 0xff,
  0xff, 0xff, 0xff, 0xff, 0xff, 0xff, 0xff, 0xff, 0xff, 0xff, 0xff, 0xff,
  0xff, 0xff, 0xff, 0xff, 0xff, 0xff, 0xff, 0xff, 0xff, 0xff, 0xff, 0xff,
  0xff, 0xff, 0xff, 0xff, 0xff, 0xff, 0xff, 0xff, 0xff, 0xff, 0xff, 0xff,
  0xff, 0xff, 0xff, 0xff, 0xff, 0xff, 0xff, 0xff, 0xff, 0xff, 0xff, 0xff,
  0xff, 0xff, 0xff, 0xff, 0xff, 0xff, 0xff, 0xff, 0xff, 0xff, 0xff, 0xff,
  0xff, 0xff, 0xff, 0xff, 0xff, 0xff, 0xff, 0xff, 0xff, 0xff, 0xff, 0xff,
  0xff, 0xff, 0xff, 0xff, 0xff, 0xff, 0xff, 0xff, 0xff, 0xff, 0xff, 0xff,
  0xff, 0xff, 0xff, 0xff, 0xff, 0xff, 0xff, 0xff, 0xff, 0xff, 0xff, 0xff,
  0xff, 0xff, 0xff, 0xff, 0xff, 0xff, 0xff, 0xff, 0xff, 0xff, 0xff, 0xff,
  0xff, 0xff, 0xff, 0xff, 0xff, 0xff, 0xff, 0xff, 0xff, 0xff, 0xff, 0xff,
  0xff, 0xff, 0xff, 0xff, 0xff, 0xff, 0xff, 0xff, 0xff, 0xff, 0xff, 0xff,
  0xff, 0xff, 0xff, 0xff, 0xff, 0xff, 0xff, 0xff, 0xff, 0xff, 0xff, 0xff,
  0xff, 0xff, 0xff, 0xff, 0xff, 0xff, 0xff, 0xff, 0xff, 0xff, 0xff, 0xf7,
  0xdf, 0xff, 0xfe, 0xff, 0xfe, 0xf7, 0xbf, 0xff, 0xed, 0xe2, 0x03, 0xe8,
  0x45, 0xd8, 0x04, 0xe8, 0x04, 0xe0, 0x03, 0xd0, 0x06, 0xe8, 0x05, 0xe8,
  0x04, 0xe0, 0x23, 0xd8, 0x02, 0xf0, 0xeb, 0xe1, 0x38, 0xf6, 0xff, 0xf7,
  0xff, 0xf7, 0xff, 0xff, 0xdf, 0xf7, 0xfe, 0xff, 0xfe, 0xff, 0xdf, 0xff,
  0xfe, 0xff, 0xfe, 0xf7, 0xdf, 0xf7, 0xb6, 0x53, 0xf2, 0x01, 0xd1, 0x11,
  0x13, 0x0a, 0x12, 0x02, 0x12, 0x02, 0x12, 0x02, 0x12, 0x02, 0x12, 0x02,
  0x12, 0x02, 0x12, 0x02, 0x12, 0x02, 0x12, 0x12, 0xf1, 0x01, 0x10, 0x02,
  0xf1, 0x01, 0x11, 0x02, 0x36, 0x43, 0xff, 0xf7, 0xff, 0xf7, 0xdf, 0xff,
  0x17, 0x54, 0x91, 0x02, 0x31, 0x33, 0x95, 0xa4, 0x91, 0xdb, 0xe6, 0xe0,
  0x05, 0xe1, 0x33, 0xa4, 0x5b, 0xbe, 0xbf, 0xef, 0xff, 0xff, 0x9d, 0xff,
  0xff, 0xff, 0xbf, 0xff, 0xbf, 0xff, 0xff, 0xff, 0xff, 0xff, 0xff, 0xff,
  0xff, 0xff, 0xff, 0xff, 0xff, 0xff, 0xff, 0xff, 0xff, 0xff, 0xff, 0xff,
  0xff, 0xff, 0xff, 0xff, 0xff, 0xff, 0xff, 0xff, 0xff, 0xff, 0xff, 0xff,
  0xff, 0xff, 0xff, 0xff, 0xff, 0xff, 0xff, 0xff, 0xff, 0xff, 0xff, 0xff,
  0xff, 0xff, 0xff, 0xff, 0xff, 0xff, 0xff, 0xff, 0xff, 0xff, 0xff, 0xff,
  0xff, 0xff, 0xff, 0xff, 0xff, 0xff, 0xff, 0xff, 0xff, 0xff, 0xff, 0xff,
  0xff, 0xff, 0xff, 0xff, 0xff, 0xff, 0xff, 0xff, 0xff, 0xff, 0xff, 0xff,
  0xff, 0xff, 0xff, 0xff, 0xff, 0xff, 0xff, 0xff, 0xff, 0xff, 0xff, 0xff,
  0xff, 0xff, 0xff, 0xff, 0xff, 0xff, 0xff, 0xff, 0xff, 0xff, 0xff, 0xff,
  0xff, 0xff, 0xff, 0xff, 0xff, 0xff, 0xff, 0xff, 0xff, 0xff, 0xff, 0xff,
  0xff, 0xff, 0xff, 0xff, 0xff, 0xff, 0xff, 0xff, 0xff, 0xff, 0xff, 0xff,
  0xff, 0xff, 0xff, 0xff, 0xff, 0xff, 0xff, 0xff, 0xff, 0xff, 0xff, 0xff,
  0xff, 0xff, 0xff, 0xff, 0xff, 0xff, 0xff, 0xff, 0xff, 0xff, 0xff, 0xff,
  0xff, 0xff, 0xff, 0xff, 0xff, 0xff, 0xff, 0xff, 0xff, 0xff, 0xff, 0xff,
  0xff, 0xff, 0xff, 0xff, 0xff, 0xff, 0xff, 0xff, 0xff, 0xff, 0xff, 0xff,
  0xff, 0xff, 0xff, 0xff, 0xff, 0xff, 0xff, 0xff, 0xff, 0xff, 0xff, 0xff,
  0xff, 0xff, 0xff, 0xff, 0xff, 0xff, 0xff, 0xff, 0xff, 0xff, 0xff, 0xff,
  0xff, 0xff, 0xff, 0xff, 0xff, 0xff, 0xff, 0xff, 0xff, 0xff, 0xff, 0xff,
  0xff, 0xff, 0xff, 0xff, 0xff, 0xff, 0xff, 0xff, 0xff, 0xff, 0xff, 0xff,
  0xff, 0xff, 0xff, 0xff, 0xff, 0xff, 0xff, 0xff, 0xff, 0xff, 0xff, 0xf7,
  0xff, 0xff, 0xde, 0xff, 0xff, 0xff, 0xdf, 0xff, 0xbd, 0xff, 0x69, 0xf1,
  0x04, 0xe8, 0x04, 0xe0, 0x25, 0xe0, 0x26, 0xe0, 0x04, 0xe8, 0x24, 0xd8,
  0x03, 0xe0, 0x24, 0xe0, 0x45, 0xe8, 0x04, 0xe8, 0x67, 0xe0, 0x53, 0xf4,
  0xfe, 0xf7, 0xff, 0xf7, 0xbf, 0xff, 0xde, 0xff, 0xfe, 0xf7, 0xbe, 0xf7,
  0xfe, 0xff, 0xfd, 0xf7, 0x3a, 0xae, 0x52, 0x02, 0x11, 0x0a, 0x32, 0x02,
  0xf0, 0x01, 0x12, 0x02, 0x12, 0x02, 0x12, 0x02, 0x12, 0x02, 0x12, 0x02,
  0x12, 0x02, 0x12, 0x02, 0x12, 0x02, 0xf1, 0x09, 0x32, 0x0a, 0x11, 0x02,
  0x51, 0x02, 0x12, 0x0a, 0x7b, 0xbe, 0xdf, 0xff, 0xfe, 0xff, 0xdf, 0xf7,
  0xf6, 0x63, 0xf1, 0x09, 0x11, 0x02, 0xf2, 0x01, 0x55, 0x3b, 0xb6, 0xac,
  0x0f, 0xf3, 0x66, 0xf8, 0x53, 0xec, 0xff, 0xef, 0xff, 0xf7, 0xfe, 0xf7,
  0xde, 0xff, 0xff, 0xf7, 0xff, 0xff, 0xff, 0xff, 0xff, 0xff, 0xff, 0xff,
  0xff, 0xff, 0xff, 0xff, 0xff, 0xff, 0xff, 0xff, 0xff, 0xff, 0xff, 0xff,
  0xff, 0xff, 0xff, 0xff, 0xff, 0xff, 0xff, 0xff, 0xff, 0xff, 0xff, 0xff,
  0xff, 0xff, 0xff, 0xff, 0xff, 0xff, 0xff, 0xff, 0xff, 0xff, 0xff, 0xff,
  0xff, 0xff, 0xff, 0xff, 0xff, 0xff, 0xff, 0xff, 0xff, 0xff, 0xff, 0xff,
  0xff, 0xff, 0xff, 0xff, 0xff, 0xff, 0xff, 0xff, 0xff, 0xff, 0xff, 0xff,
  0xff, 0xff, 0xff, 0xff, 0xff, 0xff, 0xff, 0xff, 0xff, 0xff, 0xff, 0xff,
  0xff, 0xff, 0xff, 0xff, 0xff, 0xff, 0xff, 0xff, 0xff, 0xff, 0xff, 0xff,
  0xff, 0xff, 0xff, 0xff, 0xff, 0xff, 0xff, 0xff, 0xff, 0xff, 0xff, 0xff,
  0xff, 0xff, 0xff, 0xff, 0xff, 0xff, 0xff, 0xff, 0xff, 0xff, 0xff, 0xff,
  0xff, 0xff, 0xff, 0xff, 0xff, 0xff, 0xff, 0xff, 0xff, 0xff, 0xff, 0xff,
  0xff, 0xff, 0xff, 0xff, 0xff, 0xff, 0xff, 0xff, 0xff, 0xff, 0xff, 0xff,
  0xff, 0xff, 0xff, 0xff, 0xff, 0xff, 0xff, 0xff, 0xff, 0xff, 0xff, 0xff,
  0xff, 0xff, 0xff, 0xff, 0xff, 0xff, 0xff, 0xff, 0xff, 0xff, 0xff, 0xff,
  0xff, 0xff, 0xff, 0xff, 0xff, 0xff, 0xff, 0xff, 0xff, 0xff, 0xff, 0xff,
  0xff, 0xff, 0xff, 0xff, 0xff, 0xff, 0xff, 0xff, 0xff, 0xff, 0xff, 0xff,
  0xff, 0xff, 0xff, 0xff, 0xff, 0xff, 0xff, 0xff, 0xff, 0xff, 0xff, 0xff,
  0xff, 0xff, 0xff, 0xff, 0xff, 0xff, 0xff, 0xff, 0xff, 0xff, 0xff, 0xff,
  0xff, 0xff, 0xff, 0xff, 0xff, 0xff, 0xff, 0xff, 0xff, 0xff, 0xff, 0xff,
  0xff, 0xff, 0xff, 0xff, 0xff, 0xff, 0xff, 0xff, 0xff, 0xff, 0xff, 0xf7,
  0xde, 0xff, 0xff, 0xff, 0xff, 0xff, 0xdf, 0xff, 0xff, 0xf7, 0x5a, 0xee,
  0x09, 0xf1, 0x23, 0xe0, 0x03, 0xd8, 0x05, 0xe0, 0x44, 0xd8, 0x02, 0xe8,
  0x45, 0xf0, 0x05, 0xe0, 0x05, 0xd0, 0x04, 0xe0, 0x04, 0xe8, 0x05, 0xe8,
  0x2c, 0xea, 0x18, 0xfe, 0xfe, 0xff, 0xdf, 0xff, 0xff, 0xf7, 0xff, 0xff,
  0xbf, 0xff, 0xbf, 0xff, 0xf3, 0x2a, 0xf0, 0x09, 0x12, 0x0a, 0x52, 0x02,
  0x31, 0x02, 0x12, 0x02, 0x12, 0x02, 0x12, 0x02, 0x12, 0x02, 0x12, 0x02,
  0x12, 0x02, 0x12, 0x02, 0x12, 0x02, 0xf1, 0x01, 0x32, 0x12, 0x33, 0x02,
  0x11, 0x02, 0x77, 0x6c, 0xfe, 0xff, 0xbf, 0xf7, 0xff, 0xff, 0xff, 0xf7,
  0xd6, 0x5b, 0xf1, 0x09, 0x51, 0x02, 0x54, 0x12, 0x13, 0x0a, 0x11, 0x02,
  0x96, 0x4b, 0x56, 0xcc, 0xca, 0xe1, 0xcc, 0xf2, 0x5c, 0xef, 0xdf, 0xff,
  0xff, 0xf7, 0xfd, 0xef, 0xff, 0xff, 0xff, 0xff, 0xff, 0xff, 0xff, 0xff,
  0xff, 0xff, 0xff, 0xff, 0xff, 0xff, 0xff, 0xff, 0xff, 0xff, 0xff, 0xff,
  0xff, 0xff, 0xff, 0xff, 0xff, 0xff, 0xff, 0xff, 0xff, 0xff, 0xff, 0xff,
  0xff, 0xff, 0xff, 0xff, 0xff, 0xff, 0xff, 0xff, 0xff, 0xff, 0xff, 0xff,
  0xff, 0xff, 0xff, 0xff, 0xff, 0xff, 0xff, 0xff, 0xff, 0xff, 0xff, 0xff,
  0xff, 0xff, 0xff, 0xff, 0xff, 0xff, 0xff, 0xff, 0xff, 0xff, 0xff, 0xff,
  0xff, 0xff, 0xff, 0xff, 0xff, 0xff, 0xff, 0xff, 0xff, 0xff, 0xff, 0xff,
  0xff, 0xff, 0xff, 0xff, 0xff, 0xff, 0xff, 0xff, 0xff, 0xff, 0xff, 0xff,
  0xff, 0xff, 0xff, 0xff, 0xff, 0xff, 0xff, 0xff, 0xff, 0xff, 0xff, 0xff,
  0xff, 0xff, 0xff, 0xff, 0xff, 0xff, 0xff, 0xff, 0xff, 0xff, 0xff, 0xff,
  0xff, 0xff, 0xff, 0xff, 0xff, 0xff, 0xff, 0xff, 0xff, 0xff, 0xff, 0xff,
  0xff, 0xff, 0xff, 0xff, 0xff, 0xff, 0xff, 0xff, 0xff, 0xff, 0xff, 0xff,
  0xff, 0xff, 0xff, 0xff, 0xff, 0xff, 0xff, 0xff, 0xff, 0xff, 0xff, 0xff,
  0xff, 0xff, 0xff, 0xff, 0xff, 0xff, 0xff, 0xff, 0xff, 0xff, 0xff, 0xff,
  0xff, 0xff, 0xff, 0xff, 0xff, 0xff, 0xff, 0xff, 0xff, 0xff, 0xff, 0xff,
  0xff, 0xff, 0xff, 0xff, 0xff, 0xff, 0xff, 0xff, 0xff, 0xff, 0xff, 0xff,
  0xff, 0xff, 0xff, 0xff, 0xff, 0xff, 0xff, 0xff, 0xff, 0xff, 0xff, 0xff,
  0xff, 0xff, 0xff, 0xff, 0xff, 0xff, 0xff, 0xff, 0xff, 0xff, 0xff, 0xff,
  0xff, 0xff, 0xff, 0xff, 0xff, 0xff, 0xff, 0xff, 0xff, 0xff, 0xff, 0xff,
  0xff, 0xff, 0xff, 0xff, 0xff, 0xff, 0xff, 0xff, 0xff, 0xff, 0xbe, 0xff,
  0xdf, 0xff, 0xff, 0xf7, 0xdf, 0xef, 0xfd, 0xf7, 0xdf, 0xff, 0xb8, 0x75,
  0xb3, 0xbb, 0x85, 0xf8, 0x44, 0xe0, 0x04, 0xe8, 0x04, 0xe0, 0x44, 0xe8,
  0x03, 0xe0, 0x03, 0xe0, 0x24, 0xe0, 0x03, 0xd8, 0x64, 0xd8, 0x23, 0xd0,
  0x03, 0xe8, 0x67, 0xe8, 0x11, 0xec, 0x9d, 0xff, 0xbf, 0xff, 0xff, 0xef,
  0xbe, 0xff, 0x7b, 0x8d, 0x12, 0x02, 0xd1, 0x09, 0xf2, 0x09, 0xb1, 0x01,
  0x33, 0x0a, 0x12, 0x02, 0x12, 0x02, 0x12, 0x02, 0x12, 0x02, 0x12, 0x02,
  0x12, 0x02, 0x12, 0x02, 0x12, 0x02, 0x32, 0x02, 0x11, 0x0a, 0xf2, 0x01,
  0xb4, 0x22, 0x7d, 0xdf, 0xff, 0xff, 0xfe, 0xff, 0xdf, 0xff, 0xff, 0xf7,
  0x17, 0x64, 0x12, 0x02, 0x11, 0x02, 0x11, 0x02, 0xf1, 0x01, 0x12, 0x1a,
  0x32, 0x02, 0x72, 0x02, 0x98, 0xa5, 0xb3, 0xf4, 0x31, 0xfb, 0xbc, 0xf6,
  0xdd, 0xf7, 0xfe, 0xff, 0xdf, 0xff, 0xff, 0xff, 0xff, 0xff, 0xff, 0xff,
  0xff, 0xff, 0xff, 0xff, 0xff, 0xff, 0xff, 0xff, 0xff, 0xff, 0xff, 0xff,
  0xff, 0xff, 0xff, 0xff, 0xff, 0xff, 0xff, 0xff, 0xff, 0xff, 0xff, 0xff,
  0xff, 0xff, 0xff, 0xff, 0xff, 0xff, 0xff, 0xff, 0xff, 0xff, 0xff, 0xff,
  0xff, 0xff, 0xff, 0xff, 0xff, 0xff, 0xff, 0xff, 0xff, 0xff, 0xff, 0xff,
  0xff, 0xff, 0xff, 0xff, 0xff, 0xff, 0xff, 0xff, 0xff, 0xff, 0xff, 0xff,
  0xff, 0xff, 0xff, 0xff, 0xff, 0xff, 0xff, 0xff, 0xff, 0xff, 0xff, 0xff,
  0xff, 0xff, 0xff, 0xff, 0xff, 0xff, 0xff, 0xff, 0xff, 0xff, 0xff, 0xff,
  0xff, 0xff, 0xff, 0xff, 0xff, 0xff, 0xff, 0xff, 0xff, 0xff, 0xff, 0xff,
  0xff, 0xff, 0xff, 0xff, 0xff, 0xff, 0xff, 0xff, 0xff, 0xff, 0xff, 0xff,
  0xff, 0xff, 0xff, 0xff, 0xff, 0xff, 0xff, 0xff, 0xff, 0xff, 0xff, 0xff,
  0xff, 0xff, 0xff, 0xff, 0xff, 0xff, 0xff, 0xff, 0xff, 0xff, 0xff, 0xff,
  0xff, 0xff, 0xff, 0xff, 0xff, 0xff, 0xff, 0xff, 0xff, 0xff, 0xff, 0xff,
  0xff, 0xff, 0xff, 0xff, 0xff, 0xff, 0xff, 0xff, 0xff, 0xff, 0xff, 0xff,
  0xff, 0xff, 0xff, 0xff, 0xff, 0xff, 0xff, 0xff, 0xff, 0xff, 0xff, 0xff,
  0xff, 0xff, 0xff, 0xff, 0xff, 0xff, 0xff, 0xff, 0xff, 0xff, 0xff, 0xff,
  0xff, 0xff, 0xff, 0xff, 0xff, 0xff, 0xff, 0xff, 0xff, 0xff, 0xff, 0xff,
  0xff, 0xff, 0xff, 0xff, 0xff, 0xff, 0xff, 0xff, 0xff, 0xff, 0xff, 0xff,
  0xff, 0xff, 0xff, 0xff, 0xff, 0xff, 0xff, 0xff, 0xff, 0xff, 0xff, 0xff,
  0xff, 0xff, 0xff, 0xff, 0xff, 0xff, 0xff, 0xff, 0xff, 0xff, 0xdf, 0xff,
  0xbe, 0xf7, 0xff, 0xef, 0xff, 0xff, 0xfe, 0xff, 0xdf, 0xf7, 0x55, 0x64,
  0xb1, 0x22, 0x13, 0xc4, 0x46, 0xe8, 0x43, 0xd8, 0x03, 0xd8, 0x25, 0xe0,
  0x04, 0xd8, 0x03, 0xe0, 0x44, 0xe8, 0x05, 0xe0, 0x04, 0xd8, 0x44, 0xd8,
  0x44, 0xd0, 0x04, 0xe0, 0x05, 0xe8, 0xaa, 0xe1, 0xb6, 0xf5, 0xde, 0xff,
  0xde, 0xef, 0xb0, 0x0a, 0x70, 0x0a, 0x13, 0x02, 0x32, 0x02, 0x32, 0x02,
  0x12, 0x02, 0x12, 0x02, 0x12, 0x02, 0x12, 0x02, 0x12, 0x02, 0x12, 0x02,
  0x12, 0x02, 0x12, 0x02, 0x12, 0x02, 0x12, 0x02, 0x32, 0x0a, 0xf0, 0x09,
  0x9b, 0x9d, 0xff, 0xff, 0xff, 0xff, 0xfd, 0xff, 0xdf, 0xff, 0xff, 0xf7,
  0x16, 0x4c, 0xf2, 0x11, 0xf2, 0x09, 0x12, 0x02, 0x12, 0x0a, 0x10, 0x02,
  0x50, 0x0a, 0xf2, 0x09, 0x1a, 0x6d, 0xdf, 0xff, 0xdb, 0xfe, 0x59, 0xf6,
  0xfe, 0xf7, 0xff, 0xff, 0xdf, 0xff, 0xff, 0xff, 0xff, 0xff, 0xff, 0xff,
  0xff, 0xff, 0xff, 0xff, 0xff, 0xff, 0xff, 0xff, 0xff, 0xff, 0xff, 0xff,
  0xff, 0xff, 0xff, 0xff, 0xff, 0xff, 0xff, 0xff, 0xff, 0xff, 0xff, 0xff,
  0xff, 0xff, 0xff, 0xff, 0xff, 0xff, 0xff, 0xff, 0xff, 0xff, 0xff, 0xff,
  0xff, 0xff, 0xff, 0xff, 0xff, 0xff, 0xff, 0xff, 0xff, 0xff, 0xff, 0xff,
  0xff, 0xff, 0xff, 0xff, 0xff, 0xff, 0xff, 0xff, 0xff, 0xff, 0xff, 0xff,
  0xff, 0xff, 0xff, 0xff, 0xff, 0xff, 0xff, 0xff, 0xff, 0xff, 0xff, 0xff,
  0xff, 0xff, 0xff, 0xff, 0xff, 0xff, 0xff, 0xff, 0xff, 0xff, 0xff, 0xff,
  0xff, 0xff, 0xff, 0xff, 0xff, 0xff, 0xff, 0xff, 0xff, 0xff, 0xff, 0xff,
  0xff, 0xff, 0xff, 0xff, 0xff, 0xff, 0xff, 0xff, 0xff, 0xff, 0xff, 0xff,
  0xff, 0xff, 0xff, 0xff, 0xff, 0xff, 0xff, 0xff, 0xff, 0xff, 0xff, 0xff,
  0xff, 0xff, 0xff, 0xff, 0xff, 0xff, 0xff, 0xff, 0xff, 0xff, 0xff, 0xff,
  0xff, 0xff, 0xff, 0xff, 0xff, 0xff, 0xff, 0xff, 0xff, 0xff, 0xff, 0xff,
  0xff, 0xff, 0xff, 0xff, 0xff, 0xff, 0xff, 0xff, 0xff, 0xff, 0xff, 0xff,
  0xff, 0xff, 0xff, 0xff, 0xff, 0xff, 0xff, 0xff, 0xff, 0xff, 0xff, 0xff,
  0xff, 0xff, 0xff, 0xff, 0xff, 0xff, 0xff, 0xff, 0xff, 0xff, 0xff, 0xff,
  0xff, 0xff, 0xff, 0xff, 0xff, 0xff, 0xff, 0xff, 0xff, 0xff, 0xff, 0xff,
  0xff, 0xff, 0xff, 0xff, 0xff, 0xff, 0xff, 0xff, 0xff, 0xff, 0xff, 0xff,
  0xff, 0xff, 0xff, 0xff, 0xff, 0xff, 0xff, 0xff, 0xff, 0xff, 0xff, 0xff,
  0xff, 0xff, 0xff, 0xff, 0xff, 0xff, 0xff, 0xff, 0xff, 0xff, 0xde, 0xf7,
  0xdf, 0xff, 0xff, 0xf7, 0xbd, 0xff, 0xdf, 0xff, 0xdf, 0xff, 0x56, 0x74,
  0x33, 0x02, 0x95, 0x2b, 0x12, 0xbc, 0x84, 0xf0, 0x04, 0xe8, 0x06, 0xd8,
  0x05, 0xd8, 0x45, 0xe0, 0x04, 0xe0, 0x04, 0xe0, 0x04, 0xe8, 0x03, 0xe0,
  0x04, 0xe8, 0x45, 0xe8, 0x24, 0xd8, 0x04, 0xd8, 0x04, 0xf0, 0xed, 0xea,
  0x9d, 0xf6, 0xfe, 0xd6, 0xb6, 0x53, 0x12, 0x12, 0xf1, 0x01, 0x30, 0x02,
  0x11, 0x0a, 0x12, 0x02, 0x12, 0x02, 0x12, 0x02, 0x12, 0x02, 0x12, 0x02,
  0x12, 0x02, 0x12, 0x02, 0x12, 0x02, 0x11, 0x02, 0x12, 0x02, 0x73, 0x43,
  0xff, 0xff, 0xdf, 0xff, 0xfd, 0xff, 0xdf, 0xff, 0xff, 0xff, 0xfe, 0xf7,
  0x17, 0x6c, 0x32, 0x02, 0x31, 0x02, 0x12, 0x0a, 0x32, 0x02, 0x12, 0x02,
  0xf2, 0x01, 0x31, 0x02, 0xb7, 0x7c, 0xff, 0xf7, 0xfe, 0xf7, 0xff, 0xf7,
  0xff, 0xff, 0xfe, 0xf7, 0xfe, 0xff, 0xff, 0xff, 0xff, 0xff, 0xff, 0xff,
  0xff, 0xff, 0xff, 0xff, 0xff, 0xff, 0xff, 0xff, 0xff, 0xff, 0xff, 0xff,
  0xff, 0xff, 0xff, 0xff, 0xff, 0xff, 0xff, 0xff, 0xff, 0xff, 0xff, 0xff,
  0xff, 0xff, 0xff, 0xff, 0xff, 0xff, 0xff, 0xff, 0xff, 0xff, 0xff, 0xff,
  0xff, 0xff, 0xff, 0xff, 0xff, 0xff, 0xff, 0xff, 0xff, 0xff, 0xff, 0xff,
  0xff, 0xff, 0xff, 0xff, 0xff, 0xff, 0xff, 0xff, 0xff, 0xff, 0xff, 0xff,
  0xff, 0xff, 0xff, 0xff, 0xff, 0xff, 0xff, 0xff, 0xff, 0xff, 0xff, 0xff,
  0xff, 0xff, 0xff, 0xff, 0xff, 0xff, 0xff, 0xff, 0xff, 0xff, 0xff, 0xff,
  0xff, 0xff, 0xff, 0xff, 0xff, 0xff, 0xff, 0xff, 0xff, 0xff, 0xff, 0xff,
  0xff, 0xff, 0xff, 0xff, 0xff, 0xff, 0xff, 0xff, 0xff, 0xff, 0xff, 0xff,
  0xff, 0xff, 0xff, 0xff, 0xff, 0xff, 0xff, 0xff, 0xff, 0xff, 0xff, 0xff,
  0xff, 0xff, 0xff, 0xff, 0xff, 0xff, 0xff, 0xff, 0xff, 0xff, 0xff, 0xff,
  0xff, 0xff, 0xff, 0xff, 0xff, 0xff, 0xff, 0xff, 0xff, 0xff, 0xff, 0xff,
  0xff, 0xff, 0xff, 0xff, 0xff, 0xff, 0xff, 0xff, 0xff, 0xff, 0xff, 0xff,
  0xff, 0xff, 0xff, 0xff, 0xff, 0xff, 0xff, 0xff, 0xff, 0xff, 0xff, 0xff,
  0xff, 0xff, 0xff, 0xff, 0xff, 0xff, 0xff, 0xff, 0xff, 0xff, 0xff, 0xff,
  0xff, 0xff, 0xff, 0xff, 0xff, 0xff, 0xff, 0xff, 0xff, 0xff, 0xff, 0xff,
  0xff, 0xff, 0xff, 0xff, 0xff, 0xff, 0xff, 0xff, 0xff, 0xff, 0xff, 0xff,
  0xff, 0xff, 0xff, 0xff, 0xff, 0xff, 0xff, 0xff, 0xff, 0xff, 0xff, 0xff,
  0xff, 0xff, 0xff, 0xff, 0xff, 0xff, 0xff, 0xff, 0xff, 0xff, 0xfe, 0xff,
  0xff, 0xff, 0xfe, 0xff, 0xff, 0xff, 0xff, 0xff, 0xff, 0xf7, 0x77, 0x6c,
  0x12, 0x02, 0xf4, 0x01, 0xb4, 0x3b, 0xf2, 0xd3, 0x03, 0xe0, 0x04, 0xe8,
  0x26, 0xd8, 0x04, 0xe0, 0x03, 0xe8, 0x03, 0xe0, 0x44, 0xe0, 0x24, 0xd8,
  0x03, 0xd8, 0x04, 0xe8, 0x04, 0xe0, 0x04, 0xd8, 0x45, 0xd8, 0x03, 0xe8,
  0x86, 0xe8, 0x12, 0xfc, 0x5e, 0xff, 0x7d, 0xbe, 0xb4, 0x3b, 0x31, 0x02,
  0xd2, 0x09, 0x11, 0x02, 0x12, 0x12, 0x12, 0x0a, 0xf1, 0x01, 0x31, 0x0a,
  0x11, 0x0a, 0xd1, 0x01, 0x52, 0x02, 0x13, 0x02, 0xef, 0x09, 0xfd, 0xbe,
  0xfe, 0xff, 0x9d, 0xff, 0xdf, 0xff, 0xff, 0xff, 0xff, 0xf7, 0xff, 0xff,
  0x16, 0x5c, 0x12, 0x02, 0x11, 0x02, 0x11, 0x02, 0x12, 0x02, 0x11, 0x0a,
  0x12, 0x02, 0x12, 0x02, 0xf8, 0x7c, 0xff, 0xff, 0xfe, 0xff, 0xff, 0xff,
  0xff, 0xff, 0xff, 0xff, 0xff, 0xff, 0xff, 0xff, 0xff, 0xff, 0xff, 0xff,
  0xff, 0xff, 0xff, 0xff, 0xff, 0xff, 0xff, 0xff, 0xff, 0xff, 0xff, 0xff,
  0xff, 0xff, 0xff, 0xff, 0xff, 0xff, 0xff, 0xff, 0xff, 0xff, 0xff, 0xff,
  0xff, 0xff, 0xff, 0xff, 0xff, 0xff, 0xff, 0xff, 0xff, 0xff, 0xff, 0xff,
  0xff, 0xff, 0xff, 0xff, 0xff, 0xff, 0xff, 0xff, 0xff, 0xff, 0xff, 0xff,
  0xff, 0xff, 0xff, 0xff, 0xff, 0xff, 0xff, 0xff, 0xff, 0xff, 0xff, 0xff,
  0xff, 0xff, 0xff, 0xff, 0xff, 0xff, 0xff, 0xff, 0xff, 0xff, 0xff, 0xff,
  0xff, 0xff, 0xff, 0xff, 0xff, 0xff, 0xff, 0xff, 0xff, 0xff, 0xff, 0xff,
  0xff, 0xff, 0xff, 0xff, 0xff, 0xff, 0xff, 0xff, 0xff, 0xff, 0xff, 0xff,
  0xff, 0xff, 0xff, 0xff, 0xff, 0xff, 0xff, 0xff, 0xff, 0xff, 0xff, 0xff,
  0xff, 0xff, 0xff, 0xff, 0xff, 0xff, 0xff, 0xff, 0xff, 0xff, 0xff, 0xff,
  0xff, 0xff, 0xff, 0xff, 0xff, 0xff, 0xff, 0xff, 0xff, 0xff, 0xff, 0xff,
  0xff, 0xff, 0xff, 0xff, 0xff, 0xff, 0xff, 0xff, 0xff, 0xff, 0xff, 0xff,
  0xff, 0xff, 0xff, 0xff, 0xff, 0xff, 0xff, 0xff, 0xff, 0xff, 0xff, 0xff,
  0xff, 0xff, 0xff, 0xff, 0xff, 0xff, 0xff, 0xff, 0xff, 0xff, 0xff, 0xff,
  0xff, 0xff, 0xff, 0xff, 0xff, 0xff, 0xff, 0xff, 0xff, 0xff, 0xff, 0xff,
  0xff, 0xff, 0xff, 0xff, 0xff, 0xff, 0xff, 0xff, 0xff, 0xff, 0xff, 0xff,
  0xff, 0xff, 0xff, 0xff, 0xff, 0xff, 0xff, 0xff, 0xff, 0xff, 0xff, 0xff,
  0xff, 0xff, 0xff, 0xff, 0xff, 0xff, 0xff, 0xff, 0xff, 0xff, 0xff, 0xff,
  0xff, 0xff, 0xff, 0xff, 0xff, 0xff, 0xff, 0xff, 0xff, 0xff, 0xfe, 0xff,
  0xff, 0xff, 0xfe, 0xff, 0xff, 0xff, 0xff, 0xff, 0xff, 0xf7, 0x77, 0x6c,
  0x12, 0x02, 0x70, 0x02, 0xf2, 0x01, 0x55, 0x5b, 0xb0, 0xd3, 0x23, 0xe0,
  0x04, 0xe0, 0x06, 0xe0, 0x23, 0xd8, 0x04, 0xe8, 0x03, 0xe0, 0x45, 0xe8,
  0x24, 0xe0, 0x04, 0xe0, 0x04, 0xd8, 0x04, 0xe0, 0x04, 0xe0, 0x04, 0xe0,
  0x64, 0xd0, 0x04, 0xe0, 0x49, 0xe9, 0x35, 0xe5, 0xdf, 0xf7, 0x5d, 0xbe,
  0xd3, 0x3b, 0x53, 0x0a, 0xf0, 0x01, 0x10, 0x02, 0x52, 0x0a, 0x31, 0x02,
  0x32, 0x02, 0x11, 0x0a, 0xf1, 0x09, 0xf1, 0x09, 0xf9, 0x8c, 0x9f, 0xf7,
  0xfe, 0xff, 0xff, 0xff, 0xff, 0xf7, 0xff, 0xff, 0xbe, 0xff, 0xff, 0xff,
  0x16, 0x5c, 0x12, 0x02, 0x11, 0x02, 0x11, 0x02, 0x12, 0x02, 0x11, 0x0a,
  0x12, 0x02, 0x12, 0x02, 0xf8, 0x7c, 0xff, 0xff, 0xfe, 0xff, 0xff, 0xff,
  0xff, 0xff, 0xff, 0xff, 0xff, 0xff, 0xff, 0xff, 0xff, 0xff, 0xff, 0xff,
  0xff, 0xff, 0xff, 0xff, 0xff, 0xff, 0xff, 0xff, 0xff, 0xff, 0xff, 0xff,
  0xff, 0xff, 0xff, 0xff, 0xff, 0xff, 0xff, 0xff, 0xff, 0xff, 0xff, 0xff,
  0xff, 0xff, 0xff, 0xff, 0xff, 0xff, 0xff, 0xff, 0xff, 0xff, 0xff, 0xff,
  0xff, 0xff, 0xff, 0xff, 0xff, 0xff, 0xff, 0xff, 0xff, 0xff, 0xff, 0xff,
  0xff, 0xff, 0xff, 0xff, 0xff, 0xff, 0xff, 0xff, 0xff, 0xff, 0xff, 0xff,
  0xff, 0xff, 0xff, 0xff, 0xff, 0xff, 0xff, 0xff, 0xff, 0xff, 0xff, 0xff,
  0xff, 0xff, 0xff, 0xff, 0xff, 0xff, 0xff, 0xff, 0xff, 0xff, 0xff, 0xff,
  0xff, 0xff, 0xff, 0xff, 0xff, 0xff, 0xff, 0xff, 0xff, 0xff, 0xff, 0xff,
  0xff, 0xff, 0xff, 0xff, 0xff, 0xff, 0xff, 0xff, 0xff, 0xff, 0xff, 0xff,
  0xff, 0xff, 0xff, 0xff, 0xff, 0xff, 0xff, 0xff, 0xff, 0xff, 0xff, 0xff,
  0xff, 0xff, 0xff, 0xff, 0xff, 0xff, 0xff, 0xff, 0xff, 0xff, 0xff, 0xff,
  0xff, 0xff, 0xff, 0xff, 0xff, 0xff, 0xff, 0xff, 0xff, 0xff, 0xff, 0xff,
  0xff, 0xff, 0xff, 0xff, 0xff, 0xff, 0xff, 0xff, 0xff, 0xff, 0xff, 0xff,
  0xff, 0xff, 0xff, 0xff, 0xff, 0xff, 0xff, 0xff, 0xff, 0xff, 0xff, 0xff,
  0xff, 0xff, 0xff, 0xff, 0xff, 0xff, 0xff, 0xff, 0xff, 0xff, 0xff, 0xff,
  0xff, 0xff, 0xff, 0xff, 0xff, 0xff, 0xff, 0xff, 0xff, 0xff, 0xff, 0xff,
  0xff, 0xff, 0xff, 0xff, 0xff, 0xff, 0xff, 0xff, 0xff, 0xff, 0xff, 0xff,
  0xff, 0xff, 0xff, 0xff, 0xff, 0xff, 0xff, 0xff, 0xff, 0xff, 0xff, 0xff,
  0xff, 0xff, 0xff, 0xff, 0xff, 0xff, 0xff, 0xff, 0xff, 0xff, 0xfe, 0xff,
  0xff, 0xff, 0xfe, 0xff, 0xff, 0xff, 0xff, 0xff, 0xff, 0xf7, 0x77, 0x6c,
  0x12, 0x02, 0x0f, 0x02, 0x53, 0x02, 0x33, 0x02, 0x94, 0x5b, 0x8f, 0xc3,
  0x04, 0xf0, 0x04, 0xf0, 0x25, 0xd8, 0x04, 0xd8, 0x25, 0xe8, 0x04, 0xe0,
  0x04, 0xe0, 0x05, 0xd8, 0x04, 0xd8, 0x25, 0xe8, 0x03, 0xe0, 0x05, 0xe0,
  0x04, 0xe0, 0x43, 0xd8, 0x23, 0xd8, 0x04, 0xf0, 0xeb, 0xf9, 0xb6, 0xf5,
  0xfe, 0xff, 0x5c, 0xc6, 0xb5, 0x5b, 0x52, 0x02, 0x52, 0x02, 0xf2, 0x01,
  0x33, 0x0a, 0x31, 0x02, 0x30, 0x02, 0xb0, 0x1a, 0x5f, 0xd7, 0xdf, 0xff,
  0xde, 0xff, 0xff, 0xf7, 0xde, 0xef, 0xfe, 0xff, 0xff, 0xff, 0xff, 0xff,
  0x16, 0x5c, 0x12, 0x02, 0x11, 0x02, 0x11, 0x02, 0x12, 0x02, 0x11, 0x0a,
  0x12, 0x02, 0x12, 0x02, 0xf8, 0x7c, 0xff, 0xff, 0xfe, 0xff, 0xff, 0xff,
  0xff, 0xff, 0xff, 0xff, 0xff, 0xff, 0xff, 0xff, 0xff, 0xff, 0xff, 0xff,
  0xff, 0xff, 0xff, 0xff, 0xff, 0xff, 0xff, 0xff, 0xff, 0xff, 0xff, 0xff,
  0xff, 0xff, 0xff, 0xff, 0xff, 0xff, 0xff, 0xff, 0xff, 0xff, 0xff, 0xff,
  0xff, 0xff, 0xff, 0xff, 0xff, 0xff, 0xff, 0xff, 0xff, 0xff, 0xff, 0xff,
  0xff, 0xff, 0xff, 0xff, 0xff, 0xff, 0xff, 0xff, 0xff, 0xff, 0xff, 0xff,
  0xff, 0xff, 0xff, 0xff, 0xff, 0xff, 0xff, 0xff, 0xff, 0xff, 0xff, 0xff,
  0xff, 0xff, 0xff, 0xff, 0xff, 0xff, 0xff, 0xff, 0xff, 0xff, 0xff, 0xff,
  0xff, 0xff, 0xff, 0xff, 0xff, 0xff, 0xff, 0xff, 0xff, 0xff, 0xff, 0xff,
  0xff, 0xff, 0xff, 0xff, 0xff, 0xff, 0xff, 0xff, 0xff, 0xff, 0xff, 0xff,
  0xff, 0xff, 0xff, 0xff, 0xff, 0xff, 0xff, 0xff, 0xff, 0xff, 0xff, 0xff,
  0xff, 0xff, 0xff, 0xff, 0xff, 0xff, 0xff, 0xff, 0xff, 0xff, 0xff, 0xff,
  0xff, 0xff, 0xff, 0xff, 0xff, 0xff, 0xff, 0xff, 0xff, 0xff, 0xff, 0xff,
  0xff, 0xff, 0xff, 0xff, 0xff, 0xff, 0xff, 0xff, 0xff, 0xff, 0xff, 0xff,
  0xff, 0xff, 0xff, 0xff, 0xff, 0xff, 0xff, 0xff, 0xff, 0xff, 0xff, 0xff,
  0xff, 0xff, 0xff, 0xff, 0xff, 0xff, 0xff, 0xff, 0xff, 0xff, 0xff, 0xff,
  0xff, 0xff, 0xff, 0xff, 0xff, 0xff, 0xff, 0xff, 0xff, 0xff, 0xff, 0xff,
  0xff, 0xff, 0xff, 0xff, 0xff, 0xff, 0xff, 0xff, 0xff, 0xff, 0xff, 0xff,
  0xff, 0xff, 0xff, 0xff, 0xff, 0xff, 0xff, 0xff, 0xff, 0xff, 0xff, 0xff,
  0xff, 0xff, 0xff, 0xff, 0xff, 0xff, 0xff, 0xff, 0xff, 0xff, 0xff, 0xff,
  0xff, 0xff, 0xff, 0xff, 0xff, 0xff, 0xff, 0xff, 0xff, 0xff, 0xfe, 0xff,
  0xff, 0xff, 0xfe, 0xff, 0xff, 0xff, 0xff, 0xff, 0xff, 0xf7, 0x77, 0x6c,
  0x12, 0x02, 0x13, 0x0a, 0xf0, 0x01, 0x32, 0x0a, 0x32, 0x02, 0x74, 0x5b,
  0x90, 0xcb, 0x04, 0xf0, 0x04, 0xe0, 0x85, 0xd8, 0x04, 0xd8, 0x04, 0xd8,
  0x46, 0xe8, 0x04, 0xd8, 0x04, 0xe0, 0x04, 0xe0, 0x44, 0xe0, 0x04, 0xe8,
  0x25, 0xe0, 0x05, 0xe0, 0x05, 0xe0, 0x25, 0xe8, 0x03, 0xd8, 0x44, 0xd8,
  0xc9, 0xf1, 0xda, 0xf5, 0xff, 0xff, 0x3d, 0xd7, 0x36, 0x6c, 0x11, 0x0a,
  0x32, 0x02, 0xf1, 0x09, 0x13, 0x12, 0xfa, 0x9d, 0xff, 0xff, 0xde, 0xff,
  0xde, 0xf7, 0xff, 0xf7, 0xff, 0xff, 0xde, 0xff, 0xff, 0xff, 0xff, 0xff,
  0x16, 0x5c, 0x12, 0x02, 0x11, 0x02, 0x11, 0x02, 0x12, 0x02, 0x11, 0x0a,
  0x12, 0x02, 0x12, 0x02, 0xf8, 0x7c, 0xff, 0xff, 0xfe, 0xff, 0xff, 0xff,
  0xff, 0xff, 0xff, 0xff, 0xff, 0xff, 0xff, 0xff, 0xff, 0xff, 0xff, 0xff,
  0xff, 0xff, 0xff, 0xff, 0xff, 0xff, 0xff, 0xff, 0xff, 0xff, 0xff, 0xff,
  0xff, 0xff, 0xff, 0xff, 0xff, 0xff, 0xff, 0xff, 0xff, 0xff, 0xff, 0xff,
  0xff, 0xff, 0xff, 0xff, 0xff, 0xff, 0xff, 0xff, 0xff, 0xff, 0xff, 0xff,
  0xff, 0xff, 0xff, 0xff, 0xff, 0xff, 0xff, 0xff, 0xff, 0xff, 0xff, 0xff,
  0xff, 0xff, 0xff, 0xff, 0xff, 0xff, 0xff, 0xff, 0xff, 0xff, 0xff, 0xff,
  0xff, 0xff, 0xff, 0xff, 0xff, 0xff, 0xff, 0xff, 0xff, 0xff, 0xff, 0xff,
  0xff, 0xff, 0xff, 0xff, 0xff, 0xff, 0xff, 0xff, 0xff, 0xff, 0xff, 0xff,
  0xff, 0xff, 0xff, 0xff, 0xff, 0xff, 0xff, 0xff, 0xff, 0xff, 0xff, 0xff,
  0xff, 0xff, 0xff, 0xff, 0xff, 0xff, 0xff, 0xff, 0xff, 0xff, 0xff, 0xff,
  0xff, 0xff, 0xff, 0xff, 0xff, 0xff, 0xff, 0xff, 0xff, 0xff, 0xff, 0xff,
  0xff, 0xff, 0xff, 0xff, 0xff, 0xff, 0xff, 0xff, 0xff, 0xff, 0xff, 0xff,
  0xff, 0xff, 0xff, 0xff, 0xff, 0xff, 0xff, 0xff, 0xff, 0xff, 0xff, 0xff,
  0xff, 0xff, 0xff, 0xff, 0xff, 0xff, 0xff, 0xff, 0xff, 0xff, 0xff, 0xff,
  0xff, 0xff, 0xff, 0xff, 0xff, 0xff, 0xff, 0xff, 0xff, 0xff, 0xff, 0xff,
  0xff, 0xff, 0xff, 0xff, 0xff, 0xff, 0xff, 0xff, 0xff, 0xff, 0xff, 0xff,
  0xff, 0xff, 0xff, 0xff, 0xff, 0xff, 0xff, 0xff, 0xff, 0xff, 0xff, 0xff,
  0xff, 0xff, 0xff, 0xff, 0xff, 0xff, 0xff, 0xff, 0xff, 0xff, 0xff, 0xff,
  0xff, 0xff, 0xff, 0xff, 0xff, 0xff, 0xff, 0xff, 0xff, 0xff, 0xff, 0xff,
  0xff, 0xff, 0xff, 0xff, 0xff, 0xff, 0xff, 0xff, 0xff, 0xff, 0xfe, 0xff,
  0xff, 0xff, 0xfe, 0xff, 0xff, 0xff, 0xff, 0xff, 0xff, 0xf7, 0x77, 0x6c,
  0x12, 0x02, 0xd2, 0x01, 0x52, 0x0a, 0xf0, 0x01, 0x32, 0x0a, 0x51, 0x02,
  0x54, 0x63, 0x70, 0xbb, 0x25, 0xf0, 0x02, 0xd8, 0x24, 0xf0, 0x03, 0xe0,
  0x04, 0xe0, 0x25, 0xe0, 0x04, 0xe8, 0x04, 0xe0, 0x24, 0xd0, 0x25, 0xe8,
  0x04, 0xd8, 0x04, 0xe0, 0x05, 0xe8, 0x05, 0xe8, 0x04, 0xe8, 0x04, 0xe8,
  0x44, 0xe0, 0x22, 0xd8, 0x2c, 0xea, 0x16, 0xed, 0xdf, 0xff, 0x9f, 0xe7,
  0xf7, 0x74, 0xb2, 0x12, 0x96, 0x43, 0x9e, 0xff, 0xbf, 0xff, 0xdf, 0xff,
  0xfe, 0xff, 0xde, 0xf7, 0xdf, 0xff, 0xdf, 0xff, 0xbe, 0xff, 0xff, 0xff,
  0x16, 0x5c, 0x12, 0x02, 0x11, 0x02, 0x11, 0x02, 0x12, 0x02, 0x11, 0x0a,
  0x12, 0x02, 0x12, 0x02, 0xf8, 0x7c, 0xff, 0xff, 0xfe, 0xff, 0xff, 0xff,
  0xff, 0xff, 0xff, 0xff, 0xff, 0xff, 0xff, 0xff, 0xff, 0xff, 0xff, 0xff,
  0xff, 0xff, 0xff, 0xff, 0xff, 0xff, 0xff, 0xff, 0xff, 0xff, 0xff, 0xff,
  0xff, 0xff, 0xff, 0xff, 0xff, 0xff, 0xff, 0xff, 0xff, 0xff, 0xff, 0xff,
  0xff, 0xff, 0xff, 0xff, 0xff, 0xff, 0xff, 0xff, 0xff, 0xff, 0xff, 0xff,
  0xff, 0xff, 0xff, 0xff, 0xff, 0xff, 0xff, 0xff, 0xff, 0xff, 0xff, 0xff,
  0xff, 0xff, 0xff, 0xff, 0xff, 0xff, 0xff, 0xff, 0xff, 0xff, 0xff, 0xff,
  0xff, 0xff, 0xff, 0xff, 0xff, 0xff, 0xff, 0xff, 0xff, 0xff, 0xff, 0xff,
  0xff, 0xff, 0xff, 0xff, 0xff, 0xff, 0xff, 0xff, 0xff, 0xff, 0xff, 0xff,
  0xff, 0xff, 0xff, 0xff, 0xff, 0xff, 0xff, 0xff, 0xff, 0xff, 0xff, 0xff,
  0xff, 0xff, 0xff, 0xff, 0xff, 0xff, 0xff, 0xff, 0xff, 0xff, 0xff, 0xff,
  0xff, 0xff, 0xff, 0xff, 0xff, 0xff, 0xff, 0xff, 0xff, 0xff, 0xff, 0xff,
  0xff, 0xff, 0xff, 0xff, 0xff, 0xff, 0xff, 0xff, 0xff, 0xff, 0xff, 0xff,
  0xff, 0xff, 0xff, 0xff, 0xff, 0xff, 0xff, 0xff, 0xff, 0xff, 0xff, 0xff,
  0xff, 0xff, 0xff, 0xff, 0xff, 0xff, 0xff, 0xff, 0xff, 0xff, 0xff, 0xff,
  0xff, 0xff, 0xff, 0xff, 0xff, 0xff, 0xff, 0xff, 0xff, 0xff, 0xff, 0xff,
  0xff, 0xff, 0xff, 0xff, 0xff, 0xff, 0xff, 0xff, 0xff, 0xff, 0xff, 0xff,
  0xff, 0xff, 0xff, 0xff, 0xff, 0xff, 0xff, 0xff, 0xff, 0xff, 0xff, 0xff,
  0xff, 0xff, 0xff, 0xff, 0xff, 0xff, 0xff, 0xff, 0xff, 0xff, 0xff, 0xff,
  0xff, 0xff, 0xff, 0xff, 0xff, 0xff, 0xff, 0xff, 0xff, 0xff, 0xff, 0xff,
  0xff, 0xff, 0xff, 0xff, 0xff, 0xff, 0xff, 0xff, 0xff, 0xff, 0xfe, 0xff,
  0xff, 0xff, 0xfe, 0xff, 0xff, 0xff, 0xff, 0xff, 0xff, 0xf7, 0x77, 0x6c,
  0x12, 0x02, 0x11, 0x02, 0x12, 0x0a, 0x32, 0x02, 0x11, 0x02, 0xf2, 0x11,
  0x92, 0x02, 0x96, 0x94, 0x72, 0xf4, 0x04, 0xe0, 0x03, 0xe8, 0x04, 0xf0,
  0x02, 0xd0, 0x24, 0xe0, 0x04, 0xe8, 0x05, 0xe8, 0x04, 0xd8, 0x03, 0xd8,
  0x45, 0xe8, 0x23, 0xe0, 0x02, 0xd0, 0x43, 0xd8, 0x44, 0xe0, 0x04, 0xd8,
  0x04, 0xe0, 0x24, 0xe0, 0x43, 0xe0, 0x03, 0xe0, 0xcb, 0xe9, 0x16, 0xed,
  0xbf, 0xff, 0xdf, 0xf7, 0xbf, 0xff, 0xfe, 0xef, 0xff, 0xf7, 0xff, 0xff,
  0xff, 0xff, 0xfe, 0xff, 0xdf, 0xf7, 0xff, 0xff, 0xff, 0xff, 0xff, 0xff,
  0x16, 0x5c, 0x12, 0x02, 0x11, 0x02, 0x11, 0x02, 0x12, 0x02, 0x11, 0x0a,
  0x12, 0x02, 0x12, 0x02, 0xf8, 0x7c, 0xff, 0xff, 0xfe, 0xff, 0xff, 0xff,
  0xff, 0xff, 0xff, 0xff, 0xff, 0xff, 0xff, 0xff, 0xff, 0xff, 0xff, 0xff,
  0xff, 0xff, 0xff, 0xff, 0xff, 0xff, 0xff, 0xff, 0xff, 0xff, 0xff, 0xff,
  0xff, 0xff, 0xff, 0xff, 0xff, 0xff, 0xff, 0xff, 0xff, 0xff, 0xff, 0xff,
  0xff, 0xff, 0xff, 0xff, 0xff, 0xff, 0xff, 0xff, 0xff, 0xff, 0xff, 0xff,
  0xff, 0xff, 0xff, 0xff, 0xff, 0xff, 0xff, 0xff, 0xff, 0xff, 0xff, 0xff,
  0xff, 0xff, 0xff, 0xff, 0xff, 0xff, 0xff, 0xff, 0xff, 0xff, 0xff, 0xff,
  0xff, 0xff, 0xff, 0xff, 0xff, 0xff, 0xff, 0xff, 0xff, 0xff, 0xff, 0xff,
  0xff, 0xff, 0xff, 0xff, 0xff, 0xff, 0xff, 0xff, 0xff, 0xff, 0xff, 0xff,
  0xff, 0xff, 0xff, 0xff, 0xff, 0xff, 0xff, 0xff, 0xff, 0xff, 0xff, 0xff,
  0xff, 0xff, 0xff, 0xff, 0xff, 0xff, 0xff, 0xff, 0xff, 0xff, 0xff, 0xff,
  0xff, 0xff, 0xff, 0xff, 0xff, 0xff, 0xff, 0xff, 0xff, 0xff, 0xff, 0xff,
  0xff, 0xff, 0xff, 0xff, 0xff, 0xff, 0xff, 0xff, 0xff, 0xff, 0xff, 0xff,
  0xff, 0xff, 0xff, 0xff, 0xff, 0xff, 0xff, 0xff, 0xff, 0xff, 0xff, 0xff,
  0xff, 0xff, 0xff, 0xff, 0xff, 0xff, 0xff, 0xff, 0xff, 0xff, 0xff, 0xff,
  0xff, 0xff, 0xff, 0xff, 0xff, 0xff, 0xff, 0xff, 0xff, 0xff, 0xff, 0xff,
  0xff, 0xff, 0xff, 0xff, 0xff, 0xff, 0xff, 0xff, 0xff, 0xff, 0xff, 0xff,
  0xff, 0xff, 0xff, 0xff, 0xff, 0xff, 0xff, 0xff, 0xff, 0xff, 0xff, 0xff,
  0xff, 0xff, 0xff, 0xff, 0xff, 0xff, 0xff, 0xff, 0xff, 0xff, 0xff, 0xff,
  0xff, 0xff, 0xff, 0xff, 0xff, 0xff, 0xff, 0xff, 0xff, 0xff, 0xff, 0xff,
  0xff, 0xff, 0xff, 0xff, 0xff, 0xff, 0xff, 0xff, 0xff, 0xff, 0xfe, 0xff,
  0xff, 0xff, 0xfe, 0xff, 0xff, 0xff, 0xff, 0xff, 0xff, 0xf7, 0x77, 0x6c,
  0x12, 0x02, 0x72, 0x02, 0xd1, 0x01, 0x32, 0x0a, 0x12, 0x02, 0x32, 0x02,
  0x12, 0x0a, 0xb6, 0x6c, 0xbe, 0xff, 0x73, 0xfc, 0x45, 0xb8, 0x46, 0xf0,
  0x45, 0xe8, 0x02, 0xd0, 0x04, 0xe0, 0x04, 0xe0, 0x45, 0xe0, 0x45, 0xe0,
  0x04, 0xe0, 0x23, 0xd8, 0x43, 0xe0, 0x03, 0xe8, 0x03, 0xe0, 0x24, 0xe0,
  0x46, 0xe8, 0x04, 0xe0, 0x05, 0xe0, 0x04, 0xe0, 0x03, 0xe8, 0x03, 0xf0,
  0x48, 0xe9, 0x31, 0xe4, 0x1b, 0xf7, 0xbd, 0xff, 0xfe, 0xf7, 0xff, 0xef,
  0xdf, 0xff, 0xdf, 0xff, 0xff, 0xf7, 0xff, 0xf7, 0xff, 0xff, 0xff, 0xff,
  0x16, 0x5c, 0x12, 0x02, 0x11, 0x02, 0x11, 0x02, 0x12, 0x02, 0x11, 0x0a,
  0x12, 0x02, 0x12, 0x02, 0xf8, 0x7c, 0xff, 0xff, 0xfe, 0xff, 0xff, 0xff,
  0xff, 0xff, 0xff, 0xff, 0xff, 0xff, 0xff, 0xff, 0xff, 0xff, 0xff, 0xff,
  0xff, 0xff, 0xff, 0xff, 0xff, 0xff, 0xff, 0xff, 0xff, 0xff, 0xff, 0xff,
  0xff, 0xff, 0xff, 0xff, 0xff, 0xff, 0xff, 0xff, 0xff, 0xff, 0xff, 0xff,
  0xff, 0xff, 0xff, 0xff, 0xff, 0xff, 0xff, 0xff, 0xff, 0xff, 0xff, 0xff,
  0xff, 0xff, 0xff, 0xff, 0xff, 0xff, 0xff, 0xff, 0xff, 0xff, 0xff, 0xff,
  0xff, 0xff, 0xff, 0xff, 0xff, 0xff, 0xff, 0xff, 0xff, 0xff, 0xff, 0xff,
  0xff, 0xff, 0xff, 0xff, 0xff, 0xff, 0xff, 0xff, 0xff, 0xff, 0xff, 0xff,
  0xff, 0xff, 0xff, 0xff, 0xff, 0xff, 0xff, 0xff, 0xff, 0xff, 0xff, 0xff,
  0xff, 0xff, 0xff, 0xff, 0xff, 0xff, 0xff, 0xff, 0xff, 0xff, 0xff, 0xff,
  0xff, 0xff, 0xff, 0xff, 0xff, 0xff, 0xff, 0xff, 0xff, 0xff, 0xff, 0xff,
  0xff, 0xff, 0xff, 0xff, 0xff, 0xff, 0xff, 0xff, 0xff, 0xff, 0xff, 0xff,
  0xff, 0xff, 0xff, 0xff, 0xff, 0xff, 0xff, 0xff, 0xff, 0xff, 0xff, 0xff,
  0xff, 0xff, 0xff, 0xff, 0xff, 0xff, 0xff, 0xff, 0xff, 0xff, 0xff, 0xff,
  0xff, 0xff, 0xff, 0xff, 0xff, 0xff, 0xff, 0xff, 0xff, 0xff, 0xff, 0xff,
  0xff, 0xff, 0xff, 0xff, 0xff, 0xff, 0xff, 0xff, 0xff, 0xff, 0xff, 0xff,
  0xff, 0xff, 0xff, 0xff, 0xff, 0xff, 0xff, 0xff, 0xff, 0xff, 0xff, 0xff,
  0xff, 0xff, 0xff, 0xff, 0xff, 0xff, 0xff, 0xff, 0xff, 0xff, 0xff, 0xff,
  0xff, 0xff, 0xff, 0xff, 0xff, 0xff, 0xff, 0xff, 0xff, 0xff, 0xff, 0xff,
  0xff, 0xff, 0xff, 0xff, 0xff, 0xff, 0xff, 0xff, 0xff, 0xff, 0xff, 0xff,
  0xff, 0xff, 0xff, 0xff, 0xff, 0xff, 0xff, 0xff, 0xff, 0xff, 0xfe, 0xff,
  0xff, 0xff, 0xfe, 0xff, 0xff, 0xff, 0xff, 0xff, 0xff, 0xf7, 0x77, 0x6c,
  0x12, 0x02, 0x11, 0x02, 0xf2, 0x11, 0xf2, 0x09, 0x31, 0x02, 0x12, 0x02,
  0x12, 0x02, 0x77, 0x6c, 0xdf, 0xff, 0xfe, 0xf7, 0x16, 0xfd, 0x25, 0xd0,
  0x04, 0xe0, 0x44, 0xe0, 0x03, 0xe0, 0x04, 0xe8, 0x04, 0xd8, 0x04, 0xe0,
  0x05, 0xe8, 0x05, 0xe8, 0x05, 0xe8, 0x05, 0xe0, 0x05, 0xe0, 0x03, 0xe0,
  0x23, 0xd8, 0x25, 0xd8, 0x25, 0xe8, 0x25, 0xe8, 0x04, 0xd8, 0x24, 0xd8,
  0x04, 0xe0, 0x03, 0xe8, 0x65, 0xf0, 0x8f, 0xf2, 0x97, 0xfd, 0xbd, 0xf7,
  0xff, 0xff, 0xdf, 0xff, 0xfe, 0xff, 0xfe, 0xf7, 0xdf, 0xff, 0xff, 0xff,
  0x16, 0x5c, 0x12, 0x02, 0x11, 0x02, 0x11, 0x02, 0x12, 0x02, 0x11, 0x0a,
  0x12, 0x02, 0x12, 0x02, 0xf8, 0x7c, 0xff, 0xff, 0xfe, 0xff, 0xff, 0xff,
  0xff, 0xff, 0xff, 0xff, 0xff, 0xff, 0xff, 0xff, 0xff, 0xff, 0xff, 0xff,
  0xff, 0xff, 0xff, 0xff, 0xff, 0xff, 0xff, 0xff, 0xff, 0xff, 0xff, 0xff,
  0xff, 0xff, 0xff, 0xff, 0xff, 0xff, 0xff, 0xff, 0xff, 0xff, 0xff, 0xff,
  0xff, 0xff, 0xff, 0xff, 0xff, 0xff, 0xff, 0xff, 0xff, 0xff, 0xff, 0xff,
  0xff, 0xff, 0xff, 0xff, 0xff, 0xff, 0xff, 0xff, 0xff, 0xff, 0xff, 0xff,
  0xff, 0xff, 0xff, 0xff, 0xff, 0xff, 0xff, 0xff, 0xff, 0xff, 0xff, 0xff,
  0xff, 0xff, 0xff, 0xff, 0xff, 0xff, 0xff, 0xff, 0xff, 0xff, 0xff, 0xff,
  0xff, 0xff, 0xff, 0xff, 0xff, 0xff, 0xff, 0xff, 0xff, 0xff, 0xff, 0xff,
  0xff, 0xff, 0xff, 0xff, 0xff, 0xff, 0xff, 0xff, 0xff, 0xff, 0xff, 0xff,
  0xff, 0xff, 0xff, 0xff, 0xff, 0xff, 0xff, 0xff, 0xff, 0xff, 0xff, 0xff,
  0xff, 0xff, 0xff, 0xff, 0xff, 0xff, 0xff, 0xff, 0xff, 0xff, 0xff, 0xff,
  0xff, 0xff, 0xff, 0xff, 0xff, 0xff, 0xff, 0xff, 0xff, 0xff, 0xff, 0xff,
  0xff, 0xff, 0xff, 0xff, 0xff, 0xff, 0xff, 0xff, 0xff, 0xff, 0xff, 0xff,
  0xff, 0xff, 0xff, 0xff, 0xff, 0xff, 0xff, 0xff, 0xff, 0xff, 0xff, 0xff,
  0xff, 0xff, 0xff, 0xff, 0xff, 0xff, 0xff, 0xff, 0xff, 0xff, 0xff, 0xff,
  0xff, 0xff, 0xff, 0xff, 0xff, 0xff, 0xff, 0xff, 0xff, 0xff, 0xff, 0xff,
  0xff, 0xff, 0xff, 0xff, 0xff, 0xff, 0xff, 0xff, 0xff, 0xff, 0xff, 0xff,
  0xff, 0xff, 0xff, 0xff, 0xff, 0xff, 0xff, 0xff, 0xff, 0xff, 0xff, 0xff,
  0xff, 0xff, 0xff, 0xff, 0xff, 0xff, 0xff, 0xff, 0xff, 0xff, 0xff, 0xff,
  0xff, 0xff, 0xff, 0xff, 0xff, 0xff, 0xff, 0xff, 0xff, 0xff, 0xfe, 0xff,
  0xff, 0xff, 0xfe, 0xff, 0xff, 0xff, 0xff, 0xff, 0xff, 0xf7, 0x77, 0x6c,
  0x12, 0x02, 0x12, 0x02, 0x11, 0x02, 0x11, 0x02, 0x12, 0x02, 0x32, 0x02,
  0x11, 0x02, 0x77, 0x6c, 0xff, 0xff, 0xff, 0xff, 0xdf, 0xef, 0xb6, 0xfd,
  0x25, 0xe1, 0x24, 0xe0, 0x04, 0xe0, 0x03, 0xf0, 0x25, 0xe8, 0x04, 0xe0,
  0x24, 0xd8, 0x44, 0xd8, 0x02, 0xe0, 0x02, 0xe0, 0x04, 0xd8, 0x05, 0xe0,
  0x04, 0xe8, 0x04, 0xe0, 0x04, 0xe0, 0x04, 0xe0, 0x04, 0xe0, 0x04, 0xe0,
  0x04, 0xe0, 0x04, 0xe0, 0x04, 0xe0, 0x04, 0xe8, 0x04, 0xe0, 0x28, 0xe1,
  0x6f, 0xf3, 0x17, 0xfe, 0x9d, 0xff, 0xfe, 0xff, 0xff, 0xff, 0xbf, 0xff,
  0xf7, 0x6c, 0x51, 0x02, 0xb2, 0x01, 0x13, 0x1a, 0x12, 0x02, 0xf1, 0x01,
  0x12, 0x0a, 0x10, 0x0a, 0xd7, 0x7c, 0xff, 0xf7, 0xde, 0xff, 0xff, 0xff,
  0xff, 0xf7, 0xff, 0xff, 0xfe, 0xf7, 0xff, 0xff, 0xbe, 0xf7, 0xff, 0xff,
  0xff, 0xf7, 0xff, 0xff, 0xdf, 0xff, 0xdf, 0xff, 0xdf, 0xff, 0xff, 0xff,
  0xff, 0xff, 0xff, 0xff, 0xff, 0xff, 0xff, 0xff, 0xff, 0xff, 0xff, 0xff,
  0xff, 0xff, 0xff, 0xff, 0xff, 0xff, 0xff, 0xff, 0xff, 0xff, 0xff, 0xff,
  0xff, 0xff, 0xff, 0xff, 0xff, 0xff, 0xff, 0xff, 0xff, 0xff, 0xff, 0xff,
  0xff, 0xff, 0xff, 0xff, 0xff, 0xff, 0xff, 0xff, 0xff, 0xff, 0xff, 0xff,
  0xff, 0xff, 0xff, 0xff, 0xff, 0xff, 0xff, 0xff, 0xff, 0xff, 0xff, 0xff,
  0xff, 0xff, 0xff, 0xff, 0xff, 0xff, 0xff, 0xff, 0xff, 0xff, 0xff, 0xff,
  0xff, 0xff, 0xff, 0xff, 0xff, 0xff, 0xff, 0xff, 0xff, 0xff, 0xff, 0xff,
  0xff, 0xff, 0xff, 0xff, 0xff, 0xff, 0xff, 0xff, 0xff, 0xff, 0xff, 0xff,
  0xff, 0xff, 0xff, 0xff, 0xff, 0xff, 0xff, 0xff, 0xff, 0xff, 0xff, 0xff,
  0xff, 0xff, 0xff, 0xff, 0xff, 0xff, 0xff, 0xff, 0xff, 0xff, 0xff, 0xff,
  0xff, 0xff, 0xff, 0xff, 0xff, 0xff, 0xff, 0xff, 0xff, 0xff, 0xff, 0xff,
  0xff, 0xff, 0xff, 0xff, 0xff, 0xff, 0xff, 0xff, 0xff, 0xff, 0xff, 0xff,
  0xff, 0xff, 0xff, 0xff, 0xff, 0xff, 0xff, 0xff, 0xff, 0xff, 0xff, 0xff,
  0xff, 0xff, 0xff, 0xff, 0xff, 0xff, 0xff, 0xff, 0xff, 0xff, 0xff, 0xff,
  0xff, 0xff, 0xff, 0xff, 0xff, 0xff, 0xff, 0xff, 0xff, 0xff, 0xff, 0xff,
  0xff, 0xff, 0xff, 0xff, 0xff, 0xff, 0xff, 0xff, 0xff, 0xff, 0xff, 0xff,
  0xff, 0xff, 0xff, 0xff, 0xff, 0xff, 0xff, 0xff, 0xff, 0xff, 0xff, 0xff,
  0xff, 0xff, 0xff, 0xff, 0xff, 0xff, 0xff, 0xff, 0xff, 0xff, 0xfe, 0xff,
  0xff, 0xff, 0xfe, 0xff, 0xff, 0xff, 0xff, 0xff, 0xff, 0xf7, 0x77, 0x6c,
  0x12, 0x02, 0x12, 0x02, 0x11, 0x02, 0x11, 0x02, 0x12, 0x02, 0x32, 0x02,
  0x11, 0x02, 0x77, 0x6c, 0xff, 0xff, 0xfe, 0xf7, 0xfe, 0xff, 0xff, 0xf7,
  0x7d, 0xfe, 0x4a, 0xd9, 0x25, 0xf0, 0x44, 0xe0, 0x02, 0xd0, 0x24, 0xe0,
  0x03, 0xe0, 0x04, 0xe0, 0x07, 0xe8, 0x06, 0xe8, 0x03, 0xe0, 0x23, 0xd8,
  0x44, 0xd8, 0x04, 0xe0, 0x04, 0xe0, 0x04, 0xe0, 0x04, 0xe0, 0x04, 0xe0,
  0x04, 0xe0, 0x04, 0xe0, 0x04, 0xe0, 0x04, 0xe8, 0x24, 0xe0, 0x45, 0xe0,
  0x05, 0xe0, 0x06, 0xe0, 0xe9, 0xe0, 0x2f, 0xeb, 0x35, 0xed, 0xd9, 0xfe,
  0x3b, 0xf7, 0xfd, 0xd6, 0xba, 0x95, 0x57, 0x54, 0x34, 0x23, 0x72, 0x0a,
  0x10, 0x02, 0x52, 0x02, 0xb8, 0x7c, 0xdf, 0xff, 0xfe, 0xff, 0xfe, 0xf7,
  0xde, 0xff, 0xdf, 0xff, 0xfe, 0xff, 0xff, 0xff, 0xff, 0xff, 0xff, 0xff,
  0xbe, 0xff, 0xdf, 0xff, 0xff, 0xf7, 0xff, 0xef, 0xff, 0xff, 0xff, 0xff,
  0xff, 0xff, 0xff, 0xff, 0xff, 0xff, 0xff, 0xff, 0xff, 0xff, 0xff, 0xff,
  0xff, 0xff, 0xff, 0xff, 0xff, 0xff, 0xff, 0xff, 0xff, 0xff, 0xff, 0xff,
  0xff, 0xff, 0xff, 0xff, 0xff, 0xff, 0xff, 0xff, 0xff, 0xff, 0xff, 0xff,
  0xff, 0xff, 0xff, 0xff, 0xff, 0xff, 0xff, 0xff, 0xff, 0xff, 0xff, 0xff,
  0xff, 0xff, 0xff, 0xff, 0xff, 0xff, 0xff, 0xff, 0xff, 0xff, 0xff, 0xff,
  0xff, 0xff, 0xff, 0xff, 0xff, 0xff, 0xff, 0xff, 0xff, 0xff, 0xff, 0xff,
  0xff, 0xff, 0xff, 0xff, 0xff, 0xff, 0xff, 0xff, 0xff, 0xff, 0xff, 0xff,
  0xff, 0xff, 0xff, 0xff, 0xff, 0xff, 0xff, 0xff, 0xff, 0xff, 0xff, 0xff,
  0xff, 0xff, 0xff, 0xff, 0xff, 0xff, 0xff, 0xff, 0xff, 0xff, 0xff, 0xff,
  0xff, 0xff, 0xff, 0xff, 0xff, 0xff, 0xff, 0xff, 0xff, 0xff, 0xff, 0xff,
  0xff, 0xff, 0xff, 0xff, 0xff, 0xff, 0xff, 0xff, 0xff, 0xff, 0xff, 0xff,
  0xff, 0xff, 0xff, 0xff, 0xff, 0xff, 0xff, 0xff, 0xff, 0xff, 0xff, 0xff,
  0xff, 0xff, 0xff, 0xff, 0xff, 0xff, 0xff, 0xff, 0xff, 0xff, 0xff, 0xff,
  0xff, 0xff, 0xff, 0xff, 0xff, 0xff, 0xff, 0xff, 0xff, 0xff, 0xff, 0xff,
  0xff, 0xff, 0xff, 0xff, 0xff, 0xff, 0xff, 0xff, 0xff, 0xff, 0xff, 0xff,
  0xff, 0xff, 0xff, 0xff, 0xff, 0xff, 0xff, 0xff, 0xff, 0xff, 0xff, 0xff,
  0xff, 0xff, 0xff, 0xff, 0xff, 0xff, 0xff, 0xff, 0xff, 0xff, 0xff, 0xff,
  0xff, 0xff, 0xff, 0xff, 0xff, 0xff, 0xff, 0xff, 0xff, 0xff, 0xfe, 0xff,
  0xff, 0xff, 0xfe, 0xff, 0xff, 0xff, 0xff, 0xff, 0xff, 0xf7, 0x77, 0x6c,
  0x12, 0x02, 0x12, 0x02, 0x11, 0x02, 0x11, 0x02, 0x12, 0x02, 0x32, 0x02,
  0x11, 0x02, 0x77, 0x6c, 0xff, 0xff, 0xff, 0xff, 0xbd, 0xff, 0xff, 0xf7,
  0xb5, 0x4b, 0x36, 0x8c, 0x8e, 0xe2, 0x03, 0xe8, 0x43, 0xe8, 0x05, 0xd8,
  0x04, 0xe8, 0x25, 0xe8, 0x26, 0xd8, 0x04, 0xd8, 0x03, 0xe0, 0x24, 0xe0,
  0x04, 0xe8, 0x04, 0xe0, 0x04, 0xe0, 0x04, 0xe0, 0x04, 0xe0, 0x04, 0xe0,
  0x04, 0xe0, 0x04, 0xe0, 0x04, 0xe0, 0x04, 0xe0, 0x04, 0xe0, 0x04, 0xd8,
  0x04, 0xd8, 0x24, 0xd8, 0x24, 0xd8, 0x24, 0xe0, 0x25, 0xe0, 0x44, 0xd8,
  0x89, 0xe9, 0x4f, 0xeb, 0x14, 0xdd, 0x58, 0xde, 0xdc, 0xee, 0x9d, 0xde,
  0x3c, 0xae, 0xb9, 0x74, 0x1c, 0xb6, 0xff, 0xf7, 0xfd, 0xef, 0xfe, 0xf7,
  0xbf, 0xff, 0xbf, 0xff, 0xff, 0xf7, 0xde, 0xf7, 0xff, 0xff, 0xff, 0xf7,
  0xff, 0xff, 0xdf, 0xff, 0xff, 0xf7, 0xff, 0xf7, 0xbf, 0xff, 0xff, 0xff,
  0xff, 0xff, 0xff, 0xff, 0xff, 0xff, 0xff, 0xff, 0xff, 0xff, 0xff, 0xff,
  0xff, 0xff, 0xff, 0xff, 0xff, 0xff, 0xff, 0xff, 0xff, 0xff, 0xff, 0xff,
  0xff, 0xff, 0xff, 0xff, 0xff, 0xff, 0xff, 0xff, 0xff, 0xff, 0xff, 0xff,
  0xff, 0xff, 0xff, 0xff, 0xff, 0xff, 0xff, 0xff, 0xff, 0xff, 0xff, 0xff,
  0xff, 0xff, 0xff, 0xff, 0xff, 0xff, 0xff, 0xff, 0xff, 0xff, 0xff, 0xff,
  0xff, 0xff, 0xff, 0xff, 0xff, 0xff, 0xff, 0xff, 0xff, 0xff, 0xff, 0xff,
  0xff, 0xff, 0xff, 0xff, 0xff, 0xff, 0xff, 0xff, 0xff, 0xff, 0xff, 0xff,
  0xff, 0xff, 0xff, 0xff, 0xff, 0xff, 0xff, 0xff, 0xff, 0xff, 0xff, 0xff,
  0xff, 0xff, 0xff, 0xff, 0xff, 0xff, 0xff, 0xff, 0xff, 0xff, 0xff, 0xff,
  0xff, 0xff, 0xff, 0xff, 0xff, 0xff, 0xff, 0xff, 0xff, 0xff, 0xff, 0xff,
  0xff, 0xff, 0xff, 0xff, 0xff, 0xff, 0xff, 0xff, 0xff, 0xff, 0xff, 0xff,
  0xff, 0xff, 0xff, 0xff, 0xff, 0xff, 0xff, 0xff, 0xff, 0xff, 0xff, 0xff,
  0xff, 0xff, 0xff, 0xff, 0xff, 0xff, 0xff, 0xff, 0xff, 0xff, 0xff, 0xff,
  0xff, 0xff, 0xff, 0xff, 0xff, 0xff, 0xff, 0xff, 0xff, 0xff, 0xff, 0xff,
  0xff, 0xff, 0xff, 0xff, 0xff, 0xff, 0xff, 0xff, 0xff, 0xff, 0xff, 0xff,
  0xff, 0xff, 0xff, 0xff, 0xff, 0xff, 0xff, 0xff, 0xff, 0xff, 0xff, 0xff,
  0xff, 0xff, 0xff, 0xff, 0xff, 0xff, 0xff, 0xff, 0xff, 0xff, 0xff, 0xff,
  0xff, 0xff, 0xff, 0xff, 0xff, 0xff, 0xff, 0xff, 0xff, 0xff, 0xfe, 0xff,
  0xff, 0xff, 0xfe, 0xff, 0xff, 0xff, 0xff, 0xff, 0xff, 0xf7, 0x77, 0x6c,
  0x12, 0x02, 0x12, 0x02, 0x11, 0x02, 0x11, 0x02, 0x12, 0x02, 0x32, 0x02,
  0x11, 0x02, 0x77, 0x6c, 0xff, 0xff, 0xbf, 0xff, 0xff, 0xff, 0xd9, 0x9d,
  0x10, 0x0a, 0x32, 0x0a, 0x15, 0x7c, 0x2f, 0xd3, 0x05, 0xe8, 0x04, 0xe8,
  0x04, 0xd0, 0x04, 0xd8, 0x44, 0xe8, 0x22, 0xd0, 0x04, 0xd8, 0x05, 0xf0,
  0x04, 0xe0, 0x04, 0xe0, 0x04, 0xe0, 0x04, 0xe0, 0x04, 0xe0, 0x04, 0xe0,
  0x04, 0xe0, 0x04, 0xe0, 0x04, 0xe0, 0x44, 0xd8, 0x25, 0xe0, 0x05, 0xe8,
  0x04, 0xe8, 0x04, 0xe0, 0x04, 0xd8, 0x04, 0xe0, 0x04, 0xe8, 0x24, 0xe0,
  0x05, 0xe8, 0x05, 0xe8, 0x04, 0xe8, 0x03, 0xe8, 0x44, 0xf0, 0x69, 0xe9,
  0xce, 0xda, 0x15, 0xdd, 0x59, 0xf6, 0x9c, 0xff, 0xfd, 0xff, 0xff, 0xff,
  0xff, 0xff, 0xff, 0xf7, 0xfe, 0xf7, 0xdf, 0xff, 0xdf, 0xff, 0xff, 0xf7,
  0xff, 0xf7, 0xbf, 0xff, 0xbf, 0xff, 0xff, 0xff, 0xdf, 0xff, 0xff, 0xff,
  0xff, 0xff, 0xff, 0xff, 0xff, 0xff, 0xff, 0xff, 0xff, 0xff, 0xff, 0xff,
  0xff, 0xff, 0xff, 0xff, 0xff, 0xff, 0xff, 0xff, 0xff, 0xff, 0xff, 0xff,
  0xff, 0xff, 0xff, 0xff, 0xff, 0xff, 0xff, 0xff, 0xff, 0xff, 0xff, 0xff,
  0xff, 0xff, 0xff, 0xff, 0xff, 0xff, 0xff, 0xff, 0xff, 0xff, 0xff, 0xff,
  0xff, 0xff, 0xff, 0xff, 0xff, 0xff, 0xff, 0xff, 0xff, 0xff, 0xff, 0xff,
  0xff, 0xff, 0xff, 0xff, 0xff, 0xff, 0xff, 0xff, 0xff, 0xff, 0xff, 0xff,
  0xff, 0xff, 0xff, 0xff, 0xff, 0xff, 0xff, 0xff, 0xff, 0xff, 0xff, 0xff,
  0xff, 0xff, 0xff, 0xff, 0xff, 0xff, 0xff, 0xff, 0xff, 0xff, 0xff, 0xff,
  0xff, 0xff, 0xff, 0xff, 0xff, 0xff, 0xff, 0xff, 0xff, 0xff, 0xff, 0xff,
  0xff, 0xff, 0xff, 0xff, 0xff, 0xff, 0xff, 0xff, 0xff, 0xff, 0xff, 0xff,
  0xff, 0xff, 0xff, 0xff, 0xff, 0xff, 0xff, 0xff, 0xff, 0xff, 0xff, 0xff,
  0xff, 0xff, 0xff, 0xff, 0xff, 0xff, 0xff, 0xff, 0xff, 0xff, 0xff, 0xff,
  0xff, 0xff, 0xff, 0xff, 0xff, 0xff, 0xff, 0xff, 0xff, 0xff, 0xff, 0xff,
  0xff, 0xff, 0xff, 0xff, 0xff, 0xff, 0xff, 0xff, 0xff, 0xff, 0xff, 0xff,
  0xff, 0xff, 0xff, 0xff, 0xff, 0xff, 0xff, 0xff, 0xff, 0xff, 0xff, 0xff,
  0xff, 0xff, 0xff, 0xff, 0xff, 0xff, 0xff, 0xff, 0xff, 0xff, 0xff, 0xff,
  0xff, 0xff, 0xff, 0xff, 0xff, 0xff, 0xff, 0xff, 0xff, 0xff, 0xff, 0xff,
  0xff, 0xff, 0xff, 0xff, 0xff, 0xff, 0xff, 0xff, 0xff, 0xff, 0xfe, 0xff,
  0xff, 0xff, 0xfe, 0xff, 0xff, 0xff, 0xff, 0xff, 0xff, 0xf7, 0x77, 0x6c,
  0x12, 0x02, 0x12, 0x02, 0x11, 0x02, 0x11, 0x02, 0x12, 0x02, 0x32, 0x02,
  0x11, 0x02, 0x77, 0x6c, 0xff, 0xff, 0xdf, 0xf7, 0xbd, 0xdf, 0xcf, 0x1a,
  0x33, 0x02, 0xd1, 0x09, 0x51, 0x02, 0x37, 0x5c, 0xb2, 0xcb, 0xe4, 0xf0,
  0x25, 0xf0, 0x04, 0xe8, 0x04, 0xd8, 0x23, 0xd8, 0x04, 0xd8, 0x24, 0xd8,
  0x24, 0xe0, 0x04, 0xe0, 0x04, 0xe0, 0x04, 0xe0, 0x04, 0xe0, 0x04, 0xe0,
  0x04, 0xe0, 0x04, 0xe0, 0x04, 0xe0, 0x04, 0xe8, 0x04, 0xe0, 0x04, 0xe0,
  0x04, 0xe0, 0x04, 0xe0, 0x24, 0xe8, 0x04, 0xe0, 0x04, 0xd8, 0x25, 0xe0,
  0x04, 0xe0, 0x03, 0xe8, 0x03, 0xe0, 0x04, 0xd8, 0x04, 0xd8, 0x04, 0xe0,
  0x65, 0xe8, 0x04, 0xe8, 0x04, 0xe8, 0xa7, 0xe8, 0xce, 0xea, 0x57, 0xf5,
  0x5d, 0xf7, 0xde, 0xff, 0xdf, 0xff, 0xff, 0xff, 0x9e, 0xff, 0xff, 0xff,
  0xff, 0xf7, 0xbe, 0xf7, 0xff, 0xff, 0xff, 0xf7, 0xff, 0xf7, 0xff, 0xff,
  0xff, 0xff, 0xff, 0xff, 0xff, 0xff, 0xff, 0xff, 0xff, 0xff, 0xff, 0xff,
  0xff, 0xff, 0xff, 0xff, 0xff, 0xff, 0xff, 0xff, 0xff, 0xff, 0xff, 0xff,
  0xff, 0xff, 0xff, 0xff, 0xff, 0xff, 0xff, 0xff, 0xff, 0xff, 0xff, 0xff,
  0xff, 0xff, 0xff, 0xff, 0xff, 0xff, 0xff, 0xff, 0xff, 0xff, 0xff, 0xff,
  0xff, 0xff, 0xff, 0xff, 0xff, 0xff, 0xff, 0xff, 0xff, 0xff, 0xff, 0xff,
  0xff, 0xff, 0xff, 0xff, 0xff, 0xff, 0xff, 0xff, 0xff, 0xff, 0xff, 0xff,
  0xff, 0xff, 0xff, 0xff, 0xff, 0xff, 0xff, 0xff, 0xff, 0xff, 0xff, 0xff,
  0xff, 0xff, 0xff, 0xff, 0xff, 0xff, 0xff, 0xff, 0xff, 0xff, 0xff, 0xff,
  0xff, 0xff, 0xff, 0xff, 0xff, 0xff, 0xff, 0xff, 0xff, 0xff, 0xff, 0xff,
  0xff, 0xff, 0xff, 0xff, 0xff, 0xff, 0xff, 0xff, 0xff, 0xff, 0xff, 0xff,
  0xff, 0xff, 0xff, 0xff, 0xff, 0xff, 0xff, 0xff, 0xff, 0xff, 0xff, 0xff,
  0xff, 0xff, 0xff, 0xff, 0xff, 0xff, 0xff, 0xff, 0xff, 0xff, 0xff, 0xff,
  0xff, 0xff, 0xff, 0xff, 0xff, 0xff, 0xff, 0xff, 0xff, 0xff, 0xff, 0xff,
  0xff, 0xff, 0xff, 0xff, 0xff, 0xff, 0xff, 0xff, 0xff, 0xff, 0xff, 0xff,
  0xff, 0xff, 0xff, 0xff, 0xff, 0xff, 0xff, 0xff, 0xff, 0xff, 0xff, 0xff,
  0xff, 0xff, 0xff, 0xff, 0xff, 0xff, 0xff, 0xff, 0xff, 0xff, 0xff, 0xff,
  0xff, 0xff, 0xff, 0xff, 0xff, 0xff, 0xff, 0xff, 0xff, 0xff, 0xff, 0xff,
  0xff, 0xff, 0xff, 0xff, 0xff, 0xff, 0xff, 0xff, 0xff, 0xff, 0xfe, 0xff,
  0xff, 0xff, 0xfe, 0xff, 0xff, 0xff, 0xff, 0xff, 0xff, 0xf7, 0x77, 0x6c,
  0x12, 0x02, 0x12, 0x02, 0x11, 0x02, 0x11, 0x02, 0x12, 0x02, 0x32, 0x02,
  0x11, 0x02, 0x77, 0x6c, 0xff, 0xff, 0xff, 0xff, 0xf7, 0x74, 0x31, 0x02,
  0x12, 0x0a, 0x32, 0x0a, 0x52, 0x02, 0xf1, 0x01, 0x53, 0x33, 0x14, 0xbc,
  0x69, 0xe1, 0x02, 0xf0, 0x03, 0xe8, 0x05, 0xe0, 0x05, 0xe0, 0x24, 0xe0,
  0x03, 0xe0, 0x04, 0xe0, 0x04, 0xe0, 0x04, 0xe0, 0x04, 0xe0, 0x04, 0xe0,
  0x04, 0xe0, 0x04, 0xe0, 0x04, 0xe0, 0x24, 0xd8, 0x24, 0xe0, 0x24, 0xe8,
  0x04, 0xe8, 0x04, 0xe0, 0x04, 0xe0, 0x25, 0xd8, 0x45, 0xd8, 0x03, 0xe0,
  0x24, 0xd8, 0x24, 0xd8, 0x05, 0xe0, 0x05, 0xe0, 0x25, 0xe8, 0x04, 0xe0,
  0x03, 0xe0, 0x25, 0xd8, 0x25, 0xe0, 0x24, 0xe0, 0x04, 0xe0, 0x04, 0xe0,
  0xe8, 0xe8, 0x12, 0xf4, 0x9c, 0xff, 0xfe, 0xef, 0xfe, 0xef, 0xdf, 0xff,
  0xff, 0xff, 0xff, 0xff, 0xff, 0xff, 0xde, 0xf7, 0xff, 0xff, 0xff, 0xff,
  0xff, 0xff, 0xff, 0xff, 0xff, 0xff, 0xff, 0xff, 0xff, 0xff, 0xff, 0xff,
  0xff, 0xff, 0xff, 0xff, 0xff, 0xff, 0xff, 0xff, 0xff, 0xff, 0xff, 0xff,
  0xff, 0xff, 0xff, 0xff, 0xff, 0xff, 0xff, 0xff, 0xff, 0xff, 0xff, 0xff,
  0xff, 0xff, 0xff, 0xff, 0xff, 0xff, 0xff, 0xff, 0xff, 0xff, 0xff, 0xff,
  0xff, 0xff, 0xff, 0xff, 0xff, 0xff, 0xff, 0xff, 0xff, 0xff, 0xff, 0xff,
  0xff, 0xff, 0xff, 0xff, 0xff, 0xff, 0xff, 0xff, 0xff, 0xff, 0xff, 0xff,
  0xff, 0xff, 0xff, 0xff, 0xff, 0xff, 0xff, 0xff, 0xff, 0xff, 0xff, 0xff,
  0xff, 0xff, 0xff, 0xff, 0xff, 0xff, 0xff, 0xff, 0xff, 0xff, 0xff, 0xff,
  0xff, 0xff, 0xff, 0xff, 0xff, 0xff, 0xff, 0xff, 0xff, 0xff, 0xff, 0xff,
  0xff, 0xff, 0xff, 0xff, 0xff, 0xff, 0xff, 0xff, 0xff, 0xff, 0xff, 0xff,
  0xff, 0xff, 0xff, 0xff, 0xff, 0xff, 0xff, 0xff, 0xff, 0xff, 0xff, 0xff,
  0xff, 0xff, 0xff, 0xff, 0xff, 0xff, 0xff, 0xff, 0xff, 0xff, 0xff, 0xff,
  0xff, 0xff, 0xff, 0xff, 0xff, 0xff, 0xff, 0xff, 0xff, 0xff, 0xff, 0xff,
  0xff, 0xff, 0xff, 0xff, 0xff, 0xff, 0xff, 0xff, 0xff, 0xff, 0xff, 0xff,
  0xff, 0xff, 0xff, 0xff, 0xff, 0xff, 0xff, 0xff, 0xff, 0xff, 0xff, 0xff,
  0xff, 0xff, 0xff, 0xff, 0xff, 0xff, 0xff, 0xff, 0xff, 0xff, 0xff, 0xff,
  0xff, 0xff, 0xff, 0xff, 0xff, 0xff, 0xff, 0xff, 0xff, 0xff, 0xff, 0xff,
  0xff, 0xff, 0xff, 0xff, 0xff, 0xff, 0xff, 0xff, 0xff, 0xff, 0xfe, 0xff,
  0xff, 0xff, 0xfe, 0xff, 0xff, 0xff, 0xff, 0xff, 0xff, 0xf7, 0x77, 0x6c,
  0x12, 0x02, 0x12, 0x02, 0x11, 0x02, 0x11, 0x02, 0x12, 0x02, 0x32, 0x02,
  0x11, 0x02, 0x77, 0x6c, 0xff, 0xff, 0x9c, 0xd6, 0xf1, 0x09, 0x33, 0x02,
  0xd0, 0x09, 0xf1, 0x09, 0x32, 0x02, 0x11, 0x02, 0x13, 0x12, 0xf4, 0x12,
  0x96, 0x94, 0xad, 0xf2, 0x04, 0xe8, 0x04, 0xe0, 0x05, 0xe0, 0x04, 0xe8,
  0x44, 0xe0, 0x04, 0xe0, 0x04, 0xe0, 0x04, 0xe0, 0x04, 0xe0, 0x04, 0xe0,
  0x04, 0xe0, 0x04, 0xe0, 0x04, 0xe0, 0x04, 0xe8, 0x04, 0xe0, 0x04, 0xd8,
  0x04, 0xe0, 0x04, 0xe8, 0x05, 0xe8, 0x04, 0xe8, 0x04, 0xe0, 0x24, 0xe8,
  0x25, 0xd8, 0x05, 0xd8, 0x05, 0xe0, 0x04, 0xe8, 0x03, 0xe0, 0x24, 0xd8,
  0x44, 0xd8, 0x25, 0xd8, 0x05, 0xe0, 0x04, 0xe0, 0x24, 0xe0, 0x03, 0xe8,
  0x02, 0xe0, 0x66, 0xe0, 0xaa, 0xe1, 0x7a, 0xfe, 0xfe, 0xf7, 0xfe, 0xef,
  0xdf, 0xff, 0xff, 0xff, 0xff, 0xf7, 0xbe, 0xff, 0xdf, 0xff, 0xff, 0xff,
  0xff, 0xff, 0xff, 0xff, 0xff, 0xff, 0xff, 0xff, 0xff, 0xff, 0xff, 0xff,
  0xff, 0xff, 0xff, 0xff, 0xff, 0xff, 0xff, 0xff, 0xff, 0xff, 0xff, 0xff,
  0xff, 0xff, 0xff, 0xff, 0xff, 0xff, 0xff, 0xff, 0xff, 0xff, 0xff, 0xff,
  0xff, 0xff, 0xff, 0xff, 0xff, 0xff, 0xff, 0xff, 0xff, 0xff, 0xff, 0xff,
  0xff, 0xff, 0xff, 0xff, 0xff, 0xff, 0xff, 0xff, 0xff, 0xff, 0xff, 0xff,
  0xff, 0xff, 0xff, 0xff, 0xff, 0xff, 0xff, 0xff, 0xff, 0xff, 0xff, 0xff,
  0xff, 0xff, 0xff, 0xff, 0xff, 0xff, 0xff, 0xff, 0xff, 0xff, 0xff, 0xff,
  0xff, 0xff, 0xff, 0xff, 0xff, 0xff, 0xff, 0xff, 0xff, 0xff, 0xff, 0xff,
  0xff, 0xff, 0xff, 0xff, 0xff, 0xff, 0xff, 0xff, 0xff, 0xff, 0xff, 0xff,
  0xff, 0xff, 0xff, 0xff, 0xff, 0xff, 0xff, 0xff, 0xff, 0xff, 0xff, 0xff,
  0xff, 0xff, 0xff, 0xff, 0xff, 0xff, 0xff, 0xff, 0xff, 0xff, 0xff, 0xff,
  0xff, 0xff, 0xff, 0xff, 0xff, 0xff, 0xff, 0xff, 0xff, 0xff, 0xff, 0xff,
  0xff, 0xff, 0xff, 0xff, 0xff, 0xff, 0xff, 0xff, 0xff, 0xff, 0xff, 0xff,
  0xff, 0xff, 0xff, 0xff, 0xff, 0xff, 0xff, 0xff, 0xff, 0xff, 0xff, 0xff,
  0xff, 0xff, 0xff, 0xff, 0xff, 0xff, 0xff, 0xff, 0xff, 0xff, 0xff, 0xff,
  0xff, 0xff, 0xff, 0xff, 0xff, 0xff, 0xff, 0xff, 0xff, 0xff, 0xff, 0xff,
  0xff, 0xff, 0xff, 0xff, 0xff, 0xff, 0xff, 0xff, 0xff, 0xff, 0xff, 0xff,
  0xff, 0xff, 0xff, 0xff, 0xff, 0xff, 0xff, 0xff, 0xff, 0xff, 0xfe, 0xff,
  0xff, 0xff, 0xfe, 0xff, 0xff, 0xff, 0xff, 0xff, 0xff, 0xf7, 0x77, 0x6c,
  0x12, 0x02, 0x12, 0x02, 0x11, 0x02, 0x11, 0x02, 0x12, 0x02, 0x32, 0x02,
  0x11, 0x02, 0x77, 0x6c, 0xff, 0xff, 0xb4, 0x4b, 0x31, 0x02, 0x33, 0x02,
  0xf1, 0x01, 0x52, 0x0a, 0x12, 0x02, 0xf2, 0x09, 0x11, 0x02, 0xd1, 0x01,
  0x52, 0x0a, 0x15, 0x64, 0xb1, 0xd3, 0xe6, 0xf0, 0x02, 0xe0, 0x65, 0xe0,
  0x04, 0xe0, 0x04, 0xe0, 0x04, 0xe0, 0x04, 0xe0, 0x04, 0xe0, 0x04, 0xe0,
  0x04, 0xe0, 0x04, 0xe0, 0x04, 0xe0, 0x04, 0xe0, 0x04, 0xe0, 0x04, 0xe0,
  0x24, 0xe0, 0x24, 0xd8, 0x24, 0xd8, 0x04, 0xe0, 0x04, 0xe8, 0x05, 0xe0,
  0x04, 0xe0, 0x03, 0xe0, 0x24, 0xe0, 0x25, 0xe0, 0x05, 0xd8, 0x04, 0xe0,
  0x04, 0xe8, 0x03, 0xe8, 0x04, 0xe0, 0x05, 0xd8, 0x04, 0xd8, 0x45, 0xe0,
  0x04, 0xe0, 0x24, 0xe0, 0x04, 0xe0, 0x0b, 0xe9, 0xfc, 0xfe, 0xfe, 0xef,
  0xbf, 0xff, 0xdf, 0xff, 0xff, 0xf7, 0xff, 0xff, 0xff, 0xf7, 0xff, 0xff,
  0xff, 0xff, 0xff, 0xff, 0xff, 0xff, 0xff, 0xff, 0xff, 0xff, 0xff, 0xff,
  0xff, 0xff, 0xff, 0xff, 0xff, 0xff, 0xff, 0xff, 0xff, 0xff, 0xff, 0xff,
  0xff, 0xff, 0xff, 0xff, 0xff, 0xff, 0xff, 0xff, 0xff, 0xff, 0xff, 0xff,
  0xff, 0xff, 0xff, 0xff, 0xff, 0xff, 0xff, 0xff, 0xff, 0xff, 0xff, 0xff,
  0xff, 0xff, 0xff, 0xff, 0xff, 0xff, 0xff, 0xff, 0xff, 0xff, 0xff, 0xff,
  0xff, 0xff, 0xff, 0xff, 0xff, 0xff, 0xff, 0xff, 0xff, 0xff, 0xff, 0xff,
  0xff, 0xff, 0xff, 0xff, 0xff, 0xff, 0xff, 0xff, 0xff, 0xff, 0xff, 0xff,
  0xff, 0xff, 0xff, 0xff, 0xff, 0xff, 0xff, 0xff, 0xff, 0xff, 0xff, 0xff,
  0xff, 0xff, 0xff, 0xff, 0xff, 0xff, 0xff, 0xff, 0xff, 0xff, 0xff, 0xff,
  0xff, 0xff, 0xff, 0xff, 0xff, 0xff, 0xff, 0xff, 0xff, 0xff, 0xff, 0xff,
  0xff, 0xff, 0xff, 0xff, 0xff, 0xff, 0xff, 0xff, 0xff, 0xff, 0xff, 0xff,
  0xff, 0xff, 0xff, 0xff, 0xff, 0xff, 0xff, 0xff, 0xff, 0xff, 0xff, 0xff,
  0xff, 0xff, 0xff, 0xff, 0xff, 0xff, 0xff, 0xff, 0xff, 0xff, 0xff, 0xff,
  0xff, 0xff, 0xff, 0xff, 0xff, 0xff, 0xff, 0xff, 0xff, 0xff, 0xff, 0xff,
  0xff, 0xff, 0xff, 0xff, 0xff, 0xff, 0xff, 0xff, 0xff, 0xff, 0xff, 0xff,
  0xff, 0xff, 0xff, 0xff, 0xff, 0xff, 0xff, 0xff, 0xff, 0xff, 0xff, 0xff,
  0xff, 0xff, 0xff, 0xff, 0xff, 0xff, 0xff, 0xff, 0xff, 0xff, 0xff, 0xff,
  0xff, 0xff, 0xff, 0xff, 0xff, 0xff, 0xff, 0xff, 0xff, 0xff, 0xff, 0xff,
  0xdf, 0xff, 0xff, 0xff, 0xff, 0xff, 0xfe, 0xff, 0xff, 0xff, 0x76, 0x6c,
  0x12, 0x02, 0x32, 0x0a, 0xf1, 0x01, 0x31, 0x02, 0x32, 0x02, 0x12, 0x0a,
  0xd0, 0x09, 0xd9, 0x7c, 0x3c, 0xa6, 0x12, 0x02, 0x12, 0x02, 0x12, 0x02,
  0x12, 0x02, 0x12, 0x02, 0x12, 0x02, 0x12, 0x02, 0x12, 0x02, 0x12, 0x02,
  0x33, 0x02, 0x52, 0x02, 0x12, 0x3b, 0x96, 0xbc, 0xe9, 0xe1, 0x02, 0xe8,
  0x05, 0xe8, 0x25, 0xe0, 0x04, 0xe0, 0x04, 0xe8, 0x03, 0xd8, 0x23, 0xd8,
  0x24, 0xd8, 0x04, 0xe0, 0x25, 0xe0, 0x24, 0xd8, 0x04, 0xe0, 0x04, 0xe0,
  0x04, 0xe0, 0x04, 0xe0, 0x25, 0xe0, 0x24, 0xe0, 0x04, 0xd8, 0x04, 0xe0,
  0x04, 0xe0, 0x04, 0xe0, 0x04, 0xe0, 0x04, 0xe0, 0x04, 0xe0, 0x04, 0xe0,
  0x04, 0xe0, 0x04, 0xe0, 0x04, 0xe0, 0x04, 0xe0, 0x04, 0xe0, 0x04, 0xe0,
  0x04, 0xe0, 0x04, 0xe0, 0x04, 0xe0, 0x24, 0xe0, 0xeb, 0xf1, 0xdd, 0xff,
  0xff, 0xf7, 0xdf, 0xf7, 0xde, 0xff, 0xde, 0xf7, 0xff, 0xf7, 0xff, 0xff,
  0xff, 0xff, 0xff, 0xff, 0xff, 0xff, 0xff, 0xff, 0xff, 0xff, 0xff, 0xff,
  0xff, 0xff, 0xff, 0xff, 0xff, 0xff, 0xff, 0xff, 0xff, 0xff, 0xff, 0xff,
  0xff, 0xff, 0xff, 0xff, 0xff, 0xff, 0xff, 0xff, 0xff, 0xff, 0xff, 0xff,
  0xff, 0xff, 0xff, 0xff, 0xff, 0xff, 0xff, 0xff, 0xff, 0xff, 0xff, 0xff,
  0xff, 0xff, 0xff, 0xff, 0xff, 0xff, 0xff, 0xff, 0xff, 0xff, 0xff, 0xff,
  0xff, 0xff, 0xff, 0xff, 0xff, 0xff, 0xff, 0xff, 0xff, 0xff, 0xff, 0xff,
  0xff, 0xff, 0xff, 0xff, 0xff, 0xff, 0xff, 0xff, 0xff, 0xff, 0xff, 0xff,
  0xff, 0xff, 0xff, 0xff, 0xff, 0xff, 0xff, 0xff, 0xff, 0xff, 0xff, 0xff,
  0xff, 0xff, 0xff, 0xff, 0xff, 0xff, 0xff, 0xff, 0xff, 0xff, 0xff, 0xff,
  0xff, 0xff, 0xff, 0xff, 0xff, 0xff, 0xff, 0xff, 0xff, 0xff, 0xff, 0xff,
  0xff, 0xff, 0xff, 0xff, 0xff, 0xff, 0xff, 0xff, 0xff, 0xff, 0xff, 0xff,
  0xff, 0xff, 0xff, 0xff, 0xff, 0xff, 0xff, 0xff, 0xff, 0xff, 0xff, 0xff,
  0xff, 0xff, 0xff, 0xff, 0xff, 0xff, 0xff, 0xff, 0xff, 0xff, 0xff, 0xff,
  0xff, 0xff, 0xff, 0xff, 0xff, 0xff, 0xff, 0xff, 0xff, 0xff, 0xff, 0xff,
  0xff, 0xff, 0xff, 0xff, 0xff, 0xff, 0xff, 0xff, 0xff, 0xff, 0xff, 0xff,
  0xff, 0xff, 0xff, 0xff, 0xff, 0xff, 0xff, 0xff, 0xff, 0xff, 0xff, 0xff,
  0xff, 0xff, 0xff, 0xff, 0xff, 0xff, 0xff, 0xff, 0xff, 0xff, 0xff, 0xff,
  0xff, 0xff, 0xff, 0xff, 0xff, 0xff, 0xff, 0xff, 0xff, 0xff, 0xff, 0xff,
  0xff, 0xff, 0xff, 0xff, 0xff, 0xff, 0xfe, 0xff, 0xff, 0xf7, 0x97, 0x74,
  0xf1, 0x01, 0xf1, 0x01, 0x11, 0x02, 0x32, 0x02, 0x11, 0x02, 0x12, 0x02,
  0x32, 0x0a, 0x95, 0x43, 0x52, 0x3b, 0x12, 0x02, 0x12, 0x02, 0x12, 0x02,
  0x12, 0x02, 0x12, 0x02, 0x12, 0x02, 0x12, 0x02, 0x12, 0x02, 0x30, 0x02,
  0xf2, 0x09, 0xd3, 0x09, 0x12, 0x02, 0x91, 0x0a, 0x77, 0x94, 0x31, 0xdb,
  0x24, 0xe0, 0x03, 0xe0, 0x04, 0xe8, 0x04, 0xd8, 0x04, 0xd8, 0x05, 0xf0,
  0x05, 0xe8, 0x24, 0xe0, 0x03, 0xe0, 0x04, 0xe0, 0x24, 0xe0, 0x04, 0xe0,
  0x04, 0xe0, 0x04, 0xe0, 0x04, 0xe0, 0x04, 0xe0, 0x24, 0xe0, 0x04, 0xe0,
  0x04, 0xe0, 0x04, 0xe0, 0x04, 0xe0, 0x04, 0xe0, 0x04, 0xe0, 0x04, 0xe0,
  0x04, 0xe0, 0x04, 0xe0, 0x04, 0xe0, 0x04, 0xe0, 0x04, 0xe0, 0x04, 0xe0,
  0x04, 0xe0, 0x04, 0xe0, 0x04, 0xe0, 0x04, 0xd8, 0xc6, 0xd8, 0x76, 0xed,
  0xff, 0xff, 0xff, 0xf7, 0xde, 0xff, 0xfe, 0xf7, 0xff, 0xff, 0xff, 0xff,
  0xff, 0xff, 0xff, 0xff, 0xff, 0xff, 0xff, 0xff, 0xff, 0xff, 0xff, 0xff,
  0xff, 0xff, 0xff, 0xff, 0xff, 0xff, 0xff, 0xff, 0xff, 0xff, 0xff, 0xff,
  0xff, 0xff, 0xff, 0xff, 0xff, 0xff, 0xff, 0xff, 0xff, 0xff, 0xff, 0xff,
  0xff, 0xff, 0xff, 0xff, 0xff, 0xff, 0xff, 0xff, 0xff, 0xff, 0xff, 0xff,
  0xff, 0xff, 0xff, 0xff, 0xff, 0xff, 0xff, 0xff, 0xff, 0xff, 0xff, 0xff,
  0xff, 0xff, 0xff, 0xff, 0xff, 0xff, 0xff, 0xff, 0xff, 0xff, 0xff, 0xff,
  0xff, 0xff, 0xff, 0xff, 0xff, 0xff, 0xff, 0xff, 0xff, 0xff, 0xff, 0xff,
  0xff, 0xff, 0xff, 0xff, 0xff, 0xff, 0xff, 0xff, 0xff, 0xff, 0xff, 0xff,
  0xff, 0xff, 0xff, 0xff, 0xff, 0xff, 0xff, 0xff, 0xff, 0xff, 0xff, 0xff,
  0xff, 0xff, 0xff, 0xff, 0xff, 0xff, 0xff, 0xff, 0xff, 0xff, 0xff, 0xff,
  0xff, 0xff, 0xff, 0xff, 0xff, 0xff, 0xff, 0xff, 0xff, 0xff, 0xff, 0xff,
  0xff, 0xff, 0xff, 0xff, 0xff, 0xff, 0xff, 0xff, 0xff, 0xff, 0xff, 0xff,
  0xff, 0xff, 0xff, 0xff, 0xff, 0xff, 0xff, 0xff, 0xff, 0xff, 0xff, 0xff,
  0xff, 0xff, 0xff, 0xff, 0xff, 0xff, 0xff, 0xff, 0xff, 0xff, 0xff, 0xff,
  0xff, 0xff, 0xff, 0xff, 0xff, 0xff, 0xff, 0xff, 0xff, 0xff, 0xff, 0xff,
  0xff, 0xff, 0xff, 0xff, 0xff, 0xff, 0xff, 0xff, 0xff, 0xff, 0xff, 0xff,
  0xff, 0xff, 0xff, 0xff, 0xff, 0xff, 0xff, 0xff, 0xff, 0xff, 0xff, 0xff,
  0xff, 0xff, 0xff, 0xff, 0xff, 0xff, 0xff, 0xff, 0xff, 0xff, 0xff, 0xff,
  0xff, 0xff, 0xff, 0xff, 0xff, 0xff, 0xfe, 0xff, 0xdf, 0xf7, 0xb7, 0x74,
  0xf2, 0x01, 0xf1, 0x01, 0x11, 0x02, 0x31, 0x0a, 0x11, 0x02, 0x12, 0x02,
  0x12, 0x02, 0x52, 0x0a, 0xf0, 0x01, 0x12, 0x02, 0x12, 0x02, 0x12, 0x02,
  0x12, 0x02, 0x12, 0x02, 0x12, 0x02, 0x12, 0x02, 0x12, 0x02, 0xf2, 0x09,
  0xf2, 0x09, 0x33, 0x0a, 0xf1, 0x01, 0x32, 0x02, 0x13, 0x02, 0xb5, 0x5b,
  0x54, 0xdd, 0x49, 0xf9, 0x24, 0xd0, 0x05, 0xe8, 0x05, 0xf8, 0x04, 0xd8,
  0x44, 0xd8, 0x24, 0xe0, 0x24, 0xe0, 0x04, 0xe0, 0x04, 0xe0, 0x04, 0xe0,
  0x04, 0xe0, 0x04, 0xe0, 0x04, 0xe0, 0x04, 0xe0, 0x24, 0xe0, 0x04, 0xe0,
  0x04, 0xe0, 0x04, 0xe0, 0x04, 0xe0, 0x04, 0xe0, 0x04, 0xe0, 0x04, 0xe0,
  0x04, 0xe0, 0x04, 0xe0, 0x04, 0xe0, 0x04, 0xe0, 0x04, 0xe0, 0x04, 0xe0,
  0x04, 0xe0, 0x04, 0xe0, 0x04, 0xe0, 0x04, 0xe0, 0x04, 0xd0, 0xee, 0xe2,
  0xdf, 0xff, 0xff, 0xff, 0xde, 0xff, 0xff, 0xff, 0xdf, 0xff, 0xff, 0xff,
  0xff, 0xff, 0xff, 0xff, 0xff, 0xff, 0xff, 0xff, 0xff, 0xff, 0xff, 0xff,
  0xff, 0xff, 0xff, 0xff, 0xff, 0xff, 0xff, 0xff, 0xff, 0xff, 0xff, 0xff,
  0xff, 0xff, 0xff, 0xff, 0xff, 0xff, 0xff, 0xff, 0xff, 0xff, 0xff, 0xff,
  0xff, 0xff, 0xff, 0xff, 0xff, 0xff, 0xff, 0xff, 0xff, 0xff, 0xff, 0xff,
  0xff, 0xff, 0xff, 0xff, 0xff, 0xff, 0xff, 0xff, 0xff, 0xff, 0xff, 0xff,
  0xff, 0xff, 0xff, 0xff, 0xff, 0xff, 0xff, 0xff, 0xff, 0xff, 0xff, 0xff,
  0xff, 0xff, 0xff, 0xff, 0xff, 0xff, 0xff, 0xff, 0xff, 0xff, 0xff, 0xff,
  0xff, 0xff, 0xff, 0xff, 0xff, 0xff, 0xff, 0xff, 0xff, 0xff, 0xff, 0xff,
  0xff, 0xff, 0xff, 0xff, 0xff, 0xff, 0xff, 0xff, 0xff, 0xff, 0xff, 0xff,
  0xff, 0xff, 0xff, 0xff, 0xff, 0xff, 0xff, 0xff, 0xff, 0xff, 0xff, 0xff,
  0xff, 0xff, 0xff, 0xff, 0xff, 0xff, 0xff, 0xff, 0xff, 0xff, 0xff, 0xff,
  0xff, 0xff, 0xff, 0xff, 0xff, 0xff, 0xff, 0xff, 0xff, 0xff, 0xff, 0xff,
  0xff, 0xff, 0xff, 0xff, 0xff, 0xff, 0xff, 0xff, 0xff, 0xff, 0xff, 0xff,
  0xff, 0xff, 0xff, 0xff, 0xff, 0xff, 0xff, 0xff, 0xff, 0xff, 0xff, 0xff,
  0xff, 0xff, 0xff, 0xff, 0xff, 0xff, 0xff, 0xff, 0xff, 0xff, 0xff, 0xff,
  0xff, 0xff, 0xff, 0xff, 0xff, 0xff, 0xff, 0xff, 0xff, 0xff, 0xff, 0xff,
  0xff, 0xff, 0xff, 0xff, 0xff, 0xff, 0xff, 0xff, 0xff, 0xff, 0xff, 0xff,
  0xff, 0xff, 0xff, 0xff, 0xff, 0xff, 0xff, 0xff, 0xff, 0xff, 0xff, 0xff,
  0xff, 0xff, 0xff, 0xff, 0xff, 0xff, 0xff, 0xff, 0xff, 0xf7, 0x97, 0x74,
  0x12, 0x02, 0x32, 0x02, 0x11, 0x02, 0x11, 0x02, 0x11, 0x02, 0x12, 0x02,
  0xf2, 0x01, 0xf2, 0x01, 0x52, 0x02, 0x12, 0x02, 0x12, 0x02, 0x12, 0x02,
  0x12, 0x02, 0x12, 0x02, 0x12, 0x02, 0x12, 0x02, 0x12, 0x02, 0x33, 0x02,
  0x11, 0x02, 0xf0, 0x01, 0x50, 0x0a, 0xf0, 0x01, 0x13, 0x02, 0x17, 0x54,
  0xdf, 0xff, 0x5c, 0xf7, 0xef, 0xea, 0x04, 0xd8, 0x04, 0xe8, 0x44, 0xe8,
  0x03, 0xd8, 0x24, 0xe0, 0x04, 0xe8, 0x04, 0xe0, 0x04, 0xe0, 0x04, 0xe0,
  0x04, 0xe0, 0x24, 0xe0, 0x24, 0xe0, 0x04, 0xe0, 0x04, 0xe0, 0x04, 0xe0,
  0x04, 0xe0, 0x04, 0xe0, 0x04, 0xe0, 0x04, 0xe0, 0x04, 0xe0, 0x04, 0xe0,
  0x04, 0xe0, 0x04, 0xe0, 0x04, 0xe0, 0x04, 0xe0, 0x04, 0xe0, 0x04, 0xe0,
  0x04, 0xe0, 0x04, 0xe0, 0x04, 0xe0, 0x24, 0xe0, 0x04, 0xe0, 0x29, 0xe9,
  0xbe, 0xff, 0xdf, 0xff, 0xff, 0xff, 0xff, 0xff, 0xbf, 0xff, 0xff, 0xff,
  0xff, 0xff, 0xff, 0xff, 0xff, 0xff, 0xff, 0xff, 0xff, 0xff, 0xff, 0xff,
  0xff, 0xff, 0xff, 0xff, 0xff, 0xff, 0xff, 0xff, 0xff, 0xff, 0xff, 0xff,
  0xff, 0xff, 0xff, 0xff, 0xff, 0xff, 0xff, 0xff, 0xff, 0xff, 0xff, 0xff,
  0xff, 0xff, 0xff, 0xff, 0xff, 0xff, 0xff, 0xff, 0xff, 0xff, 0xff, 0xff,
  0xff, 0xff, 0xff, 0xff, 0xff, 0xff, 0xff, 0xff, 0xff, 0xff, 0xff, 0xff,
  0xff, 0xff, 0xff, 0xff, 0xff, 0xff, 0xff, 0xff, 0xff, 0xff, 0xff, 0xff,
  0xff, 0xff, 0xff, 0xff, 0xff, 0xff, 0xff, 0xff, 0xff, 0xff, 0xff, 0xff,
  0xff, 0xff, 0xff, 0xff, 0xff, 0xff, 0xff, 0xff, 0xff, 0xff, 0xff, 0xff,
  0xff, 0xff, 0xff, 0xff, 0xff, 0xff, 0xff, 0xff, 0xff, 0xff, 0xff, 0xff,
  0xff, 0xff, 0xff, 0xff, 0xff, 0xff, 0xff, 0xff, 0xff, 0xff, 0xff, 0xff,
  0xff, 0xff, 0xff, 0xff, 0xff, 0xff, 0xff, 0xff, 0xff, 0xff, 0xff, 0xff,
  0xff, 0xff, 0xff, 0xff, 0xff, 0xff, 0xff, 0xff, 0xff, 0xff, 0xff, 0xff,
  0xff, 0xff, 0xff, 0xff, 0xff, 0xff, 0xff, 0xff, 0xff, 0xff, 0xff, 0xff,
  0xff, 0xff, 0xff, 0xff, 0xff, 0xff, 0xff, 0xff, 0xff, 0xff, 0xff, 0xff,
  0xff, 0xff, 0xff, 0xff, 0xff, 0xff, 0xff, 0xff, 0xff, 0xff, 0xff, 0xff,
  0xff, 0xff, 0xff, 0xff, 0xff, 0xff, 0xff, 0xff, 0xff, 0xff, 0xff, 0xff,
  0xff, 0xff, 0xff, 0xff, 0xff, 0xff, 0xff, 0xff, 0xff, 0xff, 0xff, 0xff,
  0xff, 0xff, 0xff, 0xff, 0xff, 0xff, 0xff, 0xff, 0xff, 0xff, 0xfe, 0xff,
  0xff, 0xff, 0xdf, 0xff, 0xff, 0xff, 0xff, 0xff, 0xff, 0xff, 0x56, 0x6c,
  0x32, 0x02, 0x12, 0x02, 0x12, 0x02, 0x11, 0x02, 0xf1, 0x01, 0x11, 0x0a,
  0x32, 0x0a, 0x11, 0x02, 0x12, 0x02, 0x12, 0x02, 0x12, 0x02, 0x12, 0x02,
  0x12, 0x02, 0x12, 0x02, 0x12, 0x02, 0x12, 0x02, 0x12, 0x02, 0xef, 0x01,
  0x52, 0x02, 0x11, 0x0a, 0xf1, 0x09, 0x53, 0x02, 0x50, 0x0a, 0x3f, 0xd7,
  0xbe, 0xff, 0xff, 0xff, 0xff, 0xf7, 0x96, 0xf5, 0x28, 0xd9, 0x03, 0xe0,
  0x45, 0xf0, 0x04, 0xe0, 0x04, 0xe0, 0x04, 0xe0, 0x25, 0xe8, 0x04, 0xe0,
  0x04, 0xd8, 0x04, 0xe0, 0x04, 0xe0, 0x04, 0xe0, 0x04, 0xe0, 0x04, 0xe0,
  0x04, 0xe0, 0x04, 0xe0, 0x04, 0xe0, 0x04, 0xe0, 0x04, 0xe0, 0x04, 0xe0,
  0x04, 0xe0, 0x04, 0xe0, 0x04, 0xe0, 0x04, 0xe0, 0x04, 0xe0, 0x04, 0xe0,
  0x04, 0xe0, 0x04, 0xe0, 0x04, 0xe0, 0x04, 0xe0, 0x04, 0xe8, 0x46, 0xe0,
  0x5d, 0xff, 0xdf, 0xff, 0xff, 0xff, 0xff, 0xf7, 0xdf, 0xff, 0xff, 0xff,
  0xff, 0xff, 0xff, 0xff, 0xff, 0xff, 0xff, 0xff, 0xff, 0xff, 0xff, 0xff,
  0xff, 0xff, 0xff, 0xff, 0xff, 0xff, 0xff, 0xff, 0xff, 0xff, 0xff, 0xff,
  0xff, 0xff, 0xff, 0xff, 0xff, 0xff, 0xff, 0xff, 0xff, 0xff, 0xff, 0xff,
  0xff, 0xff, 0xff, 0xff, 0xff, 0xff, 0xff, 0xff, 0xff, 0xff, 0xff, 0xff,
  0xff, 0xff, 0xff, 0xff, 0xff, 0xff, 0xff, 0xff, 0xff, 0xff, 0xff, 0xff,
  0xff, 0xff, 0xff, 0xff, 0xff, 0xff, 0xff, 0xff, 0xff, 0xff, 0xff, 0xff,
  0xff, 0xff, 0xff, 0xff, 0xff, 0xff, 0xff, 0xff, 0xff, 0xff, 0xff, 0xff,
  0xff, 0xff, 0xff, 0xff, 0xff, 0xff, 0xff, 0xff, 0xff, 0xff, 0xff, 0xff,
  0xff, 0xff, 0xff, 0xff, 0xff, 0xff, 0xff, 0xff, 0xff, 0xff, 0xff, 0xff,
  0xff, 0xff, 0xff, 0xff, 0xff, 0xff, 0xff, 0xff, 0xff, 0xff, 0xff, 0xff,
  0xff, 0xff, 0xff, 0xff, 0xff, 0xff, 0xff, 0xff, 0xff, 0xff, 0xff, 0xff,
  0xff, 0xff, 0xff, 0xff, 0xff, 0xff, 0xff, 0xff, 0xff, 0xff, 0xff, 0xff,
  0xff, 0xff, 0xff, 0xff, 0xff, 0xff, 0xff, 0xff, 0xff, 0xff, 0xff, 0xff,
  0xff, 0xff, 0xff, 0xff, 0xff, 0xff, 0xff, 0xff, 0xff, 0xff, 0xff, 0xff,
  0xff, 0xff, 0xff, 0xff, 0xff, 0xff, 0xff, 0xff, 0xff, 0xff, 0xff, 0xff,
  0xff, 0xff, 0xff, 0xff, 0xff, 0xff, 0xff, 0xff, 0xff, 0xff, 0xff, 0xff,
  0xff, 0xff, 0xff, 0xff, 0xff, 0xff, 0xff, 0xff, 0xff, 0xff, 0xff, 0xff,
  0xff, 0xff, 0xff, 0xff, 0xff, 0xff, 0xff, 0xff, 0xff, 0xff, 0xff, 0xff,
  0xff, 0xff, 0xdf, 0xff, 0xff, 0xff, 0xfe, 0xff, 0xff, 0xff, 0xb7, 0x74,
  0x11, 0x02, 0x12, 0x02, 0x32, 0x02, 0x12, 0x02, 0x11, 0x02, 0x11, 0x0a,
  0x31, 0x0a, 0xf1, 0x01, 0xf1, 0x01, 0x12, 0x02, 0x12, 0x02, 0x12, 0x02,
  0x12, 0x02, 0x12, 0x02, 0x12, 0x02, 0x12, 0x02, 0x12, 0x02, 0x52, 0x12,
  0xd1, 0x01, 0xf2, 0x09, 0xd2, 0x09, 0x12, 0x0a, 0x38, 0x8d, 0xfd, 0xf7,
  0xff, 0xef, 0xbf, 0xff, 0xbf, 0xff, 0xff, 0xf7, 0x7d, 0xff, 0xd2, 0xf3,
  0x87, 0xd8, 0x04, 0xd8, 0x03, 0xd8, 0x04, 0xd8, 0x04, 0xd8, 0x24, 0xe0,
  0x04, 0xe0, 0x04, 0xd8, 0x04, 0xe0, 0x24, 0xe0, 0x04, 0xe0, 0x04, 0xe0,
  0x04, 0xe0, 0x04, 0xe0, 0x04, 0xe0, 0x04, 0xe0, 0x04, 0xe0, 0x04, 0xe0,
  0x04, 0xe0, 0x04, 0xe0, 0x04, 0xe0, 0x04, 0xe0, 0x04, 0xe0, 0x04, 0xe0,
  0x04, 0xe0, 0x04, 0xe0, 0x04, 0xe0, 0x04, 0xe0, 0x03, 0xe0, 0x66, 0xd8,
  0x5c, 0xff, 0xff, 0xff, 0xff, 0xff, 0xfe, 0xf7, 0xff, 0xff, 0xff, 0xff,
  0xff, 0xff, 0xff, 0xff, 0xff, 0xff, 0xff, 0xff, 0xff, 0xff, 0xff, 0xff,
  0xff, 0xff, 0xff, 0xff, 0xff, 0xff, 0xff, 0xff, 0xff, 0xff, 0xff, 0xff,
  0xff, 0xff, 0xff, 0xff, 0xff, 0xff, 0xff, 0xff, 0xff, 0xff, 0xff, 0xff,
  0xff, 0xff, 0xff, 0xff, 0xff, 0xff, 0xff, 0xff, 0xff, 0xff, 0xff, 0xff,
  0xff, 0xff, 0xff, 0xff, 0xff, 0xff, 0xff, 0xff, 0xff, 0xff, 0xff, 0xff,
  0xff, 0xff, 0xff, 0xff, 0xff, 0xff, 0xff, 0xff, 0xff, 0xff, 0xff, 0xff,
  0xff, 0xff, 0xff, 0xff, 0xff, 0xff, 0xff, 0xff, 0xff, 0xff, 0xff, 0xff,
  0xff, 0xff, 0xff, 0xff, 0xff, 0xff, 0xff, 0xff, 0xff, 0xff, 0xff, 0xff,
  0xff, 0xff, 0xff, 0xff, 0xff, 0xff, 0xff, 0xff, 0xff, 0xff, 0xff, 0xff,
  0xff, 0xff, 0xff, 0xff, 0xff, 0xff, 0xff, 0xff, 0xff, 0xff, 0xff, 0xff,
  0xff, 0xff, 0xff, 0xff, 0xff, 0xff, 0xff, 0xff, 0xff, 0xff, 0xff, 0xff,
  0xff, 0xff, 0xff, 0xff, 0xff, 0xff, 0xff, 0xff, 0xff, 0xff, 0xff, 0xff,
  0xff, 0xff, 0xff, 0xff, 0xff, 0xff, 0xff, 0xff, 0xff, 0xff, 0xff, 0xff,
  0xff, 0xff, 0xff, 0xff, 0xff, 0xff, 0xff, 0xff, 0xff, 0xff, 0xff, 0xff,
  0xff, 0xff, 0xff, 0xff, 0xff, 0xff, 0xff, 0xff, 0xff, 0xff, 0xff, 0xff,
  0xff, 0xff, 0xff, 0xff, 0xff, 0xff, 0xff, 0xff, 0xff, 0xff, 0xff, 0xff,
  0xff, 0xff, 0xff, 0xff, 0xff, 0xff, 0xff, 0xff, 0xff, 0xff, 0xff, 0xff,
  0xff, 0xff, 0xff, 0xff, 0xff, 0xff, 0xff, 0xff, 0xff, 0xff, 0xff, 0xff,
  0xff, 0xff, 0xdf, 0xff, 0xff, 0xff, 0xde, 0xff, 0xff, 0xff, 0xbb, 0x9d,
  0x11, 0x02, 0x32, 0x02, 0x12, 0x02, 0x12, 0x02, 0x32, 0x02, 0x31, 0x02,
  0xf0, 0x01, 0x11, 0x02, 0x32, 0x0a, 0x12, 0x02, 0x12, 0x02, 0x12, 0x02,
  0x12, 0x02, 0x12, 0x02, 0x12, 0x02, 0x12, 0x02, 0x12, 0x02, 0xf2, 0x01,
  0x12, 0x02, 0x52, 0x02, 0x12, 0x02, 0x12, 0x3b, 0xbf, 0xef, 0xde, 0xff,
  0x9f, 0xff, 0xfe, 0xf7, 0xff, 0xff, 0xff, 0xff, 0xdf, 0xef, 0xff, 0xf7,
  0x7a, 0xfe, 0xad, 0xea, 0x66, 0xd8, 0x65, 0xe0, 0x03, 0xd0, 0x04, 0xd8,
  0x25, 0xe8, 0x04, 0xe0, 0x04, 0xe0, 0x24, 0xe0, 0x04, 0xd8, 0x04, 0xe0,
  0x04, 0xe0, 0x04, 0xe0, 0x04, 0xe0, 0x04, 0xe0, 0x04, 0xe0, 0x04, 0xe0,
  0x04, 0xe0, 0x04, 0xe0, 0x04, 0xe0, 0x04, 0xe0, 0x04, 0xe0, 0x04, 0xe0,
  0x04, 0xe0, 0x04, 0xe0, 0x04, 0xe0, 0x05, 0xe0, 0x04, 0xe0, 0xc9, 0xe1,
  0xbd, 0xff, 0xff, 0xff, 0xff, 0xff, 0xfe, 0xf7, 0xdf, 0xff, 0xff, 0xff,
  0xff, 0xff, 0xff, 0xff, 0xff, 0xff, 0xff, 0xff, 0xff, 0xff, 0xff, 0xff,
  0xff, 0xff, 0xff, 0xff, 0xff, 0xff, 0xff, 0xff, 0xff, 0xff, 0xff, 0xff,
  0xff, 0xff, 0xff, 0xff, 0xff, 0xff, 0xff, 0xff, 0xff, 0xff, 0xff, 0xff,
  0xff, 0xff, 0xff, 0xff, 0xff, 0xff, 0xff, 0xff, 0xff, 0xff, 0xff, 0xff,
  0xff, 0xff, 0xff, 0xff, 0xff, 0xff, 0xff, 0xff, 0xff, 0xff, 0xff, 0xff,
  0xff, 0xff, 0xff, 0xff, 0xff, 0xff, 0xff, 0xff, 0xff, 0xff, 0xff, 0xff,
  0xff, 0xff, 0xff, 0xff, 0xff, 0xff, 0xff, 0xff, 0xff, 0xff, 0xff, 0xff,
  0xff, 0xff, 0xff, 0xff, 0xff, 0xff, 0xff, 0xff, 0xff, 0xff, 0xff, 0xff,
  0xff, 0xff, 0xff, 0xff, 0xff, 0xff, 0xff, 0xff, 0xff, 0xff, 0xff, 0xff,
  0xff, 0xff, 0xff, 0xff, 0xff, 0xff, 0xff, 0xff, 0xff, 0xff, 0xff, 0xff,
  0xff, 0xff, 0xff, 0xff, 0xff, 0xff, 0xff, 0xff, 0xff, 0xff, 0xff, 0xff,
  0xff, 0xff, 0xff, 0xff, 0xff, 0xff, 0xff, 0xff, 0xff, 0xff, 0xff, 0xff,
  0xff, 0xff, 0xff, 0xff, 0xff, 0xff, 0xff, 0xff, 0xff, 0xff, 0xff, 0xff,
  0xff, 0xff, 0xff, 0xff, 0xff, 0xff, 0xff, 0xff, 0xff, 0xff, 0xff, 0xff,
  0xff, 0xff, 0xff, 0xff, 0xff, 0xff, 0xff, 0xff, 0xff, 0xff, 0xff, 0xff,
  0xff, 0xff, 0xff, 0xff, 0xff, 0xff, 0xff, 0xff, 0xff, 0xff, 0xff, 0xff,
  0xff, 0xff, 0xff, 0xff, 0xff, 0xff, 0xff, 0xff, 0xff, 0xff, 0xff, 0xff,
  0xff, 0xff, 0xff, 0xff, 0xff, 0xff, 0xff, 0xff, 0xff, 0xff, 0xfe, 0xf7,
  0xff, 0xff, 0xff, 0xff, 0xff, 0xff, 0xde, 0xff, 0xff, 0xff, 0xdf, 0xbe,
  0x31, 0x0a, 0x11, 0x02, 0x12, 0x02, 0x12, 0x02, 0x12, 0x02, 0x32, 0x02,
  0x11, 0x02, 0x52, 0x02, 0xf2, 0x01, 0x12, 0x02, 0x12, 0x02, 0x12, 0x02,
  0x12, 0x02, 0x12, 0x02, 0x12, 0x02, 0x12, 0x02, 0x12, 0x02, 0x13, 0x0a,
  0x10, 0x0a, 0x31, 0x02, 0x31, 0x0a, 0x3d, 0xbe, 0xdf, 0xff, 0xde, 0xf7,
  0xff, 0xf7, 0xff, 0xf7, 0xdf, 0xf7, 0xff, 0xff, 0xff, 0xff, 0xde, 0xf7,
  0xff, 0xff, 0xbe, 0xff, 0xf8, 0xf5, 0xa9, 0xf9, 0x65, 0xd8, 0x04, 0xd8,
  0x25, 0xe8, 0x04, 0xe0, 0x04, 0xe0, 0x25, 0xe0, 0x04, 0xd8, 0x04, 0xe0,
  0x04, 0xe0, 0x04, 0xe0, 0x04, 0xe0, 0x04, 0xe0, 0x04, 0xe0, 0x04, 0xe0,
  0x04, 0xe0, 0x04, 0xe0, 0x04, 0xe0, 0x04, 0xe0, 0x04, 0xe0, 0x04, 0xe0,
  0x04, 0xe0, 0x04, 0xe0, 0x04, 0xe0, 0x05, 0xe0, 0x24, 0xd8, 0x0d, 0xf3,
  0xfe, 0xff, 0xdf, 0xf7, 0xff, 0xff, 0xff, 0xf7, 0xdf, 0xff, 0xff, 0xff,
  0xff, 0xff, 0xff, 0xff, 0xff, 0xff, 0xff, 0xff, 0xff, 0xff, 0xff, 0xff,
  0xff, 0xff, 0xff, 0xff, 0xff, 0xff, 0xff, 0xff, 0xff, 0xff, 0xff, 0xff,
  0xff, 0xff, 0xff, 0xff, 0xff, 0xff, 0xff, 0xff, 0xff, 0xff, 0xff, 0xff,
  0xff, 0xff, 0xff, 0xff, 0xff, 0xff, 0xff, 0xff, 0xff, 0xff, 0xff, 0xff,
  0xff, 0xff, 0xff, 0xff, 0xff, 0xff, 0xff, 0xff, 0xff, 0xff, 0xff, 0xff,
  0xff, 0xff, 0xff, 0xff, 0xff, 0xff, 0xff, 0xff, 0xff, 0xff, 0xff, 0xff,
  0xff, 0xff, 0xff, 0xff, 0xff, 0xff, 0xff, 0xff, 0xff, 0xff, 0xff, 0xff,
  0xff, 0xff, 0xff, 0xff, 0xff, 0xff, 0xff, 0xff, 0xff, 0xff, 0xff, 0xff,
  0xff, 0xff, 0xff, 0xff, 0xff, 0xff, 0xff, 0xff, 0xff, 0xff, 0xff, 0xff,
  0xff, 0xff, 0xff, 0xff, 0xff, 0xff, 0xff, 0xff, 0xff, 0xff, 0xff, 0xff,
  0xff, 0xff, 0xff, 0xff, 0xff, 0xff, 0xff, 0xff, 0xff, 0xff, 0xff, 0xff,
  0xff, 0xff, 0xff, 0xff, 0xff, 0xff, 0xff, 0xff, 0xff, 0xff, 0xff, 0xff,
  0xff, 0xff, 0xff, 0xff, 0xff, 0xff, 0xff, 0xff, 0xff, 0xff, 0xff, 0xff,
  0xff, 0xff, 0xff, 0xff, 0xff, 0xff, 0xff, 0xff, 0xff, 0xff, 0xff, 0xff,
  0xff, 0xff, 0xff, 0xff, 0xff, 0xff, 0xff, 0xff, 0xff, 0xff, 0xff, 0xff,
  0xff, 0xff, 0xff, 0xff, 0xff, 0xff, 0xff, 0xff, 0xff, 0xff, 0xff, 0xff,
  0xff, 0xff, 0xff, 0xff, 0xff, 0xff, 0xff, 0xff, 0xff, 0xff, 0xff, 0xff,
  0xff, 0xff, 0xff, 0xff, 0xff, 0xff, 0xff, 0xff, 0xff, 0xff, 0xde, 0xff,
  0xff, 0xff, 0xff, 0xff, 0xdf, 0xff, 0xff, 0xff, 0xdf, 0xff, 0xdf, 0xef,
  0x72, 0x4b, 0x11, 0x02, 0x11, 0x02, 0x31, 0x0a, 0x32, 0x02, 0x12, 0x02,
  0x32, 0x02, 0x32, 0x0a, 0xf1, 0x09, 0x12, 0x02, 0x12, 0x0a, 0x12, 0x0a,
  0x12, 0x0a, 0x12, 0x0a, 0xf1, 0x01, 0xf1, 0x01, 0x11, 0x0a, 0x11, 0x02,
  0x12, 0x02, 0xf2, 0x01, 0x36, 0x5c, 0xff, 0xf7, 0xfe, 0xff, 0xbf, 0xff,
  0xff, 0xff, 0xff, 0xff, 0xff, 0xff, 0xff, 0xff, 0xff, 0xff, 0xff, 0xff,
  0xff, 0xff, 0xff, 0xff, 0xff, 0xff, 0xff, 0xff, 0x36, 0xf5, 0xeb, 0xe9,
  0x05, 0xe8, 0x03, 0xe0, 0x23, 0xe0, 0x24, 0xd8, 0x04, 0xe0, 0x25, 0xd0,
  0x04, 0xd8, 0x05, 0xe0, 0x05, 0xe0, 0x25, 0xe0, 0x24, 0xd8, 0x24, 0xd8,
  0x04, 0xe0, 0x24, 0xe0, 0x04, 0xe8, 0x04, 0xe8, 0x04, 0xd8, 0x25, 0xd8,
  0x25, 0xd0, 0x05, 0xd8, 0x25, 0xe0, 0x03, 0xe0, 0x46, 0xd8, 0x7a, 0xfe,
  0xff, 0xf7, 0xbf, 0xff, 0xfe, 0xf7, 0xfe, 0xf7, 0xff, 0xff, 0xff, 0xff,
  0xff, 0xff, 0xff, 0xff, 0xff, 0xff, 0xff, 0xff, 0xff, 0xff, 0xff, 0xff,
  0xff, 0xff, 0xff, 0xff, 0xff, 0xff, 0xff, 0xff, 0xff, 0xff, 0xff, 0xff,
  0xff, 0xff, 0xff, 0xff, 0xff, 0xff, 0xff, 0xff, 0xff, 0xff, 0xff, 0xff,
  0xff, 0xff, 0xff, 0xff, 0xff, 0xff, 0xff, 0xff, 0xff, 0xff, 0xff, 0xff,
  0xff, 0xff, 0xff, 0xff, 0xff, 0xff, 0xff, 0xff, 0xff, 0xff, 0xff, 0xff,
  0xff, 0xff, 0xff, 0xff, 0xff, 0xff, 0xff, 0xff, 0xff, 0xff, 0xff, 0xff,
  0xff, 0xff, 0xff, 0xff, 0xff, 0xff, 0xff, 0xff, 0xff, 0xff, 0xff, 0xff,
  0xff, 0xff, 0xff, 0xff, 0xff, 0xff, 0xff, 0xff, 0xff, 0xff, 0xff, 0xff,
  0xff, 0xff, 0xff, 0xff, 0xff, 0xff, 0xff, 0xff, 0xff, 0xff, 0xff, 0xff,
  0xff, 0xff, 0xff, 0xff, 0xff, 0xff, 0xff, 0xff, 0xff, 0xff, 0xff, 0xff,
  0xff, 0xff, 0xff, 0xff, 0xff, 0xff, 0xff, 0xff, 0xff, 0xff, 0xff, 0xff,
  0xff, 0xff, 0xff, 0xff, 0xff, 0xff, 0xff, 0xff, 0xff, 0xff, 0xff, 0xff,
  0xff, 0xff, 0xff, 0xff, 0xff, 0xff, 0xff, 0xff, 0xff, 0xff, 0xff, 0xff,
  0xff, 0xff, 0xff, 0xff, 0xff, 0xff, 0xff, 0xff, 0xff, 0xff, 0xff, 0xff,
  0xff, 0xff, 0xff, 0xff, 0xff, 0xff, 0xff, 0xff, 0xff, 0xff, 0xff, 0xff,
  0xff, 0xff, 0xff, 0xff, 0xff, 0xff, 0xff, 0xff, 0xff, 0xff, 0xff, 0xff,
  0xff, 0xff, 0xff, 0xff, 0xff, 0xff, 0xff, 0xff, 0xff, 0xff, 0xff, 0xff,
  0xff, 0xff, 0xff, 0xff, 0xff, 0xff, 0xff, 0xff, 0xff, 0xff, 0xff, 0xff,
  0xff, 0xff, 0xff, 0xf7, 0xde, 0xff, 0xfe, 0xff, 0xde, 0xff, 0xff, 0xf7,
  0x1a, 0xae, 0x52, 0x0a, 0xf1, 0x01, 0xf1, 0x01, 0xf1, 0x01, 0xf0, 0x09,
  0x11, 0x0a, 0xf1, 0x01, 0x12, 0x02, 0x11, 0x02, 0x11, 0x02, 0xf1, 0x01,
  0x12, 0x02, 0x33, 0x02, 0x32, 0x02, 0x32, 0x02, 0x32, 0x02, 0x51, 0x02,
  0x14, 0x02, 0x72, 0x22, 0x5d, 0xcf, 0xfe, 0xff, 0x9f, 0xff, 0xdf, 0xff,
  0xff, 0xf7, 0xff, 0xff, 0xff, 0xff, 0xff, 0xff, 0xff, 0xff, 0xff, 0xff,
  0xff, 0xff, 0xff, 0xff, 0xff, 0xff, 0xbe, 0xf7, 0xfe, 0xff, 0xdd, 0xff,
  0x96, 0xfd, 0x8d, 0xea, 0x46, 0xe0, 0x04, 0xe0, 0x05, 0xe8, 0x03, 0xe8,
  0x04, 0xe8, 0x04, 0xe8, 0x03, 0xd8, 0x04, 0xd8, 0x04, 0xe0, 0x05, 0xe8,
  0x04, 0xe0, 0x45, 0xd8, 0x04, 0xd0, 0x04, 0xe0, 0x05, 0xe8, 0x04, 0xe8,
  0x04, 0xe8, 0x03, 0xe8, 0x02, 0xe0, 0x25, 0xe0, 0x72, 0xe4, 0xfe, 0xf7,
  0xff, 0xff, 0xbf, 0xff, 0xde, 0xff, 0xff, 0xff, 0xff, 0xf7, 0xff, 0xff,
  0xff, 0xff, 0xff, 0xff, 0xff, 0xff, 0xff, 0xff, 0xff, 0xff, 0xff, 0xff,
  0xff, 0xff, 0xff, 0xff, 0xff, 0xff, 0xff, 0xff, 0xff, 0xff, 0xff, 0xff,
  0xff, 0xff, 0xff, 0xff, 0xff, 0xff, 0xff, 0xff, 0xff, 0xff, 0xff, 0xff,
  0xff, 0xff, 0xff, 0xff, 0xff, 0xff, 0xff, 0xff, 0xff, 0xff, 0xff, 0xff,
  0xff, 0xff, 0xff, 0xff, 0xff, 0xff, 0xff, 0xff, 0xff, 0xff, 0xff, 0xff,
  0xff, 0xff, 0xff, 0xff, 0xff, 0xff, 0xff, 0xff, 0xff, 0xff, 0xff, 0xff,
  0xff, 0xff, 0xff, 0xff, 0xff, 0xff, 0xff, 0xff, 0xff, 0xff, 0xff, 0xff,
  0xff, 0xff, 0xff, 0xff, 0xff, 0xff, 0xff, 0xff, 0xff, 0xff, 0xff, 0xff,
  0xff, 0xff, 0xff, 0xff, 0xff, 0xff, 0xff, 0xff, 0xff, 0xff, 0xff, 0xff,
  0xff, 0xff, 0xff, 0xff, 0xff, 0xff, 0xff, 0xff, 0xff, 0xff, 0xff, 0xff,
  0xff, 0xff, 0xff, 0xff, 0xff, 0xff, 0xff, 0xff, 0xff, 0xff, 0xff, 0xff,
  0xff, 0xff, 0xff, 0xff, 0xff, 0xff, 0xff, 0xff, 0xff, 0xff, 0xff, 0xff,
  0xff, 0xff, 0xff, 0xff, 0xff, 0xff, 0xff, 0xff, 0xff, 0xff, 0xff, 0xff,
  0xff, 0xff, 0xff, 0xff, 0xff, 0xff, 0xff, 0xff, 0xff, 0xff, 0xff, 0xff,
  0xff, 0xff, 0xff, 0xff, 0xff, 0xff, 0xff, 0xff, 0xff, 0xff, 0xff, 0xff,
  0xff, 0xff, 0xff, 0xff, 0xff, 0xff, 0xff, 0xff, 0xff, 0xff, 0xff, 0xff,
  0xff, 0xff, 0xff, 0xff, 0xff, 0xff, 0xff, 0xff, 0xff, 0xff, 0xff, 0xff,
  0xff, 0xff, 0xff, 0xff, 0xff, 0xff, 0xff, 0xff, 0xff, 0xff, 0xff, 0xff,
  0xdf, 0xf7, 0xff, 0xff, 0xff, 0xf7, 0xfe, 0xff, 0xdd, 0xff, 0xff, 0xff,
  0xff, 0xf7, 0x58, 0x5c, 0x31, 0x0a, 0x11, 0x02, 0x53, 0x0a, 0xd0, 0x01,
  0xf1, 0x11, 0x52, 0x0a, 0x52, 0x02, 0x12, 0x02, 0x53, 0x02, 0x52, 0x02,
  0x11, 0x02, 0x11, 0x02, 0x31, 0x02, 0x11, 0x02, 0xf1, 0x01, 0xd1, 0x01,
  0x32, 0x12, 0xfb, 0xa5, 0xfe, 0xff, 0xde, 0xff, 0xbf, 0xff, 0xff, 0xff,
  0xff, 0xff, 0xff, 0xff, 0xff, 0xff, 0xff, 0xff, 0xff, 0xff, 0xff, 0xff,
  0xff, 0xff, 0xff, 0xff, 0xff, 0xff, 0xfe, 0xff, 0xde, 0xff, 0xde, 0xf7,
  0xff, 0xef, 0xfe, 0xf7, 0x7a, 0xfe, 0x90, 0xf3, 0xe8, 0xe8, 0x04, 0xe0,
  0x03, 0xd8, 0x03, 0xd8, 0x04, 0xe0, 0x04, 0xe8, 0x04, 0xe8, 0x04, 0xe0,
  0x24, 0xe0, 0x04, 0xf0, 0x04, 0xe0, 0x24, 0xd8, 0x24, 0xe8, 0x03, 0xe0,
  0x03, 0xe0, 0x44, 0xe0, 0x65, 0xe8, 0xb1, 0xf3, 0xfd, 0xf7, 0xff, 0xf7,
  0xbf, 0xff, 0xff, 0xff, 0xff, 0xff, 0xdf, 0xf7, 0xdf, 0xff, 0xff, 0xff,
  0xff, 0xff, 0xff, 0xff, 0xff, 0xff, 0xff, 0xff, 0xff, 0xff, 0xff, 0xff,
  0xff, 0xff, 0xff, 0xff, 0xff, 0xff, 0xff, 0xff, 0xff, 0xff, 0xff, 0xff,
  0xff, 0xff, 0xff, 0xff, 0xff, 0xff, 0xff, 0xff, 0xff, 0xff, 0xff, 0xff,
  0xff, 0xff, 0xff, 0xff, 0xff, 0xff, 0xff, 0xff, 0xff, 0xff, 0xff, 0xff,
  0xff, 0xff, 0xff, 0xff, 0xff, 0xff, 0xff, 0xff, 0xff, 0xff, 0xff, 0xff,
  0xff, 0xff, 0xff, 0xff, 0xff, 0xff, 0xff, 0xff, 0xff, 0xff, 0xff, 0xff,
  0xff, 0xff, 0xff, 0xff, 0xff, 0xff, 0xff, 0xff, 0xff, 0xff, 0xff, 0xff,
  0xff, 0xff, 0xff, 0xff, 0xff, 0xff, 0xff, 0xff, 0xff, 0xff, 0xff, 0xff,
  0xff, 0xff, 0xff, 0xff, 0xff, 0xff, 0xff, 0xff, 0xff, 0xff, 0xff, 0xff,
  0xff, 0xff, 0xff, 0xff, 0xff, 0xff, 0xff, 0xff, 0xff, 0xff, 0xff, 0xff,
  0xff, 0xff, 0xff, 0xff, 0xff, 0xff, 0xff, 0xff, 0xff, 0xff, 0xff, 0xff,
  0xff, 0xff, 0xff, 0xff, 0xff, 0xff, 0xff, 0xff, 0xff, 0xff, 0xff, 0xff,
  0xff, 0xff, 0xff, 0xff, 0xff, 0xff, 0xff, 0xff, 0xff, 0xff, 0xff, 0xff,
  0xff, 0xff, 0xff, 0xff, 0xff, 0xff, 0xff, 0xff, 0xff, 0xff, 0xff, 0xff,
  0xff, 0xff, 0xff, 0xff, 0xff, 0xff, 0xff, 0xff, 0xff, 0xff, 0xff, 0xff,
  0xff, 0xff, 0xff, 0xff, 0xff, 0xff, 0xff, 0xff, 0xff, 0xff, 0xff, 0xff,
  0xff, 0xff, 0xff, 0xff, 0xff, 0xff, 0xff, 0xff, 0xff, 0xff, 0xff, 0xff,
  0xff, 0xff, 0xff, 0xff, 0xff, 0xff, 0xff, 0xff, 0xff, 0xff, 0xfe, 0xff,
  0xff, 0xff, 0xff, 0xff, 0xff, 0xf7, 0xfe, 0xff, 0xfe, 0xff, 0xdd, 0xf7,
  0xff, 0xff, 0xbf, 0xe7, 0xf5, 0x5b, 0xf1, 0x01, 0x14, 0x02, 0x53, 0x02,
  0x11, 0x02, 0xd0, 0x01, 0x12, 0x02, 0xf2, 0x01, 0x11, 0x02, 0x10, 0x02,
  0x10, 0x02, 0x30, 0x02, 0x31, 0x02, 0x11, 0x0a, 0x12, 0x0a, 0x32, 0x1a,
  0x37, 0x85, 0xff, 0xf7, 0xbf, 0xff, 0xdf, 0xff, 0xfe, 0xff, 0xde, 0xff,
  0xff, 0xff, 0xff, 0xff, 0xff, 0xff, 0xff, 0xff, 0xff, 0xff, 0xff, 0xff,
  0xff, 0xff, 0xff, 0xff, 0xff, 0xff, 0xfe, 0xf7, 0xff, 0xff, 0xdf, 0xff,
  0xdf, 0xff, 0xdf, 0xff, 0xff, 0xff, 0xfe, 0xff, 0x9c, 0xf7, 0x35, 0xf5,
  0x0f, 0xeb, 0xe9, 0xe0, 0x05, 0xe0, 0x05, 0xe0, 0x04, 0xd8, 0x03, 0xe0,
  0x03, 0xe0, 0x03, 0xe0, 0x24, 0xe8, 0x03, 0xd8, 0x23, 0xd0, 0x05, 0xe8,
  0x05, 0xe0, 0xab, 0xd9, 0x15, 0xed, 0x9d, 0xff, 0xff, 0xef, 0xbf, 0xff,
  0xdf, 0xff, 0xff, 0xef, 0xff, 0xff, 0xde, 0xef, 0xbf, 0xff, 0xff, 0xff,
  0xff, 0xff, 0xff, 0xff, 0xff, 0xff, 0xff, 0xff, 0xff, 0xff, 0xff, 0xff,
  0xff, 0xff, 0xff, 0xff, 0xff, 0xff, 0xff, 0xff, 0xff, 0xff, 0xff, 0xff,
  0xff, 0xff, 0xff, 0xff, 0xff, 0xff, 0xff, 0xff, 0xff, 0xff, 0xff, 0xff,
  0xff, 0xff, 0xff, 0xff, 0xff, 0xff, 0xff, 0xff, 0xff, 0xff, 0xff, 0xff,
  0xff, 0xff, 0xff, 0xff, 0xff, 0xff, 0xff, 0xff, 0xff, 0xff, 0xff, 0xff,
  0xff, 0xff, 0xff, 0xff, 0xff, 0xff, 0xff, 0xff, 0xff, 0xff, 0xff, 0xff,
  0xff, 0xff, 0xff, 0xff, 0xff, 0xff, 0xff, 0xff, 0xff, 0xff, 0xff, 0xff,
  0xff, 0xff, 0xff, 0xff, 0xff, 0xff, 0xff, 0xff, 0xff, 0xff, 0xff, 0xff,
  0xff, 0xff, 0xff, 0xff, 0xff, 0xff, 0xff, 0xff, 0xff, 0xff, 0xff, 0xff,
  0xff, 0xff, 0xff, 0xff, 0xff, 0xff, 0xff, 0xff, 0xff, 0xff, 0xff, 0xff,
  0xff, 0xff, 0xff, 0xff, 0xff, 0xff, 0xff, 0xff, 0xff, 0xff, 0xff, 0xff,
  0xff, 0xff, 0xff, 0xff, 0xff, 0xff, 0xff, 0xff, 0xff, 0xff, 0xff, 0xff,
  0xff, 0xff, 0xff, 0xff, 0xff, 0xff, 0xff, 0xff, 0xff, 0xff, 0xff, 0xff,
  0xff, 0xff, 0xff, 0xff, 0xff, 0xff, 0xff, 0xff, 0xff, 0xff, 0xff, 0xff,
  0xff, 0xff, 0xff, 0xff, 0xff, 0xff, 0xff, 0xff, 0xff, 0xff, 0xff, 0xff,
  0xff, 0xff, 0xff, 0xff, 0xff, 0xff, 0xff, 0xff, 0xff, 0xff, 0xff, 0xff,
  0xff, 0xff, 0xff, 0xff, 0xff, 0xff, 0xff, 0xff, 0xff, 0xff, 0xff, 0xff,
  0xff, 0xff, 0xff, 0xff, 0xff, 0xff, 0xff, 0xff, 0xff, 0xff, 0xfe, 0xff,
  0xff, 0xff, 0xff, 0xf7, 0xff, 0xf7, 0xff, 0xff, 0xff, 0xff, 0xff, 0xff,
  0xdf, 0xff, 0xff, 0xff, 0xbf, 0xef, 0x96, 0x6c, 0xef, 0x09, 0x33, 0x02,
  0x54, 0x02, 0x12, 0x02, 0x32, 0x0a, 0x11, 0x0a, 0x12, 0x0a, 0x12, 0x0a,
  0x32, 0x02, 0x12, 0x02, 0xf1, 0x01, 0x12, 0x02, 0x73, 0x12, 0x5a, 0x9d,
  0xff, 0xf7, 0xfe, 0xff, 0xbf, 0xff, 0xff, 0xff, 0xfe, 0xf7, 0xde, 0xf7,
  0xdf, 0xff, 0xff, 0xff, 0xff, 0xff, 0xff, 0xff, 0xff, 0xff, 0xff, 0xff,
  0xff, 0xff, 0xff, 0xff, 0xff, 0xff, 0xff, 0xf7, 0xff, 0xf7, 0xde, 0xf7,
  0xde, 0xf7, 0xff, 0xf7, 0xff, 0xf7, 0xff, 0xff, 0xdf, 0xff, 0xdf, 0xff,
  0xff, 0xff, 0x7d, 0xf7, 0xf8, 0xf5, 0x32, 0xf4, 0xce, 0xf2, 0xaa, 0xe9,
  0x07, 0xd9, 0x87, 0xe8, 0x66, 0xd8, 0xe8, 0xe8, 0x8a, 0xf9, 0xee, 0xea,
  0xd7, 0xed, 0xfe, 0xff, 0xdf, 0xff, 0xff, 0xf7, 0xbf, 0xf7, 0xff, 0xff,
  0xff, 0xf7, 0xbe, 0xf7, 0xdf, 0xff, 0xff, 0xff, 0xff, 0xff, 0xff, 0xff,
  0xff, 0xff, 0xff, 0xff, 0xff, 0xff, 0xff, 0xff, 0xff, 0xff, 0xff, 0xff,
  0xff, 0xff, 0xff, 0xff, 0xff, 0xff, 0xff, 0xff, 0xff, 0xff, 0xff, 0xff,
  0xff, 0xff, 0xff, 0xff, 0xff, 0xff, 0xff, 0xff, 0xff, 0xff, 0xff, 0xff,
  0xff, 0xff, 0xff, 0xff, 0xff, 0xff, 0xff, 0xff, 0xff, 0xff, 0xff, 0xff,
  0xff, 0xff, 0xff, 0xff, 0xff, 0xff, 0xff, 0xff, 0xff, 0xff, 0xff, 0xff,
  0xff, 0xff, 0xff, 0xff, 0xff, 0xff, 0xff, 0xff, 0xff, 0xff, 0xff, 0xff,
  0xff, 0xff, 0xff, 0xff, 0xff, 0xff, 0xff, 0xff, 0xff, 0xff, 0xff, 0xff,
  0xff, 0xff, 0xff, 0xff, 0xff, 0xff, 0xff, 0xff, 0xff, 0xff, 0xff, 0xff,
  0xff, 0xff, 0xff, 0xff, 0xff, 0xff, 0xff, 0xff, 0xff, 0xff, 0xff, 0xff,
  0xff, 0xff, 0xff, 0xff, 0xff, 0xff, 0xff, 0xff, 0xff, 0xff, 0xff, 0xff,
  0xff, 0xff, 0xff, 0xff, 0xff, 0xff, 0xff, 0xff, 0xff, 0xff, 0xff, 0xff,
  0xff, 0xff, 0xff, 0xff, 0xff, 0xff, 0xff, 0xff, 0xff, 0xff, 0xff, 0xff,
  0xff, 0xff, 0xff, 0xff, 0xff, 0xff, 0xff, 0xff, 0xff, 0xff, 0xff, 0xff,
  0xff, 0xff, 0xff, 0xff, 0xff, 0xff, 0xff, 0xff, 0xff, 0xff, 0xff, 0xff,
  0xff, 0xff, 0xff, 0xff, 0xff, 0xff, 0xff, 0xff, 0xff, 0xff, 0xff, 0xff,
  0xff, 0xff, 0xff, 0xff, 0xff, 0xff, 0xff, 0xff, 0xff, 0xff, 0xff, 0xff,
  0xff, 0xff, 0xff, 0xff, 0xff, 0xff, 0xff, 0xff, 0xff, 0xff, 0xff, 0xff,
  0xff, 0xff, 0xff, 0xff, 0xff, 0xff, 0xff, 0xff, 0xff, 0xff, 0xff, 0xff,
  0xde, 0xff, 0xdf, 0xff, 0xff, 0xff, 0xff, 0xff, 0xdf, 0xff, 0xff, 0xff,
  0xdf, 0xff, 0xdf, 0xff, 0xfe, 0xff, 0xde, 0xf7, 0x3b, 0xb6, 0x54, 0x43,
  0xd1, 0x01, 0x52, 0x0a, 0xf0, 0x01, 0x51, 0x02, 0xf1, 0x01, 0xf2, 0x01,
  0x54, 0x0a, 0xf2, 0x09, 0x10, 0x12, 0x35, 0x64, 0xde, 0xb6, 0xfe, 0xff,
  0xff, 0xff, 0xdf, 0xff, 0xdf, 0xff, 0xff, 0xf7, 0xff, 0xf7, 0xfe, 0xf7,
  0xdf, 0xff, 0xff, 0xff, 0xff, 0xff, 0xff, 0xff, 0xff, 0xff, 0xff, 0xff,
  0xff, 0xff, 0xff, 0xff, 0xff, 0xff, 0xff, 0xff, 0xff, 0xff, 0xff, 0xf7,
  0xfe, 0xff, 0xfe, 0xff, 0xbf, 0xff, 0xdf, 0xff, 0xff, 0xff, 0xfe, 0xf7,
  0xfe, 0xff, 0xff, 0xff, 0xfe, 0xff, 0xfe, 0xf7, 0xff, 0xff, 0xde, 0xff,
  0x7d, 0xff, 0x7d, 0xff, 0x7d, 0xff, 0x9d, 0xff, 0xdd, 0xff, 0xfe, 0xff,
  0xde, 0xff, 0xbe, 0xff, 0xff, 0xff, 0xbf, 0xf7, 0xdf, 0xff, 0xff, 0xf7,
  0xff, 0xff, 0xde, 0xff, 0xff, 0xff, 0xff, 0xff, 0xff, 0xef, 0xff, 0xff,
  0xff, 0xff, 0xff, 0xff, 0xff, 0xff, 0xff, 0xff, 0xff, 0xff, 0xff, 0xff,
  0xff, 0xff, 0xff, 0xff, 0xff, 0xff, 0xff, 0xff, 0xff, 0xff, 0xff, 0xff,
  0xff, 0xff, 0xff, 0xff, 0xff, 0xff, 0xff, 0xff, 0xff, 0xff, 0xff, 0xff,
  0xff, 0xff, 0xff, 0xff, 0xff, 0xff, 0xff, 0xff, 0xff, 0xff, 0xff, 0xff,
  0xff, 0xff, 0xff, 0xff, 0xff, 0xff, 0xff, 0xff, 0xff, 0xff, 0xff, 0xff,
  0xff, 0xff, 0xff, 0xff, 0xff, 0xff, 0xff, 0xff, 0xff, 0xff, 0xff, 0xff,
  0xff, 0xff, 0xff, 0xff, 0xff, 0xff, 0xff, 0xff, 0xff, 0xff, 0xff, 0xff,
  0xff, 0xff, 0xff, 0xff, 0xff, 0xff, 0xff, 0xff, 0xff, 0xff, 0xff, 0xff,
  0xff, 0xff, 0xff, 0xff, 0xff, 0xff, 0xff, 0xff, 0xff, 0xff, 0xff, 0xff,
  0xff, 0xff, 0xff, 0xff, 0xff, 0xff, 0xff, 0xff, 0xff, 0xff, 0xff, 0xff,
  0xff, 0xff, 0xff, 0xff, 0xff, 0xff, 0xff, 0xff, 0xff, 0xff, 0xff, 0xff,
  0xff, 0xff, 0xff, 0xff, 0xff, 0xff, 0xff, 0xff, 0xff, 0xff, 0xff, 0xff,
  0xff, 0xff, 0xff, 0xff, 0xff, 0xff, 0xff, 0xff, 0xff, 0xff, 0xff, 0xff,
  0xff, 0xff, 0xff, 0xff, 0xff, 0xff, 0xff, 0xff, 0xff, 0xff, 0xff, 0xff,
  0xff, 0xff, 0xff, 0xff, 0xff, 0xff, 0xff, 0xff, 0xff, 0xff, 0xff, 0xff,
  0xff, 0xff, 0xff, 0xff, 0xff, 0xff, 0xff, 0xff, 0xff, 0xff, 0xff, 0xff,
  0xff, 0xff, 0xff, 0xff, 0xff, 0xff, 0xff, 0xff, 0xff, 0xff, 0xff, 0xff,
  0xff, 0xff, 0xff, 0xff, 0xff, 0xff, 0xff, 0xff, 0xff, 0xff, 0xff, 0xff,
  0xbe, 0xf7, 0xff, 0xff, 0xff, 0xff, 0xff, 0xff, 0xff, 0xff, 0xff, 0xff,
  0xdf, 0xff, 0xfd, 0xff, 0xff, 0xff, 0xbf, 0xf7, 0xff, 0xff, 0xff, 0xf7,
  0xdb, 0xc6, 0x38, 0x85, 0xb6, 0x53, 0x53, 0x33, 0x95, 0x43, 0x95, 0x43,
  0xd6, 0x53, 0x39, 0x8d, 0xfe, 0xce, 0xff, 0xff, 0xfe, 0xff, 0xfe, 0xff,
  0xbf, 0xf7, 0xbe, 0xf7, 0xfe, 0xff, 0xdf, 0xf7, 0xff, 0xff, 0xff, 0xff,
  0xdf, 0xff, 0xff, 0xff, 0xff, 0xff, 0xff, 0xff, 0xff, 0xff, 0xff, 0xff,
  0xff, 0xff, 0xff, 0xff, 0xff, 0xff, 0xdf, 0xff, 0xdf, 0xff, 0xde, 0xff,
  0xde, 0xff, 0xbe, 0xff, 0xdf, 0xff, 0xff, 0xf7, 0xff, 0xf7, 0xff, 0xff,
  0xde, 0xff, 0xdf, 0xff, 0xff, 0xff, 0xff, 0xf7, 0xdf, 0xef, 0xdf, 0xff,
  0xdf, 0xff, 0xff, 0xff, 0xff, 0xff, 0xff, 0xff, 0xff, 0xff, 0xff, 0xff,
  0xff, 0xff, 0xde, 0xf7, 0xfe, 0xf7, 0xff, 0xff, 0xff, 0xff, 0xde, 0xf7,
  0xdf, 0xff, 0xff, 0xff, 0xff, 0xf7, 0xff, 0xff, 0xff, 0xff, 0xff, 0xff,
  0xff, 0xff, 0xff, 0xff, 0xff, 0xff, 0xff, 0xff, 0xff, 0xff, 0xff, 0xff,
  0xff, 0xff, 0xff, 0xff, 0xff, 0xff, 0xff, 0xff, 0xff, 0xff, 0xff, 0xff,
  0xff, 0xff, 0xff, 0xff, 0xff, 0xff, 0xff, 0xff, 0xff, 0xff, 0xff, 0xff,
  0xff, 0xff, 0xff, 0xff, 0xff, 0xff, 0xff, 0xff, 0xff, 0xff, 0xff, 0xff,
  0xff, 0xff, 0xff, 0xff, 0xff, 0xff, 0xff, 0xff, 0xff, 0xff, 0xff, 0xff,
  0xff, 0xff, 0xff, 0xff, 0xff, 0xff, 0xff, 0xff, 0xff, 0xff, 0xff, 0xff,
  0xff, 0xff, 0xff, 0xff, 0xff, 0xff, 0xff, 0xff, 0xff, 0xff, 0xff, 0xff,
  0xff, 0xff, 0xff, 0xff, 0xff, 0xff, 0xff, 0xff, 0xff, 0xff, 0xff, 0xff,
  0xff, 0xff, 0xff, 0xff, 0xff, 0xff, 0xff, 0xff, 0xff, 0xff, 0xff, 0xff,
  0xff, 0xff, 0xff, 0xff, 0xff, 0xff, 0xff, 0xff, 0xff, 0xff, 0xff, 0xff,
  0xff, 0xff, 0xff, 0xff, 0xff, 0xff, 0xff, 0xff, 0xff, 0xff, 0xff, 0xff,
  0xff, 0xff, 0xff, 0xff, 0xff, 0xff, 0xff, 0xff, 0xff, 0xff, 0xff, 0xff,
  0xff, 0xff, 0xff, 0xff, 0xff, 0xff, 0xff, 0xff, 0xff, 0xff, 0xff, 0xff,
  0xff, 0xff, 0xff, 0xff, 0xff, 0xff, 0xff, 0xff, 0xff, 0xff, 0xff, 0xff,
  0xff, 0xff, 0xff, 0xff, 0xff, 0xff, 0xff, 0xff, 0xff, 0xff, 0xff, 0xff,
  0xff, 0xff, 0xff, 0xff, 0xff, 0xff, 0xff, 0xff, 0xff, 0xff, 0xff, 0xff,
  0xff, 0xff, 0xff, 0xff, 0xff, 0xff, 0xff, 0xff, 0xff, 0xff, 0xff, 0xff,
  0xff, 0xff, 0xff, 0xff, 0xff, 0xff, 0xff, 0xff, 0xff, 0xff, 0xff, 0xff,
  0xdf, 0xff, 0xff, 0xff, 0xbe, 0xff, 0xfe, 0xff, 0xff, 0xff, 0xff, 0xf7,
  0xfe, 0xff, 0xdf, 0xff, 0xff, 0xff, 0xff, 0xf7, 0xfe, 0xf7, 0xfe, 0xff,
  0xde, 0xff, 0xdf, 0xff, 0xff, 0xf7, 0xdf, 0xff, 0xdf, 0xff, 0xdf, 0xf7,
  0xfe, 0xf7, 0xfe, 0xf7, 0xfe, 0xff, 0xde, 0xff, 0xdf, 0xff, 0xdf, 0xf7,
  0xfe, 0xff, 0xfe, 0xff, 0xdf, 0xff, 0xdf, 0xff, 0xde, 0xff, 0xff, 0xff,
  0xfe, 0xff, 0xff, 0xff, 0xff, 0xff, 0xff, 0xff, 0xff, 0xff, 0xff, 0xff,
  0xff, 0xff, 0xff, 0xff, 0xff, 0xff, 0xfe, 0xff, 0xff, 0xff, 0xff, 0xf7,
  0xff, 0xf7, 0xff, 0xf7, 0xff, 0xff, 0xff, 0xff, 0xde, 0xff, 0xff, 0xf7,
  0xff, 0xf7, 0xdf, 0xff, 0xdf, 0xff, 0xdf, 0xff, 0xff, 0xff, 0xff, 0xff,
  0xde, 0xf7, 0xfe, 0xff, 0xfe, 0xf7, 0xff, 0xf7, 0xff, 0xff, 0xff, 0xff,
  0xff, 0xff, 0xff, 0xff, 0xdf, 0xff, 0xff, 0xff, 0xbe, 0xff, 0xfe, 0xf7,
  0xff, 0xf7, 0xdf, 0xff, 0xff, 0xff, 0xdf, 0xf7, 0xff, 0xff, 0xff, 0xff,
  0xff, 0xff, 0xff, 0xff, 0xff, 0xff, 0xff, 0xff, 0xff, 0xff, 0xff, 0xff,
  0xff, 0xff, 0xff, 0xff, 0xff, 0xff, 0xff, 0xff, 0xff, 0xff, 0xff, 0xff,
  0xff, 0xff, 0xff, 0xff, 0xff, 0xff, 0xff, 0xff, 0xff, 0xff, 0xff, 0xff,
  0xff, 0xff, 0xff, 0xff, 0xff, 0xff, 0xff, 0xff, 0xff, 0xff, 0xff, 0xff,
  0xff, 0xff, 0xff, 0xff, 0xff, 0xff, 0xff, 0xff, 0xff, 0xff, 0xff, 0xff,
  0xff, 0xff, 0xff, 0xff, 0xff, 0xff, 0xff, 0xff, 0xff, 0xff, 0xff, 0xff,
  0xff, 0xff, 0xff, 0xff, 0xff, 0xff, 0xff, 0xff, 0xff, 0xff, 0xff, 0xff,
  0xff, 0xff, 0xff, 0xff, 0xff, 0xff, 0xff, 0xff, 0xff, 0xff, 0xff, 0xff,
  0xff, 0xff, 0xff, 0xff, 0xff, 0xff
};
#endif
unsigned int nc_logo_bmp_len = 28938;
