#include  "com_subt.h"

u8 g_chSubtEnable;
u16 g_wSubtitlePID;
u16 g_wSubtitleCompositionPageId;
u16 g_wSubtitleAncillaryPageId;
u16 g_wClutTable[256];//16色的色表

extern u8 chSubtDecOver;

extern void com_av_preload_logo_to_pic(u8 *pPicture, u32 nSize);
extern void com_av_show_logo(u32 *pPicAddr,u32 nSize);

#ifdef SUBT_SHOW_ON_OSD
void subt_recover_osd_buffer(void);
void subt_chang_osd_buffer(void);

/* Exported Variables ----------------------------------------------------- */

/* Private Macros --------------------------------------------------------- */

/* Private Functions Prototypes ------------------------------------------- */

/* Private Functions ------------------------------------------------------ */


#if (YCbCrCount==13)
u16 YCbCr2RGB[8*1024]= {
	0x6a30,0x6a35,0x6a3a,0x6a3f,0x7930,0x7935,0x793a,0x793f,
	0x9830,0x9835,0x983a,0x983f,0xa830,0xa835,0xa83a,0xa83f,
	0xc730,0xc735,0xc73a,0xc73f,0xd630,0xd635,0xd63a,0xd63f,
	0xf530,0xf535,0xf53a,0xf53f,0x0530,0x0535,0x053a,0x053f,
	0x1430,0x1435,0x143a,0x143f,0x3330,0x3335,0x333a,0x333f,
	0x4330,0x4335,0x433a,0x433f,0x5230,0x5235,0x523a,0x523f,
	0x7130,0x7135,0x713a,0x713f,0x8030,0x8035,0x803a,0x803f,
	0xa030,0xa035,0xa03a,0xa03f,0xbf30,0xbf35,0xbf3a,0xbf3f,
	0x6950,0x6955,0x695a,0x695f,0x7950,0x7955,0x795a,0x795f,
	0x9850,0x9855,0x985a,0x985f,0xa750,0xa755,0xa75a,0xa75f,
	0xc750,0xc755,0xc75a,0xc75f,0xd650,0xd655,0xd65a,0xd65f,
	0xf550,0xf555,0xf55a,0xf55f,0x0450,0x0455,0x045a,0x045f,
	0x1450,0x1455,0x145a,0x145f,0x3350,0x3355,0x335a,0x335f,
	0x4250,0x4255,0x425a,0x425f,0x5250,0x5255,0x525a,0x525f,
	0x7150,0x7155,0x715a,0x715f,0x8050,0x8055,0x805a,0x805f,
	0xaf50,0xaf55,0xaf5a,0xaf5f,0xbf50,0xbf55,0xbf5a,0xbf5f,
	0x6970,0x6975,0x697a,0x697f,0x7870,0x7875,0x787a,0x787f,
	0x9870,0x9875,0x987a,0x987f,0xa770,0xa775,0xa77a,0xa77f,
	0xc670,0xc675,0xc67a,0xc67f,0xd570,0xd575,0xd57a,0xd57f,
	0xf570,0xf575,0xf57a,0xf57f,0x0470,0x0475,0x047a,0x047f,
	0x1370,0x1375,0x137a,0x137f,0x3370,0x3375,0x337a,0x337f,
	0x4270,0x4275,0x427a,0x427f,0x5170,0x5175,0x517a,0x517f,
	0x7070,0x7075,0x707a,0x707f,0x8070,0x8075,0x807a,0x807f,
	0xaf70,0xaf75,0xaf7a,0xaf7f,0xbe70,0xbe75,0xbe7a,0xbe7f,
	0x6980,0x6985,0x698a,0x698f,0x7880,0x7885,0x788a,0x788f,
	0x9780,0x9785,0x978a,0x978f,0xa780,0xa785,0xa78a,0xa78f,
	0xc680,0xc685,0xc68a,0xc68f,0xd580,0xd585,0xd58a,0xd58f,
	0xf480,0xf485,0xf48a,0xf48f,0x0480,0x0485,0x048a,0x048f,
	0x1380,0x1385,0x138a,0x138f,0x3280,0x3285,0x328a,0x328f,
	0x4280,0x4285,0x428a,0x428f,0x5180,0x5185,0x518a,0x518f,
	0x7080,0x7085,0x708a,0x708f,0x8f80,0x8f85,0x8f8a,0x8f8f,
	0xaf80,0xaf85,0xaf8a,0xaf8f,0xbe80,0xbe85,0xbe8a,0xbe8f,
	0x68a0,0x68a5,0x68aa,0x68af,0x78a0,0x78a5,0x78aa,0x78af,
	0x97a0,0x97a5,0x97aa,0x97af,0xa6a0,0xa6a5,0xa6aa,0xa6af,
	0xc5a0,0xc5a5,0xc5aa,0xc5af,0xd5a0,0xd5a5,0xd5aa,0xd5af,
	0xf4a0,0xf4a5,0xf4aa,0xf4af,0x03a0,0x03a5,0x03aa,0x03af,
	0x13a0,0x13a5,0x13aa,0x13af,0x32a0,0x32a5,0x32aa,0x32af,
	0x41a0,0x41a5,0x41aa,0x41af,0x50a0,0x50a5,0x50aa,0x50af,
	0x70a0,0x70a5,0x70aa,0x70af,0x8fa0,0x8fa5,0x8faa,0x8faf,
	0xaea0,0xaea5,0xaeaa,0xaeaf,0xbea0,0xbea5,0xbeaa,0xbeaf,
	0x68c0,0x68c5,0x68ca,0x68cf,0x77c0,0x77c5,0x77ca,0x77cf,
	0x97c0,0x97c5,0x97ca,0x97cf,0xa6c0,0xa6c5,0xa6ca,0xa6cf,
	0xc5c0,0xc5c5,0xc5ca,0xc5cf,0xd4c0,0xd4c5,0xd4ca,0xd4cf,
	0xf4c0,0xf4c5,0xf4ca,0xf4cf,0x03c0,0x03c5,0x03ca,0x03cf,
	0x12c0,0x12c5,0x12ca,0x12cf,0x32c0,0x32c5,0x32ca,0x32cf,
	0x41c0,0x41c5,0x41ca,0x41cf,0x50c0,0x50c5,0x50ca,0x50cf,
	0x7fc0,0x7fc5,0x7fca,0x7fcf,0x8fc0,0x8fc5,0x8fca,0x8fcf,
	0xaec0,0xaec5,0xaeca,0xaecf,0xbdc0,0xbdc5,0xbdca,0xbdcf,
	0x68e0,0x68e5,0x68ea,0x68ef,0x77e0,0x77e5,0x77ea,0x77ef,
	0x96e0,0x96e5,0x96ea,0x96ef,0xa6e0,0xa6e5,0xa6ea,0xa6ef,
	0xc5e0,0xc5e5,0xc5ea,0xc5ef,0xd4e0,0xd4e5,0xd4ea,0xd4ef,
	0xf3e0,0xf3e5,0xf3ea,0xf3ef,0x03e0,0x03e5,0x03ea,0x03ef,
	0x12e0,0x12e5,0x12ea,0x12ef,0x31e0,0x31e5,0x31ea,0x31ef,
	0x41e0,0x41e5,0x41ea,0x41ef,0x50e0,0x50e5,0x50ea,0x50ef,
	0x7fe0,0x7fe5,0x7fea,0x7fef,0x8ee0,0x8ee5,0x8eea,0x8eef,
	0xaee0,0xaee5,0xaeea,0xaeef,0xbde0,0xbde5,0xbdea,0xbdef,
	0x6700,0x6705,0x670a,0x670f,0x7700,0x7705,0x770a,0x770f,
	0x9600,0x9605,0x960a,0x960f,0xa500,0xa505,0xa50a,0xa50f,
	0xc400,0xc405,0xc40a,0xc40f,0xd400,0xd405,0xd40a,0xd40f,
	0xf300,0xf305,0xf30a,0xf30f,0x0200,0x0205,0x020a,0x020f,
	0x1200,0x1205,0x120a,0x120f,0x3100,0x3105,0x310a,0x310f,
	0x4000,0x4005,0x400a,0x400f,0x5000,0x5005,0x500a,0x500f,
	0x7f00,0x7f05,0x7f0a,0x7f0f,0x8e00,0x8e05,0x8e0a,0x8e0f,
	0xad00,0xad05,0xad0a,0xad0f,0xbd00,0xbd05,0xbd0a,0xbd0f,
	0x6710,0x6715,0x671a,0x671f,0x7610,0x7615,0x761a,0x761f,
	0x9610,0x9615,0x961a,0x961f,0xa510,0xa515,0xa51a,0xa51f,
	0xc410,0xc415,0xc41a,0xc41f,0xd310,0xd315,0xd31a,0xd31f,
	0xf310,0xf315,0xf31a,0xf31f,0x0210,0x0215,0x021a,0x021f,
	0x1110,0x1115,0x111a,0x111f,0x3110,0x3115,0x311a,0x311f,
	0x4010,0x4015,0x401a,0x401f,0x5f10,0x5f15,0x5f1a,0x5f1f,
	0x7e10,0x7e15,0x7e1a,0x7e1f,0x8e10,0x8e15,0x8e1a,0x8e1f,
	0xad10,0xad15,0xad1a,0xad1f,0xbc10,0xbc15,0xbc1a,0xbc1f,
	0x6730,0x6735,0x673a,0x673f,0x7630,0x7635,0x763a,0x763f,
	0x9530,0x9535,0x953a,0x953f,0xa430,0xa435,0xa43a,0xa43f,
	0xc430,0xc435,0xc43a,0xc43f,0xd330,0xd335,0xd33a,0xd33f,
	0xf230,0xf235,0xf23a,0xf23f,0x0230,0x0235,0x023a,0x023f,
	0x1130,0x1135,0x113a,0x113f,0x3030,0x3035,0x303a,0x303f,
	0x4030,0x4035,0x403a,0x403f,0x5f30,0x5f35,0x5f3a,0x5f3f,
	0x7e30,0x7e35,0x7e3a,0x7e3f,0x8d30,0x8d35,0x8d3a,0x8d3f,
	0xad30,0xad35,0xad3a,0xad3f,0xbc30,0xbc35,0xbc3a,0xbc3f,
	0x6650,0x6655,0x665a,0x665f,0x7650,0x7655,0x765a,0x765f,
	0x9550,0x9555,0x955a,0x955f,0xa450,0xa455,0xa45a,0xa45f,
	0xc350,0xc355,0xc35a,0xc35f,0xd350,0xd355,0xd35a,0xd35f,
	0xf250,0xf255,0xf25a,0xf25f,0x0150,0x0155,0x015a,0x015f,
	0x1150,0x1155,0x115a,0x115f,0x3050,0x3055,0x305a,0x305f,
	0x4f50,0x4f55,0x4f5a,0x4f5f,0x5e50,0x5e55,0x5e5a,0x5e5f,
	0x7e50,0x7e55,0x7e5a,0x7e5f,0x8d50,0x8d55,0x8d5a,0x8d5f,
	0xac50,0xac55,0xac5a,0xac5f,0xbc50,0xbc55,0xbc5a,0xbc5f,
	0x6670,0x6675,0x667a,0x667f,0x7570,0x7575,0x757a,0x757f,
	0x9570,0x9575,0x957a,0x957f,0xa470,0xa475,0xa47a,0xa47f,
	0xc370,0xc375,0xc37a,0xc37f,0xd270,0xd275,0xd27a,0xd27f,
	0xf270,0xf275,0xf27a,0xf27f,0x0170,0x0175,0x017a,0x017f,
	0x1070,0x1075,0x107a,0x107f,0x3070,0x3075,0x307a,0x307f,
	0x4f70,0x4f75,0x4f7a,0x4f7f,0x5e70,0x5e75,0x5e7a,0x5e7f,
	0x7d70,0x7d75,0x7d7a,0x7d7f,0x8d70,0x8d75,0x8d7a,0x8d7f,
	0xac70,0xac75,0xac7a,0xac7f,0xbb70,0xbb75,0xbb7a,0xbb7f,
	0x6680,0x6685,0x668a,0x668f,0x7580,0x7585,0x758a,0x758f,
	0x9480,0x9485,0x948a,0x948f,0xa380,0xa385,0xa38a,0xa38f,
	0xc380,0xc385,0xc38a,0xc38f,0xd280,0xd285,0xd28a,0xd28f,
	0xf180,0xf185,0xf18a,0xf18f,0x0180,0x0185,0x018a,0x018f,
	0x1080,0x1085,0x108a,0x108f,0x3f80,0x3f85,0x3f8a,0x3f8f,
	0x4f80,0x4f85,0x4f8a,0x4f8f,0x5e80,0x5e85,0x5e8a,0x5e8f,
	0x7d80,0x7d85,0x7d8a,0x7d8f,0x8c80,0x8c85,0x8c8a,0x8c8f,
	0xac80,0xac85,0xac8a,0xac8f,0xbb80,0xbb85,0xbb8a,0xbb8f,
	0x65a0,0x65a5,0x65aa,0x65af,0x75a0,0x75a5,0x75aa,0x75af,
	0x94a0,0x94a5,0x94aa,0x94af,0xa3a0,0xa3a5,0xa3aa,0xa3af,
	0xc2a0,0xc2a5,0xc2aa,0xc2af,0xd2a0,0xd2a5,0xd2aa,0xd2af,
	0xf1a0,0xf1a5,0xf1aa,0xf1af,0x00a0,0x00a5,0x00aa,0x00af,
	0x10a0,0x10a5,0x10aa,0x10af,0x3fa0,0x3fa5,0x3faa,0x3faf,
	0x4ea0,0x4ea5,0x4eaa,0x4eaf,0x5da0,0x5da5,0x5daa,0x5daf,
	0x7da0,0x7da5,0x7daa,0x7daf,0x8ca0,0x8ca5,0x8caa,0x8caf,
	0xaba0,0xaba5,0xabaa,0xabaf,0xbba0,0xbba5,0xbbaa,0xbbaf,
	0x65c0,0x65c5,0x65ca,0x65cf,0x74c0,0x74c5,0x74ca,0x74cf,
	0x93c0,0x93c5,0x93ca,0x93cf,0xa3c0,0xa3c5,0xa3ca,0xa3cf,
	0xc2c0,0xc2c5,0xc2ca,0xc2cf,0xd1c0,0xd1c5,0xd1ca,0xd1cf,
	0xf1c0,0xf1c5,0xf1ca,0xf1cf,0x00c0,0x00c5,0x00ca,0x00cf,
	0x1fc0,0x1fc5,0x1fca,0x1fcf,0x3fc0,0x3fc5,0x3fca,0x3fcf,
	0x4ec0,0x4ec5,0x4eca,0x4ecf,0x5dc0,0x5dc5,0x5dca,0x5dcf,
	0x7cc0,0x7cc5,0x7cca,0x7ccf,0x8cc0,0x8cc5,0x8cca,0x8ccf,
	0xabc0,0xabc5,0xabca,0xabcf,0xbac0,0xbac5,0xbaca,0xbacf,
	0x65e0,0x65e5,0x65ea,0x65ef,0x74e0,0x74e5,0x74ea,0x74ef,
	0x93e0,0x93e5,0x93ea,0x93ef,0xa2e0,0xa2e5,0xa2ea,0xa2ef,
	0xc2e0,0xc2e5,0xc2ea,0xc2ef,0xd1e0,0xd1e5,0xd1ea,0xd1ef,
	0xf0e0,0xf0e5,0xf0ea,0xf0ef,0x00e0,0x00e5,0x00ea,0x00ef,
	0x1fe0,0x1fe5,0x1fea,0x1fef,0x3ee0,0x3ee5,0x3eea,0x3eef,
	0x4de0,0x4de5,0x4dea,0x4def,0x5de0,0x5de5,0x5dea,0x5def,
	0x7ce0,0x7ce5,0x7cea,0x7cef,0x8be0,0x8be5,0x8bea,0x8bef,
	0xabe0,0xabe5,0xabea,0xabef,0xbae0,0xbae5,0xbaea,0xbaef,
	0x8c50,0x8c55,0x8c5a,0x8c5f,0x9b50,0x9b55,0x9b5a,0x9b5f,
	0xba50,0xba55,0xba5a,0xba5f,0xca50,0xca55,0xca5a,0xca5f,
	0xe950,0xe955,0xe95a,0xe95f,0xf850,0xf855,0xf85a,0xf85f,
	0x0750,0x0755,0x075a,0x075f,0x2750,0x2755,0x275a,0x275f,
	0x3650,0x3655,0x365a,0x365f,0x5550,0x5555,0x555a,0x555f,
	0x6550,0x6555,0x655a,0x655f,0x7450,0x7455,0x745a,0x745f,
	0x9350,0x9355,0x935a,0x935f,0xa250,0xa255,0xa25a,0xa25f,
	0xc250,0xc255,0xc25a,0xc25f,0xd150,0xd155,0xd15a,0xd15f,
	0x8b70,0x8b75,0x8b7a,0x8b7f,0x9b70,0x9b75,0x9b7a,0x9b7f,
	0xba70,0xba75,0xba7a,0xba7f,0xc970,0xc975,0xc97a,0xc97f,
	0xe970,0xe975,0xe97a,0xe97f,0xf870,0xf875,0xf87a,0xf87f,
	0x0770,0x0775,0x077a,0x077f,0x2670,0x2675,0x267a,0x267f,
	0x3670,0x3675,0x367a,0x367f,0x5570,0x5575,0x557a,0x557f,
	0x6470,0x6475,0x647a,0x647f,0x7470,0x7475,0x747a,0x747f,
	0x9370,0x9375,0x937a,0x937f,0xa270,0xa275,0xa27a,0xa27f,
	0xc170,0xc175,0xc17a,0xc17f,0xd170,0xd175,0xd17a,0xd17f,
	0x8b90,0x8b95,0x8b9a,0x8b9f,0x9a90,0x9a95,0x9a9a,0x9a9f,
	0xba90,0xba95,0xba9a,0xba9f,0xc990,0xc995,0xc99a,0xc99f,
	0xe890,0xe895,0xe89a,0xe89f,0xf790,0xf795,0xf79a,0xf79f,
	0x0790,0x0795,0x079a,0x079f,0x2690,0x2695,0x269a,0x269f,
	0x3590,0x3595,0x359a,0x359f,0x5590,0x5595,0x559a,0x559f,
	0x6490,0x6495,0x649a,0x649f,0x7390,0x7395,0x739a,0x739f,
	0x9290,0x9295,0x929a,0x929f,0xa290,0xa295,0xa29a,0xa29f,
	0xc190,0xc195,0xc19a,0xc19f,0xd090,0xd095,0xd09a,0xd09f,
	0x8ba0,0x8ba5,0x8baa,0x8baf,0x9aa0,0x9aa5,0x9aaa,0x9aaf,
	0xb9a0,0xb9a5,0xb9aa,0xb9af,0xc9a0,0xc9a5,0xc9aa,0xc9af,
	0xe8a0,0xe8a5,0xe8aa,0xe8af,0xf7a0,0xf7a5,0xf7aa,0xf7af,
	0x06a0,0x06a5,0x06aa,0x06af,0x26a0,0x26a5,0x26aa,0x26af,
	0x35a0,0x35a5,0x35aa,0x35af,0x54a0,0x54a5,0x54aa,0x54af,
	0x64a0,0x64a5,0x64aa,0x64af,0x73a0,0x73a5,0x73aa,0x73af,
	0x92a0,0x92a5,0x92aa,0x92af,0xa1a0,0xa1a5,0xa1aa,0xa1af,
	0xc1a0,0xc1a5,0xc1aa,0xc1af,0xd0a0,0xd0a5,0xd0aa,0xd0af,
	0x8ac0,0x8ac5,0x8aca,0x8acf,0x9ac0,0x9ac5,0x9aca,0x9acf,
	0xb9c0,0xb9c5,0xb9ca,0xb9cf,0xc8c0,0xc8c5,0xc8ca,0xc8cf,
	0xe7c0,0xe7c5,0xe7ca,0xe7cf,0xf7c0,0xf7c5,0xf7ca,0xf7cf,
	0x06c0,0x06c5,0x06ca,0x06cf,0x25c0,0x25c5,0x25ca,0x25cf,
	0x35c0,0x35c5,0x35ca,0x35cf,0x54c0,0x54c5,0x54ca,0x54cf,
	0x63c0,0x63c5,0x63ca,0x63cf,0x72c0,0x72c5,0x72ca,0x72cf,
	0x92c0,0x92c5,0x92ca,0x92cf,0xa1c0,0xa1c5,0xa1ca,0xa1cf,
	0xc0c0,0xc0c5,0xc0ca,0xc0cf,0xd0c0,0xd0c5,0xd0ca,0xd0cf,
	0x8ae0,0x8ae5,0x8aea,0x8aef,0x99e0,0x99e5,0x99ea,0x99ef,
	0xb9e0,0xb9e5,0xb9ea,0xb9ef,0xc8e0,0xc8e5,0xc8ea,0xc8ef,
	0xe7e0,0xe7e5,0xe7ea,0xe7ef,0xf6e0,0xf6e5,0xf6ea,0xf6ef,
	0x06e0,0x06e5,0x06ea,0x06ef,0x25e0,0x25e5,0x25ea,0x25ef,
	0x34e0,0x34e5,0x34ea,0x34ef,0x54e0,0x54e5,0x54ea,0x54ef,
	0x63e0,0x63e5,0x63ea,0x63ef,0x72e0,0x72e5,0x72ea,0x72ef,
	0x91e0,0x91e5,0x91ea,0x91ef,0xa1e0,0xa1e5,0xa1ea,0xa1ef,
	0xc0e0,0xc0e5,0xc0ea,0xc0ef,0xdfe0,0xdfe5,0xdfea,0xdfef,
	0x8a00,0x8a05,0x8a0a,0x8a0f,0x9900,0x9905,0x990a,0x990f,
	0xb800,0xb805,0xb80a,0xb80f,0xc800,0xc805,0xc80a,0xc80f,
	0xe700,0xe705,0xe70a,0xe70f,0xf600,0xf605,0xf60a,0xf60f,
	0x0500,0x0505,0x050a,0x050f,0x2500,0x2505,0x250a,0x250f,
	0x3400,0x3405,0x340a,0x340f,0x5300,0x5305,0x530a,0x530f,
	0x6300,0x6305,0x630a,0x630f,0x7200,0x7205,0x720a,0x720f,
	0x9100,0x9105,0x910a,0x910f,0xa000,0xa005,0xa00a,0xa00f,
	0xc000,0xc005,0xc00a,0xc00f,0xdf00,0xdf05,0xdf0a,0xdf0f,
	0x8910,0x8915,0x891a,0x891f,0x9910,0x9915,0x991a,0x991f,
	0xb810,0xb815,0xb81a,0xb81f,0xc710,0xc715,0xc71a,0xc71f,
	0xe610,0xe615,0xe61a,0xe61f,0xf610,0xf615,0xf61a,0xf61f,
	0x0510,0x0515,0x051a,0x051f,0x2410,0x2415,0x241a,0x241f,
	0x3410,0x3415,0x341a,0x341f,0x5310,0x5315,0x531a,0x531f,
	0x6210,0x6215,0x621a,0x621f,0x7110,0x7115,0x711a,0x711f,
	0x9110,0x9115,0x911a,0x911f,0xa010,0xa015,0xa01a,0xa01f,
	0xcf10,0xcf15,0xcf1a,0xcf1f,0xdf10,0xdf15,0xdf1a,0xdf1f,
	0x8930,0x8935,0x893a,0x893f,0x9830,0x9835,0x983a,0x983f,
	0xb830,0xb835,0xb83a,0xb83f,0xc730,0xc735,0xc73a,0xc73f,
	0xe630,0xe635,0xe63a,0xe63f,0xf530,0xf535,0xf53a,0xf53f,
	0x0530,0x0535,0x053a,0x053f,0x2430,0x2435,0x243a,0x243f,
	0x3330,0x3335,0x333a,0x333f,0x5330,0x5335,0x533a,0x533f,
	0x6230,0x6235,0x623a,0x623f,0x7130,0x7135,0x713a,0x713f,
	0x9030,0x9035,0x903a,0x903f,0xa030,0xa035,0xa03a,0xa03f,
	0xcf30,0xcf35,0xcf3a,0xcf3f,0xde30,0xde35,0xde3a,0xde3f,
	0x8950,0x8955,0x895a,0x895f,0x9850,0x9855,0x985a,0x985f,
	0xb750,0xb755,0xb75a,0xb75f,0xc650,0xc655,0xc65a,0xc65f,
	0xe650,0xe655,0xe65a,0xe65f,0xf550,0xf555,0xf55a,0xf55f,
	0x0450,0x0455,0x045a,0x045f,0x2450,0x2455,0x245a,0x245f,
	0x3350,0x3355,0x335a,0x335f,0x5250,0x5255,0x525a,0x525f,
	0x6150,0x6155,0x615a,0x615f,0x7150,0x7155,0x715a,0x715f,
	0x9050,0x9055,0x905a,0x905f,0xaf50,0xaf55,0xaf5a,0xaf5f,
	0xcf50,0xcf55,0xcf5a,0xcf5f,0xde50,0xde55,0xde5a,0xde5f,
	0x8870,0x8875,0x887a,0x887f,0x9870,0x9875,0x987a,0x987f,
	0xb770,0xb775,0xb77a,0xb77f,0xc670,0xc675,0xc67a,0xc67f,
	0xe570,0xe575,0xe57a,0xe57f,0xf570,0xf575,0xf57a,0xf57f,
	0x0470,0x0475,0x047a,0x047f,0x2370,0x2375,0x237a,0x237f,
	0x3370,0x3375,0x337a,0x337f,0x5270,0x5275,0x527a,0x527f,
	0x6170,0x6175,0x617a,0x617f,0x7070,0x7075,0x707a,0x707f,
	0x9070,0x9075,0x907a,0x907f,0xaf70,0xaf75,0xaf7a,0xaf7f,
	0xce70,0xce75,0xce7a,0xce7f,0xde70,0xde75,0xde7a,0xde7f,
	0x8890,0x8895,0x889a,0x889f,0x9790,0x9795,0x979a,0x979f,
	0xb790,0xb795,0xb79a,0xb79f,0xc690,0xc695,0xc69a,0xc69f,
	0xe590,0xe595,0xe59a,0xe59f,0xf490,0xf495,0xf49a,0xf49f,
	0x0490,0x0495,0x049a,0x049f,0x2390,0x2395,0x239a,0x239f,
	0x3290,0x3295,0x329a,0x329f,0x5290,0x5295,0x529a,0x529f,
	0x6190,0x6195,0x619a,0x619f,0x7090,0x7095,0x709a,0x709f,
	0x9f90,0x9f95,0x9f9a,0x9f9f,0xaf90,0xaf95,0xaf9a,0xaf9f,
	0xce90,0xce95,0xce9a,0xce9f,0xdd90,0xdd95,0xdd9a,0xdd9f,
	0x88a0,0x88a5,0x88aa,0x88af,0x97a0,0x97a5,0x97aa,0x97af,
	0xb6a0,0xb6a5,0xb6aa,0xb6af,0xc5a0,0xc5a5,0xc5aa,0xc5af,
	0xe5a0,0xe5a5,0xe5aa,0xe5af,0xf4a0,0xf4a5,0xf4aa,0xf4af,
	0x03a0,0x03a5,0x03aa,0x03af,0x23a0,0x23a5,0x23aa,0x23af,
	0x32a0,0x32a5,0x32aa,0x32af,0x51a0,0x51a5,0x51aa,0x51af,
	0x60a0,0x60a5,0x60aa,0x60af,0x70a0,0x70a5,0x70aa,0x70af,
	0x9fa0,0x9fa5,0x9faa,0x9faf,0xaea0,0xaea5,0xaeaa,0xaeaf,
	0xcea0,0xcea5,0xceaa,0xceaf,0xdda0,0xdda5,0xddaa,0xddaf,
	0x87c0,0x87c5,0x87ca,0x87cf,0x97c0,0x97c5,0x97ca,0x97cf,
	0xb6c0,0xb6c5,0xb6ca,0xb6cf,0xc5c0,0xc5c5,0xc5ca,0xc5cf,
	0xe4c0,0xe4c5,0xe4ca,0xe4cf,0xf4c0,0xf4c5,0xf4ca,0xf4cf,
	0x03c0,0x03c5,0x03ca,0x03cf,0x22c0,0x22c5,0x22ca,0x22cf,
	0x32c0,0x32c5,0x32ca,0x32cf,0x51c0,0x51c5,0x51ca,0x51cf,
	0x60c0,0x60c5,0x60ca,0x60cf,0x7fc0,0x7fc5,0x7fca,0x7fcf,
	0x9fc0,0x9fc5,0x9fca,0x9fcf,0xaec0,0xaec5,0xaeca,0xaecf,
	0xcdc0,0xcdc5,0xcdca,0xcdcf,0xddc0,0xddc5,0xddca,0xddcf,
	0x87e0,0x87e5,0x87ea,0x87ef,0x96e0,0x96e5,0x96ea,0x96ef,
	0xb5e0,0xb5e5,0xb5ea,0xb5ef,0xc5e0,0xc5e5,0xc5ea,0xc5ef,
	0xe4e0,0xe4e5,0xe4ea,0xe4ef,0xf3e0,0xf3e5,0xf3ea,0xf3ef,
	0x03e0,0x03e5,0x03ea,0x03ef,0x22e0,0x22e5,0x22ea,0x22ef,
	0x31e0,0x31e5,0x31ea,0x31ef,0x50e0,0x50e5,0x50ea,0x50ef,
	0x60e0,0x60e5,0x60ea,0x60ef,0x7fe0,0x7fe5,0x7fea,0x7fef,
	0x9ee0,0x9ee5,0x9eea,0x9eef,0xaee0,0xaee5,0xaeea,0xaeef,
	0xcde0,0xcde5,0xcdea,0xcdef,0xdce0,0xdce5,0xdcea,0xdcef,
	0x8700,0x8705,0x870a,0x870f,0x9600,0x9605,0x960a,0x960f,
	0xb500,0xb505,0xb50a,0xb50f,0xc400,0xc405,0xc40a,0xc40f,
	0xe400,0xe405,0xe40a,0xe40f,0xf300,0xf305,0xf30a,0xf30f,
	0x0200,0x0205,0x020a,0x020f,0x2200,0x2205,0x220a,0x220f,
	0x3100,0x3105,0x310a,0x310f,0x5000,0x5005,0x500a,0x500f,
	0x6f00,0x6f05,0x6f0a,0x6f0f,0x7f00,0x7f05,0x7f0a,0x7f0f,
	0x9e00,0x9e05,0x9e0a,0x9e0f,0xad00,0xad05,0xad0a,0xad0f,
	0xcd00,0xcd05,0xcd0a,0xcd0f,0xdc00,0xdc05,0xdc0a,0xdc0f,
	0xae70,0xae75,0xae7a,0xae7f,0xbd70,0xbd75,0xbd7a,0xbd7f,
	0xdc70,0xdc75,0xdc7a,0xdc7f,0xec70,0xec75,0xec7a,0xec7f,
	0x0b70,0x0b75,0x0b7a,0x0b7f,0x1a70,0x1a75,0x1a7a,0x1a7f,
	0x2970,0x2975,0x297a,0x297f,0x4970,0x4975,0x497a,0x497f,
	0x5870,0x5875,0x587a,0x587f,0x7770,0x7775,0x777a,0x777f,
	0x8770,0x8775,0x877a,0x877f,0x9670,0x9675,0x967a,0x967f,
	0xb570,0xb575,0xb57a,0xb57f,0xc470,0xc475,0xc47a,0xc47f,
	0xe470,0xe475,0xe47a,0xe47f,0xf370,0xf375,0xf37a,0xf37f,
	0xad90,0xad95,0xad9a,0xad9f,0xbd90,0xbd95,0xbd9a,0xbd9f,
	0xdc90,0xdc95,0xdc9a,0xdc9f,0xeb90,0xeb95,0xeb9a,0xeb9f,
	0x0b90,0x0b95,0x0b9a,0x0b9f,0x1a90,0x1a95,0x1a9a,0x1a9f,
	0x2990,0x2995,0x299a,0x299f,0x4890,0x4895,0x489a,0x489f,
	0x5890,0x5895,0x589a,0x589f,0x7790,0x7795,0x779a,0x779f,
	0x8690,0x8695,0x869a,0x869f,0x9690,0x9695,0x969a,0x969f,
	0xb590,0xb595,0xb59a,0xb59f,0xc490,0xc495,0xc49a,0xc49f,
	0xe390,0xe395,0xe39a,0xe39f,0xf390,0xf395,0xf39a,0xf39f,
	0xadb0,0xadb5,0xadba,0xadbf,0xbcb0,0xbcb5,0xbcba,0xbcbf,
	0xdcb0,0xdcb5,0xdcba,0xdcbf,0xebb0,0xebb5,0xebba,0xebbf,
	0x0ab0,0x0ab5,0x0aba,0x0abf,0x19b0,0x19b5,0x19ba,0x19bf,
	0x29b0,0x29b5,0x29ba,0x29bf,0x48b0,0x48b5,0x48ba,0x48bf,
	0x57b0,0x57b5,0x57ba,0x57bf,0x77b0,0x77b5,0x77ba,0x77bf,
	0x86b0,0x86b5,0x86ba,0x86bf,0x95b0,0x95b5,0x95ba,0x95bf,
	0xb4b0,0xb4b5,0xb4ba,0xb4bf,0xc4b0,0xc4b5,0xc4ba,0xc4bf,
	0xe3b0,0xe3b5,0xe3ba,0xe3bf,0xf2b0,0xf2b5,0xf2ba,0xf2bf,
	0xadc0,0xadc5,0xadca,0xadcf,0xbcc0,0xbcc5,0xbcca,0xbccf,
	0xdbc0,0xdbc5,0xdbca,0xdbcf,0xebc0,0xebc5,0xebca,0xebcf,
	0x0ac0,0x0ac5,0x0aca,0x0acf,0x19c0,0x19c5,0x19ca,0x19cf,
	0x28c0,0x28c5,0x28ca,0x28cf,0x48c0,0x48c5,0x48ca,0x48cf,
	0x57c0,0x57c5,0x57ca,0x57cf,0x76c0,0x76c5,0x76ca,0x76cf,
	0x86c0,0x86c5,0x86ca,0x86cf,0x95c0,0x95c5,0x95ca,0x95cf,
	0xb4c0,0xb4c5,0xb4ca,0xb4cf,0xc3c0,0xc3c5,0xc3ca,0xc3cf,
	0xe3c0,0xe3c5,0xe3ca,0xe3cf,0xf2c0,0xf2c5,0xf2ca,0xf2cf,
	0xace0,0xace5,0xacea,0xacef,0xbce0,0xbce5,0xbcea,0xbcef,
	0xdbe0,0xdbe5,0xdbea,0xdbef,0xeae0,0xeae5,0xeaea,0xeaef,
	0x09e0,0x09e5,0x09ea,0x09ef,0x19e0,0x19e5,0x19ea,0x19ef,
	0x28e0,0x28e5,0x28ea,0x28ef,0x47e0,0x47e5,0x47ea,0x47ef,
	0x57e0,0x57e5,0x57ea,0x57ef,0x76e0,0x76e5,0x76ea,0x76ef,
	0x85e0,0x85e5,0x85ea,0x85ef,0x94e0,0x94e5,0x94ea,0x94ef,
	0xb4e0,0xb4e5,0xb4ea,0xb4ef,0xc3e0,0xc3e5,0xc3ea,0xc3ef,
	0xe2e0,0xe2e5,0xe2ea,0xe2ef,0xf2e0,0xf2e5,0xf2ea,0xf2ef,
	0xac00,0xac05,0xac0a,0xac0f,0xbb00,0xbb05,0xbb0a,0xbb0f,
	0xdb00,0xdb05,0xdb0a,0xdb0f,0xea00,0xea05,0xea0a,0xea0f,
	0x0900,0x0905,0x090a,0x090f,0x1800,0x1805,0x180a,0x180f,
	0x2800,0x2805,0x280a,0x280f,0x4700,0x4705,0x470a,0x470f,
	0x5600,0x5605,0x560a,0x560f,0x7600,0x7605,0x760a,0x760f,
	0x8500,0x8505,0x850a,0x850f,0x9400,0x9405,0x940a,0x940f,
	0xb300,0xb305,0xb30a,0xb30f,0xc300,0xc305,0xc30a,0xc30f,
	0xe200,0xe205,0xe20a,0xe20f,0xf100,0xf105,0xf10a,0xf10f,
	0xac20,0xac25,0xac2a,0xac2f,0xbb20,0xbb25,0xbb2a,0xbb2f,
	0xda20,0xda25,0xda2a,0xda2f,0xea20,0xea25,0xea2a,0xea2f,
	0x0920,0x0925,0x092a,0x092f,0x1820,0x1825,0x182a,0x182f,
	0x2720,0x2725,0x272a,0x272f,0x4720,0x4725,0x472a,0x472f,
	0x5620,0x5625,0x562a,0x562f,0x7520,0x7525,0x752a,0x752f,
	0x8520,0x8525,0x852a,0x852f,0x9420,0x9425,0x942a,0x942f,
	0xb320,0xb325,0xb32a,0xb32f,0xc220,0xc225,0xc22a,0xc22f,
	0xe220,0xe225,0xe22a,0xe22f,0xf120,0xf125,0xf12a,0xf12f,
	0xab30,0xab35,0xab3a,0xab3f,0xbb30,0xbb35,0xbb3a,0xbb3f,
	0xda30,0xda35,0xda3a,0xda3f,0xe930,0xe935,0xe93a,0xe93f,
	0x0830,0x0835,0x083a,0x083f,0x1830,0x1835,0x183a,0x183f,
	0x2730,0x2735,0x273a,0x273f,0x4630,0x4635,0x463a,0x463f,
	0x5630,0x5635,0x563a,0x563f,0x7530,0x7535,0x753a,0x753f,
	0x8430,0x8435,0x843a,0x843f,0x9330,0x9335,0x933a,0x933f,
	0xb330,0xb335,0xb33a,0xb33f,0xc230,0xc235,0xc23a,0xc23f,
	0xe130,0xe135,0xe13a,0xe13f,0xf130,0xf135,0xf13a,0xf13f,
	0xab50,0xab55,0xab5a,0xab5f,0xba50,0xba55,0xba5a,0xba5f,
	0xda50,0xda55,0xda5a,0xda5f,0xe950,0xe955,0xe95a,0xe95f,
	0x0850,0x0855,0x085a,0x085f,0x1750,0x1755,0x175a,0x175f,
	0x2750,0x2755,0x275a,0x275f,0x4650,0x4655,0x465a,0x465f,
	0x5550,0x5555,0x555a,0x555f,0x7550,0x7555,0x755a,0x755f,
	0x8450,0x8455,0x845a,0x845f,0x9350,0x9355,0x935a,0x935f,
	0xb250,0xb255,0xb25a,0xb25f,0xc250,0xc255,0xc25a,0xc25f,
	0xe150,0xe155,0xe15a,0xe15f,0xf050,0xf055,0xf05a,0xf05f,
	0xab70,0xab75,0xab7a,0xab7f,0xba70,0xba75,0xba7a,0xba7f,
	0xd970,0xd975,0xd97a,0xd97f,0xe870,0xe875,0xe87a,0xe87f,
	0x0870,0x0875,0x087a,0x087f,0x1770,0x1775,0x177a,0x177f,
	0x2670,0x2675,0x267a,0x267f,0x4670,0x4675,0x467a,0x467f,
	0x5570,0x5575,0x557a,0x557f,0x7470,0x7475,0x747a,0x747f,
	0x8370,0x8375,0x837a,0x837f,0x9370,0x9375,0x937a,0x937f,
	0xb270,0xb275,0xb27a,0xb27f,0xc170,0xc175,0xc17a,0xc17f,
	0xe170,0xe175,0xe17a,0xe17f,0xf070,0xf075,0xf07a,0xf07f,
	0xaa90,0xaa95,0xaa9a,0xaa9f,0xba90,0xba95,0xba9a,0xba9f,
	0xd990,0xd995,0xd99a,0xd99f,0xe890,0xe895,0xe89a,0xe89f,
	0x0790,0x0795,0x079a,0x079f,0x1790,0x1795,0x179a,0x179f,
	0x2690,0x2695,0x269a,0x269f,0x4590,0x4595,0x459a,0x459f,
	0x5590,0x5595,0x559a,0x559f,0x7490,0x7495,0x749a,0x749f,
	0x8390,0x8395,0x839a,0x839f,0x9290,0x9295,0x929a,0x929f,
	0xb290,0xb295,0xb29a,0xb29f,0xc190,0xc195,0xc19a,0xc19f,
	0xe090,0xe095,0xe09a,0xe09f,0xf090,0xf095,0xf09a,0xf09f,
	0xaab0,0xaab5,0xaaba,0xaabf,0xb9b0,0xb9b5,0xb9ba,0xb9bf,
	0xd9b0,0xd9b5,0xd9ba,0xd9bf,0xe8b0,0xe8b5,0xe8ba,0xe8bf,
	0x07b0,0x07b5,0x07ba,0x07bf,0x16b0,0x16b5,0x16ba,0x16bf,
	0x26b0,0x26b5,0x26ba,0x26bf,0x45b0,0x45b5,0x45ba,0x45bf,
	0x54b0,0x54b5,0x54ba,0x54bf,0x74b0,0x74b5,0x74ba,0x74bf,
	0x83b0,0x83b5,0x83ba,0x83bf,0x92b0,0x92b5,0x92ba,0x92bf,
	0xb1b0,0xb1b5,0xb1ba,0xb1bf,0xc1b0,0xc1b5,0xc1ba,0xc1bf,
	0xe0b0,0xe0b5,0xe0ba,0xe0bf,0xffb0,0xffb5,0xffba,0xffbf,
	0xaac0,0xaac5,0xaaca,0xaacf,0xb9c0,0xb9c5,0xb9ca,0xb9cf,
	0xd8c0,0xd8c5,0xd8ca,0xd8cf,0xe7c0,0xe7c5,0xe7ca,0xe7cf,
	0x07c0,0x07c5,0x07ca,0x07cf,0x16c0,0x16c5,0x16ca,0x16cf,
	0x25c0,0x25c5,0x25ca,0x25cf,0x45c0,0x45c5,0x45ca,0x45cf,
	0x54c0,0x54c5,0x54ca,0x54cf,0x73c0,0x73c5,0x73ca,0x73cf,
	0x82c0,0x82c5,0x82ca,0x82cf,0x92c0,0x92c5,0x92ca,0x92cf,
	0xb1c0,0xb1c5,0xb1ca,0xb1cf,0xc0c0,0xc0c5,0xc0ca,0xc0cf,
	0xe0c0,0xe0c5,0xe0ca,0xe0cf,0xffc0,0xffc5,0xffca,0xffcf,
	0xa9e0,0xa9e5,0xa9ea,0xa9ef,0xb9e0,0xb9e5,0xb9ea,0xb9ef,
	0xd8e0,0xd8e5,0xd8ea,0xd8ef,0xe7e0,0xe7e5,0xe7ea,0xe7ef,
	0x06e0,0x06e5,0x06ea,0x06ef,0x16e0,0x16e5,0x16ea,0x16ef,
	0x25e0,0x25e5,0x25ea,0x25ef,0x44e0,0x44e5,0x44ea,0x44ef,
	0x54e0,0x54e5,0x54ea,0x54ef,0x73e0,0x73e5,0x73ea,0x73ef,
	0x82e0,0x82e5,0x82ea,0x82ef,0x91e0,0x91e5,0x91ea,0x91ef,
	0xb1e0,0xb1e5,0xb1ea,0xb1ef,0xc0e0,0xc0e5,0xc0ea,0xc0ef,
	0xefe0,0xefe5,0xefea,0xefef,0xffe0,0xffe5,0xffea,0xffef,
	0xa900,0xa905,0xa90a,0xa90f,0xb800,0xb805,0xb80a,0xb80f,
	0xd700,0xd705,0xd70a,0xd70f,0xe700,0xe705,0xe70a,0xe70f,
	0x0600,0x0605,0x060a,0x060f,0x1500,0x1505,0x150a,0x150f,
	0x2500,0x2505,0x250a,0x250f,0x4400,0x4405,0x440a,0x440f,
	0x5300,0x5305,0x530a,0x530f,0x7200,0x7205,0x720a,0x720f,
	0x8200,0x8205,0x820a,0x820f,0x9100,0x9105,0x910a,0x910f,
	0xb000,0xb005,0xb00a,0xb00f,0xc000,0xc005,0xc00a,0xc00f,
	0xef00,0xef05,0xef0a,0xef0f,0xfe00,0xfe05,0xfe0a,0xfe0f,
	0xa920,0xa925,0xa92a,0xa92f,0xb820,0xb825,0xb82a,0xb82f,
	0xd720,0xd725,0xd72a,0xd72f,0xe620,0xe625,0xe62a,0xe62f,
	0x0620,0x0625,0x062a,0x062f,0x1520,0x1525,0x152a,0x152f,
	0x2420,0x2425,0x242a,0x242f,0x4420,0x4425,0x442a,0x442f,
	0x5320,0x5325,0x532a,0x532f,0x7220,0x7225,0x722a,0x722f,
	0x8120,0x8125,0x812a,0x812f,0x9120,0x9125,0x912a,0x912f,
	0xb020,0xb025,0xb02a,0xb02f,0xcf20,0xcf25,0xcf2a,0xcf2f,
	0xef20,0xef25,0xef2a,0xef2f,0xfe20,0xfe25,0xfe2a,0xfe2f,
	0xc090,0xc095,0xc09a,0xc09f,0xdf90,0xdf95,0xdf9a,0xdf9f,
	0xfe90,0xfe95,0xfe9a,0xfe9f,0x0e90,0x0e95,0x0e9a,0x0e9f,
	0x2d90,0x2d95,0x2d9a,0x2d9f,0x3c90,0x3c95,0x3c9a,0x3c9f,
	0x4b90,0x4b95,0x4b9a,0x4b9f,0x6b90,0x6b95,0x6b9a,0x6b9f,
	0x7a90,0x7a95,0x7a9a,0x7a9f,0x9990,0x9995,0x999a,0x999f,
	0xa990,0xa995,0xa99a,0xa99f,0xb890,0xb895,0xb89a,0xb89f,
	0xd790,0xd795,0xd79a,0xd79f,0xe690,0xe695,0xe69a,0xe69f,
	0x0690,0x0695,0x069a,0x069f,0x1590,0x1595,0x159a,0x159f,
	0xcfb0,0xcfb5,0xcfba,0xcfbf,0xdfb0,0xdfb5,0xdfba,0xdfbf,
	0xfeb0,0xfeb5,0xfeba,0xfebf,0x0db0,0x0db5,0x0dba,0x0dbf,
	0x2db0,0x2db5,0x2dba,0x2dbf,0x3cb0,0x3cb5,0x3cba,0x3cbf,
	0x4bb0,0x4bb5,0x4bba,0x4bbf,0x6ab0,0x6ab5,0x6aba,0x6abf,
	0x7ab0,0x7ab5,0x7aba,0x7abf,0x99b0,0x99b5,0x99ba,0x99bf,
	0xa8b0,0xa8b5,0xa8ba,0xa8bf,0xb8b0,0xb8b5,0xb8ba,0xb8bf,
	0xd7b0,0xd7b5,0xd7ba,0xd7bf,0xe6b0,0xe6b5,0xe6ba,0xe6bf,
	0x05b0,0x05b5,0x05ba,0x05bf,0x15b0,0x15b5,0x15ba,0x15bf,
	0xcfd0,0xcfd5,0xcfda,0xcfdf,0xded0,0xded5,0xdeda,0xdedf,
	0xfed0,0xfed5,0xfeda,0xfedf,0x0dd0,0x0dd5,0x0dda,0x0ddf,
	0x2cd0,0x2cd5,0x2cda,0x2cdf,0x3bd0,0x3bd5,0x3bda,0x3bdf,
	0x4bd0,0x4bd5,0x4bda,0x4bdf,0x6ad0,0x6ad5,0x6ada,0x6adf,
	0x79d0,0x79d5,0x79da,0x79df,0x99d0,0x99d5,0x99da,0x99df,
	0xa8d0,0xa8d5,0xa8da,0xa8df,0xb7d0,0xb7d5,0xb7da,0xb7df,
	0xd6d0,0xd6d5,0xd6da,0xd6df,0xe6d0,0xe6d5,0xe6da,0xe6df,
	0x05d0,0x05d5,0x05da,0x05df,0x14d0,0x14d5,0x14da,0x14df,
	0xcfe0,0xcfe5,0xcfea,0xcfef,0xdee0,0xdee5,0xdeea,0xdeef,
	0xfde0,0xfde5,0xfdea,0xfdef,0x0de0,0x0de5,0x0dea,0x0def,
	0x2ce0,0x2ce5,0x2cea,0x2cef,0x3be0,0x3be5,0x3bea,0x3bef,
	0x4ae0,0x4ae5,0x4aea,0x4aef,0x6ae0,0x6ae5,0x6aea,0x6aef,
	0x79e0,0x79e5,0x79ea,0x79ef,0x98e0,0x98e5,0x98ea,0x98ef,
	0xa8e0,0xa8e5,0xa8ea,0xa8ef,0xb7e0,0xb7e5,0xb7ea,0xb7ef,
	0xd6e0,0xd6e5,0xd6ea,0xd6ef,0xe5e0,0xe5e5,0xe5ea,0xe5ef,
	0x05e0,0x05e5,0x05ea,0x05ef,0x14e0,0x14e5,0x14ea,0x14ef,
	0xce00,0xce05,0xce0a,0xce0f,0xde00,0xde05,0xde0a,0xde0f,
	0xfd00,0xfd05,0xfd0a,0xfd0f,0x0c00,0x0c05,0x0c0a,0x0c0f,
	0x2b00,0x2b05,0x2b0a,0x2b0f,0x3b00,0x3b05,0x3b0a,0x3b0f,
	0x4a00,0x4a05,0x4a0a,0x4a0f,0x6900,0x6905,0x690a,0x690f,
	0x7900,0x7905,0x790a,0x790f,0x9800,0x9805,0x980a,0x980f,
	0xa700,0xa705,0xa70a,0xa70f,0xb600,0xb605,0xb60a,0xb60f,
	0xd600,0xd605,0xd60a,0xd60f,0xe500,0xe505,0xe50a,0xe50f,
	0x0400,0x0405,0x040a,0x040f,0x1400,0x1405,0x140a,0x140f,
	0xce20,0xce25,0xce2a,0xce2f,0xdd20,0xdd25,0xdd2a,0xdd2f,
	0xfd20,0xfd25,0xfd2a,0xfd2f,0x0c20,0x0c25,0x0c2a,0x0c2f,
	0x2b20,0x2b25,0x2b2a,0x2b2f,0x3a20,0x3a25,0x3a2a,0x3a2f,
	0x4a20,0x4a25,0x4a2a,0x4a2f,0x6920,0x6925,0x692a,0x692f,
	0x7820,0x7825,0x782a,0x782f,0x9820,0x9825,0x982a,0x982f,
	0xa720,0xa725,0xa72a,0xa72f,0xb620,0xb625,0xb62a,0xb62f,
	0xd520,0xd525,0xd52a,0xd52f,0xe520,0xe525,0xe52a,0xe52f,
	0x0420,0x0425,0x042a,0x042f,0x1320,0x1325,0x132a,0x132f,
	0xce40,0xce45,0xce4a,0xce4f,0xdd40,0xdd45,0xdd4a,0xdd4f,
	0xfc40,0xfc45,0xfc4a,0xfc4f,0x0c40,0x0c45,0x0c4a,0x0c4f,
	0x2b40,0x2b45,0x2b4a,0x2b4f,0x3a40,0x3a45,0x3a4a,0x3a4f,
	0x4940,0x4945,0x494a,0x494f,0x6940,0x6945,0x694a,0x694f,
	0x7840,0x7845,0x784a,0x784f,0x9740,0x9745,0x974a,0x974f,
	0xa740,0xa745,0xa74a,0xa74f,0xb640,0xb645,0xb64a,0xb64f,
	0xd540,0xd545,0xd54a,0xd54f,0xe440,0xe445,0xe44a,0xe44f,
	0x0440,0x0445,0x044a,0x044f,0x1340,0x1345,0x134a,0x134f,
	0xcd50,0xcd55,0xcd5a,0xcd5f,0xdd50,0xdd55,0xdd5a,0xdd5f,
	0xfc50,0xfc55,0xfc5a,0xfc5f,0x0b50,0x0b55,0x0b5a,0x0b5f,
	0x2a50,0x2a55,0x2a5a,0x2a5f,0x3a50,0x3a55,0x3a5a,0x3a5f,
	0x4950,0x4955,0x495a,0x495f,0x6850,0x6855,0x685a,0x685f,
	0x7850,0x7855,0x785a,0x785f,0x9750,0x9755,0x975a,0x975f,
	0xa650,0xa655,0xa65a,0xa65f,0xb550,0xb555,0xb55a,0xb55f,
	0xd550,0xd555,0xd55a,0xd55f,0xe450,0xe455,0xe45a,0xe45f,
	0x0350,0x0355,0x035a,0x035f,0x1350,0x1355,0x135a,0x135f,
	0xcd70,0xcd75,0xcd7a,0xcd7f,0xdc70,0xdc75,0xdc7a,0xdc7f,
	0xfc70,0xfc75,0xfc7a,0xfc7f,0x0b70,0x0b75,0x0b7a,0x0b7f,
	0x2a70,0x2a75,0x2a7a,0x2a7f,0x3970,0x3975,0x397a,0x397f,
	0x4970,0x4975,0x497a,0x497f,0x6870,0x6875,0x687a,0x687f,
	0x7770,0x7775,0x777a,0x777f,0x9770,0x9775,0x977a,0x977f,
	0xa670,0xa675,0xa67a,0xa67f,0xb570,0xb575,0xb57a,0xb57f,
	0xd470,0xd475,0xd47a,0xd47f,0xe470,0xe475,0xe47a,0xe47f,
	0x0370,0x0375,0x037a,0x037f,0x1270,0x1275,0x127a,0x127f,
	0xcd90,0xcd95,0xcd9a,0xcd9f,0xdc90,0xdc95,0xdc9a,0xdc9f,
	0xfb90,0xfb95,0xfb9a,0xfb9f,0x0a90,0x0a95,0x0a9a,0x0a9f,
	0x2a90,0x2a95,0x2a9a,0x2a9f,0x3990,0x3995,0x399a,0x399f,
	0x4890,0x4895,0x489a,0x489f,0x6890,0x6895,0x689a,0x689f,
	0x7790,0x7795,0x779a,0x779f,0x9690,0x9695,0x969a,0x969f,
	0xa590,0xa595,0xa59a,0xa59f,0xb590,0xb595,0xb59a,0xb59f,
	0xd490,0xd495,0xd49a,0xd49f,0xe390,0xe395,0xe39a,0xe39f,
	0x0390,0x0395,0x039a,0x039f,0x1290,0x1295,0x129a,0x129f,
	0xccb0,0xccb5,0xccba,0xccbf,0xdcb0,0xdcb5,0xdcba,0xdcbf,
	0xfbb0,0xfbb5,0xfbba,0xfbbf,0x0ab0,0x0ab5,0x0aba,0x0abf,
	0x29b0,0x29b5,0x29ba,0x29bf,0x39b0,0x39b5,0x39ba,0x39bf,
	0x48b0,0x48b5,0x48ba,0x48bf,0x67b0,0x67b5,0x67ba,0x67bf,
	0x77b0,0x77b5,0x77ba,0x77bf,0x96b0,0x96b5,0x96ba,0x96bf,
	0xa5b0,0xa5b5,0xa5ba,0xa5bf,0xb4b0,0xb4b5,0xb4ba,0xb4bf,
	0xd4b0,0xd4b5,0xd4ba,0xd4bf,0xe3b0,0xe3b5,0xe3ba,0xe3bf,
	0x02b0,0x02b5,0x02ba,0x02bf,0x12b0,0x12b5,0x12ba,0x12bf,
	0xccd0,0xccd5,0xccda,0xccdf,0xdbd0,0xdbd5,0xdbda,0xdbdf,
	0xfbd0,0xfbd5,0xfbda,0xfbdf,0x0ad0,0x0ad5,0x0ada,0x0adf,
	0x29d0,0x29d5,0x29da,0x29df,0x38d0,0x38d5,0x38da,0x38df,
	0x48d0,0x48d5,0x48da,0x48df,0x67d0,0x67d5,0x67da,0x67df,
	0x76d0,0x76d5,0x76da,0x76df,0x96d0,0x96d5,0x96da,0x96df,
	0xa5d0,0xa5d5,0xa5da,0xa5df,0xb4d0,0xb4d5,0xb4da,0xb4df,
	0xd3d0,0xd3d5,0xd3da,0xd3df,0xe3d0,0xe3d5,0xe3da,0xe3df,
	0x02d0,0x02d5,0x02da,0x02df,0x11d0,0x11d5,0x11da,0x11df,
	0xcce0,0xcce5,0xccea,0xccef,0xdbe0,0xdbe5,0xdbea,0xdbef,
	0xfae0,0xfae5,0xfaea,0xfaef,0x09e0,0x09e5,0x09ea,0x09ef,
	0x29e0,0x29e5,0x29ea,0x29ef,0x38e0,0x38e5,0x38ea,0x38ef,
	0x47e0,0x47e5,0x47ea,0x47ef,0x67e0,0x67e5,0x67ea,0x67ef,
	0x76e0,0x76e5,0x76ea,0x76ef,0x95e0,0x95e5,0x95ea,0x95ef,
	0xa4e0,0xa4e5,0xa4ea,0xa4ef,0xb4e0,0xb4e5,0xb4ea,0xb4ef,
	0xd3e0,0xd3e5,0xd3ea,0xd3ef,0xe2e0,0xe2e5,0xe2ea,0xe2ef,
	0x02e0,0x02e5,0x02ea,0x02ef,0x11e0,0x11e5,0x11ea,0x11ef,
	0xcb00,0xcb05,0xcb0a,0xcb0f,0xdb00,0xdb05,0xdb0a,0xdb0f,
	0xfa00,0xfa05,0xfa0a,0xfa0f,0x0900,0x0905,0x090a,0x090f,
	0x2800,0x2805,0x280a,0x280f,0x3800,0x3805,0x380a,0x380f,
	0x4700,0x4705,0x470a,0x470f,0x6600,0x6605,0x660a,0x660f,
	0x7600,0x7605,0x760a,0x760f,0x9500,0x9505,0x950a,0x950f,
	0xa400,0xa405,0xa40a,0xa40f,0xb300,0xb305,0xb30a,0xb30f,
	0xd300,0xd305,0xd30a,0xd30f,0xe200,0xe205,0xe20a,0xe20f,
	0x0100,0x0105,0x010a,0x010f,0x1100,0x1105,0x110a,0x110f,
	0xcb20,0xcb25,0xcb2a,0xcb2f,0xda20,0xda25,0xda2a,0xda2f,
	0xf920,0xf925,0xf92a,0xf92f,0x0920,0x0925,0x092a,0x092f,
	0x2820,0x2825,0x282a,0x282f,0x3720,0x3725,0x372a,0x372f,
	0x4720,0x4725,0x472a,0x472f,0x6620,0x6625,0x662a,0x662f,
	0x7520,0x7525,0x752a,0x752f,0x9420,0x9425,0x942a,0x942f,
	0xa420,0xa425,0xa42a,0xa42f,0xb320,0xb325,0xb32a,0xb32f,
	0xd220,0xd225,0xd22a,0xd22f,0xe220,0xe225,0xe22a,0xe22f,
	0x0120,0x0125,0x012a,0x012f,0x1020,0x1025,0x102a,0x102f,
	0xcb40,0xcb45,0xcb4a,0xcb4f,0xda40,0xda45,0xda4a,0xda4f,
	0xf940,0xf945,0xf94a,0xf94f,0x0840,0x0845,0x084a,0x084f,
	0x2840,0x2845,0x284a,0x284f,0x3740,0x3745,0x374a,0x374f,
	0x4640,0x4645,0x464a,0x464f,0x6640,0x6645,0x664a,0x664f,
	0x7540,0x7545,0x754a,0x754f,0x9440,0x9445,0x944a,0x944f,
	0xa340,0xa345,0xa34a,0xa34f,0xb340,0xb345,0xb34a,0xb34f,
	0xd240,0xd245,0xd24a,0xd24f,0xe140,0xe145,0xe14a,0xe14f,
	0x0140,0x0145,0x014a,0x014f,0x1040,0x1045,0x104a,0x104f,
	0xe2b0,0xe2b5,0xe2ba,0xe2bf,0xf1b0,0xf1b5,0xf1ba,0xf1bf,
	0x10b0,0x10b5,0x10ba,0x10bf,0x20b0,0x20b5,0x20ba,0x20bf,
	0x4fb0,0x4fb5,0x4fba,0x4fbf,0x5eb0,0x5eb5,0x5eba,0x5ebf,
	0x6db0,0x6db5,0x6dba,0x6dbf,0x8db0,0x8db5,0x8dba,0x8dbf,
	0x9cb0,0x9cb5,0x9cba,0x9cbf,0xbbb0,0xbbb5,0xbbba,0xbbbf,
	0xcbb0,0xcbb5,0xcbba,0xcbbf,0xdab0,0xdab5,0xdaba,0xdabf,
	0xf9b0,0xf9b5,0xf9ba,0xf9bf,0x08b0,0x08b5,0x08ba,0x08bf,
	0x28b0,0x28b5,0x28ba,0x28bf,0x37b0,0x37b5,0x37ba,0x37bf,
	0xe1d0,0xe1d5,0xe1da,0xe1df,0xf1d0,0xf1d5,0xf1da,0xf1df,
	0x10d0,0x10d5,0x10da,0x10df,0x2fd0,0x2fd5,0x2fda,0x2fdf,
	0x4fd0,0x4fd5,0x4fda,0x4fdf,0x5ed0,0x5ed5,0x5eda,0x5edf,
	0x6dd0,0x6dd5,0x6dda,0x6ddf,0x8cd0,0x8cd5,0x8cda,0x8cdf,
	0x9cd0,0x9cd5,0x9cda,0x9cdf,0xbbd0,0xbbd5,0xbbda,0xbbdf,
	0xcad0,0xcad5,0xcada,0xcadf,0xdad0,0xdad5,0xdada,0xdadf,
	0xf9d0,0xf9d5,0xf9da,0xf9df,0x08d0,0x08d5,0x08da,0x08df,
	0x27d0,0x27d5,0x27da,0x27df,0x37d0,0x37d5,0x37da,0x37df,
	0xe1f0,0xe1f5,0xe1fa,0xe1ff,0xf0f0,0xf0f5,0xf0fa,0xf0ff,
	0x10f0,0x10f5,0x10fa,0x10ff,0x2ff0,0x2ff5,0x2ffa,0x2fff,
	0x4ef0,0x4ef5,0x4efa,0x4eff,0x5df0,0x5df5,0x5dfa,0x5dff,
	0x6df0,0x6df5,0x6dfa,0x6dff,0x8cf0,0x8cf5,0x8cfa,0x8cff,
	0x9bf0,0x9bf5,0x9bfa,0x9bff,0xbbf0,0xbbf5,0xbbfa,0xbbff,
	0xcaf0,0xcaf5,0xcafa,0xcaff,0xd9f0,0xd9f5,0xd9fa,0xd9ff,
	0xf8f0,0xf8f5,0xf8fa,0xf8ff,0x08f0,0x08f5,0x08fa,0x08ff,
	0x27f0,0x27f5,0x27fa,0x27ff,0x36f0,0x36f5,0x36fa,0x36ff,
	0xe100,0xe105,0xe10a,0xe10f,0xf000,0xf005,0xf00a,0xf00f,
	0x1f00,0x1f05,0x1f0a,0x1f0f,0x2f00,0x2f05,0x2f0a,0x2f0f,
	0x4e00,0x4e05,0x4e0a,0x4e0f,0x5d00,0x5d05,0x5d0a,0x5d0f,
	0x6c00,0x6c05,0x6c0a,0x6c0f,0x8c00,0x8c05,0x8c0a,0x8c0f,
	0x9b00,0x9b05,0x9b0a,0x9b0f,0xba00,0xba05,0xba0a,0xba0f,
	0xca00,0xca05,0xca0a,0xca0f,0xd900,0xd905,0xd90a,0xd90f,
	0xf800,0xf805,0xf80a,0xf80f,0x0700,0x0705,0x070a,0x070f,
	0x2700,0x2705,0x270a,0x270f,0x3600,0x3605,0x360a,0x360f,
	0xe020,0xe025,0xe02a,0xe02f,0xf020,0xf025,0xf02a,0xf02f,
	0x1f20,0x1f25,0x1f2a,0x1f2f,0x2e20,0x2e25,0x2e2a,0x2e2f,
	0x4d20,0x4d25,0x4d2a,0x4d2f,0x5d20,0x5d25,0x5d2a,0x5d2f,
	0x6c20,0x6c25,0x6c2a,0x6c2f,0x8b20,0x8b25,0x8b2a,0x8b2f,
	0x9b20,0x9b25,0x9b2a,0x9b2f,0xba20,0xba25,0xba2a,0xba2f,
	0xc920,0xc925,0xc92a,0xc92f,0xd820,0xd825,0xd82a,0xd82f,
	0xf820,0xf825,0xf82a,0xf82f,0x0720,0x0725,0x072a,0x072f,
	0x2620,0x2625,0x262a,0x262f,0x3620,0x3625,0x362a,0x362f,
	0xe040,0xe045,0xe04a,0xe04f,0xff40,0xff45,0xff4a,0xff4f,
	0x1f40,0x1f45,0x1f4a,0x1f4f,0x2e40,0x2e45,0x2e4a,0x2e4f,
	0x4d40,0x4d45,0x4d4a,0x4d4f,0x5c40,0x5c45,0x5c4a,0x5c4f,
	0x6c40,0x6c45,0x6c4a,0x6c4f,0x8b40,0x8b45,0x8b4a,0x8b4f,
	0x9a40,0x9a45,0x9a4a,0x9a4f,0xba40,0xba45,0xba4a,0xba4f,
	0xc940,0xc945,0xc94a,0xc94f,0xd840,0xd845,0xd84a,0xd84f,
	0xf740,0xf745,0xf74a,0xf74f,0x0740,0x0745,0x074a,0x074f,
	0x2640,0x2645,0x264a,0x264f,0x3540,0x3545,0x354a,0x354f,
	0xe060,0xe065,0xe06a,0xe06f,0xff60,0xff65,0xff6a,0xff6f,
	0x1e60,0x1e65,0x1e6a,0x1e6f,0x2e60,0x2e65,0x2e6a,0x2e6f,
	0x4d60,0x4d65,0x4d6a,0x4d6f,0x5c60,0x5c65,0x5c6a,0x5c6f,
	0x6b60,0x6b65,0x6b6a,0x6b6f,0x8b60,0x8b65,0x8b6a,0x8b6f,
	0x9a60,0x9a65,0x9a6a,0x9a6f,0xb960,0xb965,0xb96a,0xb96f,
	0xc960,0xc965,0xc96a,0xc96f,0xd860,0xd865,0xd86a,0xd86f,
	0xf760,0xf765,0xf76a,0xf76f,0x0660,0x0665,0x066a,0x066f,
	0x2660,0x2665,0x266a,0x266f,0x3560,0x3565,0x356a,0x356f,
	0xef70,0xef75,0xef7a,0xef7f,0xff70,0xff75,0xff7a,0xff7f,
	0x1e70,0x1e75,0x1e7a,0x1e7f,0x2d70,0x2d75,0x2d7a,0x2d7f,
	0x4c70,0x4c75,0x4c7a,0x4c7f,0x5c70,0x5c75,0x5c7a,0x5c7f,
	0x6b70,0x6b75,0x6b7a,0x6b7f,0x8a70,0x8a75,0x8a7a,0x8a7f,
	0x9a70,0x9a75,0x9a7a,0x9a7f,0xb970,0xb975,0xb97a,0xb97f,
	0xc870,0xc875,0xc87a,0xc87f,0xd770,0xd775,0xd77a,0xd77f,
	0xf770,0xf775,0xf77a,0xf77f,0x0670,0x0675,0x067a,0x067f,
	0x2570,0x2575,0x257a,0x257f,0x3570,0x3575,0x357a,0x357f,
	0xef90,0xef95,0xef9a,0xef9f,0xfe90,0xfe95,0xfe9a,0xfe9f,
	0x1e90,0x1e95,0x1e9a,0x1e9f,0x2d90,0x2d95,0x2d9a,0x2d9f,
	0x4c90,0x4c95,0x4c9a,0x4c9f,0x5b90,0x5b95,0x5b9a,0x5b9f,
	0x6b90,0x6b95,0x6b9a,0x6b9f,0x8a90,0x8a95,0x8a9a,0x8a9f,
	0x9990,0x9995,0x999a,0x999f,0xb990,0xb995,0xb99a,0xb99f,
	0xc890,0xc895,0xc89a,0xc89f,0xd790,0xd795,0xd79a,0xd79f,
	0xf690,0xf695,0xf69a,0xf69f,0x0690,0x0695,0x069a,0x069f,
	0x2590,0x2595,0x259a,0x259f,0x3490,0x3495,0x349a,0x349f,
	0xefb0,0xefb5,0xefba,0xefbf,0xfeb0,0xfeb5,0xfeba,0xfebf,
	0x1db0,0x1db5,0x1dba,0x1dbf,0x2cb0,0x2cb5,0x2cba,0x2cbf,
	0x4cb0,0x4cb5,0x4cba,0x4cbf,0x5bb0,0x5bb5,0x5bba,0x5bbf,
	0x6ab0,0x6ab5,0x6aba,0x6abf,0x8ab0,0x8ab5,0x8aba,0x8abf,
	0x99b0,0x99b5,0x99ba,0x99bf,0xb8b0,0xb8b5,0xb8ba,0xb8bf,
	0xc7b0,0xc7b5,0xc7ba,0xc7bf,0xd7b0,0xd7b5,0xd7ba,0xd7bf,
	0xf6b0,0xf6b5,0xf6ba,0xf6bf,0x05b0,0x05b5,0x05ba,0x05bf,
	0x25b0,0x25b5,0x25ba,0x25bf,0x34b0,0x34b5,0x34ba,0x34bf,
	0xeed0,0xeed5,0xeeda,0xeedf,0xfed0,0xfed5,0xfeda,0xfedf,
	0x1dd0,0x1dd5,0x1dda,0x1ddf,0x2cd0,0x2cd5,0x2cda,0x2cdf,
	0x4bd0,0x4bd5,0x4bda,0x4bdf,0x5bd0,0x5bd5,0x5bda,0x5bdf,
	0x6ad0,0x6ad5,0x6ada,0x6adf,0x89d0,0x89d5,0x89da,0x89df,
	0x99d0,0x99d5,0x99da,0x99df,0xb8d0,0xb8d5,0xb8da,0xb8df,
	0xc7d0,0xc7d5,0xc7da,0xc7df,0xd6d0,0xd6d5,0xd6da,0xd6df,
	0xf6d0,0xf6d5,0xf6da,0xf6df,0x05d0,0x05d5,0x05da,0x05df,
	0x24d0,0x24d5,0x24da,0x24df,0x34d0,0x34d5,0x34da,0x34df,
	0xeef0,0xeef5,0xeefa,0xeeff,0xfdf0,0xfdf5,0xfdfa,0xfdff,
	0x1df0,0x1df5,0x1dfa,0x1dff,0x2cf0,0x2cf5,0x2cfa,0x2cff,
	0x4bf0,0x4bf5,0x4bfa,0x4bff,0x5af0,0x5af5,0x5afa,0x5aff,
	0x6af0,0x6af5,0x6afa,0x6aff,0x89f0,0x89f5,0x89fa,0x89ff,
	0x98f0,0x98f5,0x98fa,0x98ff,0xb8f0,0xb8f5,0xb8fa,0xb8ff,
	0xc7f0,0xc7f5,0xc7fa,0xc7ff,0xd6f0,0xd6f5,0xd6fa,0xd6ff,
	0xf5f0,0xf5f5,0xf5fa,0xf5ff,0x05f0,0x05f5,0x05fa,0x05ff,
	0x24f0,0x24f5,0x24fa,0x24ff,0x33f0,0x33f5,0x33fa,0x33ff,
	0xee00,0xee05,0xee0a,0xee0f,0xfd00,0xfd05,0xfd0a,0xfd0f,
	0x1c00,0x1c05,0x1c0a,0x1c0f,0x2b00,0x2b05,0x2b0a,0x2b0f,
	0x4b00,0x4b05,0x4b0a,0x4b0f,0x5a00,0x5a05,0x5a0a,0x5a0f,
	0x6900,0x6905,0x690a,0x690f,0x8900,0x8905,0x890a,0x890f,
	0x9800,0x9805,0x980a,0x980f,0xb700,0xb705,0xb70a,0xb70f,
	0xc600,0xc605,0xc60a,0xc60f,0xd600,0xd605,0xd60a,0xd60f,
	0xf500,0xf505,0xf50a,0xf50f,0x0400,0x0405,0x040a,0x040f,
	0x2400,0x2405,0x240a,0x240f,0x3300,0x3305,0x330a,0x330f,
	0xed20,0xed25,0xed2a,0xed2f,0xfd20,0xfd25,0xfd2a,0xfd2f,
	0x1c20,0x1c25,0x1c2a,0x1c2f,0x2b20,0x2b25,0x2b2a,0x2b2f,
	0x4a20,0x4a25,0x4a2a,0x4a2f,0x5a20,0x5a25,0x5a2a,0x5a2f,
	0x6920,0x6925,0x692a,0x692f,0x8820,0x8825,0x882a,0x882f,
	0x9820,0x9825,0x982a,0x982f,0xb720,0xb725,0xb72a,0xb72f,
	0xc620,0xc625,0xc62a,0xc62f,0xd520,0xd525,0xd52a,0xd52f,
	0xf520,0xf525,0xf52a,0xf52f,0x0420,0x0425,0x042a,0x042f,
	0x2320,0x2325,0x232a,0x232f,0x3320,0x3325,0x332a,0x332f,
	0xed40,0xed45,0xed4a,0xed4f,0xfc40,0xfc45,0xfc4a,0xfc4f,
	0x1b40,0x1b45,0x1b4a,0x1b4f,0x2b40,0x2b45,0x2b4a,0x2b4f,
	0x4a40,0x4a45,0x4a4a,0x4a4f,0x5940,0x5945,0x594a,0x594f,
	0x6940,0x6945,0x694a,0x694f,0x8840,0x8845,0x884a,0x884f,
	0x9740,0x9745,0x974a,0x974f,0xb640,0xb645,0xb64a,0xb64f,
	0xc640,0xc645,0xc64a,0xc64f,0xd540,0xd545,0xd54a,0xd54f,
	0xf440,0xf445,0xf44a,0xf44f,0x0440,0x0445,0x044a,0x044f,
	0x2340,0x2345,0x234a,0x234f,0x3240,0x3245,0x324a,0x324f,
	0xed60,0xed65,0xed6a,0xed6f,0xfc60,0xfc65,0xfc6a,0xfc6f,
	0x1b60,0x1b65,0x1b6a,0x1b6f,0x2a60,0x2a65,0x2a6a,0x2a6f,
	0x4a60,0x4a65,0x4a6a,0x4a6f,0x5960,0x5965,0x596a,0x596f,
	0x6860,0x6865,0x686a,0x686f,0x8860,0x8865,0x886a,0x886f,
	0x9760,0x9765,0x976a,0x976f,0xb660,0xb665,0xb66a,0xb66f,
	0xc560,0xc565,0xc56a,0xc56f,0xd560,0xd565,0xd56a,0xd56f,
	0xf460,0xf465,0xf46a,0xf46f,0x0360,0x0365,0x036a,0x036f,
	0x2360,0x2365,0x236a,0x236f,0x3260,0x3265,0x326a,0x326f,
	0x04d0,0x04d5,0x04da,0x04df,0x13d0,0x13d5,0x13da,0x13df,
	0x32d0,0x32d5,0x32da,0x32df,0x42d0,0x42d5,0x42da,0x42df,
	0x61d0,0x61d5,0x61da,0x61df,0x70d0,0x70d5,0x70da,0x70df,
	0x8fd0,0x8fd5,0x8fda,0x8fdf,0xafd0,0xafd5,0xafda,0xafdf,
	0xbed0,0xbed5,0xbeda,0xbedf,0xddd0,0xddd5,0xddda,0xdddf,
	0xedd0,0xedd5,0xedda,0xeddf,0xfcd0,0xfcd5,0xfcda,0xfcdf,
	0x1bd0,0x1bd5,0x1bda,0x1bdf,0x2ad0,0x2ad5,0x2ada,0x2adf,
	0x4ad0,0x4ad5,0x4ada,0x4adf,0x59d0,0x59d5,0x59da,0x59df,
	0x03f0,0x03f5,0x03fa,0x03ff,0x13f0,0x13f5,0x13fa,0x13ff,
	0x32f0,0x32f5,0x32fa,0x32ff,0x41f0,0x41f5,0x41fa,0x41ff,
	0x61f0,0x61f5,0x61fa,0x61ff,0x70f0,0x70f5,0x70fa,0x70ff,
	0x8ff0,0x8ff5,0x8ffa,0x8fff,0xaef0,0xaef5,0xaefa,0xaeff,
	0xbef0,0xbef5,0xbefa,0xbeff,0xddf0,0xddf5,0xddfa,0xddff,
	0xecf0,0xecf5,0xecfa,0xecff,0xfcf0,0xfcf5,0xfcfa,0xfcff,
	0x1bf0,0x1bf5,0x1bfa,0x1bff,0x2af0,0x2af5,0x2afa,0x2aff,
	0x49f0,0x49f5,0x49fa,0x49ff,0x59f0,0x59f5,0x59fa,0x59ff,
	0x0310,0x0315,0x031a,0x031f,0x1210,0x1215,0x121a,0x121f,
	0x3210,0x3215,0x321a,0x321f,0x4110,0x4115,0x411a,0x411f,
	0x6010,0x6015,0x601a,0x601f,0x7f10,0x7f15,0x7f1a,0x7f1f,
	0x8f10,0x8f15,0x8f1a,0x8f1f,0xae10,0xae15,0xae1a,0xae1f,
	0xbd10,0xbd15,0xbd1a,0xbd1f,0xdd10,0xdd15,0xdd1a,0xdd1f,
	0xec10,0xec15,0xec1a,0xec1f,0xfb10,0xfb15,0xfb1a,0xfb1f,
	0x1a10,0x1a15,0x1a1a,0x1a1f,0x2a10,0x2a15,0x2a1a,0x2a1f,
	0x4910,0x4915,0x491a,0x491f,0x5810,0x5815,0x581a,0x581f,
	0x0320,0x0325,0x032a,0x032f,0x1220,0x1225,0x122a,0x122f,
	0x3120,0x3125,0x312a,0x312f,0x4120,0x4125,0x412a,0x412f,
	0x6020,0x6025,0x602a,0x602f,0x7f20,0x7f25,0x7f2a,0x7f2f,
	0x8e20,0x8e25,0x8e2a,0x8e2f,0xae20,0xae25,0xae2a,0xae2f,
	0xbd20,0xbd25,0xbd2a,0xbd2f,0xdc20,0xdc25,0xdc2a,0xdc2f,
	0xec20,0xec25,0xec2a,0xec2f,0xfb20,0xfb25,0xfb2a,0xfb2f,
	0x1a20,0x1a25,0x1a2a,0x1a2f,0x2920,0x2925,0x292a,0x292f,
	0x4920,0x4925,0x492a,0x492f,0x5820,0x5825,0x582a,0x582f,
	0x0240,0x0245,0x024a,0x024f,0x1240,0x1245,0x124a,0x124f,
	0x3140,0x3145,0x314a,0x314f,0x4040,0x4045,0x404a,0x404f,
	0x6f40,0x6f45,0x6f4a,0x6f4f,0x7f40,0x7f45,0x7f4a,0x7f4f,
	0x8e40,0x8e45,0x8e4a,0x8e4f,0xad40,0xad45,0xad4a,0xad4f,
	0xbd40,0xbd45,0xbd4a,0xbd4f,0xdc40,0xdc45,0xdc4a,0xdc4f,
	0xeb40,0xeb45,0xeb4a,0xeb4f,0xfa40,0xfa45,0xfa4a,0xfa4f,
	0x1a40,0x1a45,0x1a4a,0x1a4f,0x2940,0x2945,0x294a,0x294f,
	0x4840,0x4845,0x484a,0x484f,0x5840,0x5845,0x584a,0x584f,
	0x0260,0x0265,0x026a,0x026f,0x1160,0x1165,0x116a,0x116f,
	0x3160,0x3165,0x316a,0x316f,0x4060,0x4065,0x406a,0x406f,
	0x6f60,0x6f65,0x6f6a,0x6f6f,0x7e60,0x7e65,0x7e6a,0x7e6f,
	0x8e60,0x8e65,0x8e6a,0x8e6f,0xad60,0xad65,0xad6a,0xad6f,
	0xbc60,0xbc65,0xbc6a,0xbc6f,0xdc60,0xdc65,0xdc6a,0xdc6f,
	0xeb60,0xeb65,0xeb6a,0xeb6f,0xfa60,0xfa65,0xfa6a,0xfa6f,
	0x1960,0x1965,0x196a,0x196f,0x2960,0x2965,0x296a,0x296f,
	0x4860,0x4865,0x486a,0x486f,0x5760,0x5765,0x576a,0x576f,
	0x0280,0x0285,0x028a,0x028f,0x1180,0x1185,0x118a,0x118f,
	0x3080,0x3085,0x308a,0x308f,0x4080,0x4085,0x408a,0x408f,
	0x6f80,0x6f85,0x6f8a,0x6f8f,0x7e80,0x7e85,0x7e8a,0x7e8f,
	0x8d80,0x8d85,0x8d8a,0x8d8f,0xad80,0xad85,0xad8a,0xad8f,
	0xbc80,0xbc85,0xbc8a,0xbc8f,0xdb80,0xdb85,0xdb8a,0xdb8f,
	0xeb80,0xeb85,0xeb8a,0xeb8f,0xfa80,0xfa85,0xfa8a,0xfa8f,
	0x1980,0x1985,0x198a,0x198f,0x2880,0x2885,0x288a,0x288f,
	0x4880,0x4885,0x488a,0x488f,0x5780,0x5785,0x578a,0x578f,
	0x0190,0x0195,0x019a,0x019f,0x1190,0x1195,0x119a,0x119f,
	0x3090,0x3095,0x309a,0x309f,0x4f90,0x4f95,0x4f9a,0x4f9f,
	0x6e90,0x6e95,0x6e9a,0x6e9f,0x7e90,0x7e95,0x7e9a,0x7e9f,
	0x8d90,0x8d95,0x8d9a,0x8d9f,0xac90,0xac95,0xac9a,0xac9f,
	0xbc90,0xbc95,0xbc9a,0xbc9f,0xdb90,0xdb95,0xdb9a,0xdb9f,
	0xea90,0xea95,0xea9a,0xea9f,0xf990,0xf995,0xf99a,0xf99f,
	0x1990,0x1995,0x199a,0x199f,0x2890,0x2895,0x289a,0x289f,
	0x4790,0x4795,0x479a,0x479f,0x5790,0x5795,0x579a,0x579f,
	0x01b0,0x01b5,0x01ba,0x01bf,0x10b0,0x10b5,0x10ba,0x10bf,
	0x30b0,0x30b5,0x30ba,0x30bf,0x4fb0,0x4fb5,0x4fba,0x4fbf,
	0x6eb0,0x6eb5,0x6eba,0x6ebf,0x7db0,0x7db5,0x7dba,0x7dbf,
	0x8db0,0x8db5,0x8dba,0x8dbf,0xacb0,0xacb5,0xacba,0xacbf,
	0xbbb0,0xbbb5,0xbbba,0xbbbf,0xdbb0,0xdbb5,0xdbba,0xdbbf,
	0xeab0,0xeab5,0xeaba,0xeabf,0xf9b0,0xf9b5,0xf9ba,0xf9bf,
	0x18b0,0x18b5,0x18ba,0x18bf,0x28b0,0x28b5,0x28ba,0x28bf,
	0x47b0,0x47b5,0x47ba,0x47bf,0x56b0,0x56b5,0x56ba,0x56bf,
	0x01d0,0x01d5,0x01da,0x01df,0x10d0,0x10d5,0x10da,0x10df,
	0x3fd0,0x3fd5,0x3fda,0x3fdf,0x4ed0,0x4ed5,0x4eda,0x4edf,
	0x6ed0,0x6ed5,0x6eda,0x6edf,0x7dd0,0x7dd5,0x7dda,0x7ddf,
	0x8cd0,0x8cd5,0x8cda,0x8cdf,0xacd0,0xacd5,0xacda,0xacdf,
	0xbbd0,0xbbd5,0xbbda,0xbbdf,0xdad0,0xdad5,0xdada,0xdadf,
	0xe9d0,0xe9d5,0xe9da,0xe9df,0xf9d0,0xf9d5,0xf9da,0xf9df,
	0x18d0,0x18d5,0x18da,0x18df,0x27d0,0x27d5,0x27da,0x27df,
	0x47d0,0x47d5,0x47da,0x47df,0x56d0,0x56d5,0x56da,0x56df,
	0x00f0,0x00f5,0x00fa,0x00ff,0x10f0,0x10f5,0x10fa,0x10ff,
	0x3ff0,0x3ff5,0x3ffa,0x3fff,0x4ef0,0x4ef5,0x4efa,0x4eff,
	0x6df0,0x6df5,0x6dfa,0x6dff,0x7df0,0x7df5,0x7dfa,0x7dff,
	0x8cf0,0x8cf5,0x8cfa,0x8cff,0xabf0,0xabf5,0xabfa,0xabff,
	0xbbf0,0xbbf5,0xbbfa,0xbbff,0xdaf0,0xdaf5,0xdafa,0xdaff,
	0xe9f0,0xe9f5,0xe9fa,0xe9ff,0xf8f0,0xf8f5,0xf8fa,0xf8ff,
	0x18f0,0x18f5,0x18fa,0x18ff,0x27f0,0x27f5,0x27fa,0x27ff,
	0x46f0,0x46f5,0x46fa,0x46ff,0x56f0,0x56f5,0x56fa,0x56ff,
	0x0010,0x0015,0x001a,0x001f,0x1f10,0x1f15,0x1f1a,0x1f1f,
	0x3f10,0x3f15,0x3f1a,0x3f1f,0x4e10,0x4e15,0x4e1a,0x4e1f,
	0x6d10,0x6d15,0x6d1a,0x6d1f,0x7c10,0x7c15,0x7c1a,0x7c1f,
	0x8c10,0x8c15,0x8c1a,0x8c1f,0xab10,0xab15,0xab1a,0xab1f,
	0xba10,0xba15,0xba1a,0xba1f,0xda10,0xda15,0xda1a,0xda1f,
	0xe910,0xe915,0xe91a,0xe91f,0xf810,0xf815,0xf81a,0xf81f,
	0x1710,0x1715,0x171a,0x171f,0x2710,0x2715,0x271a,0x271f,
	0x4610,0x4615,0x461a,0x461f,0x5510,0x5515,0x551a,0x551f,
	0x0020,0x0025,0x002a,0x002f,0x1f20,0x1f25,0x1f2a,0x1f2f,
	0x3e20,0x3e25,0x3e2a,0x3e2f,0x4d20,0x4d25,0x4d2a,0x4d2f,
	0x6d20,0x6d25,0x6d2a,0x6d2f,0x7c20,0x7c25,0x7c2a,0x7c2f,
	0x8b20,0x8b25,0x8b2a,0x8b2f,0xab20,0xab25,0xab2a,0xab2f,
	0xba20,0xba25,0xba2a,0xba2f,0xd920,0xd925,0xd92a,0xd92f,
	0xe820,0xe825,0xe82a,0xe82f,0xf820,0xf825,0xf82a,0xf82f,
	0x1720,0x1725,0x172a,0x172f,0x2620,0x2625,0x262a,0x262f,
	0x4620,0x4625,0x462a,0x462f,0x5520,0x5525,0x552a,0x552f,
	0x0f40,0x0f45,0x0f4a,0x0f4f,0x1f40,0x1f45,0x1f4a,0x1f4f,
	0x3e40,0x3e45,0x3e4a,0x3e4f,0x4d40,0x4d45,0x4d4a,0x4d4f,
	0x6c40,0x6c45,0x6c4a,0x6c4f,0x7c40,0x7c45,0x7c4a,0x7c4f,
	0x8b40,0x8b45,0x8b4a,0x8b4f,0xaa40,0xaa45,0xaa4a,0xaa4f,
	0xba40,0xba45,0xba4a,0xba4f,0xd940,0xd945,0xd94a,0xd94f,
	0xe840,0xe845,0xe84a,0xe84f,0xf740,0xf745,0xf74a,0xf74f,
	0x1740,0x1745,0x174a,0x174f,0x2640,0x2645,0x264a,0x264f,
	0x4540,0x4545,0x454a,0x454f,0x5540,0x5545,0x554a,0x554f,
	0x0f60,0x0f65,0x0f6a,0x0f6f,0x1e60,0x1e65,0x1e6a,0x1e6f,
	0x3d60,0x3d65,0x3d6a,0x3d6f,0x4d60,0x4d65,0x4d6a,0x4d6f,
	0x6c60,0x6c65,0x6c6a,0x6c6f,0x7b60,0x7b65,0x7b6a,0x7b6f,
	0x8b60,0x8b65,0x8b6a,0x8b6f,0xaa60,0xaa65,0xaa6a,0xaa6f,
	0xb960,0xb965,0xb96a,0xb96f,0xd860,0xd865,0xd86a,0xd86f,
	0xe860,0xe865,0xe86a,0xe86f,0xf760,0xf765,0xf76a,0xf76f,
	0x1660,0x1665,0x166a,0x166f,0x2660,0x2665,0x266a,0x266f,
	0x4560,0x4565,0x456a,0x456f,0x5460,0x5465,0x546a,0x546f,
	0x0f80,0x0f85,0x0f8a,0x0f8f,0x1e80,0x1e85,0x1e8a,0x1e8f,
	0x3d80,0x3d85,0x3d8a,0x3d8f,0x4c80,0x4c85,0x4c8a,0x4c8f,
	0x6c80,0x6c85,0x6c8a,0x6c8f,0x7b80,0x7b85,0x7b8a,0x7b8f,
	0x8a80,0x8a85,0x8a8a,0x8a8f,0xaa80,0xaa85,0xaa8a,0xaa8f,
	0xb980,0xb985,0xb98a,0xb98f,0xd880,0xd885,0xd88a,0xd88f,
	0xe780,0xe785,0xe78a,0xe78f,0xf780,0xf785,0xf78a,0xf78f,
	0x1680,0x1685,0x168a,0x168f,0x2580,0x2585,0x258a,0x258f,
	0x4580,0x4585,0x458a,0x458f,0x5480,0x5485,0x548a,0x548f,
	0x26f0,0x26f5,0x26fa,0x26ff,0x35f0,0x35f5,0x35fa,0x35ff,
	0x54f0,0x54f5,0x54fa,0x54ff,0x64f0,0x64f5,0x64fa,0x64ff,
	0x83f0,0x83f5,0x83fa,0x83ff,0x92f0,0x92f5,0x92fa,0x92ff,
	0xa1f0,0xa1f5,0xa1fa,0xa1ff,0xc1f0,0xc1f5,0xc1fa,0xc1ff,
	0xd0f0,0xd0f5,0xd0fa,0xd0ff,0xfff0,0xfff5,0xfffa,0xffff,
	0x0ff0,0x0ff5,0x0ffa,0x0fff,0x1ef0,0x1ef5,0x1efa,0x1eff,
	0x3df0,0x3df5,0x3dfa,0x3dff,0x4cf0,0x4cf5,0x4cfa,0x4cff,
	0x6cf0,0x6cf5,0x6cfa,0x6cff,0x7bf0,0x7bf5,0x7bfa,0x7bff,
	0x2510,0x2515,0x251a,0x251f,0x3510,0x3515,0x351a,0x351f,
	0x5410,0x5415,0x541a,0x541f,0x6310,0x6315,0x631a,0x631f,
	0x8310,0x8315,0x831a,0x831f,0x9210,0x9215,0x921a,0x921f,
	0xa110,0xa115,0xa11a,0xa11f,0xc010,0xc015,0xc01a,0xc01f,
	0xd010,0xd015,0xd01a,0xd01f,0xff10,0xff15,0xff1a,0xff1f,
	0x0e10,0x0e15,0x0e1a,0x0e1f,0x1e10,0x1e15,0x1e1a,0x1e1f,
	0x3d10,0x3d15,0x3d1a,0x3d1f,0x4c10,0x4c15,0x4c1a,0x4c1f,
	0x6b10,0x6b15,0x6b1a,0x6b1f,0x7b10,0x7b15,0x7b1a,0x7b1f,
	0x2530,0x2535,0x253a,0x253f,0x3430,0x3435,0x343a,0x343f,
	0x5430,0x5435,0x543a,0x543f,0x6330,0x6335,0x633a,0x633f,
	0x8230,0x8235,0x823a,0x823f,0x9130,0x9135,0x913a,0x913f,
	0xa130,0xa135,0xa13a,0xa13f,0xc030,0xc035,0xc03a,0xc03f,
	0xdf30,0xdf35,0xdf3a,0xdf3f,0xff30,0xff35,0xff3a,0xff3f,
	0x0e30,0x0e35,0x0e3a,0x0e3f,0x1d30,0x1d35,0x1d3a,0x1d3f,
	0x3c30,0x3c35,0x3c3a,0x3c3f,0x4c30,0x4c35,0x4c3a,0x4c3f,
	0x6b30,0x6b35,0x6b3a,0x6b3f,0x7a30,0x7a35,0x7a3a,0x7a3f,
	0x2540,0x2545,0x254a,0x254f,0x3440,0x3445,0x344a,0x344f,
	0x5340,0x5345,0x534a,0x534f,0x6340,0x6345,0x634a,0x634f,
	0x8240,0x8245,0x824a,0x824f,0x9140,0x9145,0x914a,0x914f,
	0xa040,0xa045,0xa04a,0xa04f,0xc040,0xc045,0xc04a,0xc04f,
	0xdf40,0xdf45,0xdf4a,0xdf4f,0xfe40,0xfe45,0xfe4a,0xfe4f,
	0x0e40,0x0e45,0x0e4a,0x0e4f,0x1d40,0x1d45,0x1d4a,0x1d4f,
	0x3c40,0x3c45,0x3c4a,0x3c4f,0x4b40,0x4b45,0x4b4a,0x4b4f,
	0x6b40,0x6b45,0x6b4a,0x6b4f,0x7a40,0x7a45,0x7a4a,0x7a4f,
	0x2460,0x2465,0x246a,0x246f,0x3460,0x3465,0x346a,0x346f,
	0x5360,0x5365,0x536a,0x536f,0x6260,0x6265,0x626a,0x626f,
	0x8160,0x8165,0x816a,0x816f,0x9160,0x9165,0x916a,0x916f,
	0xa060,0xa065,0xa06a,0xa06f,0xcf60,0xcf65,0xcf6a,0xcf6f,
	0xdf60,0xdf65,0xdf6a,0xdf6f,0xfe60,0xfe65,0xfe6a,0xfe6f,
	0x0d60,0x0d65,0x0d6a,0x0d6f,0x1c60,0x1c65,0x1c6a,0x1c6f,
	0x3c60,0x3c65,0x3c6a,0x3c6f,0x4b60,0x4b65,0x4b6a,0x4b6f,
	0x6a60,0x6a65,0x6a6a,0x6a6f,0x7a60,0x7a65,0x7a6a,0x7a6f,
	0x2480,0x2485,0x248a,0x248f,0x3380,0x3385,0x338a,0x338f,
	0x5380,0x5385,0x538a,0x538f,0x6280,0x6285,0x628a,0x628f,
	0x8180,0x8185,0x818a,0x818f,0x9080,0x9085,0x908a,0x908f,
	0xa080,0xa085,0xa08a,0xa08f,0xcf80,0xcf85,0xcf8a,0xcf8f,
	0xde80,0xde85,0xde8a,0xde8f,0xfe80,0xfe85,0xfe8a,0xfe8f,
	0x0d80,0x0d85,0x0d8a,0x0d8f,0x1c80,0x1c85,0x1c8a,0x1c8f,
	0x3b80,0x3b85,0x3b8a,0x3b8f,0x4b80,0x4b85,0x4b8a,0x4b8f,
	0x6a80,0x6a85,0x6a8a,0x6a8f,0x7980,0x7985,0x798a,0x798f,
	0x24a0,0x24a5,0x24aa,0x24af,0x33a0,0x33a5,0x33aa,0x33af,
	0x52a0,0x52a5,0x52aa,0x52af,0x62a0,0x62a5,0x62aa,0x62af,
	0x81a0,0x81a5,0x81aa,0x81af,0x90a0,0x90a5,0x90aa,0x90af,
	0xafa0,0xafa5,0xafaa,0xafaf,0xcfa0,0xcfa5,0xcfaa,0xcfaf,
	0xdea0,0xdea5,0xdeaa,0xdeaf,0xfda0,0xfda5,0xfdaa,0xfdaf,
	0x0da0,0x0da5,0x0daa,0x0daf,0x1ca0,0x1ca5,0x1caa,0x1caf,
	0x3ba0,0x3ba5,0x3baa,0x3baf,0x4aa0,0x4aa5,0x4aaa,0x4aaf,
	0x6aa0,0x6aa5,0x6aaa,0x6aaf,0x79a0,0x79a5,0x79aa,0x79af,
	0x23b0,0x23b5,0x23ba,0x23bf,0x33b0,0x33b5,0x33ba,0x33bf,
	0x52b0,0x52b5,0x52ba,0x52bf,0x61b0,0x61b5,0x61ba,0x61bf,
	0x80b0,0x80b5,0x80ba,0x80bf,0x90b0,0x90b5,0x90ba,0x90bf,
	0xafb0,0xafb5,0xafba,0xafbf,0xceb0,0xceb5,0xceba,0xcebf,
	0xdeb0,0xdeb5,0xdeba,0xdebf,0xfdb0,0xfdb5,0xfdba,0xfdbf,
	0x0cb0,0x0cb5,0x0cba,0x0cbf,0x1bb0,0x1bb5,0x1bba,0x1bbf,
	0x3bb0,0x3bb5,0x3bba,0x3bbf,0x4ab0,0x4ab5,0x4aba,0x4abf,
	0x69b0,0x69b5,0x69ba,0x69bf,0x79b0,0x79b5,0x79ba,0x79bf,
	0x23d0,0x23d5,0x23da,0x23df,0x32d0,0x32d5,0x32da,0x32df,
	0x52d0,0x52d5,0x52da,0x52df,0x61d0,0x61d5,0x61da,0x61df,
	0x80d0,0x80d5,0x80da,0x80df,0x9fd0,0x9fd5,0x9fda,0x9fdf,
	0xafd0,0xafd5,0xafda,0xafdf,0xced0,0xced5,0xceda,0xcedf,
	0xddd0,0xddd5,0xddda,0xdddf,0xfdd0,0xfdd5,0xfdda,0xfddf,
	0x0cd0,0x0cd5,0x0cda,0x0cdf,0x1bd0,0x1bd5,0x1bda,0x1bdf,
	0x3ad0,0x3ad5,0x3ada,0x3adf,0x4ad0,0x4ad5,0x4ada,0x4adf,
	0x69d0,0x69d5,0x69da,0x69df,0x78d0,0x78d5,0x78da,0x78df,
	0x23f0,0x23f5,0x23fa,0x23ff,0x32f0,0x32f5,0x32fa,0x32ff,
	0x51f0,0x51f5,0x51fa,0x51ff,0x60f0,0x60f5,0x60fa,0x60ff,
	0x80f0,0x80f5,0x80fa,0x80ff,0x9ff0,0x9ff5,0x9ffa,0x9fff,
	0xaef0,0xaef5,0xaefa,0xaeff,0xcef0,0xcef5,0xcefa,0xceff,
	0xddf0,0xddf5,0xddfa,0xddff,0xfcf0,0xfcf5,0xfcfa,0xfcff,
	0x0bf0,0x0bf5,0x0bfa,0x0bff,0x1bf0,0x1bf5,0x1bfa,0x1bff,
	0x3af0,0x3af5,0x3afa,0x3aff,0x49f0,0x49f5,0x49fa,0x49ff,
	0x69f0,0x69f5,0x69fa,0x69ff,0x78f0,0x78f5,0x78fa,0x78ff,
	0x2210,0x2215,0x221a,0x221f,0x3210,0x3215,0x321a,0x321f,
	0x5110,0x5115,0x511a,0x511f,0x6010,0x6015,0x601a,0x601f,
	0x8f10,0x8f15,0x8f1a,0x8f1f,0x9f10,0x9f15,0x9f1a,0x9f1f,
	0xae10,0xae15,0xae1a,0xae1f,0xcd10,0xcd15,0xcd1a,0xcd1f,
	0xdd10,0xdd15,0xdd1a,0xdd1f,0xfc10,0xfc15,0xfc1a,0xfc1f,
	0x0b10,0x0b15,0x0b1a,0x0b1f,0x1a10,0x1a15,0x1a1a,0x1a1f,
	0x3a10,0x3a15,0x3a1a,0x3a1f,0x4910,0x4915,0x491a,0x491f,
	0x6810,0x6815,0x681a,0x681f,0x7810,0x7815,0x781a,0x781f,
	0x2230,0x2235,0x223a,0x223f,0x3130,0x3135,0x313a,0x313f,
	0x5130,0x5135,0x513a,0x513f,0x6030,0x6035,0x603a,0x603f,
	0x8f30,0x8f35,0x8f3a,0x8f3f,0x9e30,0x9e35,0x9e3a,0x9e3f,
	0xae30,0xae35,0xae3a,0xae3f,0xcd30,0xcd35,0xcd3a,0xcd3f,
	0xdc30,0xdc35,0xdc3a,0xdc3f,0xfc30,0xfc35,0xfc3a,0xfc3f,
	0x0b30,0x0b35,0x0b3a,0x0b3f,0x1a30,0x1a35,0x1a3a,0x1a3f,
	0x3930,0x3935,0x393a,0x393f,0x4930,0x4935,0x493a,0x493f,
	0x6830,0x6835,0x683a,0x683f,0x7730,0x7735,0x773a,0x773f,
	0x2240,0x2245,0x224a,0x224f,0x3140,0x3145,0x314a,0x314f,
	0x5040,0x5045,0x504a,0x504f,0x6f40,0x6f45,0x6f4a,0x6f4f,
	0x8f40,0x8f45,0x8f4a,0x8f4f,0x9e40,0x9e45,0x9e4a,0x9e4f,
	0xad40,0xad45,0xad4a,0xad4f,0xcd40,0xcd45,0xcd4a,0xcd4f,
	0xdc40,0xdc45,0xdc4a,0xdc4f,0xfb40,0xfb45,0xfb4a,0xfb4f,
	0x0a40,0x0a45,0x0a4a,0x0a4f,0x1a40,0x1a45,0x1a4a,0x1a4f,
	0x3940,0x3945,0x394a,0x394f,0x4840,0x4845,0x484a,0x484f,
	0x6840,0x6845,0x684a,0x684f,0x7740,0x7745,0x774a,0x774f,
	0x2160,0x2165,0x216a,0x216f,0x3160,0x3165,0x316a,0x316f,
	0x5060,0x5065,0x506a,0x506f,0x6f60,0x6f65,0x6f6a,0x6f6f,
	0x8e60,0x8e65,0x8e6a,0x8e6f,0x9e60,0x9e65,0x9e6a,0x9e6f,
	0xad60,0xad65,0xad6a,0xad6f,0xcc60,0xcc65,0xcc6a,0xcc6f,
	0xdc60,0xdc65,0xdc6a,0xdc6f,0xfb60,0xfb65,0xfb6a,0xfb6f,
	0x0a60,0x0a65,0x0a6a,0x0a6f,0x1960,0x1965,0x196a,0x196f,
	0x3960,0x3965,0x396a,0x396f,0x4860,0x4865,0x486a,0x486f,
	0x6760,0x6765,0x676a,0x676f,0x7760,0x7765,0x776a,0x776f,
	0x2180,0x2185,0x218a,0x218f,0x3080,0x3085,0x308a,0x308f,
	0x5f80,0x5f85,0x5f8a,0x5f8f,0x6f80,0x6f85,0x6f8a,0x6f8f,
	0x8e80,0x8e85,0x8e8a,0x8e8f,0x9d80,0x9d85,0x9d8a,0x9d8f,
	0xad80,0xad85,0xad8a,0xad8f,0xcc80,0xcc85,0xcc8a,0xcc8f,
	0xdb80,0xdb85,0xdb8a,0xdb8f,0xfa80,0xfa85,0xfa8a,0xfa8f,
	0x0a80,0x0a85,0x0a8a,0x0a8f,0x1980,0x1985,0x198a,0x198f,
	0x3880,0x3885,0x388a,0x388f,0x4880,0x4885,0x488a,0x488f,
	0x6780,0x6785,0x678a,0x678f,0x7680,0x7685,0x768a,0x768f,
	0x21a0,0x21a5,0x21aa,0x21af,0x30a0,0x30a5,0x30aa,0x30af,
	0x5fa0,0x5fa5,0x5faa,0x5faf,0x6ea0,0x6ea5,0x6eaa,0x6eaf,
	0x8ea0,0x8ea5,0x8eaa,0x8eaf,0x9da0,0x9da5,0x9daa,0x9daf,
	0xaca0,0xaca5,0xacaa,0xacaf,0xcca0,0xcca5,0xccaa,0xccaf,
	0xdba0,0xdba5,0xdbaa,0xdbaf,0xfaa0,0xfaa5,0xfaaa,0xfaaf,
	0x09a0,0x09a5,0x09aa,0x09af,0x19a0,0x19a5,0x19aa,0x19af,
	0x38a0,0x38a5,0x38aa,0x38af,0x47a0,0x47a5,0x47aa,0x47af,
	0x67a0,0x67a5,0x67aa,0x67af,0x76a0,0x76a5,0x76aa,0x76af,
	0x4810,0x4815,0x481a,0x481f,0x5710,0x5715,0x571a,0x571f,
	0x7610,0x7615,0x761a,0x761f,0x8610,0x8615,0x861a,0x861f,
	0xa510,0xa515,0xa51a,0xa51f,0xb410,0xb415,0xb41a,0xb41f,
	0xc310,0xc315,0xc31a,0xc31f,0xe310,0xe315,0xe31a,0xe31f,
	0xf210,0xf215,0xf21a,0xf21f,0x1110,0x1115,0x111a,0x111f,
	0x2110,0x2115,0x211a,0x211f,0x3010,0x3015,0x301a,0x301f,
	0x5f10,0x5f15,0x5f1a,0x5f1f,0x6e10,0x6e15,0x6e1a,0x6e1f,
	0x8e10,0x8e15,0x8e1a,0x8e1f,0x9d10,0x9d15,0x9d1a,0x9d1f,
	0x4730,0x4735,0x473a,0x473f,0x5730,0x5735,0x573a,0x573f,
	0x7630,0x7635,0x763a,0x763f,0x8530,0x8535,0x853a,0x853f,
	0xa530,0xa535,0xa53a,0xa53f,0xb430,0xb435,0xb43a,0xb43f,
	0xc330,0xc335,0xc33a,0xc33f,0xe230,0xe235,0xe23a,0xe23f,
	0xf230,0xf235,0xf23a,0xf23f,0x1130,0x1135,0x113a,0x113f,
	0x2030,0x2035,0x203a,0x203f,0x3030,0x3035,0x303a,0x303f,
	0x5f30,0x5f35,0x5f3a,0x5f3f,0x6e30,0x6e35,0x6e3a,0x6e3f,
	0x8d30,0x8d35,0x8d3a,0x8d3f,0x9d30,0x9d35,0x9d3a,0x9d3f,
	0x4750,0x4755,0x475a,0x475f,0x5650,0x5655,0x565a,0x565f,
	0x7650,0x7655,0x765a,0x765f,0x8550,0x8555,0x855a,0x855f,
	0xa450,0xa455,0xa45a,0xa45f,0xb350,0xb355,0xb35a,0xb35f,
	0xc350,0xc355,0xc35a,0xc35f,0xe250,0xe255,0xe25a,0xe25f,
	0xf150,0xf155,0xf15a,0xf15f,0x1150,0x1155,0x115a,0x115f,
	0x2050,0x2055,0x205a,0x205f,0x3f50,0x3f55,0x3f5a,0x3f5f,
	0x5e50,0x5e55,0x5e5a,0x5e5f,0x6e50,0x6e55,0x6e5a,0x6e5f,
	0x8d50,0x8d55,0x8d5a,0x8d5f,0x9c50,0x9c55,0x9c5a,0x9c5f,
	0x4760,0x4765,0x476a,0x476f,0x5660,0x5665,0x566a,0x566f,
	0x7560,0x7565,0x756a,0x756f,0x8560,0x8565,0x856a,0x856f,
	0xa460,0xa465,0xa46a,0xa46f,0xb360,0xb365,0xb36a,0xb36f,
	0xc260,0xc265,0xc26a,0xc26f,0xe260,0xe265,0xe26a,0xe26f,
	0xf160,0xf165,0xf16a,0xf16f,0x1060,0x1065,0x106a,0x106f,
	0x2060,0x2065,0x206a,0x206f,0x3f60,0x3f65,0x3f6a,0x3f6f,
	0x5e60,0x5e65,0x5e6a,0x5e6f,0x6d60,0x6d65,0x6d6a,0x6d6f,
	0x8d60,0x8d65,0x8d6a,0x8d6f,0x9c60,0x9c65,0x9c6a,0x9c6f,
	0x4680,0x4685,0x468a,0x468f,0x5680,0x5685,0x568a,0x568f,
	0x7580,0x7585,0x758a,0x758f,0x8480,0x8485,0x848a,0x848f,
	0xa380,0xa385,0xa38a,0xa38f,0xb380,0xb385,0xb38a,0xb38f,
	0xc280,0xc285,0xc28a,0xc28f,0xe180,0xe185,0xe18a,0xe18f,
	0xf180,0xf185,0xf18a,0xf18f,0x1080,0x1085,0x108a,0x108f,
	0x2f80,0x2f85,0x2f8a,0x2f8f,0x3e80,0x3e85,0x3e8a,0x3e8f,
	0x5e80,0x5e85,0x5e8a,0x5e8f,0x6d80,0x6d85,0x6d8a,0x6d8f,
	0x8c80,0x8c85,0x8c8a,0x8c8f,0x9c80,0x9c85,0x9c8a,0x9c8f,
	0x46a0,0x46a5,0x46aa,0x46af,0x55a0,0x55a5,0x55aa,0x55af,
	0x75a0,0x75a5,0x75aa,0x75af,0x84a0,0x84a5,0x84aa,0x84af,
	0xa3a0,0xa3a5,0xa3aa,0xa3af,0xb2a0,0xb2a5,0xb2aa,0xb2af,
	0xc2a0,0xc2a5,0xc2aa,0xc2af,0xe1a0,0xe1a5,0xe1aa,0xe1af,
	0xf0a0,0xf0a5,0xf0aa,0xf0af,0x10a0,0x10a5,0x10aa,0x10af,
	0x2fa0,0x2fa5,0x2faa,0x2faf,0x3ea0,0x3ea5,0x3eaa,0x3eaf,
	0x5da0,0x5da5,0x5daa,0x5daf,0x6da0,0x6da5,0x6daa,0x6daf,
	0x8ca0,0x8ca5,0x8caa,0x8caf,0x9ba0,0x9ba5,0x9baa,0x9baf,
	0x46c0,0x46c5,0x46ca,0x46cf,0x55c0,0x55c5,0x55ca,0x55cf,
	0x74c0,0x74c5,0x74ca,0x74cf,0x84c0,0x84c5,0x84ca,0x84cf,
	0xa3c0,0xa3c5,0xa3ca,0xa3cf,0xb2c0,0xb2c5,0xb2ca,0xb2cf,
	0xc1c0,0xc1c5,0xc1ca,0xc1cf,0xe1c0,0xe1c5,0xe1ca,0xe1cf,
	0xf0c0,0xf0c5,0xf0ca,0xf0cf,0x1fc0,0x1fc5,0x1fca,0x1fcf,
	0x2fc0,0x2fc5,0x2fca,0x2fcf,0x3ec0,0x3ec5,0x3eca,0x3ecf,
	0x5dc0,0x5dc5,0x5dca,0x5dcf,0x6cc0,0x6cc5,0x6cca,0x6ccf,
	0x8cc0,0x8cc5,0x8cca,0x8ccf,0x9bc0,0x9bc5,0x9bca,0x9bcf,
	0x45d0,0x45d5,0x45da,0x45df,0x55d0,0x55d5,0x55da,0x55df,
	0x74d0,0x74d5,0x74da,0x74df,0x83d0,0x83d5,0x83da,0x83df,
	0xa2d0,0xa2d5,0xa2da,0xa2df,0xb2d0,0xb2d5,0xb2da,0xb2df,
	0xc1d0,0xc1d5,0xc1da,0xc1df,0xe0d0,0xe0d5,0xe0da,0xe0df,
	0xf0d0,0xf0d5,0xf0da,0xf0df,0x1fd0,0x1fd5,0x1fda,0x1fdf,
	0x2ed0,0x2ed5,0x2eda,0x2edf,0x3dd0,0x3dd5,0x3dda,0x3ddf,
	0x5dd0,0x5dd5,0x5dda,0x5ddf,0x6cd0,0x6cd5,0x6cda,0x6cdf,
	0x8bd0,0x8bd5,0x8bda,0x8bdf,0x9bd0,0x9bd5,0x9bda,0x9bdf,
	0x45f0,0x45f5,0x45fa,0x45ff,0x54f0,0x54f5,0x54fa,0x54ff,
	0x74f0,0x74f5,0x74fa,0x74ff,0x83f0,0x83f5,0x83fa,0x83ff,
	0xa2f0,0xa2f5,0xa2fa,0xa2ff,0xb1f0,0xb1f5,0xb1fa,0xb1ff,
	0xc1f0,0xc1f5,0xc1fa,0xc1ff,0xe0f0,0xe0f5,0xe0fa,0xe0ff,
	0xfff0,0xfff5,0xfffa,0xffff,0x1ff0,0x1ff5,0x1ffa,0x1fff,
	0x2ef0,0x2ef5,0x2efa,0x2eff,0x3df0,0x3df5,0x3dfa,0x3dff,
	0x5cf0,0x5cf5,0x5cfa,0x5cff,0x6cf0,0x6cf5,0x6cfa,0x6cff,
	0x8bf0,0x8bf5,0x8bfa,0x8bff,0x9af0,0x9af5,0x9afa,0x9aff,
	0x4510,0x4515,0x451a,0x451f,0x5410,0x5415,0x541a,0x541f,
	0x7310,0x7315,0x731a,0x731f,0x8210,0x8215,0x821a,0x821f,
	0xa210,0xa215,0xa21a,0xa21f,0xb110,0xb115,0xb11a,0xb11f,
	0xc010,0xc015,0xc01a,0xc01f,0xe010,0xe015,0xe01a,0xe01f,
	0xff10,0xff15,0xff1a,0xff1f,0x1e10,0x1e15,0x1e1a,0x1e1f,
	0x2d10,0x2d15,0x2d1a,0x2d1f,0x3d10,0x3d15,0x3d1a,0x3d1f,
	0x5c10,0x5c15,0x5c1a,0x5c1f,0x6b10,0x6b15,0x6b1a,0x6b1f,
	0x8b10,0x8b15,0x8b1a,0x8b1f,0x9a10,0x9a15,0x9a1a,0x9a1f,
	0x4430,0x4435,0x443a,0x443f,0x5430,0x5435,0x543a,0x543f,
	0x7330,0x7335,0x733a,0x733f,0x8230,0x8235,0x823a,0x823f,
	0xa130,0xa135,0xa13a,0xa13f,0xb130,0xb135,0xb13a,0xb13f,
	0xc030,0xc035,0xc03a,0xc03f,0xef30,0xef35,0xef3a,0xef3f,
	0xff30,0xff35,0xff3a,0xff3f,0x1e30,0x1e35,0x1e3a,0x1e3f,
	0x2d30,0x2d35,0x2d3a,0x2d3f,0x3c30,0x3c35,0x3c3a,0x3c3f,
	0x5c30,0x5c35,0x5c3a,0x5c3f,0x6b30,0x6b35,0x6b3a,0x6b3f,
	0x8a30,0x8a35,0x8a3a,0x8a3f,0x9a30,0x9a35,0x9a3a,0x9a3f,
	0x4450,0x4455,0x445a,0x445f,0x5350,0x5355,0x535a,0x535f,
	0x7350,0x7355,0x735a,0x735f,0x8250,0x8255,0x825a,0x825f,
	0xa150,0xa155,0xa15a,0xa15f,0xb050,0xb055,0xb05a,0xb05f,
	0xc050,0xc055,0xc05a,0xc05f,0xef50,0xef55,0xef5a,0xef5f,
	0xfe50,0xfe55,0xfe5a,0xfe5f,0x1e50,0x1e55,0x1e5a,0x1e5f,
	0x2d50,0x2d55,0x2d5a,0x2d5f,0x3c50,0x3c55,0x3c5a,0x3c5f,
	0x5b50,0x5b55,0x5b5a,0x5b5f,0x6b50,0x6b55,0x6b5a,0x6b5f,
	0x8a50,0x8a55,0x8a5a,0x8a5f,0x9950,0x9955,0x995a,0x995f,
	0x4460,0x4465,0x446a,0x446f,0x5360,0x5365,0x536a,0x536f,
	0x7260,0x7265,0x726a,0x726f,0x8160,0x8165,0x816a,0x816f,
	0xa160,0xa165,0xa16a,0xa16f,0xb060,0xb065,0xb06a,0xb06f,
	0xcf60,0xcf65,0xcf6a,0xcf6f,0xef60,0xef65,0xef6a,0xef6f,
	0xfe60,0xfe65,0xfe6a,0xfe6f,0x1d60,0x1d65,0x1d6a,0x1d6f,
	0x2c60,0x2c65,0x2c6a,0x2c6f,0x3c60,0x3c65,0x3c6a,0x3c6f,
	0x5b60,0x5b65,0x5b6a,0x5b6f,0x6a60,0x6a65,0x6a6a,0x6a6f,
	0x8a60,0x8a65,0x8a6a,0x8a6f,0x9960,0x9965,0x996a,0x996f,
	0x4380,0x4385,0x438a,0x438f,0x5380,0x5385,0x538a,0x538f,
	0x7280,0x7285,0x728a,0x728f,0x8180,0x8185,0x818a,0x818f,
	0xa080,0xa085,0xa08a,0xa08f,0xb080,0xb085,0xb08a,0xb08f,
	0xcf80,0xcf85,0xcf8a,0xcf8f,0xee80,0xee85,0xee8a,0xee8f,
	0xfe80,0xfe85,0xfe8a,0xfe8f,0x1d80,0x1d85,0x1d8a,0x1d8f,
	0x2c80,0x2c85,0x2c8a,0x2c8f,0x3b80,0x3b85,0x3b8a,0x3b8f,
	0x5b80,0x5b85,0x5b8a,0x5b8f,0x6a80,0x6a85,0x6a8a,0x6a8f,
	0x8980,0x8985,0x898a,0x898f,0x9980,0x9985,0x998a,0x998f,
	0x43a0,0x43a5,0x43aa,0x43af,0x52a0,0x52a5,0x52aa,0x52af,
	0x71a0,0x71a5,0x71aa,0x71af,0x81a0,0x81a5,0x81aa,0x81af,
	0xa0a0,0xa0a5,0xa0aa,0xa0af,0xbfa0,0xbfa5,0xbfaa,0xbfaf,
	0xcfa0,0xcfa5,0xcfaa,0xcfaf,0xeea0,0xeea5,0xeeaa,0xeeaf,
	0xfda0,0xfda5,0xfdaa,0xfdaf,0x1ca0,0x1ca5,0x1caa,0x1caf,
	0x2ca0,0x2ca5,0x2caa,0x2caf,0x3ba0,0x3ba5,0x3baa,0x3baf,
	0x5aa0,0x5aa5,0x5aaa,0x5aaf,0x6aa0,0x6aa5,0x6aaa,0x6aaf,
	0x89a0,0x89a5,0x89aa,0x89af,0x98a0,0x98a5,0x98aa,0x98af,
	0x43c0,0x43c5,0x43ca,0x43cf,0x52c0,0x52c5,0x52ca,0x52cf,
	0x71c0,0x71c5,0x71ca,0x71cf,0x80c0,0x80c5,0x80ca,0x80cf,
	0xa0c0,0xa0c5,0xa0ca,0xa0cf,0xbfc0,0xbfc5,0xbfca,0xbfcf,
	0xcec0,0xcec5,0xceca,0xcecf,0xeec0,0xeec5,0xeeca,0xeecf,
	0xfdc0,0xfdc5,0xfdca,0xfdcf,0x1cc0,0x1cc5,0x1cca,0x1ccf,
	0x2bc0,0x2bc5,0x2bca,0x2bcf,0x3bc0,0x3bc5,0x3bca,0x3bcf,
	0x5ac0,0x5ac5,0x5aca,0x5acf,0x69c0,0x69c5,0x69ca,0x69cf,
	0x89c0,0x89c5,0x89ca,0x89cf,0x98c0,0x98c5,0x98ca,0x98cf,
};
#endif
	
#if (YCbCrCount==14)
u16 YCbCr2RGB[16*1024]= {
	0x5920,0x5925,0x592a,0x592f,0x6820,0x6825,0x682a,0x682f,
	0x8720,0x8725,0x872a,0x872f,0x9720,0x9725,0x972a,0x972f,
	0xb620,0xb625,0xb62a,0xb62f,0xc520,0xc525,0xc52a,0xc52f,
	0xe420,0xe425,0xe42a,0xe42f,0xf420,0xf425,0xf42a,0xf42f,
	0x0320,0x0325,0x032a,0x032f,0x2220,0x2225,0x222a,0x222f,
	0x3220,0x3225,0x322a,0x322f,0x4120,0x4125,0x412a,0x412f,
	0x6020,0x6025,0x602a,0x602f,0x7f20,0x7f25,0x7f2a,0x7f2f,
	0x9f20,0x9f25,0x9f2a,0x9f2f,0xae20,0xae25,0xae2a,0xae2f,
	0x5840,0x5845,0x584a,0x584f,0x6840,0x6845,0x684a,0x684f,
	0x8740,0x8745,0x874a,0x874f,0x9640,0x9645,0x964a,0x964f,
	0xb640,0xb645,0xb64a,0xb64f,0xc540,0xc545,0xc54a,0xc54f,
	0xe440,0xe445,0xe44a,0xe44f,0xf340,0xf345,0xf34a,0xf34f,
	0x0340,0x0345,0x034a,0x034f,0x2240,0x2245,0x224a,0x224f,
	0x3140,0x3145,0x314a,0x314f,0x4140,0x4145,0x414a,0x414f,
	0x6040,0x6045,0x604a,0x604f,0x7f40,0x7f45,0x7f4a,0x7f4f,
	0x9e40,0x9e45,0x9e4a,0x9e4f,0xae40,0xae45,0xae4a,0xae4f,
	0x5860,0x5865,0x586a,0x586f,0x6760,0x6765,0x676a,0x676f,
	0x8760,0x8765,0x876a,0x876f,0x9660,0x9665,0x966a,0x966f,
	0xb560,0xb565,0xb56a,0xb56f,0xc460,0xc465,0xc46a,0xc46f,
	0xe460,0xe465,0xe46a,0xe46f,0xf360,0xf365,0xf36a,0xf36f,
	0x0260,0x0265,0x026a,0x026f,0x2260,0x2265,0x226a,0x226f,
	0x3160,0x3165,0x316a,0x316f,0x4060,0x4065,0x406a,0x406f,
	0x6060,0x6065,0x606a,0x606f,0x7f60,0x7f65,0x7f6a,0x7f6f,
	0x9e60,0x9e65,0x9e6a,0x9e6f,0xad60,0xad65,0xad6a,0xad6f,
	0x5870,0x5875,0x587a,0x587f,0x6770,0x6775,0x677a,0x677f,
	0x8670,0x8675,0x867a,0x867f,0x9670,0x9675,0x967a,0x967f,
	0xb570,0xb575,0xb57a,0xb57f,0xc470,0xc475,0xc47a,0xc47f,
	0xe370,0xe375,0xe37a,0xe37f,0xf370,0xf375,0xf37a,0xf37f,
	0x0270,0x0275,0x027a,0x027f,0x2170,0x2175,0x217a,0x217f,
	0x3170,0x3175,0x317a,0x317f,0x4070,0x4075,0x407a,0x407f,
	0x6f70,0x6f75,0x6f7a,0x6f7f,0x7e70,0x7e75,0x7e7a,0x7e7f,
	0x9e70,0x9e75,0x9e7a,0x9e7f,0xad70,0xad75,0xad7a,0xad7f,
	0x5790,0x5795,0x579a,0x579f,0x6790,0x6795,0x679a,0x679f,
	0x8690,0x8695,0x869a,0x869f,0x9590,0x9595,0x959a,0x959f,
	0xb490,0xb495,0xb49a,0xb49f,0xc490,0xc495,0xc49a,0xc49f,
	0xe390,0xe395,0xe39a,0xe39f,0xf290,0xf295,0xf29a,0xf29f,
	0x0290,0x0295,0x029a,0x029f,0x2190,0x2195,0x219a,0x219f,
	0x3090,0x3095,0x309a,0x309f,0x4090,0x4095,0x409a,0x409f,
	0x6f90,0x6f95,0x6f9a,0x6f9f,0x7e90,0x7e95,0x7e9a,0x7e9f,
	0x9d90,0x9d95,0x9d9a,0x9d9f,0xad90,0xad95,0xad9a,0xad9f,
	0x57b0,0x57b5,0x57ba,0x57bf,0x66b0,0x66b5,0x66ba,0x66bf,
	0x86b0,0x86b5,0x86ba,0x86bf,0x95b0,0x95b5,0x95ba,0x95bf,
	0xb4b0,0xb4b5,0xb4ba,0xb4bf,0xc3b0,0xc3b5,0xc3ba,0xc3bf,
	0xe3b0,0xe3b5,0xe3ba,0xe3bf,0xf2b0,0xf2b5,0xf2ba,0xf2bf,
	0x01b0,0x01b5,0x01ba,0x01bf,0x21b0,0x21b5,0x21ba,0x21bf,
	0x30b0,0x30b5,0x30ba,0x30bf,0x4fb0,0x4fb5,0x4fba,0x4fbf,
	0x6eb0,0x6eb5,0x6eba,0x6ebf,0x7eb0,0x7eb5,0x7eba,0x7ebf,
	0x9db0,0x9db5,0x9dba,0x9dbf,0xacb0,0xacb5,0xacba,0xacbf,
	0x57d0,0x57d5,0x57da,0x57df,0x66d0,0x66d5,0x66da,0x66df,
	0x85d0,0x85d5,0x85da,0x85df,0x95d0,0x95d5,0x95da,0x95df,
	0xb4d0,0xb4d5,0xb4da,0xb4df,0xc3d0,0xc3d5,0xc3da,0xc3df,
	0xe2d0,0xe2d5,0xe2da,0xe2df,0xf2d0,0xf2d5,0xf2da,0xf2df,
	0x01d0,0x01d5,0x01da,0x01df,0x20d0,0x20d5,0x20da,0x20df,
	0x30d0,0x30d5,0x30da,0x30df,0x4fd0,0x4fd5,0x4fda,0x4fdf,
	0x6ed0,0x6ed5,0x6eda,0x6edf,0x7dd0,0x7dd5,0x7dda,0x7ddf,
	0x9dd0,0x9dd5,0x9dda,0x9ddf,0xacd0,0xacd5,0xacda,0xacdf,
	0x56f0,0x56f5,0x56fa,0x56ff,0x66f0,0x66f5,0x66fa,0x66ff,
	0x85f0,0x85f5,0x85fa,0x85ff,0x94f0,0x94f5,0x94fa,0x94ff,
	0xb3f0,0xb3f5,0xb3fa,0xb3ff,0xc3f0,0xc3f5,0xc3fa,0xc3ff,
	0xe2f0,0xe2f5,0xe2fa,0xe2ff,0xf1f0,0xf1f5,0xf1fa,0xf1ff,
	0x01f0,0x01f5,0x01fa,0x01ff,0x20f0,0x20f5,0x20fa,0x20ff,
	0x3ff0,0x3ff5,0x3ffa,0x3fff,0x4ff0,0x4ff5,0x4ffa,0x4fff,
	0x6ef0,0x6ef5,0x6efa,0x6eff,0x7df0,0x7df5,0x7dfa,0x7dff,
	0x9cf0,0x9cf5,0x9cfa,0x9cff,0xacf0,0xacf5,0xacfa,0xacff,
	0x5600,0x5605,0x560a,0x560f,0x6500,0x6505,0x650a,0x650f,
	0x8500,0x8505,0x850a,0x850f,0x9400,0x9405,0x940a,0x940f,
	0xb300,0xb305,0xb30a,0xb30f,0xc200,0xc205,0xc20a,0xc20f,
	0xe200,0xe205,0xe20a,0xe20f,0xf100,0xf105,0xf10a,0xf10f,
	0x0000,0x0005,0x000a,0x000f,0x2000,0x2005,0x200a,0x200f,
	0x3f00,0x3f05,0x3f0a,0x3f0f,0x4e00,0x4e05,0x4e0a,0x4e0f,
	0x6d00,0x6d05,0x6d0a,0x6d0f,0x7d00,0x7d05,0x7d0a,0x7d0f,
	0x9c00,0x9c05,0x9c0a,0x9c0f,0xab00,0xab05,0xab0a,0xab0f,
	0x5620,0x5625,0x562a,0x562f,0x6520,0x6525,0x652a,0x652f,
	0x8420,0x8425,0x842a,0x842f,0x9320,0x9325,0x932a,0x932f,
	0xb320,0xb325,0xb32a,0xb32f,0xc220,0xc225,0xc22a,0xc22f,
	0xe120,0xe125,0xe12a,0xe12f,0xf120,0xf125,0xf12a,0xf12f,
	0x0020,0x0025,0x002a,0x002f,0x2f20,0x2f25,0x2f2a,0x2f2f,
	0x3f20,0x3f25,0x3f2a,0x3f2f,0x4e20,0x4e25,0x4e2a,0x4e2f,
	0x6d20,0x6d25,0x6d2a,0x6d2f,0x7c20,0x7c25,0x7c2a,0x7c2f,
	0x9c20,0x9c25,0x9c2a,0x9c2f,0xab20,0xab25,0xab2a,0xab2f,
	0x5540,0x5545,0x554a,0x554f,0x6540,0x6545,0x654a,0x654f,
	0x8440,0x8445,0x844a,0x844f,0x9340,0x9345,0x934a,0x934f,
	0xb240,0xb245,0xb24a,0xb24f,0xc240,0xc245,0xc24a,0xc24f,
	0xe140,0xe145,0xe14a,0xe14f,0xf040,0xf045,0xf04a,0xf04f,
	0x0040,0x0045,0x004a,0x004f,0x2f40,0x2f45,0x2f4a,0x2f4f,
	0x3e40,0x3e45,0x3e4a,0x3e4f,0x4d40,0x4d45,0x4d4a,0x4d4f,
	0x6d40,0x6d45,0x6d4a,0x6d4f,0x7c40,0x7c45,0x7c4a,0x7c4f,
	0x9b40,0x9b45,0x9b4a,0x9b4f,0xab40,0xab45,0xab4a,0xab4f,
	0x5560,0x5565,0x556a,0x556f,0x6460,0x6465,0x646a,0x646f,
	0x8460,0x8465,0x846a,0x846f,0x9360,0x9365,0x936a,0x936f,
	0xb260,0xb265,0xb26a,0xb26f,0xc160,0xc165,0xc16a,0xc16f,
	0xe160,0xe165,0xe16a,0xe16f,0xf060,0xf065,0xf06a,0xf06f,
	0x0f60,0x0f65,0x0f6a,0x0f6f,0x2f60,0x2f65,0x2f6a,0x2f6f,
	0x3e60,0x3e65,0x3e6a,0x3e6f,0x4d60,0x4d65,0x4d6a,0x4d6f,
	0x6c60,0x6c65,0x6c6a,0x6c6f,0x7c60,0x7c65,0x7c6a,0x7c6f,
	0x9b60,0x9b65,0x9b6a,0x9b6f,0xaa60,0xaa65,0xaa6a,0xaa6f,
	0x5570,0x5575,0x557a,0x557f,0x6470,0x6475,0x647a,0x647f,
	0x8370,0x8375,0x837a,0x837f,0x9270,0x9275,0x927a,0x927f,
	0xb270,0xb275,0xb27a,0xb27f,0xc170,0xc175,0xc17a,0xc17f,
	0xe070,0xe075,0xe07a,0xe07f,0xf070,0xf075,0xf07a,0xf07f,
	0x0f70,0x0f75,0x0f7a,0x0f7f,0x2e70,0x2e75,0x2e7a,0x2e7f,
	0x3e70,0x3e75,0x3e7a,0x3e7f,0x4d70,0x4d75,0x4d7a,0x4d7f,
	0x6c70,0x6c75,0x6c7a,0x6c7f,0x7b70,0x7b75,0x7b7a,0x7b7f,
	0x9b70,0x9b75,0x9b7a,0x9b7f,0xaa70,0xaa75,0xaa7a,0xaa7f,
	0x5490,0x5495,0x549a,0x549f,0x6490,0x6495,0x649a,0x649f,
	0x8390,0x8395,0x839a,0x839f,0x9290,0x9295,0x929a,0x929f,
	0xb190,0xb195,0xb19a,0xb19f,0xc190,0xc195,0xc19a,0xc19f,
	0xe090,0xe095,0xe09a,0xe09f,0xff90,0xff95,0xff9a,0xff9f,
	0x0f90,0x0f95,0x0f9a,0x0f9f,0x2e90,0x2e95,0x2e9a,0x2e9f,
	0x3d90,0x3d95,0x3d9a,0x3d9f,0x4c90,0x4c95,0x4c9a,0x4c9f,
	0x6c90,0x6c95,0x6c9a,0x6c9f,0x7b90,0x7b95,0x7b9a,0x7b9f,
	0x9a90,0x9a95,0x9a9a,0x9a9f,0xaa90,0xaa95,0xaa9a,0xaa9f,
	0x54b0,0x54b5,0x54ba,0x54bf,0x63b0,0x63b5,0x63ba,0x63bf,
	0x82b0,0x82b5,0x82ba,0x82bf,0x92b0,0x92b5,0x92ba,0x92bf,
	0xb1b0,0xb1b5,0xb1ba,0xb1bf,0xc0b0,0xc0b5,0xc0ba,0xc0bf,
	0xe0b0,0xe0b5,0xe0ba,0xe0bf,0xffb0,0xffb5,0xffba,0xffbf,
	0x0eb0,0x0eb5,0x0eba,0x0ebf,0x2eb0,0x2eb5,0x2eba,0x2ebf,
	0x3db0,0x3db5,0x3dba,0x3dbf,0x4cb0,0x4cb5,0x4cba,0x4cbf,
	0x6bb0,0x6bb5,0x6bba,0x6bbf,0x7bb0,0x7bb5,0x7bba,0x7bbf,
	0x9ab0,0x9ab5,0x9aba,0x9abf,0xa9b0,0xa9b5,0xa9ba,0xa9bf,
	0x54d0,0x54d5,0x54da,0x54df,0x63d0,0x63d5,0x63da,0x63df,
	0x82d0,0x82d5,0x82da,0x82df,0x91d0,0x91d5,0x91da,0x91df,
	0xb1d0,0xb1d5,0xb1da,0xb1df,0xc0d0,0xc0d5,0xc0da,0xc0df,
	0xefd0,0xefd5,0xefda,0xefdf,0xffd0,0xffd5,0xffda,0xffdf,
	0x0ed0,0x0ed5,0x0eda,0x0edf,0x2dd0,0x2dd5,0x2dda,0x2ddf,
	0x3cd0,0x3cd5,0x3cda,0x3cdf,0x4cd0,0x4cd5,0x4cda,0x4cdf,
	0x6bd0,0x6bd5,0x6bda,0x6bdf,0x7ad0,0x7ad5,0x7ada,0x7adf,
	0x9ad0,0x9ad5,0x9ada,0x9adf,0xa9d0,0xa9d5,0xa9da,0xa9df,
	0x6a30,0x6a35,0x6a3a,0x6a3f,0x7930,0x7935,0x793a,0x793f,
	0x9830,0x9835,0x983a,0x983f,0xa830,0xa835,0xa83a,0xa83f,
	0xc730,0xc735,0xc73a,0xc73f,0xd630,0xd635,0xd63a,0xd63f,
	0xf530,0xf535,0xf53a,0xf53f,0x0530,0x0535,0x053a,0x053f,
	0x1430,0x1435,0x143a,0x143f,0x3330,0x3335,0x333a,0x333f,
	0x4330,0x4335,0x433a,0x433f,0x5230,0x5235,0x523a,0x523f,
	0x7130,0x7135,0x713a,0x713f,0x8030,0x8035,0x803a,0x803f,
	0xa030,0xa035,0xa03a,0xa03f,0xbf30,0xbf35,0xbf3a,0xbf3f,
	0x6950,0x6955,0x695a,0x695f,0x7950,0x7955,0x795a,0x795f,
	0x9850,0x9855,0x985a,0x985f,0xa750,0xa755,0xa75a,0xa75f,
	0xc750,0xc755,0xc75a,0xc75f,0xd650,0xd655,0xd65a,0xd65f,
	0xf550,0xf555,0xf55a,0xf55f,0x0450,0x0455,0x045a,0x045f,
	0x1450,0x1455,0x145a,0x145f,0x3350,0x3355,0x335a,0x335f,
	0x4250,0x4255,0x425a,0x425f,0x5250,0x5255,0x525a,0x525f,
	0x7150,0x7155,0x715a,0x715f,0x8050,0x8055,0x805a,0x805f,
	0xaf50,0xaf55,0xaf5a,0xaf5f,0xbf50,0xbf55,0xbf5a,0xbf5f,
	0x6970,0x6975,0x697a,0x697f,0x7870,0x7875,0x787a,0x787f,
	0x9870,0x9875,0x987a,0x987f,0xa770,0xa775,0xa77a,0xa77f,
	0xc670,0xc675,0xc67a,0xc67f,0xd570,0xd575,0xd57a,0xd57f,
	0xf570,0xf575,0xf57a,0xf57f,0x0470,0x0475,0x047a,0x047f,
	0x1370,0x1375,0x137a,0x137f,0x3370,0x3375,0x337a,0x337f,
	0x4270,0x4275,0x427a,0x427f,0x5170,0x5175,0x517a,0x517f,
	0x7070,0x7075,0x707a,0x707f,0x8070,0x8075,0x807a,0x807f,
	0xaf70,0xaf75,0xaf7a,0xaf7f,0xbe70,0xbe75,0xbe7a,0xbe7f,
	0x6980,0x6985,0x698a,0x698f,0x7880,0x7885,0x788a,0x788f,
	0x9780,0x9785,0x978a,0x978f,0xa780,0xa785,0xa78a,0xa78f,
	0xc680,0xc685,0xc68a,0xc68f,0xd580,0xd585,0xd58a,0xd58f,
	0xf480,0xf485,0xf48a,0xf48f,0x0480,0x0485,0x048a,0x048f,
	0x1380,0x1385,0x138a,0x138f,0x3280,0x3285,0x328a,0x328f,
	0x4280,0x4285,0x428a,0x428f,0x5180,0x5185,0x518a,0x518f,
	0x7080,0x7085,0x708a,0x708f,0x8f80,0x8f85,0x8f8a,0x8f8f,
	0xaf80,0xaf85,0xaf8a,0xaf8f,0xbe80,0xbe85,0xbe8a,0xbe8f,
	0x68a0,0x68a5,0x68aa,0x68af,0x78a0,0x78a5,0x78aa,0x78af,
	0x97a0,0x97a5,0x97aa,0x97af,0xa6a0,0xa6a5,0xa6aa,0xa6af,
	0xc5a0,0xc5a5,0xc5aa,0xc5af,0xd5a0,0xd5a5,0xd5aa,0xd5af,
	0xf4a0,0xf4a5,0xf4aa,0xf4af,0x03a0,0x03a5,0x03aa,0x03af,
	0x13a0,0x13a5,0x13aa,0x13af,0x32a0,0x32a5,0x32aa,0x32af,
	0x41a0,0x41a5,0x41aa,0x41af,0x50a0,0x50a5,0x50aa,0x50af,
	0x70a0,0x70a5,0x70aa,0x70af,0x8fa0,0x8fa5,0x8faa,0x8faf,
	0xaea0,0xaea5,0xaeaa,0xaeaf,0xbea0,0xbea5,0xbeaa,0xbeaf,
	0x68c0,0x68c5,0x68ca,0x68cf,0x77c0,0x77c5,0x77ca,0x77cf,
	0x97c0,0x97c5,0x97ca,0x97cf,0xa6c0,0xa6c5,0xa6ca,0xa6cf,
	0xc5c0,0xc5c5,0xc5ca,0xc5cf,0xd4c0,0xd4c5,0xd4ca,0xd4cf,
	0xf4c0,0xf4c5,0xf4ca,0xf4cf,0x03c0,0x03c5,0x03ca,0x03cf,
	0x12c0,0x12c5,0x12ca,0x12cf,0x32c0,0x32c5,0x32ca,0x32cf,
	0x41c0,0x41c5,0x41ca,0x41cf,0x50c0,0x50c5,0x50ca,0x50cf,
	0x7fc0,0x7fc5,0x7fca,0x7fcf,0x8fc0,0x8fc5,0x8fca,0x8fcf,
	0xaec0,0xaec5,0xaeca,0xaecf,0xbdc0,0xbdc5,0xbdca,0xbdcf,
	0x68e0,0x68e5,0x68ea,0x68ef,0x77e0,0x77e5,0x77ea,0x77ef,
	0x96e0,0x96e5,0x96ea,0x96ef,0xa6e0,0xa6e5,0xa6ea,0xa6ef,
	0xc5e0,0xc5e5,0xc5ea,0xc5ef,0xd4e0,0xd4e5,0xd4ea,0xd4ef,
	0xf3e0,0xf3e5,0xf3ea,0xf3ef,0x03e0,0x03e5,0x03ea,0x03ef,
	0x12e0,0x12e5,0x12ea,0x12ef,0x31e0,0x31e5,0x31ea,0x31ef,
	0x41e0,0x41e5,0x41ea,0x41ef,0x50e0,0x50e5,0x50ea,0x50ef,
	0x7fe0,0x7fe5,0x7fea,0x7fef,0x8ee0,0x8ee5,0x8eea,0x8eef,
	0xaee0,0xaee5,0xaeea,0xaeef,0xbde0,0xbde5,0xbdea,0xbdef,
	0x6700,0x6705,0x670a,0x670f,0x7700,0x7705,0x770a,0x770f,
	0x9600,0x9605,0x960a,0x960f,0xa500,0xa505,0xa50a,0xa50f,
	0xc400,0xc405,0xc40a,0xc40f,0xd400,0xd405,0xd40a,0xd40f,
	0xf300,0xf305,0xf30a,0xf30f,0x0200,0x0205,0x020a,0x020f,
	0x1200,0x1205,0x120a,0x120f,0x3100,0x3105,0x310a,0x310f,
	0x4000,0x4005,0x400a,0x400f,0x5000,0x5005,0x500a,0x500f,
	0x7f00,0x7f05,0x7f0a,0x7f0f,0x8e00,0x8e05,0x8e0a,0x8e0f,
	0xad00,0xad05,0xad0a,0xad0f,0xbd00,0xbd05,0xbd0a,0xbd0f,
	0x6710,0x6715,0x671a,0x671f,0x7610,0x7615,0x761a,0x761f,
	0x9610,0x9615,0x961a,0x961f,0xa510,0xa515,0xa51a,0xa51f,
	0xc410,0xc415,0xc41a,0xc41f,0xd310,0xd315,0xd31a,0xd31f,
	0xf310,0xf315,0xf31a,0xf31f,0x0210,0x0215,0x021a,0x021f,
	0x1110,0x1115,0x111a,0x111f,0x3110,0x3115,0x311a,0x311f,
	0x4010,0x4015,0x401a,0x401f,0x5f10,0x5f15,0x5f1a,0x5f1f,
	0x7e10,0x7e15,0x7e1a,0x7e1f,0x8e10,0x8e15,0x8e1a,0x8e1f,
	0xad10,0xad15,0xad1a,0xad1f,0xbc10,0xbc15,0xbc1a,0xbc1f,
	0x6730,0x6735,0x673a,0x673f,0x7630,0x7635,0x763a,0x763f,
	0x9530,0x9535,0x953a,0x953f,0xa430,0xa435,0xa43a,0xa43f,
	0xc430,0xc435,0xc43a,0xc43f,0xd330,0xd335,0xd33a,0xd33f,
	0xf230,0xf235,0xf23a,0xf23f,0x0230,0x0235,0x023a,0x023f,
	0x1130,0x1135,0x113a,0x113f,0x3030,0x3035,0x303a,0x303f,
	0x4030,0x4035,0x403a,0x403f,0x5f30,0x5f35,0x5f3a,0x5f3f,
	0x7e30,0x7e35,0x7e3a,0x7e3f,0x8d30,0x8d35,0x8d3a,0x8d3f,
	0xad30,0xad35,0xad3a,0xad3f,0xbc30,0xbc35,0xbc3a,0xbc3f,
	0x6650,0x6655,0x665a,0x665f,0x7650,0x7655,0x765a,0x765f,
	0x9550,0x9555,0x955a,0x955f,0xa450,0xa455,0xa45a,0xa45f,
	0xc350,0xc355,0xc35a,0xc35f,0xd350,0xd355,0xd35a,0xd35f,
	0xf250,0xf255,0xf25a,0xf25f,0x0150,0x0155,0x015a,0x015f,
	0x1150,0x1155,0x115a,0x115f,0x3050,0x3055,0x305a,0x305f,
	0x4f50,0x4f55,0x4f5a,0x4f5f,0x5e50,0x5e55,0x5e5a,0x5e5f,
	0x7e50,0x7e55,0x7e5a,0x7e5f,0x8d50,0x8d55,0x8d5a,0x8d5f,
	0xac50,0xac55,0xac5a,0xac5f,0xbc50,0xbc55,0xbc5a,0xbc5f,
	0x6670,0x6675,0x667a,0x667f,0x7570,0x7575,0x757a,0x757f,
	0x9570,0x9575,0x957a,0x957f,0xa470,0xa475,0xa47a,0xa47f,
	0xc370,0xc375,0xc37a,0xc37f,0xd270,0xd275,0xd27a,0xd27f,
	0xf270,0xf275,0xf27a,0xf27f,0x0170,0x0175,0x017a,0x017f,
	0x1070,0x1075,0x107a,0x107f,0x3070,0x3075,0x307a,0x307f,
	0x4f70,0x4f75,0x4f7a,0x4f7f,0x5e70,0x5e75,0x5e7a,0x5e7f,
	0x7d70,0x7d75,0x7d7a,0x7d7f,0x8d70,0x8d75,0x8d7a,0x8d7f,
	0xac70,0xac75,0xac7a,0xac7f,0xbb70,0xbb75,0xbb7a,0xbb7f,
	0x6680,0x6685,0x668a,0x668f,0x7580,0x7585,0x758a,0x758f,
	0x9480,0x9485,0x948a,0x948f,0xa380,0xa385,0xa38a,0xa38f,
	0xc380,0xc385,0xc38a,0xc38f,0xd280,0xd285,0xd28a,0xd28f,
	0xf180,0xf185,0xf18a,0xf18f,0x0180,0x0185,0x018a,0x018f,
	0x1080,0x1085,0x108a,0x108f,0x3f80,0x3f85,0x3f8a,0x3f8f,
	0x4f80,0x4f85,0x4f8a,0x4f8f,0x5e80,0x5e85,0x5e8a,0x5e8f,
	0x7d80,0x7d85,0x7d8a,0x7d8f,0x8c80,0x8c85,0x8c8a,0x8c8f,
	0xac80,0xac85,0xac8a,0xac8f,0xbb80,0xbb85,0xbb8a,0xbb8f,
	0x65a0,0x65a5,0x65aa,0x65af,0x75a0,0x75a5,0x75aa,0x75af,
	0x94a0,0x94a5,0x94aa,0x94af,0xa3a0,0xa3a5,0xa3aa,0xa3af,
	0xc2a0,0xc2a5,0xc2aa,0xc2af,0xd2a0,0xd2a5,0xd2aa,0xd2af,
	0xf1a0,0xf1a5,0xf1aa,0xf1af,0x00a0,0x00a5,0x00aa,0x00af,
	0x10a0,0x10a5,0x10aa,0x10af,0x3fa0,0x3fa5,0x3faa,0x3faf,
	0x4ea0,0x4ea5,0x4eaa,0x4eaf,0x5da0,0x5da5,0x5daa,0x5daf,
	0x7da0,0x7da5,0x7daa,0x7daf,0x8ca0,0x8ca5,0x8caa,0x8caf,
	0xaba0,0xaba5,0xabaa,0xabaf,0xbba0,0xbba5,0xbbaa,0xbbaf,
	0x65c0,0x65c5,0x65ca,0x65cf,0x74c0,0x74c5,0x74ca,0x74cf,
	0x93c0,0x93c5,0x93ca,0x93cf,0xa3c0,0xa3c5,0xa3ca,0xa3cf,
	0xc2c0,0xc2c5,0xc2ca,0xc2cf,0xd1c0,0xd1c5,0xd1ca,0xd1cf,
	0xf1c0,0xf1c5,0xf1ca,0xf1cf,0x00c0,0x00c5,0x00ca,0x00cf,
	0x1fc0,0x1fc5,0x1fca,0x1fcf,0x3fc0,0x3fc5,0x3fca,0x3fcf,
	0x4ec0,0x4ec5,0x4eca,0x4ecf,0x5dc0,0x5dc5,0x5dca,0x5dcf,
	0x7cc0,0x7cc5,0x7cca,0x7ccf,0x8cc0,0x8cc5,0x8cca,0x8ccf,
	0xabc0,0xabc5,0xabca,0xabcf,0xbac0,0xbac5,0xbaca,0xbacf,
	0x65e0,0x65e5,0x65ea,0x65ef,0x74e0,0x74e5,0x74ea,0x74ef,
	0x93e0,0x93e5,0x93ea,0x93ef,0xa2e0,0xa2e5,0xa2ea,0xa2ef,
	0xc2e0,0xc2e5,0xc2ea,0xc2ef,0xd1e0,0xd1e5,0xd1ea,0xd1ef,
	0xf0e0,0xf0e5,0xf0ea,0xf0ef,0x00e0,0x00e5,0x00ea,0x00ef,
	0x1fe0,0x1fe5,0x1fea,0x1fef,0x3ee0,0x3ee5,0x3eea,0x3eef,
	0x4de0,0x4de5,0x4dea,0x4def,0x5de0,0x5de5,0x5dea,0x5def,
	0x7ce0,0x7ce5,0x7cea,0x7cef,0x8be0,0x8be5,0x8bea,0x8bef,
	0xabe0,0xabe5,0xabea,0xabef,0xbae0,0xbae5,0xbaea,0xbaef,
	0x7b40,0x7b45,0x7b4a,0x7b4f,0x8a40,0x8a45,0x8a4a,0x8a4f,
	0xa940,0xa945,0xa94a,0xa94f,0xb940,0xb945,0xb94a,0xb94f,
	0xd840,0xd845,0xd84a,0xd84f,0xe740,0xe745,0xe74a,0xe74f,
	0x0640,0x0645,0x064a,0x064f,0x1640,0x1645,0x164a,0x164f,
	0x2540,0x2545,0x254a,0x254f,0x4440,0x4445,0x444a,0x444f,
	0x5440,0x5445,0x544a,0x544f,0x6340,0x6345,0x634a,0x634f,
	0x8240,0x8245,0x824a,0x824f,0x9140,0x9145,0x914a,0x914f,
	0xb140,0xb145,0xb14a,0xb14f,0xc040,0xc045,0xc04a,0xc04f,
	0x7a60,0x7a65,0x7a6a,0x7a6f,0x8a60,0x8a65,0x8a6a,0x8a6f,
	0xa960,0xa965,0xa96a,0xa96f,0xb860,0xb865,0xb86a,0xb86f,
	0xd860,0xd865,0xd86a,0xd86f,0xe760,0xe765,0xe76a,0xe76f,
	0x0660,0x0665,0x066a,0x066f,0x1560,0x1565,0x156a,0x156f,
	0x2560,0x2565,0x256a,0x256f,0x4460,0x4465,0x446a,0x446f,
	0x5360,0x5365,0x536a,0x536f,0x6360,0x6365,0x636a,0x636f,
	0x8260,0x8265,0x826a,0x826f,0x9160,0x9165,0x916a,0x916f,
	0xb060,0xb065,0xb06a,0xb06f,0xc060,0xc065,0xc06a,0xc06f,
	0x7a80,0x7a85,0x7a8a,0x7a8f,0x8980,0x8985,0x898a,0x898f,
	0xa980,0xa985,0xa98a,0xa98f,0xb880,0xb885,0xb88a,0xb88f,
	0xd780,0xd785,0xd78a,0xd78f,0xe680,0xe685,0xe68a,0xe68f,
	0x0680,0x0685,0x068a,0x068f,0x1580,0x1585,0x158a,0x158f,
	0x2480,0x2485,0x248a,0x248f,0x4480,0x4485,0x448a,0x448f,
	0x5380,0x5385,0x538a,0x538f,0x6280,0x6285,0x628a,0x628f,
	0x8180,0x8185,0x818a,0x818f,0x9180,0x9185,0x918a,0x918f,
	0xb080,0xb085,0xb08a,0xb08f,0xcf80,0xcf85,0xcf8a,0xcf8f,
	0x7a90,0x7a95,0x7a9a,0x7a9f,0x8990,0x8995,0x899a,0x899f,
	0xa890,0xa895,0xa89a,0xa89f,0xb890,0xb895,0xb89a,0xb89f,
	0xd790,0xd795,0xd79a,0xd79f,0xe690,0xe695,0xe69a,0xe69f,
	0x0590,0x0595,0x059a,0x059f,0x1590,0x1595,0x159a,0x159f,
	0x2490,0x2495,0x249a,0x249f,0x4390,0x4395,0x439a,0x439f,
	0x5390,0x5395,0x539a,0x539f,0x6290,0x6295,0x629a,0x629f,
	0x8190,0x8195,0x819a,0x819f,0x9090,0x9095,0x909a,0x909f,
	0xb090,0xb095,0xb09a,0xb09f,0xcf90,0xcf95,0xcf9a,0xcf9f,
	0x79b0,0x79b5,0x79ba,0x79bf,0x89b0,0x89b5,0x89ba,0x89bf,
	0xa8b0,0xa8b5,0xa8ba,0xa8bf,0xb7b0,0xb7b5,0xb7ba,0xb7bf,
	0xd6b0,0xd6b5,0xd6ba,0xd6bf,0xe6b0,0xe6b5,0xe6ba,0xe6bf,
	0x05b0,0x05b5,0x05ba,0x05bf,0x14b0,0x14b5,0x14ba,0x14bf,
	0x24b0,0x24b5,0x24ba,0x24bf,0x43b0,0x43b5,0x43ba,0x43bf,
	0x52b0,0x52b5,0x52ba,0x52bf,0x61b0,0x61b5,0x61ba,0x61bf,
	0x81b0,0x81b5,0x81ba,0x81bf,0x90b0,0x90b5,0x90ba,0x90bf,
	0xbfb0,0xbfb5,0xbfba,0xbfbf,0xcfb0,0xcfb5,0xcfba,0xcfbf,
	0x79d0,0x79d5,0x79da,0x79df,0x88d0,0x88d5,0x88da,0x88df,
	0xa8d0,0xa8d5,0xa8da,0xa8df,0xb7d0,0xb7d5,0xb7da,0xb7df,
	0xd6d0,0xd6d5,0xd6da,0xd6df,0xe5d0,0xe5d5,0xe5da,0xe5df,
	0x05d0,0x05d5,0x05da,0x05df,0x14d0,0x14d5,0x14da,0x14df,
	0x23d0,0x23d5,0x23da,0x23df,0x43d0,0x43d5,0x43da,0x43df,
	0x52d0,0x52d5,0x52da,0x52df,0x61d0,0x61d5,0x61da,0x61df,
	0x80d0,0x80d5,0x80da,0x80df,0x90d0,0x90d5,0x90da,0x90df,
	0xbfd0,0xbfd5,0xbfda,0xbfdf,0xced0,0xced5,0xceda,0xcedf,
	0x79f0,0x79f5,0x79fa,0x79ff,0x88f0,0x88f5,0x88fa,0x88ff,
	0xa7f0,0xa7f5,0xa7fa,0xa7ff,0xb7f0,0xb7f5,0xb7fa,0xb7ff,
	0xd6f0,0xd6f5,0xd6fa,0xd6ff,0xe5f0,0xe5f5,0xe5fa,0xe5ff,
	0x04f0,0x04f5,0x04fa,0x04ff,0x14f0,0x14f5,0x14fa,0x14ff,
	0x23f0,0x23f5,0x23fa,0x23ff,0x42f0,0x42f5,0x42fa,0x42ff,
	0x52f0,0x52f5,0x52fa,0x52ff,0x61f0,0x61f5,0x61fa,0x61ff,
	0x80f0,0x80f5,0x80fa,0x80ff,0x9ff0,0x9ff5,0x9ffa,0x9fff,
	0xbff0,0xbff5,0xbffa,0xbfff,0xcef0,0xcef5,0xcefa,0xceff,
	0x7800,0x7805,0x780a,0x780f,0x8800,0x8805,0x880a,0x880f,
	0xa700,0xa705,0xa70a,0xa70f,0xb600,0xb605,0xb60a,0xb60f,
	0xd500,0xd505,0xd50a,0xd50f,0xe500,0xe505,0xe50a,0xe50f,
	0x0400,0x0405,0x040a,0x040f,0x1300,0x1305,0x130a,0x130f,
	0x2300,0x2305,0x230a,0x230f,0x4200,0x4205,0x420a,0x420f,
	0x5100,0x5105,0x510a,0x510f,0x6000,0x6005,0x600a,0x600f,
	0x8000,0x8005,0x800a,0x800f,0x9f00,0x9f05,0x9f0a,0x9f0f,
	0xbe00,0xbe05,0xbe0a,0xbe0f,0xce00,0xce05,0xce0a,0xce0f,
	0x7820,0x7825,0x782a,0x782f,0x8720,0x8725,0x872a,0x872f,
	0xa720,0xa725,0xa72a,0xa72f,0xb620,0xb625,0xb62a,0xb62f,
	0xd520,0xd525,0xd52a,0xd52f,0xe420,0xe425,0xe42a,0xe42f,
	0x0420,0x0425,0x042a,0x042f,0x1320,0x1325,0x132a,0x132f,
	0x2220,0x2225,0x222a,0x222f,0x4220,0x4225,0x422a,0x422f,
	0x5120,0x5125,0x512a,0x512f,0x6020,0x6025,0x602a,0x602f,
	0x8f20,0x8f25,0x8f2a,0x8f2f,0x9f20,0x9f25,0x9f2a,0x9f2f,
	0xbe20,0xbe25,0xbe2a,0xbe2f,0xcd20,0xcd25,0xcd2a,0xcd2f,
	0x7840,0x7845,0x784a,0x784f,0x8740,0x8745,0x874a,0x874f,
	0xa640,0xa645,0xa64a,0xa64f,0xb540,0xb545,0xb54a,0xb54f,
	0xd540,0xd545,0xd54a,0xd54f,0xe440,0xe445,0xe44a,0xe44f,
	0x0340,0x0345,0x034a,0x034f,0x1340,0x1345,0x134a,0x134f,
	0x2240,0x2245,0x224a,0x224f,0x4140,0x4145,0x414a,0x414f,
	0x5040,0x5045,0x504a,0x504f,0x6040,0x6045,0x604a,0x604f,
	0x8f40,0x8f45,0x8f4a,0x8f4f,0x9e40,0x9e45,0x9e4a,0x9e4f,
	0xbe40,0xbe45,0xbe4a,0xbe4f,0xcd40,0xcd45,0xcd4a,0xcd4f,
	0x7760,0x7765,0x776a,0x776f,0x8760,0x8765,0x876a,0x876f,
	0xa660,0xa665,0xa66a,0xa66f,0xb560,0xb565,0xb56a,0xb56f,
	0xd460,0xd465,0xd46a,0xd46f,0xe460,0xe465,0xe46a,0xe46f,
	0x0360,0x0365,0x036a,0x036f,0x1260,0x1265,0x126a,0x126f,
	0x2260,0x2265,0x226a,0x226f,0x4160,0x4165,0x416a,0x416f,
	0x5060,0x5065,0x506a,0x506f,0x6f60,0x6f65,0x6f6a,0x6f6f,
	0x8f60,0x8f65,0x8f6a,0x8f6f,0x9e60,0x9e65,0x9e6a,0x9e6f,
	0xbd60,0xbd65,0xbd6a,0xbd6f,0xcd60,0xcd65,0xcd6a,0xcd6f,
	0x7780,0x7785,0x778a,0x778f,0x8680,0x8685,0x868a,0x868f,
	0xa680,0xa685,0xa68a,0xa68f,0xb580,0xb585,0xb58a,0xb58f,
	0xd480,0xd485,0xd48a,0xd48f,0xe380,0xe385,0xe38a,0xe38f,
	0x0380,0x0385,0x038a,0x038f,0x1280,0x1285,0x128a,0x128f,
	0x2180,0x2185,0x218a,0x218f,0x4180,0x4185,0x418a,0x418f,
	0x5080,0x5085,0x508a,0x508f,0x6f80,0x6f85,0x6f8a,0x6f8f,
	0x8e80,0x8e85,0x8e8a,0x8e8f,0x9e80,0x9e85,0x9e8a,0x9e8f,
	0xbd80,0xbd85,0xbd8a,0xbd8f,0xcc80,0xcc85,0xcc8a,0xcc8f,
	0x7790,0x7795,0x779a,0x779f,0x8690,0x8695,0x869a,0x869f,
	0xa590,0xa595,0xa59a,0xa59f,0xb490,0xb495,0xb49a,0xb49f,
	0xd490,0xd495,0xd49a,0xd49f,0xe390,0xe395,0xe39a,0xe39f,
	0x0290,0x0295,0x029a,0x029f,0x1290,0x1295,0x129a,0x129f,
	0x2190,0x2195,0x219a,0x219f,0x4090,0x4095,0x409a,0x409f,
	0x5090,0x5095,0x509a,0x509f,0x6f90,0x6f95,0x6f9a,0x6f9f,
	0x8e90,0x8e95,0x8e9a,0x8e9f,0x9d90,0x9d95,0x9d9a,0x9d9f,
	0xbd90,0xbd95,0xbd9a,0xbd9f,0xcc90,0xcc95,0xcc9a,0xcc9f,
	0x76b0,0x76b5,0x76ba,0x76bf,0x86b0,0x86b5,0x86ba,0x86bf,
	0xa5b0,0xa5b5,0xa5ba,0xa5bf,0xb4b0,0xb4b5,0xb4ba,0xb4bf,
	0xd3b0,0xd3b5,0xd3ba,0xd3bf,0xe3b0,0xe3b5,0xe3ba,0xe3bf,
	0x02b0,0x02b5,0x02ba,0x02bf,0x11b0,0x11b5,0x11ba,0x11bf,
	0x21b0,0x21b5,0x21ba,0x21bf,0x40b0,0x40b5,0x40ba,0x40bf,
	0x5fb0,0x5fb5,0x5fba,0x5fbf,0x6eb0,0x6eb5,0x6eba,0x6ebf,
	0x8eb0,0x8eb5,0x8eba,0x8ebf,0x9db0,0x9db5,0x9dba,0x9dbf,
	0xbcb0,0xbcb5,0xbcba,0xbcbf,0xccb0,0xccb5,0xccba,0xccbf,
	0x76d0,0x76d5,0x76da,0x76df,0x85d0,0x85d5,0x85da,0x85df,
	0xa4d0,0xa4d5,0xa4da,0xa4df,0xb4d0,0xb4d5,0xb4da,0xb4df,
	0xd3d0,0xd3d5,0xd3da,0xd3df,0xe2d0,0xe2d5,0xe2da,0xe2df,
	0x02d0,0x02d5,0x02da,0x02df,0x11d0,0x11d5,0x11da,0x11df,
	0x20d0,0x20d5,0x20da,0x20df,0x40d0,0x40d5,0x40da,0x40df,
	0x5fd0,0x5fd5,0x5fda,0x5fdf,0x6ed0,0x6ed5,0x6eda,0x6edf,
	0x8dd0,0x8dd5,0x8dda,0x8ddf,0x9dd0,0x9dd5,0x9dda,0x9ddf,
	0xbcd0,0xbcd5,0xbcda,0xbcdf,0xcbd0,0xcbd5,0xcbda,0xcbdf,
	0x76f0,0x76f5,0x76fa,0x76ff,0x85f0,0x85f5,0x85fa,0x85ff,
	0xa4f0,0xa4f5,0xa4fa,0xa4ff,0xb3f0,0xb3f5,0xb3fa,0xb3ff,
	0xd3f0,0xd3f5,0xd3fa,0xd3ff,0xe2f0,0xe2f5,0xe2fa,0xe2ff,
	0x01f0,0x01f5,0x01fa,0x01ff,0x11f0,0x11f5,0x11fa,0x11ff,
	0x20f0,0x20f5,0x20fa,0x20ff,0x4ff0,0x4ff5,0x4ffa,0x4fff,
	0x5ef0,0x5ef5,0x5efa,0x5eff,0x6ef0,0x6ef5,0x6efa,0x6eff,
	0x8df0,0x8df5,0x8dfa,0x8dff,0x9cf0,0x9cf5,0x9cfa,0x9cff,
	0xbcf0,0xbcf5,0xbcfa,0xbcff,0xcbf0,0xcbf5,0xcbfa,0xcbff,
	0x8c50,0x8c55,0x8c5a,0x8c5f,0x9b50,0x9b55,0x9b5a,0x9b5f,
	0xba50,0xba55,0xba5a,0xba5f,0xca50,0xca55,0xca5a,0xca5f,
	0xe950,0xe955,0xe95a,0xe95f,0xf850,0xf855,0xf85a,0xf85f,
	0x0750,0x0755,0x075a,0x075f,0x2750,0x2755,0x275a,0x275f,
	0x3650,0x3655,0x365a,0x365f,0x5550,0x5555,0x555a,0x555f,
	0x6550,0x6555,0x655a,0x655f,0x7450,0x7455,0x745a,0x745f,
	0x9350,0x9355,0x935a,0x935f,0xa250,0xa255,0xa25a,0xa25f,
	0xc250,0xc255,0xc25a,0xc25f,0xd150,0xd155,0xd15a,0xd15f,
	0x8b70,0x8b75,0x8b7a,0x8b7f,0x9b70,0x9b75,0x9b7a,0x9b7f,
	0xba70,0xba75,0xba7a,0xba7f,0xc970,0xc975,0xc97a,0xc97f,
	0xe970,0xe975,0xe97a,0xe97f,0xf870,0xf875,0xf87a,0xf87f,
	0x0770,0x0775,0x077a,0x077f,0x2670,0x2675,0x267a,0x267f,
	0x3670,0x3675,0x367a,0x367f,0x5570,0x5575,0x557a,0x557f,
	0x6470,0x6475,0x647a,0x647f,0x7470,0x7475,0x747a,0x747f,
	0x9370,0x9375,0x937a,0x937f,0xa270,0xa275,0xa27a,0xa27f,
	0xc170,0xc175,0xc17a,0xc17f,0xd170,0xd175,0xd17a,0xd17f,
	0x8b90,0x8b95,0x8b9a,0x8b9f,0x9a90,0x9a95,0x9a9a,0x9a9f,
	0xba90,0xba95,0xba9a,0xba9f,0xc990,0xc995,0xc99a,0xc99f,
	0xe890,0xe895,0xe89a,0xe89f,0xf790,0xf795,0xf79a,0xf79f,
	0x0790,0x0795,0x079a,0x079f,0x2690,0x2695,0x269a,0x269f,
	0x3590,0x3595,0x359a,0x359f,0x5590,0x5595,0x559a,0x559f,
	0x6490,0x6495,0x649a,0x649f,0x7390,0x7395,0x739a,0x739f,
	0x9290,0x9295,0x929a,0x929f,0xa290,0xa295,0xa29a,0xa29f,
	0xc190,0xc195,0xc19a,0xc19f,0xd090,0xd095,0xd09a,0xd09f,
	0x8ba0,0x8ba5,0x8baa,0x8baf,0x9aa0,0x9aa5,0x9aaa,0x9aaf,
	0xb9a0,0xb9a5,0xb9aa,0xb9af,0xc9a0,0xc9a5,0xc9aa,0xc9af,
	0xe8a0,0xe8a5,0xe8aa,0xe8af,0xf7a0,0xf7a5,0xf7aa,0xf7af,
	0x06a0,0x06a5,0x06aa,0x06af,0x26a0,0x26a5,0x26aa,0x26af,
	0x35a0,0x35a5,0x35aa,0x35af,0x54a0,0x54a5,0x54aa,0x54af,
	0x64a0,0x64a5,0x64aa,0x64af,0x73a0,0x73a5,0x73aa,0x73af,
	0x92a0,0x92a5,0x92aa,0x92af,0xa1a0,0xa1a5,0xa1aa,0xa1af,
	0xc1a0,0xc1a5,0xc1aa,0xc1af,0xd0a0,0xd0a5,0xd0aa,0xd0af,
	0x8ac0,0x8ac5,0x8aca,0x8acf,0x9ac0,0x9ac5,0x9aca,0x9acf,
	0xb9c0,0xb9c5,0xb9ca,0xb9cf,0xc8c0,0xc8c5,0xc8ca,0xc8cf,
	0xe7c0,0xe7c5,0xe7ca,0xe7cf,0xf7c0,0xf7c5,0xf7ca,0xf7cf,
	0x06c0,0x06c5,0x06ca,0x06cf,0x25c0,0x25c5,0x25ca,0x25cf,
	0x35c0,0x35c5,0x35ca,0x35cf,0x54c0,0x54c5,0x54ca,0x54cf,
	0x63c0,0x63c5,0x63ca,0x63cf,0x72c0,0x72c5,0x72ca,0x72cf,
	0x92c0,0x92c5,0x92ca,0x92cf,0xa1c0,0xa1c5,0xa1ca,0xa1cf,
	0xc0c0,0xc0c5,0xc0ca,0xc0cf,0xd0c0,0xd0c5,0xd0ca,0xd0cf,
	0x8ae0,0x8ae5,0x8aea,0x8aef,0x99e0,0x99e5,0x99ea,0x99ef,
	0xb9e0,0xb9e5,0xb9ea,0xb9ef,0xc8e0,0xc8e5,0xc8ea,0xc8ef,
	0xe7e0,0xe7e5,0xe7ea,0xe7ef,0xf6e0,0xf6e5,0xf6ea,0xf6ef,
	0x06e0,0x06e5,0x06ea,0x06ef,0x25e0,0x25e5,0x25ea,0x25ef,
	0x34e0,0x34e5,0x34ea,0x34ef,0x54e0,0x54e5,0x54ea,0x54ef,
	0x63e0,0x63e5,0x63ea,0x63ef,0x72e0,0x72e5,0x72ea,0x72ef,
	0x91e0,0x91e5,0x91ea,0x91ef,0xa1e0,0xa1e5,0xa1ea,0xa1ef,
	0xc0e0,0xc0e5,0xc0ea,0xc0ef,0xdfe0,0xdfe5,0xdfea,0xdfef,
	0x8a00,0x8a05,0x8a0a,0x8a0f,0x9900,0x9905,0x990a,0x990f,
	0xb800,0xb805,0xb80a,0xb80f,0xc800,0xc805,0xc80a,0xc80f,
	0xe700,0xe705,0xe70a,0xe70f,0xf600,0xf605,0xf60a,0xf60f,
	0x0500,0x0505,0x050a,0x050f,0x2500,0x2505,0x250a,0x250f,
	0x3400,0x3405,0x340a,0x340f,0x5300,0x5305,0x530a,0x530f,
	0x6300,0x6305,0x630a,0x630f,0x7200,0x7205,0x720a,0x720f,
	0x9100,0x9105,0x910a,0x910f,0xa000,0xa005,0xa00a,0xa00f,
	0xc000,0xc005,0xc00a,0xc00f,0xdf00,0xdf05,0xdf0a,0xdf0f,
	0x8910,0x8915,0x891a,0x891f,0x9910,0x9915,0x991a,0x991f,
	0xb810,0xb815,0xb81a,0xb81f,0xc710,0xc715,0xc71a,0xc71f,
	0xe610,0xe615,0xe61a,0xe61f,0xf610,0xf615,0xf61a,0xf61f,
	0x0510,0x0515,0x051a,0x051f,0x2410,0x2415,0x241a,0x241f,
	0x3410,0x3415,0x341a,0x341f,0x5310,0x5315,0x531a,0x531f,
	0x6210,0x6215,0x621a,0x621f,0x7110,0x7115,0x711a,0x711f,
	0x9110,0x9115,0x911a,0x911f,0xa010,0xa015,0xa01a,0xa01f,
	0xcf10,0xcf15,0xcf1a,0xcf1f,0xdf10,0xdf15,0xdf1a,0xdf1f,
	0x8930,0x8935,0x893a,0x893f,0x9830,0x9835,0x983a,0x983f,
	0xb830,0xb835,0xb83a,0xb83f,0xc730,0xc735,0xc73a,0xc73f,
	0xe630,0xe635,0xe63a,0xe63f,0xf530,0xf535,0xf53a,0xf53f,
	0x0530,0x0535,0x053a,0x053f,0x2430,0x2435,0x243a,0x243f,
	0x3330,0x3335,0x333a,0x333f,0x5330,0x5335,0x533a,0x533f,
	0x6230,0x6235,0x623a,0x623f,0x7130,0x7135,0x713a,0x713f,
	0x9030,0x9035,0x903a,0x903f,0xa030,0xa035,0xa03a,0xa03f,
	0xcf30,0xcf35,0xcf3a,0xcf3f,0xde30,0xde35,0xde3a,0xde3f,
	0x8950,0x8955,0x895a,0x895f,0x9850,0x9855,0x985a,0x985f,
	0xb750,0xb755,0xb75a,0xb75f,0xc650,0xc655,0xc65a,0xc65f,
	0xe650,0xe655,0xe65a,0xe65f,0xf550,0xf555,0xf55a,0xf55f,
	0x0450,0x0455,0x045a,0x045f,0x2450,0x2455,0x245a,0x245f,
	0x3350,0x3355,0x335a,0x335f,0x5250,0x5255,0x525a,0x525f,
	0x6150,0x6155,0x615a,0x615f,0x7150,0x7155,0x715a,0x715f,
	0x9050,0x9055,0x905a,0x905f,0xaf50,0xaf55,0xaf5a,0xaf5f,
	0xcf50,0xcf55,0xcf5a,0xcf5f,0xde50,0xde55,0xde5a,0xde5f,
	0x8870,0x8875,0x887a,0x887f,0x9870,0x9875,0x987a,0x987f,
	0xb770,0xb775,0xb77a,0xb77f,0xc670,0xc675,0xc67a,0xc67f,
	0xe570,0xe575,0xe57a,0xe57f,0xf570,0xf575,0xf57a,0xf57f,
	0x0470,0x0475,0x047a,0x047f,0x2370,0x2375,0x237a,0x237f,
	0x3370,0x3375,0x337a,0x337f,0x5270,0x5275,0x527a,0x527f,
	0x6170,0x6175,0x617a,0x617f,0x7070,0x7075,0x707a,0x707f,
	0x9070,0x9075,0x907a,0x907f,0xaf70,0xaf75,0xaf7a,0xaf7f,
	0xce70,0xce75,0xce7a,0xce7f,0xde70,0xde75,0xde7a,0xde7f,
	0x8890,0x8895,0x889a,0x889f,0x9790,0x9795,0x979a,0x979f,
	0xb790,0xb795,0xb79a,0xb79f,0xc690,0xc695,0xc69a,0xc69f,
	0xe590,0xe595,0xe59a,0xe59f,0xf490,0xf495,0xf49a,0xf49f,
	0x0490,0x0495,0x049a,0x049f,0x2390,0x2395,0x239a,0x239f,
	0x3290,0x3295,0x329a,0x329f,0x5290,0x5295,0x529a,0x529f,
	0x6190,0x6195,0x619a,0x619f,0x7090,0x7095,0x709a,0x709f,
	0x9f90,0x9f95,0x9f9a,0x9f9f,0xaf90,0xaf95,0xaf9a,0xaf9f,
	0xce90,0xce95,0xce9a,0xce9f,0xdd90,0xdd95,0xdd9a,0xdd9f,
	0x88a0,0x88a5,0x88aa,0x88af,0x97a0,0x97a5,0x97aa,0x97af,
	0xb6a0,0xb6a5,0xb6aa,0xb6af,0xc5a0,0xc5a5,0xc5aa,0xc5af,
	0xe5a0,0xe5a5,0xe5aa,0xe5af,0xf4a0,0xf4a5,0xf4aa,0xf4af,
	0x03a0,0x03a5,0x03aa,0x03af,0x23a0,0x23a5,0x23aa,0x23af,
	0x32a0,0x32a5,0x32aa,0x32af,0x51a0,0x51a5,0x51aa,0x51af,
	0x60a0,0x60a5,0x60aa,0x60af,0x70a0,0x70a5,0x70aa,0x70af,
	0x9fa0,0x9fa5,0x9faa,0x9faf,0xaea0,0xaea5,0xaeaa,0xaeaf,
	0xcea0,0xcea5,0xceaa,0xceaf,0xdda0,0xdda5,0xddaa,0xddaf,
	0x87c0,0x87c5,0x87ca,0x87cf,0x97c0,0x97c5,0x97ca,0x97cf,
	0xb6c0,0xb6c5,0xb6ca,0xb6cf,0xc5c0,0xc5c5,0xc5ca,0xc5cf,
	0xe4c0,0xe4c5,0xe4ca,0xe4cf,0xf4c0,0xf4c5,0xf4ca,0xf4cf,
	0x03c0,0x03c5,0x03ca,0x03cf,0x22c0,0x22c5,0x22ca,0x22cf,
	0x32c0,0x32c5,0x32ca,0x32cf,0x51c0,0x51c5,0x51ca,0x51cf,
	0x60c0,0x60c5,0x60ca,0x60cf,0x7fc0,0x7fc5,0x7fca,0x7fcf,
	0x9fc0,0x9fc5,0x9fca,0x9fcf,0xaec0,0xaec5,0xaeca,0xaecf,
	0xcdc0,0xcdc5,0xcdca,0xcdcf,0xddc0,0xddc5,0xddca,0xddcf,
	0x87e0,0x87e5,0x87ea,0x87ef,0x96e0,0x96e5,0x96ea,0x96ef,
	0xb5e0,0xb5e5,0xb5ea,0xb5ef,0xc5e0,0xc5e5,0xc5ea,0xc5ef,
	0xe4e0,0xe4e5,0xe4ea,0xe4ef,0xf3e0,0xf3e5,0xf3ea,0xf3ef,
	0x03e0,0x03e5,0x03ea,0x03ef,0x22e0,0x22e5,0x22ea,0x22ef,
	0x31e0,0x31e5,0x31ea,0x31ef,0x50e0,0x50e5,0x50ea,0x50ef,
	0x60e0,0x60e5,0x60ea,0x60ef,0x7fe0,0x7fe5,0x7fea,0x7fef,
	0x9ee0,0x9ee5,0x9eea,0x9eef,0xaee0,0xaee5,0xaeea,0xaeef,
	0xcde0,0xcde5,0xcdea,0xcdef,0xdce0,0xdce5,0xdcea,0xdcef,
	0x8700,0x8705,0x870a,0x870f,0x9600,0x9605,0x960a,0x960f,
	0xb500,0xb505,0xb50a,0xb50f,0xc400,0xc405,0xc40a,0xc40f,
	0xe400,0xe405,0xe40a,0xe40f,0xf300,0xf305,0xf30a,0xf30f,
	0x0200,0x0205,0x020a,0x020f,0x2200,0x2205,0x220a,0x220f,
	0x3100,0x3105,0x310a,0x310f,0x5000,0x5005,0x500a,0x500f,
	0x6f00,0x6f05,0x6f0a,0x6f0f,0x7f00,0x7f05,0x7f0a,0x7f0f,
	0x9e00,0x9e05,0x9e0a,0x9e0f,0xad00,0xad05,0xad0a,0xad0f,
	0xcd00,0xcd05,0xcd0a,0xcd0f,0xdc00,0xdc05,0xdc0a,0xdc0f,
	0x9d60,0x9d65,0x9d6a,0x9d6f,0xac60,0xac65,0xac6a,0xac6f,
	0xcb60,0xcb65,0xcb6a,0xcb6f,0xdb60,0xdb65,0xdb6a,0xdb6f,
	0xfa60,0xfa65,0xfa6a,0xfa6f,0x0960,0x0965,0x096a,0x096f,
	0x1860,0x1865,0x186a,0x186f,0x3860,0x3865,0x386a,0x386f,
	0x4760,0x4765,0x476a,0x476f,0x6660,0x6665,0x666a,0x666f,
	0x7660,0x7665,0x766a,0x766f,0x8560,0x8565,0x856a,0x856f,
	0xa460,0xa465,0xa46a,0xa46f,0xb360,0xb365,0xb36a,0xb36f,
	0xd360,0xd365,0xd36a,0xd36f,0xe260,0xe265,0xe26a,0xe26f,
	0x9c80,0x9c85,0x9c8a,0x9c8f,0xac80,0xac85,0xac8a,0xac8f,
	0xcb80,0xcb85,0xcb8a,0xcb8f,0xda80,0xda85,0xda8a,0xda8f,
	0xfa80,0xfa85,0xfa8a,0xfa8f,0x0980,0x0985,0x098a,0x098f,
	0x1880,0x1885,0x188a,0x188f,0x3780,0x3785,0x378a,0x378f,
	0x4780,0x4785,0x478a,0x478f,0x6680,0x6685,0x668a,0x668f,
	0x7580,0x7585,0x758a,0x758f,0x8580,0x8585,0x858a,0x858f,
	0xa480,0xa485,0xa48a,0xa48f,0xb380,0xb385,0xb38a,0xb38f,
	0xd280,0xd285,0xd28a,0xd28f,0xe280,0xe285,0xe28a,0xe28f,
	0x9ca0,0x9ca5,0x9caa,0x9caf,0xaba0,0xaba5,0xabaa,0xabaf,
	0xcba0,0xcba5,0xcbaa,0xcbaf,0xdaa0,0xdaa5,0xdaaa,0xdaaf,
	0xf9a0,0xf9a5,0xf9aa,0xf9af,0x08a0,0x08a5,0x08aa,0x08af,
	0x18a0,0x18a5,0x18aa,0x18af,0x37a0,0x37a5,0x37aa,0x37af,
	0x46a0,0x46a5,0x46aa,0x46af,0x66a0,0x66a5,0x66aa,0x66af,
	0x75a0,0x75a5,0x75aa,0x75af,0x84a0,0x84a5,0x84aa,0x84af,
	0xa3a0,0xa3a5,0xa3aa,0xa3af,0xb3a0,0xb3a5,0xb3aa,0xb3af,
	0xd2a0,0xd2a5,0xd2aa,0xd2af,0xe1a0,0xe1a5,0xe1aa,0xe1af,
	0x9cb0,0x9cb5,0x9cba,0x9cbf,0xabb0,0xabb5,0xabba,0xabbf,
	0xcab0,0xcab5,0xcaba,0xcabf,0xdab0,0xdab5,0xdaba,0xdabf,
	0xf9b0,0xf9b5,0xf9ba,0xf9bf,0x08b0,0x08b5,0x08ba,0x08bf,
	0x17b0,0x17b5,0x17ba,0x17bf,0x37b0,0x37b5,0x37ba,0x37bf,
	0x46b0,0x46b5,0x46ba,0x46bf,0x65b0,0x65b5,0x65ba,0x65bf,
	0x75b0,0x75b5,0x75ba,0x75bf,0x84b0,0x84b5,0x84ba,0x84bf,
	0xa3b0,0xa3b5,0xa3ba,0xa3bf,0xb2b0,0xb2b5,0xb2ba,0xb2bf,
	0xd2b0,0xd2b5,0xd2ba,0xd2bf,0xe1b0,0xe1b5,0xe1ba,0xe1bf,
	0x9bd0,0x9bd5,0x9bda,0x9bdf,0xabd0,0xabd5,0xabda,0xabdf,
	0xcad0,0xcad5,0xcada,0xcadf,0xd9d0,0xd9d5,0xd9da,0xd9df,
	0xf8d0,0xf8d5,0xf8da,0xf8df,0x08d0,0x08d5,0x08da,0x08df,
	0x17d0,0x17d5,0x17da,0x17df,0x36d0,0x36d5,0x36da,0x36df,
	0x46d0,0x46d5,0x46da,0x46df,0x65d0,0x65d5,0x65da,0x65df,
	0x74d0,0x74d5,0x74da,0x74df,0x83d0,0x83d5,0x83da,0x83df,
	0xa3d0,0xa3d5,0xa3da,0xa3df,0xb2d0,0xb2d5,0xb2da,0xb2df,
	0xd1d0,0xd1d5,0xd1da,0xd1df,0xe1d0,0xe1d5,0xe1da,0xe1df,
	0x9bf0,0x9bf5,0x9bfa,0x9bff,0xaaf0,0xaaf5,0xaafa,0xaaff,
	0xcaf0,0xcaf5,0xcafa,0xcaff,0xd9f0,0xd9f5,0xd9fa,0xd9ff,
	0xf8f0,0xf8f5,0xf8fa,0xf8ff,0x07f0,0x07f5,0x07fa,0x07ff,
	0x17f0,0x17f5,0x17fa,0x17ff,0x36f0,0x36f5,0x36fa,0x36ff,
	0x45f0,0x45f5,0x45fa,0x45ff,0x65f0,0x65f5,0x65fa,0x65ff,
	0x74f0,0x74f5,0x74fa,0x74ff,0x83f0,0x83f5,0x83fa,0x83ff,
	0xa2f0,0xa2f5,0xa2fa,0xa2ff,0xb2f0,0xb2f5,0xb2fa,0xb2ff,
	0xd1f0,0xd1f5,0xd1fa,0xd1ff,0xe0f0,0xe0f5,0xe0fa,0xe0ff,
	0x9b10,0x9b15,0x9b1a,0x9b1f,0xaa10,0xaa15,0xaa1a,0xaa1f,
	0xc910,0xc915,0xc91a,0xc91f,0xd910,0xd915,0xd91a,0xd91f,
	0xf810,0xf815,0xf81a,0xf81f,0x0710,0x0715,0x071a,0x071f,
	0x1610,0x1615,0x161a,0x161f,0x3610,0x3615,0x361a,0x361f,
	0x4510,0x4515,0x451a,0x451f,0x6410,0x6415,0x641a,0x641f,
	0x7410,0x7415,0x741a,0x741f,0x8310,0x8315,0x831a,0x831f,
	0xa210,0xa215,0xa21a,0xa21f,0xb110,0xb115,0xb11a,0xb11f,
	0xd110,0xd115,0xd11a,0xd11f,0xe010,0xe015,0xe01a,0xe01f,
	0x9a20,0x9a25,0x9a2a,0x9a2f,0xaa20,0xaa25,0xaa2a,0xaa2f,
	0xc920,0xc925,0xc92a,0xc92f,0xd820,0xd825,0xd82a,0xd82f,
	0xf720,0xf725,0xf72a,0xf72f,0x0720,0x0725,0x072a,0x072f,
	0x1620,0x1625,0x162a,0x162f,0x3520,0x3525,0x352a,0x352f,
	0x4520,0x4525,0x452a,0x452f,0x6420,0x6425,0x642a,0x642f,
	0x7320,0x7325,0x732a,0x732f,0x8220,0x8225,0x822a,0x822f,
	0xa220,0xa225,0xa22a,0xa22f,0xb120,0xb125,0xb12a,0xb12f,
	0xd020,0xd025,0xd02a,0xd02f,0xe020,0xe025,0xe02a,0xe02f,
	0x9a40,0x9a45,0x9a4a,0x9a4f,0xa940,0xa945,0xa94a,0xa94f,
	0xc940,0xc945,0xc94a,0xc94f,0xd840,0xd845,0xd84a,0xd84f,
	0xf740,0xf745,0xf74a,0xf74f,0x0640,0x0645,0x064a,0x064f,
	0x1640,0x1645,0x164a,0x164f,0x3540,0x3545,0x354a,0x354f,
	0x4440,0x4445,0x444a,0x444f,0x6440,0x6445,0x644a,0x644f,
	0x7340,0x7345,0x734a,0x734f,0x8240,0x8245,0x824a,0x824f,
	0xa140,0xa145,0xa14a,0xa14f,0xb140,0xb145,0xb14a,0xb14f,
	0xd040,0xd045,0xd04a,0xd04f,0xef40,0xef45,0xef4a,0xef4f,
	0x9a60,0x9a65,0x9a6a,0x9a6f,0xa960,0xa965,0xa96a,0xa96f,
	0xc860,0xc865,0xc86a,0xc86f,0xd760,0xd765,0xd76a,0xd76f,
	0xf760,0xf765,0xf76a,0xf76f,0x0660,0x0665,0x066a,0x066f,
	0x1560,0x1565,0x156a,0x156f,0x3560,0x3565,0x356a,0x356f,
	0x4460,0x4465,0x446a,0x446f,0x6360,0x6365,0x636a,0x636f,
	0x7260,0x7265,0x726a,0x726f,0x8260,0x8265,0x826a,0x826f,
	0xa160,0xa165,0xa16a,0xa16f,0xb060,0xb065,0xb06a,0xb06f,
	0xd060,0xd065,0xd06a,0xd06f,0xef60,0xef65,0xef6a,0xef6f,
	0x9980,0x9985,0x998a,0x998f,0xa980,0xa985,0xa98a,0xa98f,
	0xc880,0xc885,0xc88a,0xc88f,0xd780,0xd785,0xd78a,0xd78f,
	0xf680,0xf685,0xf68a,0xf68f,0x0680,0x0685,0x068a,0x068f,
	0x1580,0x1585,0x158a,0x158f,0x3480,0x3485,0x348a,0x348f,
	0x4480,0x4485,0x448a,0x448f,0x6380,0x6385,0x638a,0x638f,
	0x7280,0x7285,0x728a,0x728f,0x8180,0x8185,0x818a,0x818f,
	0xa180,0xa185,0xa18a,0xa18f,0xb080,0xb085,0xb08a,0xb08f,
	0xdf80,0xdf85,0xdf8a,0xdf8f,0xef80,0xef85,0xef8a,0xef8f,
	0x99a0,0x99a5,0x99aa,0x99af,0xa8a0,0xa8a5,0xa8aa,0xa8af,
	0xc8a0,0xc8a5,0xc8aa,0xc8af,0xd7a0,0xd7a5,0xd7aa,0xd7af,
	0xf6a0,0xf6a5,0xf6aa,0xf6af,0x05a0,0x05a5,0x05aa,0x05af,
	0x15a0,0x15a5,0x15aa,0x15af,0x34a0,0x34a5,0x34aa,0x34af,
	0x43a0,0x43a5,0x43aa,0x43af,0x63a0,0x63a5,0x63aa,0x63af,
	0x72a0,0x72a5,0x72aa,0x72af,0x81a0,0x81a5,0x81aa,0x81af,
	0xa0a0,0xa0a5,0xa0aa,0xa0af,0xb0a0,0xb0a5,0xb0aa,0xb0af,
	0xdfa0,0xdfa5,0xdfaa,0xdfaf,0xeea0,0xeea5,0xeeaa,0xeeaf,
	0x99b0,0x99b5,0x99ba,0x99bf,0xa8b0,0xa8b5,0xa8ba,0xa8bf,
	0xc7b0,0xc7b5,0xc7ba,0xc7bf,0xd6b0,0xd6b5,0xd6ba,0xd6bf,
	0xf6b0,0xf6b5,0xf6ba,0xf6bf,0x05b0,0x05b5,0x05ba,0x05bf,
	0x14b0,0x14b5,0x14ba,0x14bf,0x34b0,0x34b5,0x34ba,0x34bf,
	0x43b0,0x43b5,0x43ba,0x43bf,0x62b0,0x62b5,0x62ba,0x62bf,
	0x71b0,0x71b5,0x71ba,0x71bf,0x81b0,0x81b5,0x81ba,0x81bf,
	0xa0b0,0xa0b5,0xa0ba,0xa0bf,0xbfb0,0xbfb5,0xbfba,0xbfbf,
	0xdfb0,0xdfb5,0xdfba,0xdfbf,0xeeb0,0xeeb5,0xeeba,0xeebf,
	0x98d0,0x98d5,0x98da,0x98df,0xa8d0,0xa8d5,0xa8da,0xa8df,
	0xc7d0,0xc7d5,0xc7da,0xc7df,0xd6d0,0xd6d5,0xd6da,0xd6df,
	0xf5d0,0xf5d5,0xf5da,0xf5df,0x05d0,0x05d5,0x05da,0x05df,
	0x14d0,0x14d5,0x14da,0x14df,0x33d0,0x33d5,0x33da,0x33df,
	0x43d0,0x43d5,0x43da,0x43df,0x62d0,0x62d5,0x62da,0x62df,
	0x71d0,0x71d5,0x71da,0x71df,0x80d0,0x80d5,0x80da,0x80df,
	0xa0d0,0xa0d5,0xa0da,0xa0df,0xbfd0,0xbfd5,0xbfda,0xbfdf,
	0xded0,0xded5,0xdeda,0xdedf,0xeed0,0xeed5,0xeeda,0xeedf,
	0x98f0,0x98f5,0x98fa,0x98ff,0xa7f0,0xa7f5,0xa7fa,0xa7ff,
	0xc6f0,0xc6f5,0xc6fa,0xc6ff,0xd6f0,0xd6f5,0xd6fa,0xd6ff,
	0xf5f0,0xf5f5,0xf5fa,0xf5ff,0x04f0,0x04f5,0x04fa,0x04ff,
	0x14f0,0x14f5,0x14fa,0x14ff,0x33f0,0x33f5,0x33fa,0x33ff,
	0x42f0,0x42f5,0x42fa,0x42ff,0x61f0,0x61f5,0x61fa,0x61ff,
	0x71f0,0x71f5,0x71fa,0x71ff,0x80f0,0x80f5,0x80fa,0x80ff,
	0xaff0,0xaff5,0xaffa,0xafff,0xbff0,0xbff5,0xbffa,0xbfff,
	0xdef0,0xdef5,0xdefa,0xdeff,0xedf0,0xedf5,0xedfa,0xedff,
	0x9810,0x9815,0x981a,0x981f,0xa710,0xa715,0xa71a,0xa71f,
	0xc610,0xc615,0xc61a,0xc61f,0xd510,0xd515,0xd51a,0xd51f,
	0xf510,0xf515,0xf51a,0xf51f,0x0410,0x0415,0x041a,0x041f,
	0x1310,0x1315,0x131a,0x131f,0x3310,0x3315,0x331a,0x331f,
	0x4210,0x4215,0x421a,0x421f,0x6110,0x6115,0x611a,0x611f,
	0x7010,0x7015,0x701a,0x701f,0x8010,0x8015,0x801a,0x801f,
	0xaf10,0xaf15,0xaf1a,0xaf1f,0xbe10,0xbe15,0xbe1a,0xbe1f,
	0xde10,0xde15,0xde1a,0xde1f,0xed10,0xed15,0xed1a,0xed1f,
	0xae70,0xae75,0xae7a,0xae7f,0xbd70,0xbd75,0xbd7a,0xbd7f,
	0xdc70,0xdc75,0xdc7a,0xdc7f,0xec70,0xec75,0xec7a,0xec7f,
	0x0b70,0x0b75,0x0b7a,0x0b7f,0x1a70,0x1a75,0x1a7a,0x1a7f,
	0x2970,0x2975,0x297a,0x297f,0x4970,0x4975,0x497a,0x497f,
	0x5870,0x5875,0x587a,0x587f,0x7770,0x7775,0x777a,0x777f,
	0x8770,0x8775,0x877a,0x877f,0x9670,0x9675,0x967a,0x967f,
	0xb570,0xb575,0xb57a,0xb57f,0xc470,0xc475,0xc47a,0xc47f,
	0xe470,0xe475,0xe47a,0xe47f,0xf370,0xf375,0xf37a,0xf37f,
	0xad90,0xad95,0xad9a,0xad9f,0xbd90,0xbd95,0xbd9a,0xbd9f,
	0xdc90,0xdc95,0xdc9a,0xdc9f,0xeb90,0xeb95,0xeb9a,0xeb9f,
	0x0b90,0x0b95,0x0b9a,0x0b9f,0x1a90,0x1a95,0x1a9a,0x1a9f,
	0x2990,0x2995,0x299a,0x299f,0x4890,0x4895,0x489a,0x489f,
	0x5890,0x5895,0x589a,0x589f,0x7790,0x7795,0x779a,0x779f,
	0x8690,0x8695,0x869a,0x869f,0x9690,0x9695,0x969a,0x969f,
	0xb590,0xb595,0xb59a,0xb59f,0xc490,0xc495,0xc49a,0xc49f,
	0xe390,0xe395,0xe39a,0xe39f,0xf390,0xf395,0xf39a,0xf39f,
	0xadb0,0xadb5,0xadba,0xadbf,0xbcb0,0xbcb5,0xbcba,0xbcbf,
	0xdcb0,0xdcb5,0xdcba,0xdcbf,0xebb0,0xebb5,0xebba,0xebbf,
	0x0ab0,0x0ab5,0x0aba,0x0abf,0x19b0,0x19b5,0x19ba,0x19bf,
	0x29b0,0x29b5,0x29ba,0x29bf,0x48b0,0x48b5,0x48ba,0x48bf,
	0x57b0,0x57b5,0x57ba,0x57bf,0x77b0,0x77b5,0x77ba,0x77bf,
	0x86b0,0x86b5,0x86ba,0x86bf,0x95b0,0x95b5,0x95ba,0x95bf,
	0xb4b0,0xb4b5,0xb4ba,0xb4bf,0xc4b0,0xc4b5,0xc4ba,0xc4bf,
	0xe3b0,0xe3b5,0xe3ba,0xe3bf,0xf2b0,0xf2b5,0xf2ba,0xf2bf,
	0xadc0,0xadc5,0xadca,0xadcf,0xbcc0,0xbcc5,0xbcca,0xbccf,
	0xdbc0,0xdbc5,0xdbca,0xdbcf,0xebc0,0xebc5,0xebca,0xebcf,
	0x0ac0,0x0ac5,0x0aca,0x0acf,0x19c0,0x19c5,0x19ca,0x19cf,
	0x28c0,0x28c5,0x28ca,0x28cf,0x48c0,0x48c5,0x48ca,0x48cf,
	0x57c0,0x57c5,0x57ca,0x57cf,0x76c0,0x76c5,0x76ca,0x76cf,
	0x86c0,0x86c5,0x86ca,0x86cf,0x95c0,0x95c5,0x95ca,0x95cf,
	0xb4c0,0xb4c5,0xb4ca,0xb4cf,0xc3c0,0xc3c5,0xc3ca,0xc3cf,
	0xe3c0,0xe3c5,0xe3ca,0xe3cf,0xf2c0,0xf2c5,0xf2ca,0xf2cf,
	0xace0,0xace5,0xacea,0xacef,0xbce0,0xbce5,0xbcea,0xbcef,
	0xdbe0,0xdbe5,0xdbea,0xdbef,0xeae0,0xeae5,0xeaea,0xeaef,
	0x09e0,0x09e5,0x09ea,0x09ef,0x19e0,0x19e5,0x19ea,0x19ef,
	0x28e0,0x28e5,0x28ea,0x28ef,0x47e0,0x47e5,0x47ea,0x47ef,
	0x57e0,0x57e5,0x57ea,0x57ef,0x76e0,0x76e5,0x76ea,0x76ef,
	0x85e0,0x85e5,0x85ea,0x85ef,0x94e0,0x94e5,0x94ea,0x94ef,
	0xb4e0,0xb4e5,0xb4ea,0xb4ef,0xc3e0,0xc3e5,0xc3ea,0xc3ef,
	0xe2e0,0xe2e5,0xe2ea,0xe2ef,0xf2e0,0xf2e5,0xf2ea,0xf2ef,
	0xac00,0xac05,0xac0a,0xac0f,0xbb00,0xbb05,0xbb0a,0xbb0f,
	0xdb00,0xdb05,0xdb0a,0xdb0f,0xea00,0xea05,0xea0a,0xea0f,
	0x0900,0x0905,0x090a,0x090f,0x1800,0x1805,0x180a,0x180f,
	0x2800,0x2805,0x280a,0x280f,0x4700,0x4705,0x470a,0x470f,
	0x5600,0x5605,0x560a,0x560f,0x7600,0x7605,0x760a,0x760f,
	0x8500,0x8505,0x850a,0x850f,0x9400,0x9405,0x940a,0x940f,
	0xb300,0xb305,0xb30a,0xb30f,0xc300,0xc305,0xc30a,0xc30f,
	0xe200,0xe205,0xe20a,0xe20f,0xf100,0xf105,0xf10a,0xf10f,
	0xac20,0xac25,0xac2a,0xac2f,0xbb20,0xbb25,0xbb2a,0xbb2f,
	0xda20,0xda25,0xda2a,0xda2f,0xea20,0xea25,0xea2a,0xea2f,
	0x0920,0x0925,0x092a,0x092f,0x1820,0x1825,0x182a,0x182f,
	0x2720,0x2725,0x272a,0x272f,0x4720,0x4725,0x472a,0x472f,
	0x5620,0x5625,0x562a,0x562f,0x7520,0x7525,0x752a,0x752f,
	0x8520,0x8525,0x852a,0x852f,0x9420,0x9425,0x942a,0x942f,
	0xb320,0xb325,0xb32a,0xb32f,0xc220,0xc225,0xc22a,0xc22f,
	0xe220,0xe225,0xe22a,0xe22f,0xf120,0xf125,0xf12a,0xf12f,
	0xab30,0xab35,0xab3a,0xab3f,0xbb30,0xbb35,0xbb3a,0xbb3f,
	0xda30,0xda35,0xda3a,0xda3f,0xe930,0xe935,0xe93a,0xe93f,
	0x0830,0x0835,0x083a,0x083f,0x1830,0x1835,0x183a,0x183f,
	0x2730,0x2735,0x273a,0x273f,0x4630,0x4635,0x463a,0x463f,
	0x5630,0x5635,0x563a,0x563f,0x7530,0x7535,0x753a,0x753f,
	0x8430,0x8435,0x843a,0x843f,0x9330,0x9335,0x933a,0x933f,
	0xb330,0xb335,0xb33a,0xb33f,0xc230,0xc235,0xc23a,0xc23f,
	0xe130,0xe135,0xe13a,0xe13f,0xf130,0xf135,0xf13a,0xf13f,
	0xab50,0xab55,0xab5a,0xab5f,0xba50,0xba55,0xba5a,0xba5f,
	0xda50,0xda55,0xda5a,0xda5f,0xe950,0xe955,0xe95a,0xe95f,
	0x0850,0x0855,0x085a,0x085f,0x1750,0x1755,0x175a,0x175f,
	0x2750,0x2755,0x275a,0x275f,0x4650,0x4655,0x465a,0x465f,
	0x5550,0x5555,0x555a,0x555f,0x7550,0x7555,0x755a,0x755f,
	0x8450,0x8455,0x845a,0x845f,0x9350,0x9355,0x935a,0x935f,
	0xb250,0xb255,0xb25a,0xb25f,0xc250,0xc255,0xc25a,0xc25f,
	0xe150,0xe155,0xe15a,0xe15f,0xf050,0xf055,0xf05a,0xf05f,
	0xab70,0xab75,0xab7a,0xab7f,0xba70,0xba75,0xba7a,0xba7f,
	0xd970,0xd975,0xd97a,0xd97f,0xe870,0xe875,0xe87a,0xe87f,
	0x0870,0x0875,0x087a,0x087f,0x1770,0x1775,0x177a,0x177f,
	0x2670,0x2675,0x267a,0x267f,0x4670,0x4675,0x467a,0x467f,
	0x5570,0x5575,0x557a,0x557f,0x7470,0x7475,0x747a,0x747f,
	0x8370,0x8375,0x837a,0x837f,0x9370,0x9375,0x937a,0x937f,
	0xb270,0xb275,0xb27a,0xb27f,0xc170,0xc175,0xc17a,0xc17f,
	0xe170,0xe175,0xe17a,0xe17f,0xf070,0xf075,0xf07a,0xf07f,
	0xaa90,0xaa95,0xaa9a,0xaa9f,0xba90,0xba95,0xba9a,0xba9f,
	0xd990,0xd995,0xd99a,0xd99f,0xe890,0xe895,0xe89a,0xe89f,
	0x0790,0x0795,0x079a,0x079f,0x1790,0x1795,0x179a,0x179f,
	0x2690,0x2695,0x269a,0x269f,0x4590,0x4595,0x459a,0x459f,
	0x5590,0x5595,0x559a,0x559f,0x7490,0x7495,0x749a,0x749f,
	0x8390,0x8395,0x839a,0x839f,0x9290,0x9295,0x929a,0x929f,
	0xb290,0xb295,0xb29a,0xb29f,0xc190,0xc195,0xc19a,0xc19f,
	0xe090,0xe095,0xe09a,0xe09f,0xf090,0xf095,0xf09a,0xf09f,
	0xaab0,0xaab5,0xaaba,0xaabf,0xb9b0,0xb9b5,0xb9ba,0xb9bf,
	0xd9b0,0xd9b5,0xd9ba,0xd9bf,0xe8b0,0xe8b5,0xe8ba,0xe8bf,
	0x07b0,0x07b5,0x07ba,0x07bf,0x16b0,0x16b5,0x16ba,0x16bf,
	0x26b0,0x26b5,0x26ba,0x26bf,0x45b0,0x45b5,0x45ba,0x45bf,
	0x54b0,0x54b5,0x54ba,0x54bf,0x74b0,0x74b5,0x74ba,0x74bf,
	0x83b0,0x83b5,0x83ba,0x83bf,0x92b0,0x92b5,0x92ba,0x92bf,
	0xb1b0,0xb1b5,0xb1ba,0xb1bf,0xc1b0,0xc1b5,0xc1ba,0xc1bf,
	0xe0b0,0xe0b5,0xe0ba,0xe0bf,0xffb0,0xffb5,0xffba,0xffbf,
	0xaac0,0xaac5,0xaaca,0xaacf,0xb9c0,0xb9c5,0xb9ca,0xb9cf,
	0xd8c0,0xd8c5,0xd8ca,0xd8cf,0xe7c0,0xe7c5,0xe7ca,0xe7cf,
	0x07c0,0x07c5,0x07ca,0x07cf,0x16c0,0x16c5,0x16ca,0x16cf,
	0x25c0,0x25c5,0x25ca,0x25cf,0x45c0,0x45c5,0x45ca,0x45cf,
	0x54c0,0x54c5,0x54ca,0x54cf,0x73c0,0x73c5,0x73ca,0x73cf,
	0x82c0,0x82c5,0x82ca,0x82cf,0x92c0,0x92c5,0x92ca,0x92cf,
	0xb1c0,0xb1c5,0xb1ca,0xb1cf,0xc0c0,0xc0c5,0xc0ca,0xc0cf,
	0xe0c0,0xe0c5,0xe0ca,0xe0cf,0xffc0,0xffc5,0xffca,0xffcf,
	0xa9e0,0xa9e5,0xa9ea,0xa9ef,0xb9e0,0xb9e5,0xb9ea,0xb9ef,
	0xd8e0,0xd8e5,0xd8ea,0xd8ef,0xe7e0,0xe7e5,0xe7ea,0xe7ef,
	0x06e0,0x06e5,0x06ea,0x06ef,0x16e0,0x16e5,0x16ea,0x16ef,
	0x25e0,0x25e5,0x25ea,0x25ef,0x44e0,0x44e5,0x44ea,0x44ef,
	0x54e0,0x54e5,0x54ea,0x54ef,0x73e0,0x73e5,0x73ea,0x73ef,
	0x82e0,0x82e5,0x82ea,0x82ef,0x91e0,0x91e5,0x91ea,0x91ef,
	0xb1e0,0xb1e5,0xb1ea,0xb1ef,0xc0e0,0xc0e5,0xc0ea,0xc0ef,
	0xefe0,0xefe5,0xefea,0xefef,0xffe0,0xffe5,0xffea,0xffef,
	0xa900,0xa905,0xa90a,0xa90f,0xb800,0xb805,0xb80a,0xb80f,
	0xd700,0xd705,0xd70a,0xd70f,0xe700,0xe705,0xe70a,0xe70f,
	0x0600,0x0605,0x060a,0x060f,0x1500,0x1505,0x150a,0x150f,
	0x2500,0x2505,0x250a,0x250f,0x4400,0x4405,0x440a,0x440f,
	0x5300,0x5305,0x530a,0x530f,0x7200,0x7205,0x720a,0x720f,
	0x8200,0x8205,0x820a,0x820f,0x9100,0x9105,0x910a,0x910f,
	0xb000,0xb005,0xb00a,0xb00f,0xc000,0xc005,0xc00a,0xc00f,
	0xef00,0xef05,0xef0a,0xef0f,0xfe00,0xfe05,0xfe0a,0xfe0f,
	0xa920,0xa925,0xa92a,0xa92f,0xb820,0xb825,0xb82a,0xb82f,
	0xd720,0xd725,0xd72a,0xd72f,0xe620,0xe625,0xe62a,0xe62f,
	0x0620,0x0625,0x062a,0x062f,0x1520,0x1525,0x152a,0x152f,
	0x2420,0x2425,0x242a,0x242f,0x4420,0x4425,0x442a,0x442f,
	0x5320,0x5325,0x532a,0x532f,0x7220,0x7225,0x722a,0x722f,
	0x8120,0x8125,0x812a,0x812f,0x9120,0x9125,0x912a,0x912f,
	0xb020,0xb025,0xb02a,0xb02f,0xcf20,0xcf25,0xcf2a,0xcf2f,
	0xef20,0xef25,0xef2a,0xef2f,0xfe20,0xfe25,0xfe2a,0xfe2f,
	0xbf80,0xbf85,0xbf8a,0xbf8f,0xce80,0xce85,0xce8a,0xce8f,
	0xed80,0xed85,0xed8a,0xed8f,0xfd80,0xfd85,0xfd8a,0xfd8f,
	0x1c80,0x1c85,0x1c8a,0x1c8f,0x2b80,0x2b85,0x2b8a,0x2b8f,
	0x3a80,0x3a85,0x3a8a,0x3a8f,0x5a80,0x5a85,0x5a8a,0x5a8f,
	0x6980,0x6985,0x698a,0x698f,0x8880,0x8885,0x888a,0x888f,
	0x9880,0x9885,0x988a,0x988f,0xa780,0xa785,0xa78a,0xa78f,
	0xc680,0xc685,0xc68a,0xc68f,0xd580,0xd585,0xd58a,0xd58f,
	0xf580,0xf585,0xf58a,0xf58f,0x0480,0x0485,0x048a,0x048f,
	0xbea0,0xbea5,0xbeaa,0xbeaf,0xcea0,0xcea5,0xceaa,0xceaf,
	0xeda0,0xeda5,0xedaa,0xedaf,0xfca0,0xfca5,0xfcaa,0xfcaf,
	0x1ca0,0x1ca5,0x1caa,0x1caf,0x2ba0,0x2ba5,0x2baa,0x2baf,
	0x3aa0,0x3aa5,0x3aaa,0x3aaf,0x59a0,0x59a5,0x59aa,0x59af,
	0x69a0,0x69a5,0x69aa,0x69af,0x88a0,0x88a5,0x88aa,0x88af,
	0x97a0,0x97a5,0x97aa,0x97af,0xa7a0,0xa7a5,0xa7aa,0xa7af,
	0xc6a0,0xc6a5,0xc6aa,0xc6af,0xd5a0,0xd5a5,0xd5aa,0xd5af,
	0xf4a0,0xf4a5,0xf4aa,0xf4af,0x04a0,0x04a5,0x04aa,0x04af,
	0xbec0,0xbec5,0xbeca,0xbecf,0xcdc0,0xcdc5,0xcdca,0xcdcf,
	0xedc0,0xedc5,0xedca,0xedcf,0xfcc0,0xfcc5,0xfcca,0xfccf,
	0x1bc0,0x1bc5,0x1bca,0x1bcf,0x2ac0,0x2ac5,0x2aca,0x2acf,
	0x3ac0,0x3ac5,0x3aca,0x3acf,0x59c0,0x59c5,0x59ca,0x59cf,
	0x68c0,0x68c5,0x68ca,0x68cf,0x88c0,0x88c5,0x88ca,0x88cf,
	0x97c0,0x97c5,0x97ca,0x97cf,0xa6c0,0xa6c5,0xa6ca,0xa6cf,
	0xc5c0,0xc5c5,0xc5ca,0xc5cf,0xd5c0,0xd5c5,0xd5ca,0xd5cf,
	0xf4c0,0xf4c5,0xf4ca,0xf4cf,0x03c0,0x03c5,0x03ca,0x03cf,
	0xbed0,0xbed5,0xbeda,0xbedf,0xcdd0,0xcdd5,0xcdda,0xcddf,
	0xecd0,0xecd5,0xecda,0xecdf,0xfcd0,0xfcd5,0xfcda,0xfcdf,
	0x1bd0,0x1bd5,0x1bda,0x1bdf,0x2ad0,0x2ad5,0x2ada,0x2adf,
	0x39d0,0x39d5,0x39da,0x39df,0x59d0,0x59d5,0x59da,0x59df,
	0x68d0,0x68d5,0x68da,0x68df,0x87d0,0x87d5,0x87da,0x87df,
	0x97d0,0x97d5,0x97da,0x97df,0xa6d0,0xa6d5,0xa6da,0xa6df,
	0xc5d0,0xc5d5,0xc5da,0xc5df,0xd4d0,0xd4d5,0xd4da,0xd4df,
	0xf4d0,0xf4d5,0xf4da,0xf4df,0x03d0,0x03d5,0x03da,0x03df,
	0xbdf0,0xbdf5,0xbdfa,0xbdff,0xcdf0,0xcdf5,0xcdfa,0xcdff,
	0xecf0,0xecf5,0xecfa,0xecff,0xfbf0,0xfbf5,0xfbfa,0xfbff,
	0x1af0,0x1af5,0x1afa,0x1aff,0x2af0,0x2af5,0x2afa,0x2aff,
	0x39f0,0x39f5,0x39fa,0x39ff,0x58f0,0x58f5,0x58fa,0x58ff,
	0x68f0,0x68f5,0x68fa,0x68ff,0x87f0,0x87f5,0x87fa,0x87ff,
	0x96f0,0x96f5,0x96fa,0x96ff,0xa5f0,0xa5f5,0xa5fa,0xa5ff,
	0xc5f0,0xc5f5,0xc5fa,0xc5ff,0xd4f0,0xd4f5,0xd4fa,0xd4ff,
	0xf3f0,0xf3f5,0xf3fa,0xf3ff,0x03f0,0x03f5,0x03fa,0x03ff,
	0xbd10,0xbd15,0xbd1a,0xbd1f,0xcc10,0xcc15,0xcc1a,0xcc1f,
	0xec10,0xec15,0xec1a,0xec1f,0xfb10,0xfb15,0xfb1a,0xfb1f,
	0x1a10,0x1a15,0x1a1a,0x1a1f,0x2910,0x2915,0x291a,0x291f,
	0x3910,0x3915,0x391a,0x391f,0x5810,0x5815,0x581a,0x581f,
	0x6710,0x6715,0x671a,0x671f,0x8710,0x8715,0x871a,0x871f,
	0x9610,0x9615,0x961a,0x961f,0xa510,0xa515,0xa51a,0xa51f,
	0xc410,0xc415,0xc41a,0xc41f,0xd410,0xd415,0xd41a,0xd41f,
	0xf310,0xf315,0xf31a,0xf31f,0x0210,0x0215,0x021a,0x021f,
	0xbd30,0xbd35,0xbd3a,0xbd3f,0xcc30,0xcc35,0xcc3a,0xcc3f,
	0xeb30,0xeb35,0xeb3a,0xeb3f,0xfb30,0xfb35,0xfb3a,0xfb3f,
	0x1a30,0x1a35,0x1a3a,0x1a3f,0x2930,0x2935,0x293a,0x293f,
	0x3830,0x3835,0x383a,0x383f,0x5830,0x5835,0x583a,0x583f,
	0x6730,0x6735,0x673a,0x673f,0x8630,0x8635,0x863a,0x863f,
	0x9630,0x9635,0x963a,0x963f,0xa530,0xa535,0xa53a,0xa53f,
	0xc430,0xc435,0xc43a,0xc43f,0xd330,0xd335,0xd33a,0xd33f,
	0xf330,0xf335,0xf33a,0xf33f,0x0230,0x0235,0x023a,0x023f,
	0xbc40,0xbc45,0xbc4a,0xbc4f,0xcc40,0xcc45,0xcc4a,0xcc4f,
	0xeb40,0xeb45,0xeb4a,0xeb4f,0xfa40,0xfa45,0xfa4a,0xfa4f,
	0x1940,0x1945,0x194a,0x194f,0x2940,0x2945,0x294a,0x294f,
	0x3840,0x3845,0x384a,0x384f,0x5740,0x5745,0x574a,0x574f,
	0x6740,0x6745,0x674a,0x674f,0x8640,0x8645,0x864a,0x864f,
	0x9540,0x9545,0x954a,0x954f,0xa440,0xa445,0xa44a,0xa44f,
	0xc440,0xc445,0xc44a,0xc44f,0xd340,0xd345,0xd34a,0xd34f,
	0xf240,0xf245,0xf24a,0xf24f,0x0240,0x0245,0x024a,0x024f,
	0xbc60,0xbc65,0xbc6a,0xbc6f,0xcb60,0xcb65,0xcb6a,0xcb6f,
	0xeb60,0xeb65,0xeb6a,0xeb6f,0xfa60,0xfa65,0xfa6a,0xfa6f,
	0x1960,0x1965,0x196a,0x196f,0x2860,0x2865,0x286a,0x286f,
	0x3860,0x3865,0x386a,0x386f,0x5760,0x5765,0x576a,0x576f,
	0x6660,0x6665,0x666a,0x666f,0x8660,0x8665,0x866a,0x866f,
	0x9560,0x9565,0x956a,0x956f,0xa460,0xa465,0xa46a,0xa46f,
	0xc360,0xc365,0xc36a,0xc36f,0xd360,0xd365,0xd36a,0xd36f,
	0xf260,0xf265,0xf26a,0xf26f,0x0160,0x0165,0x016a,0x016f,
	0xbc80,0xbc85,0xbc8a,0xbc8f,0xcb80,0xcb85,0xcb8a,0xcb8f,
	0xea80,0xea85,0xea8a,0xea8f,0xf980,0xf985,0xf98a,0xf98f,
	0x1980,0x1985,0x198a,0x198f,0x2880,0x2885,0x288a,0x288f,
	0x3780,0x3785,0x378a,0x378f,0x5780,0x5785,0x578a,0x578f,
	0x6680,0x6685,0x668a,0x668f,0x8580,0x8585,0x858a,0x858f,
	0x9480,0x9485,0x948a,0x948f,0xa480,0xa485,0xa48a,0xa48f,
	0xc380,0xc385,0xc38a,0xc38f,0xd280,0xd285,0xd28a,0xd28f,
	0xf280,0xf285,0xf28a,0xf28f,0x0180,0x0185,0x018a,0x018f,
	0xbba0,0xbba5,0xbbaa,0xbbaf,0xcba0,0xcba5,0xcbaa,0xcbaf,
	0xeaa0,0xeaa5,0xeaaa,0xeaaf,0xf9a0,0xf9a5,0xf9aa,0xf9af,
	0x18a0,0x18a5,0x18aa,0x18af,0x28a0,0x28a5,0x28aa,0x28af,
	0x37a0,0x37a5,0x37aa,0x37af,0x56a0,0x56a5,0x56aa,0x56af,
	0x66a0,0x66a5,0x66aa,0x66af,0x85a0,0x85a5,0x85aa,0x85af,
	0x94a0,0x94a5,0x94aa,0x94af,0xa3a0,0xa3a5,0xa3aa,0xa3af,
	0xc3a0,0xc3a5,0xc3aa,0xc3af,0xd2a0,0xd2a5,0xd2aa,0xd2af,
	0xf1a0,0xf1a5,0xf1aa,0xf1af,0x01a0,0x01a5,0x01aa,0x01af,
	0xbbc0,0xbbc5,0xbbca,0xbbcf,0xcac0,0xcac5,0xcaca,0xcacf,
	0xeac0,0xeac5,0xeaca,0xeacf,0xf9c0,0xf9c5,0xf9ca,0xf9cf,
	0x18c0,0x18c5,0x18ca,0x18cf,0x27c0,0x27c5,0x27ca,0x27cf,
	0x37c0,0x37c5,0x37ca,0x37cf,0x56c0,0x56c5,0x56ca,0x56cf,
	0x65c0,0x65c5,0x65ca,0x65cf,0x85c0,0x85c5,0x85ca,0x85cf,
	0x94c0,0x94c5,0x94ca,0x94cf,0xa3c0,0xa3c5,0xa3ca,0xa3cf,
	0xc2c0,0xc2c5,0xc2ca,0xc2cf,0xd2c0,0xd2c5,0xd2ca,0xd2cf,
	0xf1c0,0xf1c5,0xf1ca,0xf1cf,0x00c0,0x00c5,0x00ca,0x00cf,
	0xbbd0,0xbbd5,0xbbda,0xbbdf,0xcad0,0xcad5,0xcada,0xcadf,
	0xe9d0,0xe9d5,0xe9da,0xe9df,0xf8d0,0xf8d5,0xf8da,0xf8df,
	0x18d0,0x18d5,0x18da,0x18df,0x27d0,0x27d5,0x27da,0x27df,
	0x36d0,0x36d5,0x36da,0x36df,0x56d0,0x56d5,0x56da,0x56df,
	0x65d0,0x65d5,0x65da,0x65df,0x84d0,0x84d5,0x84da,0x84df,
	0x93d0,0x93d5,0x93da,0x93df,0xa3d0,0xa3d5,0xa3da,0xa3df,
	0xc2d0,0xc2d5,0xc2da,0xc2df,0xd1d0,0xd1d5,0xd1da,0xd1df,
	0xf1d0,0xf1d5,0xf1da,0xf1df,0x00d0,0x00d5,0x00da,0x00df,
	0xbaf0,0xbaf5,0xbafa,0xbaff,0xcaf0,0xcaf5,0xcafa,0xcaff,
	0xe9f0,0xe9f5,0xe9fa,0xe9ff,0xf8f0,0xf8f5,0xf8fa,0xf8ff,
	0x17f0,0x17f5,0x17fa,0x17ff,0x27f0,0x27f5,0x27fa,0x27ff,
	0x36f0,0x36f5,0x36fa,0x36ff,0x55f0,0x55f5,0x55fa,0x55ff,
	0x65f0,0x65f5,0x65fa,0x65ff,0x84f0,0x84f5,0x84fa,0x84ff,
	0x93f0,0x93f5,0x93fa,0x93ff,0xa2f0,0xa2f5,0xa2fa,0xa2ff,
	0xc2f0,0xc2f5,0xc2fa,0xc2ff,0xd1f0,0xd1f5,0xd1fa,0xd1ff,
	0xf0f0,0xf0f5,0xf0fa,0xf0ff,0x00f0,0x00f5,0x00fa,0x00ff,
	0xba10,0xba15,0xba1a,0xba1f,0xc910,0xc915,0xc91a,0xc91f,
	0xe810,0xe815,0xe81a,0xe81f,0xf810,0xf815,0xf81a,0xf81f,
	0x1710,0x1715,0x171a,0x171f,0x2610,0x2615,0x261a,0x261f,
	0x3610,0x3615,0x361a,0x361f,0x5510,0x5515,0x551a,0x551f,
	0x6410,0x6415,0x641a,0x641f,0x8310,0x8315,0x831a,0x831f,
	0x9310,0x9315,0x931a,0x931f,0xa210,0xa215,0xa21a,0xa21f,
	0xc110,0xc115,0xc11a,0xc11f,0xd110,0xd115,0xd11a,0xd11f,
	0xf010,0xf015,0xf01a,0xf01f,0x0f10,0x0f15,0x0f1a,0x0f1f,
	0xba30,0xba35,0xba3a,0xba3f,0xc930,0xc935,0xc93a,0xc93f,
	0xe830,0xe835,0xe83a,0xe83f,0xf730,0xf735,0xf73a,0xf73f,
	0x1730,0x1735,0x173a,0x173f,0x2630,0x2635,0x263a,0x263f,
	0x3530,0x3535,0x353a,0x353f,0x5530,0x5535,0x553a,0x553f,
	0x6430,0x6435,0x643a,0x643f,0x8330,0x8335,0x833a,0x833f,
	0x9230,0x9235,0x923a,0x923f,0xa230,0xa235,0xa23a,0xa23f,
	0xc130,0xc135,0xc13a,0xc13f,0xd030,0xd035,0xd03a,0xd03f,
	0xf030,0xf035,0xf03a,0xf03f,0x0f30,0x0f35,0x0f3a,0x0f3f,
	0xc090,0xc095,0xc09a,0xc09f,0xdf90,0xdf95,0xdf9a,0xdf9f,
	0xfe90,0xfe95,0xfe9a,0xfe9f,0x0e90,0x0e95,0x0e9a,0x0e9f,
	0x2d90,0x2d95,0x2d9a,0x2d9f,0x3c90,0x3c95,0x3c9a,0x3c9f,
	0x4b90,0x4b95,0x4b9a,0x4b9f,0x6b90,0x6b95,0x6b9a,0x6b9f,
	0x7a90,0x7a95,0x7a9a,0x7a9f,0x9990,0x9995,0x999a,0x999f,
	0xa990,0xa995,0xa99a,0xa99f,0xb890,0xb895,0xb89a,0xb89f,
	0xd790,0xd795,0xd79a,0xd79f,0xe690,0xe695,0xe69a,0xe69f,
	0x0690,0x0695,0x069a,0x069f,0x1590,0x1595,0x159a,0x159f,
	0xcfb0,0xcfb5,0xcfba,0xcfbf,0xdfb0,0xdfb5,0xdfba,0xdfbf,
	0xfeb0,0xfeb5,0xfeba,0xfebf,0x0db0,0x0db5,0x0dba,0x0dbf,
	0x2db0,0x2db5,0x2dba,0x2dbf,0x3cb0,0x3cb5,0x3cba,0x3cbf,
	0x4bb0,0x4bb5,0x4bba,0x4bbf,0x6ab0,0x6ab5,0x6aba,0x6abf,
	0x7ab0,0x7ab5,0x7aba,0x7abf,0x99b0,0x99b5,0x99ba,0x99bf,
	0xa8b0,0xa8b5,0xa8ba,0xa8bf,0xb8b0,0xb8b5,0xb8ba,0xb8bf,
	0xd7b0,0xd7b5,0xd7ba,0xd7bf,0xe6b0,0xe6b5,0xe6ba,0xe6bf,
	0x05b0,0x05b5,0x05ba,0x05bf,0x15b0,0x15b5,0x15ba,0x15bf,
	0xcfd0,0xcfd5,0xcfda,0xcfdf,0xded0,0xded5,0xdeda,0xdedf,
	0xfed0,0xfed5,0xfeda,0xfedf,0x0dd0,0x0dd5,0x0dda,0x0ddf,
	0x2cd0,0x2cd5,0x2cda,0x2cdf,0x3bd0,0x3bd5,0x3bda,0x3bdf,
	0x4bd0,0x4bd5,0x4bda,0x4bdf,0x6ad0,0x6ad5,0x6ada,0x6adf,
	0x79d0,0x79d5,0x79da,0x79df,0x99d0,0x99d5,0x99da,0x99df,
	0xa8d0,0xa8d5,0xa8da,0xa8df,0xb7d0,0xb7d5,0xb7da,0xb7df,
	0xd6d0,0xd6d5,0xd6da,0xd6df,0xe6d0,0xe6d5,0xe6da,0xe6df,
	0x05d0,0x05d5,0x05da,0x05df,0x14d0,0x14d5,0x14da,0x14df,
	0xcfe0,0xcfe5,0xcfea,0xcfef,0xdee0,0xdee5,0xdeea,0xdeef,
	0xfde0,0xfde5,0xfdea,0xfdef,0x0de0,0x0de5,0x0dea,0x0def,
	0x2ce0,0x2ce5,0x2cea,0x2cef,0x3be0,0x3be5,0x3bea,0x3bef,
	0x4ae0,0x4ae5,0x4aea,0x4aef,0x6ae0,0x6ae5,0x6aea,0x6aef,
	0x79e0,0x79e5,0x79ea,0x79ef,0x98e0,0x98e5,0x98ea,0x98ef,
	0xa8e0,0xa8e5,0xa8ea,0xa8ef,0xb7e0,0xb7e5,0xb7ea,0xb7ef,
	0xd6e0,0xd6e5,0xd6ea,0xd6ef,0xe5e0,0xe5e5,0xe5ea,0xe5ef,
	0x05e0,0x05e5,0x05ea,0x05ef,0x14e0,0x14e5,0x14ea,0x14ef,
	0xce00,0xce05,0xce0a,0xce0f,0xde00,0xde05,0xde0a,0xde0f,
	0xfd00,0xfd05,0xfd0a,0xfd0f,0x0c00,0x0c05,0x0c0a,0x0c0f,
	0x2b00,0x2b05,0x2b0a,0x2b0f,0x3b00,0x3b05,0x3b0a,0x3b0f,
	0x4a00,0x4a05,0x4a0a,0x4a0f,0x6900,0x6905,0x690a,0x690f,
	0x7900,0x7905,0x790a,0x790f,0x9800,0x9805,0x980a,0x980f,
	0xa700,0xa705,0xa70a,0xa70f,0xb600,0xb605,0xb60a,0xb60f,
	0xd600,0xd605,0xd60a,0xd60f,0xe500,0xe505,0xe50a,0xe50f,
	0x0400,0x0405,0x040a,0x040f,0x1400,0x1405,0x140a,0x140f,
	0xce20,0xce25,0xce2a,0xce2f,0xdd20,0xdd25,0xdd2a,0xdd2f,
	0xfd20,0xfd25,0xfd2a,0xfd2f,0x0c20,0x0c25,0x0c2a,0x0c2f,
	0x2b20,0x2b25,0x2b2a,0x2b2f,0x3a20,0x3a25,0x3a2a,0x3a2f,
	0x4a20,0x4a25,0x4a2a,0x4a2f,0x6920,0x6925,0x692a,0x692f,
	0x7820,0x7825,0x782a,0x782f,0x9820,0x9825,0x982a,0x982f,
	0xa720,0xa725,0xa72a,0xa72f,0xb620,0xb625,0xb62a,0xb62f,
	0xd520,0xd525,0xd52a,0xd52f,0xe520,0xe525,0xe52a,0xe52f,
	0x0420,0x0425,0x042a,0x042f,0x1320,0x1325,0x132a,0x132f,
	0xce40,0xce45,0xce4a,0xce4f,0xdd40,0xdd45,0xdd4a,0xdd4f,
	0xfc40,0xfc45,0xfc4a,0xfc4f,0x0c40,0x0c45,0x0c4a,0x0c4f,
	0x2b40,0x2b45,0x2b4a,0x2b4f,0x3a40,0x3a45,0x3a4a,0x3a4f,
	0x4940,0x4945,0x494a,0x494f,0x6940,0x6945,0x694a,0x694f,
	0x7840,0x7845,0x784a,0x784f,0x9740,0x9745,0x974a,0x974f,
	0xa740,0xa745,0xa74a,0xa74f,0xb640,0xb645,0xb64a,0xb64f,
	0xd540,0xd545,0xd54a,0xd54f,0xe440,0xe445,0xe44a,0xe44f,
	0x0440,0x0445,0x044a,0x044f,0x1340,0x1345,0x134a,0x134f,
	0xcd50,0xcd55,0xcd5a,0xcd5f,0xdd50,0xdd55,0xdd5a,0xdd5f,
	0xfc50,0xfc55,0xfc5a,0xfc5f,0x0b50,0x0b55,0x0b5a,0x0b5f,
	0x2a50,0x2a55,0x2a5a,0x2a5f,0x3a50,0x3a55,0x3a5a,0x3a5f,
	0x4950,0x4955,0x495a,0x495f,0x6850,0x6855,0x685a,0x685f,
	0x7850,0x7855,0x785a,0x785f,0x9750,0x9755,0x975a,0x975f,
	0xa650,0xa655,0xa65a,0xa65f,0xb550,0xb555,0xb55a,0xb55f,
	0xd550,0xd555,0xd55a,0xd55f,0xe450,0xe455,0xe45a,0xe45f,
	0x0350,0x0355,0x035a,0x035f,0x1350,0x1355,0x135a,0x135f,
	0xcd70,0xcd75,0xcd7a,0xcd7f,0xdc70,0xdc75,0xdc7a,0xdc7f,
	0xfc70,0xfc75,0xfc7a,0xfc7f,0x0b70,0x0b75,0x0b7a,0x0b7f,
	0x2a70,0x2a75,0x2a7a,0x2a7f,0x3970,0x3975,0x397a,0x397f,
	0x4970,0x4975,0x497a,0x497f,0x6870,0x6875,0x687a,0x687f,
	0x7770,0x7775,0x777a,0x777f,0x9770,0x9775,0x977a,0x977f,
	0xa670,0xa675,0xa67a,0xa67f,0xb570,0xb575,0xb57a,0xb57f,
	0xd470,0xd475,0xd47a,0xd47f,0xe470,0xe475,0xe47a,0xe47f,
	0x0370,0x0375,0x037a,0x037f,0x1270,0x1275,0x127a,0x127f,
	0xcd90,0xcd95,0xcd9a,0xcd9f,0xdc90,0xdc95,0xdc9a,0xdc9f,
	0xfb90,0xfb95,0xfb9a,0xfb9f,0x0a90,0x0a95,0x0a9a,0x0a9f,
	0x2a90,0x2a95,0x2a9a,0x2a9f,0x3990,0x3995,0x399a,0x399f,
	0x4890,0x4895,0x489a,0x489f,0x6890,0x6895,0x689a,0x689f,
	0x7790,0x7795,0x779a,0x779f,0x9690,0x9695,0x969a,0x969f,
	0xa590,0xa595,0xa59a,0xa59f,0xb590,0xb595,0xb59a,0xb59f,
	0xd490,0xd495,0xd49a,0xd49f,0xe390,0xe395,0xe39a,0xe39f,
	0x0390,0x0395,0x039a,0x039f,0x1290,0x1295,0x129a,0x129f,
	0xccb0,0xccb5,0xccba,0xccbf,0xdcb0,0xdcb5,0xdcba,0xdcbf,
	0xfbb0,0xfbb5,0xfbba,0xfbbf,0x0ab0,0x0ab5,0x0aba,0x0abf,
	0x29b0,0x29b5,0x29ba,0x29bf,0x39b0,0x39b5,0x39ba,0x39bf,
	0x48b0,0x48b5,0x48ba,0x48bf,0x67b0,0x67b5,0x67ba,0x67bf,
	0x77b0,0x77b5,0x77ba,0x77bf,0x96b0,0x96b5,0x96ba,0x96bf,
	0xa5b0,0xa5b5,0xa5ba,0xa5bf,0xb4b0,0xb4b5,0xb4ba,0xb4bf,
	0xd4b0,0xd4b5,0xd4ba,0xd4bf,0xe3b0,0xe3b5,0xe3ba,0xe3bf,
	0x02b0,0x02b5,0x02ba,0x02bf,0x12b0,0x12b5,0x12ba,0x12bf,
	0xccd0,0xccd5,0xccda,0xccdf,0xdbd0,0xdbd5,0xdbda,0xdbdf,
	0xfbd0,0xfbd5,0xfbda,0xfbdf,0x0ad0,0x0ad5,0x0ada,0x0adf,
	0x29d0,0x29d5,0x29da,0x29df,0x38d0,0x38d5,0x38da,0x38df,
	0x48d0,0x48d5,0x48da,0x48df,0x67d0,0x67d5,0x67da,0x67df,
	0x76d0,0x76d5,0x76da,0x76df,0x96d0,0x96d5,0x96da,0x96df,
	0xa5d0,0xa5d5,0xa5da,0xa5df,0xb4d0,0xb4d5,0xb4da,0xb4df,
	0xd3d0,0xd3d5,0xd3da,0xd3df,0xe3d0,0xe3d5,0xe3da,0xe3df,
	0x02d0,0x02d5,0x02da,0x02df,0x11d0,0x11d5,0x11da,0x11df,
	0xcce0,0xcce5,0xccea,0xccef,0xdbe0,0xdbe5,0xdbea,0xdbef,
	0xfae0,0xfae5,0xfaea,0xfaef,0x09e0,0x09e5,0x09ea,0x09ef,
	0x29e0,0x29e5,0x29ea,0x29ef,0x38e0,0x38e5,0x38ea,0x38ef,
	0x47e0,0x47e5,0x47ea,0x47ef,0x67e0,0x67e5,0x67ea,0x67ef,
	0x76e0,0x76e5,0x76ea,0x76ef,0x95e0,0x95e5,0x95ea,0x95ef,
	0xa4e0,0xa4e5,0xa4ea,0xa4ef,0xb4e0,0xb4e5,0xb4ea,0xb4ef,
	0xd3e0,0xd3e5,0xd3ea,0xd3ef,0xe2e0,0xe2e5,0xe2ea,0xe2ef,
	0x02e0,0x02e5,0x02ea,0x02ef,0x11e0,0x11e5,0x11ea,0x11ef,
	0xcb00,0xcb05,0xcb0a,0xcb0f,0xdb00,0xdb05,0xdb0a,0xdb0f,
	0xfa00,0xfa05,0xfa0a,0xfa0f,0x0900,0x0905,0x090a,0x090f,
	0x2800,0x2805,0x280a,0x280f,0x3800,0x3805,0x380a,0x380f,
	0x4700,0x4705,0x470a,0x470f,0x6600,0x6605,0x660a,0x660f,
	0x7600,0x7605,0x760a,0x760f,0x9500,0x9505,0x950a,0x950f,
	0xa400,0xa405,0xa40a,0xa40f,0xb300,0xb305,0xb30a,0xb30f,
	0xd300,0xd305,0xd30a,0xd30f,0xe200,0xe205,0xe20a,0xe20f,
	0x0100,0x0105,0x010a,0x010f,0x1100,0x1105,0x110a,0x110f,
	0xcb20,0xcb25,0xcb2a,0xcb2f,0xda20,0xda25,0xda2a,0xda2f,
	0xf920,0xf925,0xf92a,0xf92f,0x0920,0x0925,0x092a,0x092f,
	0x2820,0x2825,0x282a,0x282f,0x3720,0x3725,0x372a,0x372f,
	0x4720,0x4725,0x472a,0x472f,0x6620,0x6625,0x662a,0x662f,
	0x7520,0x7525,0x752a,0x752f,0x9420,0x9425,0x942a,0x942f,
	0xa420,0xa425,0xa42a,0xa42f,0xb320,0xb325,0xb32a,0xb32f,
	0xd220,0xd225,0xd22a,0xd22f,0xe220,0xe225,0xe22a,0xe22f,
	0x0120,0x0125,0x012a,0x012f,0x1020,0x1025,0x102a,0x102f,
	0xcb40,0xcb45,0xcb4a,0xcb4f,0xda40,0xda45,0xda4a,0xda4f,
	0xf940,0xf945,0xf94a,0xf94f,0x0840,0x0845,0x084a,0x084f,
	0x2840,0x2845,0x284a,0x284f,0x3740,0x3745,0x374a,0x374f,
	0x4640,0x4645,0x464a,0x464f,0x6640,0x6645,0x664a,0x664f,
	0x7540,0x7545,0x754a,0x754f,0x9440,0x9445,0x944a,0x944f,
	0xa340,0xa345,0xa34a,0xa34f,0xb340,0xb345,0xb34a,0xb34f,
	0xd240,0xd245,0xd24a,0xd24f,0xe140,0xe145,0xe14a,0xe14f,
	0x0140,0x0145,0x014a,0x014f,0x1040,0x1045,0x104a,0x104f,
	0xd1a0,0xd1a5,0xd1aa,0xd1af,0xe0a0,0xe0a5,0xe0aa,0xe0af,
	0x0fa0,0x0fa5,0x0faa,0x0faf,0x1fa0,0x1fa5,0x1faa,0x1faf,
	0x3ea0,0x3ea5,0x3eaa,0x3eaf,0x4da0,0x4da5,0x4daa,0x4daf,
	0x5ca0,0x5ca5,0x5caa,0x5caf,0x7ca0,0x7ca5,0x7caa,0x7caf,
	0x8ba0,0x8ba5,0x8baa,0x8baf,0xaaa0,0xaaa5,0xaaaa,0xaaaf,
	0xbaa0,0xbaa5,0xbaaa,0xbaaf,0xc9a0,0xc9a5,0xc9aa,0xc9af,
	0xe8a0,0xe8a5,0xe8aa,0xe8af,0xf7a0,0xf7a5,0xf7aa,0xf7af,
	0x17a0,0x17a5,0x17aa,0x17af,0x26a0,0x26a5,0x26aa,0x26af,
	0xd0c0,0xd0c5,0xd0ca,0xd0cf,0xe0c0,0xe0c5,0xe0ca,0xe0cf,
	0x0fc0,0x0fc5,0x0fca,0x0fcf,0x1ec0,0x1ec5,0x1eca,0x1ecf,
	0x3ec0,0x3ec5,0x3eca,0x3ecf,0x4dc0,0x4dc5,0x4dca,0x4dcf,
	0x5cc0,0x5cc5,0x5cca,0x5ccf,0x7bc0,0x7bc5,0x7bca,0x7bcf,
	0x8bc0,0x8bc5,0x8bca,0x8bcf,0xaac0,0xaac5,0xaaca,0xaacf,
	0xb9c0,0xb9c5,0xb9ca,0xb9cf,0xc9c0,0xc9c5,0xc9ca,0xc9cf,
	0xe8c0,0xe8c5,0xe8ca,0xe8cf,0xf7c0,0xf7c5,0xf7ca,0xf7cf,
	0x16c0,0x16c5,0x16ca,0x16cf,0x26c0,0x26c5,0x26ca,0x26cf,
	0xd0e0,0xd0e5,0xd0ea,0xd0ef,0xefe0,0xefe5,0xefea,0xefef,
	0x0fe0,0x0fe5,0x0fea,0x0fef,0x1ee0,0x1ee5,0x1eea,0x1eef,
	0x3de0,0x3de5,0x3dea,0x3def,0x4ce0,0x4ce5,0x4cea,0x4cef,
	0x5ce0,0x5ce5,0x5cea,0x5cef,0x7be0,0x7be5,0x7bea,0x7bef,
	0x8ae0,0x8ae5,0x8aea,0x8aef,0xaae0,0xaae5,0xaaea,0xaaef,
	0xb9e0,0xb9e5,0xb9ea,0xb9ef,0xc8e0,0xc8e5,0xc8ea,0xc8ef,
	0xe7e0,0xe7e5,0xe7ea,0xe7ef,0xf7e0,0xf7e5,0xf7ea,0xf7ef,
	0x16e0,0x16e5,0x16ea,0x16ef,0x25e0,0x25e5,0x25ea,0x25ef,
	0xd0f0,0xd0f5,0xd0fa,0xd0ff,0xeff0,0xeff5,0xeffa,0xefff,
	0x0ef0,0x0ef5,0x0efa,0x0eff,0x1ef0,0x1ef5,0x1efa,0x1eff,
	0x3df0,0x3df5,0x3dfa,0x3dff,0x4cf0,0x4cf5,0x4cfa,0x4cff,
	0x5bf0,0x5bf5,0x5bfa,0x5bff,0x7bf0,0x7bf5,0x7bfa,0x7bff,
	0x8af0,0x8af5,0x8afa,0x8aff,0xa9f0,0xa9f5,0xa9fa,0xa9ff,
	0xb9f0,0xb9f5,0xb9fa,0xb9ff,0xc8f0,0xc8f5,0xc8fa,0xc8ff,
	0xe7f0,0xe7f5,0xe7fa,0xe7ff,0xf6f0,0xf6f5,0xf6fa,0xf6ff,
	0x16f0,0x16f5,0x16fa,0x16ff,0x25f0,0x25f5,0x25fa,0x25ff,
	0xdf10,0xdf15,0xdf1a,0xdf1f,0xef10,0xef15,0xef1a,0xef1f,
	0x0e10,0x0e15,0x0e1a,0x0e1f,0x1d10,0x1d15,0x1d1a,0x1d1f,
	0x3c10,0x3c15,0x3c1a,0x3c1f,0x4c10,0x4c15,0x4c1a,0x4c1f,
	0x5b10,0x5b15,0x5b1a,0x5b1f,0x7a10,0x7a15,0x7a1a,0x7a1f,
	0x8a10,0x8a15,0x8a1a,0x8a1f,0xa910,0xa915,0xa91a,0xa91f,
	0xb810,0xb815,0xb81a,0xb81f,0xc710,0xc715,0xc71a,0xc71f,
	0xe710,0xe715,0xe71a,0xe71f,0xf610,0xf615,0xf61a,0xf61f,
	0x1510,0x1515,0x151a,0x151f,0x2510,0x2515,0x251a,0x251f,
	0xdf30,0xdf35,0xdf3a,0xdf3f,0xee30,0xee35,0xee3a,0xee3f,
	0x0e30,0x0e35,0x0e3a,0x0e3f,0x1d30,0x1d35,0x1d3a,0x1d3f,
	0x3c30,0x3c35,0x3c3a,0x3c3f,0x4b30,0x4b35,0x4b3a,0x4b3f,
	0x5b30,0x5b35,0x5b3a,0x5b3f,0x7a30,0x7a35,0x7a3a,0x7a3f,
	0x8930,0x8935,0x893a,0x893f,0xa930,0xa935,0xa93a,0xa93f,
	0xb830,0xb835,0xb83a,0xb83f,0xc730,0xc735,0xc73a,0xc73f,
	0xe630,0xe635,0xe63a,0xe63f,0xf630,0xf635,0xf63a,0xf63f,
	0x1530,0x1535,0x153a,0x153f,0x2430,0x2435,0x243a,0x243f,
	0xdf50,0xdf55,0xdf5a,0xdf5f,0xee50,0xee55,0xee5a,0xee5f,
	0x0d50,0x0d55,0x0d5a,0x0d5f,0x1d50,0x1d55,0x1d5a,0x1d5f,
	0x3c50,0x3c55,0x3c5a,0x3c5f,0x4b50,0x4b55,0x4b5a,0x4b5f,
	0x5a50,0x5a55,0x5a5a,0x5a5f,0x7a50,0x7a55,0x7a5a,0x7a5f,
	0x8950,0x8955,0x895a,0x895f,0xa850,0xa855,0xa85a,0xa85f,
	0xb850,0xb855,0xb85a,0xb85f,0xc750,0xc755,0xc75a,0xc75f,
	0xe650,0xe655,0xe65a,0xe65f,0xf550,0xf555,0xf55a,0xf55f,
	0x1550,0x1555,0x155a,0x155f,0x2450,0x2455,0x245a,0x245f,
	0xde60,0xde65,0xde6a,0xde6f,0xee60,0xee65,0xee6a,0xee6f,
	0x0d60,0x0d65,0x0d6a,0x0d6f,0x1c60,0x1c65,0x1c6a,0x1c6f,
	0x3b60,0x3b65,0x3b6a,0x3b6f,0x4b60,0x4b65,0x4b6a,0x4b6f,
	0x5a60,0x5a65,0x5a6a,0x5a6f,0x7960,0x7965,0x796a,0x796f,
	0x8960,0x8965,0x896a,0x896f,0xa860,0xa865,0xa86a,0xa86f,
	0xb760,0xb765,0xb76a,0xb76f,0xc660,0xc665,0xc66a,0xc66f,
	0xe660,0xe665,0xe66a,0xe66f,0xf560,0xf565,0xf56a,0xf56f,
	0x1460,0x1465,0x146a,0x146f,0x2460,0x2465,0x246a,0x246f,
	0xde80,0xde85,0xde8a,0xde8f,0xed80,0xed85,0xed8a,0xed8f,
	0x0d80,0x0d85,0x0d8a,0x0d8f,0x1c80,0x1c85,0x1c8a,0x1c8f,
	0x3b80,0x3b85,0x3b8a,0x3b8f,0x4a80,0x4a85,0x4a8a,0x4a8f,
	0x5a80,0x5a85,0x5a8a,0x5a8f,0x7980,0x7985,0x798a,0x798f,
	0x8880,0x8885,0x888a,0x888f,0xa880,0xa885,0xa88a,0xa88f,
	0xb780,0xb785,0xb78a,0xb78f,0xc680,0xc685,0xc68a,0xc68f,
	0xe580,0xe585,0xe58a,0xe58f,0xf580,0xf585,0xf58a,0xf58f,
	0x1480,0x1485,0x148a,0x148f,0x2380,0x2385,0x238a,0x238f,
	0xdea0,0xdea5,0xdeaa,0xdeaf,0xeda0,0xeda5,0xedaa,0xedaf,
	0x0ca0,0x0ca5,0x0caa,0x0caf,0x1ba0,0x1ba5,0x1baa,0x1baf,
	0x3ba0,0x3ba5,0x3baa,0x3baf,0x4aa0,0x4aa5,0x4aaa,0x4aaf,
	0x59a0,0x59a5,0x59aa,0x59af,0x79a0,0x79a5,0x79aa,0x79af,
	0x88a0,0x88a5,0x88aa,0x88af,0xa7a0,0xa7a5,0xa7aa,0xa7af,
	0xb6a0,0xb6a5,0xb6aa,0xb6af,0xc6a0,0xc6a5,0xc6aa,0xc6af,
	0xe5a0,0xe5a5,0xe5aa,0xe5af,0xf4a0,0xf4a5,0xf4aa,0xf4af,
	0x14a0,0x14a5,0x14aa,0x14af,0x23a0,0x23a5,0x23aa,0x23af,
	0xddc0,0xddc5,0xddca,0xddcf,0xedc0,0xedc5,0xedca,0xedcf,
	0x0cc0,0x0cc5,0x0cca,0x0ccf,0x1bc0,0x1bc5,0x1bca,0x1bcf,
	0x3ac0,0x3ac5,0x3aca,0x3acf,0x4ac0,0x4ac5,0x4aca,0x4acf,
	0x59c0,0x59c5,0x59ca,0x59cf,0x78c0,0x78c5,0x78ca,0x78cf,
	0x88c0,0x88c5,0x88ca,0x88cf,0xa7c0,0xa7c5,0xa7ca,0xa7cf,
	0xb6c0,0xb6c5,0xb6ca,0xb6cf,0xc5c0,0xc5c5,0xc5ca,0xc5cf,
	0xe5c0,0xe5c5,0xe5ca,0xe5cf,0xf4c0,0xf4c5,0xf4ca,0xf4cf,
	0x13c0,0x13c5,0x13ca,0x13cf,0x23c0,0x23c5,0x23ca,0x23cf,
	0xdde0,0xdde5,0xddea,0xddef,0xece0,0xece5,0xecea,0xecef,
	0x0ce0,0x0ce5,0x0cea,0x0cef,0x1be0,0x1be5,0x1bea,0x1bef,
	0x3ae0,0x3ae5,0x3aea,0x3aef,0x49e0,0x49e5,0x49ea,0x49ef,
	0x59e0,0x59e5,0x59ea,0x59ef,0x78e0,0x78e5,0x78ea,0x78ef,
	0x87e0,0x87e5,0x87ea,0x87ef,0xa7e0,0xa7e5,0xa7ea,0xa7ef,
	0xb6e0,0xb6e5,0xb6ea,0xb6ef,0xc5e0,0xc5e5,0xc5ea,0xc5ef,
	0xe4e0,0xe4e5,0xe4ea,0xe4ef,0xf4e0,0xf4e5,0xf4ea,0xf4ef,
	0x13e0,0x13e5,0x13ea,0x13ef,0x22e0,0x22e5,0x22ea,0x22ef,
	0xddf0,0xddf5,0xddfa,0xddff,0xecf0,0xecf5,0xecfa,0xecff,
	0x0bf0,0x0bf5,0x0bfa,0x0bff,0x1af0,0x1af5,0x1afa,0x1aff,
	0x3af0,0x3af5,0x3afa,0x3aff,0x49f0,0x49f5,0x49fa,0x49ff,
	0x58f0,0x58f5,0x58fa,0x58ff,0x78f0,0x78f5,0x78fa,0x78ff,
	0x87f0,0x87f5,0x87fa,0x87ff,0xa6f0,0xa6f5,0xa6fa,0xa6ff,
	0xb5f0,0xb5f5,0xb5fa,0xb5ff,0xc5f0,0xc5f5,0xc5fa,0xc5ff,
	0xe4f0,0xe4f5,0xe4fa,0xe4ff,0xf3f0,0xf3f5,0xf3fa,0xf3ff,
	0x13f0,0x13f5,0x13fa,0x13ff,0x22f0,0x22f5,0x22fa,0x22ff,
	0xdc10,0xdc15,0xdc1a,0xdc1f,0xec10,0xec15,0xec1a,0xec1f,
	0x0b10,0x0b15,0x0b1a,0x0b1f,0x1a10,0x1a15,0x1a1a,0x1a1f,
	0x3910,0x3915,0x391a,0x391f,0x4910,0x4915,0x491a,0x491f,
	0x5810,0x5815,0x581a,0x581f,0x7710,0x7715,0x771a,0x771f,
	0x8710,0x8715,0x871a,0x871f,0xa610,0xa615,0xa61a,0xa61f,
	0xb510,0xb515,0xb51a,0xb51f,0xc410,0xc415,0xc41a,0xc41f,
	0xe410,0xe415,0xe41a,0xe41f,0xf310,0xf315,0xf31a,0xf31f,
	0x1210,0x1215,0x121a,0x121f,0x2210,0x2215,0x221a,0x221f,
	0xdc30,0xdc35,0xdc3a,0xdc3f,0xeb30,0xeb35,0xeb3a,0xeb3f,
	0x0a30,0x0a35,0x0a3a,0x0a3f,0x1a30,0x1a35,0x1a3a,0x1a3f,
	0x3930,0x3935,0x393a,0x393f,0x4830,0x4835,0x483a,0x483f,
	0x5830,0x5835,0x583a,0x583f,0x7730,0x7735,0x773a,0x773f,
	0x8630,0x8635,0x863a,0x863f,0xa530,0xa535,0xa53a,0xa53f,
	0xb530,0xb535,0xb53a,0xb53f,0xc430,0xc435,0xc43a,0xc43f,
	0xe330,0xe335,0xe33a,0xe33f,0xf330,0xf335,0xf33a,0xf33f,
	0x1230,0x1235,0x123a,0x123f,0x2130,0x2135,0x213a,0x213f,
	0xdc50,0xdc55,0xdc5a,0xdc5f,0xeb50,0xeb55,0xeb5a,0xeb5f,
	0x0a50,0x0a55,0x0a5a,0x0a5f,0x1950,0x1955,0x195a,0x195f,
	0x3950,0x3955,0x395a,0x395f,0x4850,0x4855,0x485a,0x485f,
	0x5750,0x5755,0x575a,0x575f,0x7750,0x7755,0x775a,0x775f,
	0x8650,0x8655,0x865a,0x865f,0xa550,0xa555,0xa55a,0xa55f,
	0xb450,0xb455,0xb45a,0xb45f,0xc450,0xc455,0xc45a,0xc45f,
	0xe350,0xe355,0xe35a,0xe35f,0xf250,0xf255,0xf25a,0xf25f,
	0x1250,0x1255,0x125a,0x125f,0x2150,0x2155,0x215a,0x215f,
	0xe2b0,0xe2b5,0xe2ba,0xe2bf,0xf1b0,0xf1b5,0xf1ba,0xf1bf,
	0x10b0,0x10b5,0x10ba,0x10bf,0x20b0,0x20b5,0x20ba,0x20bf,
	0x4fb0,0x4fb5,0x4fba,0x4fbf,0x5eb0,0x5eb5,0x5eba,0x5ebf,
	0x6db0,0x6db5,0x6dba,0x6dbf,0x8db0,0x8db5,0x8dba,0x8dbf,
	0x9cb0,0x9cb5,0x9cba,0x9cbf,0xbbb0,0xbbb5,0xbbba,0xbbbf,
	0xcbb0,0xcbb5,0xcbba,0xcbbf,0xdab0,0xdab5,0xdaba,0xdabf,
	0xf9b0,0xf9b5,0xf9ba,0xf9bf,0x08b0,0x08b5,0x08ba,0x08bf,
	0x28b0,0x28b5,0x28ba,0x28bf,0x37b0,0x37b5,0x37ba,0x37bf,
	0xe1d0,0xe1d5,0xe1da,0xe1df,0xf1d0,0xf1d5,0xf1da,0xf1df,
	0x10d0,0x10d5,0x10da,0x10df,0x2fd0,0x2fd5,0x2fda,0x2fdf,
	0x4fd0,0x4fd5,0x4fda,0x4fdf,0x5ed0,0x5ed5,0x5eda,0x5edf,
	0x6dd0,0x6dd5,0x6dda,0x6ddf,0x8cd0,0x8cd5,0x8cda,0x8cdf,
	0x9cd0,0x9cd5,0x9cda,0x9cdf,0xbbd0,0xbbd5,0xbbda,0xbbdf,
	0xcad0,0xcad5,0xcada,0xcadf,0xdad0,0xdad5,0xdada,0xdadf,
	0xf9d0,0xf9d5,0xf9da,0xf9df,0x08d0,0x08d5,0x08da,0x08df,
	0x27d0,0x27d5,0x27da,0x27df,0x37d0,0x37d5,0x37da,0x37df,
	0xe1f0,0xe1f5,0xe1fa,0xe1ff,0xf0f0,0xf0f5,0xf0fa,0xf0ff,
	0x10f0,0x10f5,0x10fa,0x10ff,0x2ff0,0x2ff5,0x2ffa,0x2fff,
	0x4ef0,0x4ef5,0x4efa,0x4eff,0x5df0,0x5df5,0x5dfa,0x5dff,
	0x6df0,0x6df5,0x6dfa,0x6dff,0x8cf0,0x8cf5,0x8cfa,0x8cff,
	0x9bf0,0x9bf5,0x9bfa,0x9bff,0xbbf0,0xbbf5,0xbbfa,0xbbff,
	0xcaf0,0xcaf5,0xcafa,0xcaff,0xd9f0,0xd9f5,0xd9fa,0xd9ff,
	0xf8f0,0xf8f5,0xf8fa,0xf8ff,0x08f0,0x08f5,0x08fa,0x08ff,
	0x27f0,0x27f5,0x27fa,0x27ff,0x36f0,0x36f5,0x36fa,0x36ff,
	0xe100,0xe105,0xe10a,0xe10f,0xf000,0xf005,0xf00a,0xf00f,
	0x1f00,0x1f05,0x1f0a,0x1f0f,0x2f00,0x2f05,0x2f0a,0x2f0f,
	0x4e00,0x4e05,0x4e0a,0x4e0f,0x5d00,0x5d05,0x5d0a,0x5d0f,
	0x6c00,0x6c05,0x6c0a,0x6c0f,0x8c00,0x8c05,0x8c0a,0x8c0f,
	0x9b00,0x9b05,0x9b0a,0x9b0f,0xba00,0xba05,0xba0a,0xba0f,
	0xca00,0xca05,0xca0a,0xca0f,0xd900,0xd905,0xd90a,0xd90f,
	0xf800,0xf805,0xf80a,0xf80f,0x0700,0x0705,0x070a,0x070f,
	0x2700,0x2705,0x270a,0x270f,0x3600,0x3605,0x360a,0x360f,
	0xe020,0xe025,0xe02a,0xe02f,0xf020,0xf025,0xf02a,0xf02f,
	0x1f20,0x1f25,0x1f2a,0x1f2f,0x2e20,0x2e25,0x2e2a,0x2e2f,
	0x4d20,0x4d25,0x4d2a,0x4d2f,0x5d20,0x5d25,0x5d2a,0x5d2f,
	0x6c20,0x6c25,0x6c2a,0x6c2f,0x8b20,0x8b25,0x8b2a,0x8b2f,
	0x9b20,0x9b25,0x9b2a,0x9b2f,0xba20,0xba25,0xba2a,0xba2f,
	0xc920,0xc925,0xc92a,0xc92f,0xd820,0xd825,0xd82a,0xd82f,
	0xf820,0xf825,0xf82a,0xf82f,0x0720,0x0725,0x072a,0x072f,
	0x2620,0x2625,0x262a,0x262f,0x3620,0x3625,0x362a,0x362f,
	0xe040,0xe045,0xe04a,0xe04f,0xff40,0xff45,0xff4a,0xff4f,
	0x1f40,0x1f45,0x1f4a,0x1f4f,0x2e40,0x2e45,0x2e4a,0x2e4f,
	0x4d40,0x4d45,0x4d4a,0x4d4f,0x5c40,0x5c45,0x5c4a,0x5c4f,
	0x6c40,0x6c45,0x6c4a,0x6c4f,0x8b40,0x8b45,0x8b4a,0x8b4f,
	0x9a40,0x9a45,0x9a4a,0x9a4f,0xba40,0xba45,0xba4a,0xba4f,
	0xc940,0xc945,0xc94a,0xc94f,0xd840,0xd845,0xd84a,0xd84f,
	0xf740,0xf745,0xf74a,0xf74f,0x0740,0x0745,0x074a,0x074f,
	0x2640,0x2645,0x264a,0x264f,0x3540,0x3545,0x354a,0x354f,
	0xe060,0xe065,0xe06a,0xe06f,0xff60,0xff65,0xff6a,0xff6f,
	0x1e60,0x1e65,0x1e6a,0x1e6f,0x2e60,0x2e65,0x2e6a,0x2e6f,
	0x4d60,0x4d65,0x4d6a,0x4d6f,0x5c60,0x5c65,0x5c6a,0x5c6f,
	0x6b60,0x6b65,0x6b6a,0x6b6f,0x8b60,0x8b65,0x8b6a,0x8b6f,
	0x9a60,0x9a65,0x9a6a,0x9a6f,0xb960,0xb965,0xb96a,0xb96f,
	0xc960,0xc965,0xc96a,0xc96f,0xd860,0xd865,0xd86a,0xd86f,
	0xf760,0xf765,0xf76a,0xf76f,0x0660,0x0665,0x066a,0x066f,
	0x2660,0x2665,0x266a,0x266f,0x3560,0x3565,0x356a,0x356f,
	0xef70,0xef75,0xef7a,0xef7f,0xff70,0xff75,0xff7a,0xff7f,
	0x1e70,0x1e75,0x1e7a,0x1e7f,0x2d70,0x2d75,0x2d7a,0x2d7f,
	0x4c70,0x4c75,0x4c7a,0x4c7f,0x5c70,0x5c75,0x5c7a,0x5c7f,
	0x6b70,0x6b75,0x6b7a,0x6b7f,0x8a70,0x8a75,0x8a7a,0x8a7f,
	0x9a70,0x9a75,0x9a7a,0x9a7f,0xb970,0xb975,0xb97a,0xb97f,
	0xc870,0xc875,0xc87a,0xc87f,0xd770,0xd775,0xd77a,0xd77f,
	0xf770,0xf775,0xf77a,0xf77f,0x0670,0x0675,0x067a,0x067f,
	0x2570,0x2575,0x257a,0x257f,0x3570,0x3575,0x357a,0x357f,
	0xef90,0xef95,0xef9a,0xef9f,0xfe90,0xfe95,0xfe9a,0xfe9f,
	0x1e90,0x1e95,0x1e9a,0x1e9f,0x2d90,0x2d95,0x2d9a,0x2d9f,
	0x4c90,0x4c95,0x4c9a,0x4c9f,0x5b90,0x5b95,0x5b9a,0x5b9f,
	0x6b90,0x6b95,0x6b9a,0x6b9f,0x8a90,0x8a95,0x8a9a,0x8a9f,
	0x9990,0x9995,0x999a,0x999f,0xb990,0xb995,0xb99a,0xb99f,
	0xc890,0xc895,0xc89a,0xc89f,0xd790,0xd795,0xd79a,0xd79f,
	0xf690,0xf695,0xf69a,0xf69f,0x0690,0x0695,0x069a,0x069f,
	0x2590,0x2595,0x259a,0x259f,0x3490,0x3495,0x349a,0x349f,
	0xefb0,0xefb5,0xefba,0xefbf,0xfeb0,0xfeb5,0xfeba,0xfebf,
	0x1db0,0x1db5,0x1dba,0x1dbf,0x2cb0,0x2cb5,0x2cba,0x2cbf,
	0x4cb0,0x4cb5,0x4cba,0x4cbf,0x5bb0,0x5bb5,0x5bba,0x5bbf,
	0x6ab0,0x6ab5,0x6aba,0x6abf,0x8ab0,0x8ab5,0x8aba,0x8abf,
	0x99b0,0x99b5,0x99ba,0x99bf,0xb8b0,0xb8b5,0xb8ba,0xb8bf,
	0xc7b0,0xc7b5,0xc7ba,0xc7bf,0xd7b0,0xd7b5,0xd7ba,0xd7bf,
	0xf6b0,0xf6b5,0xf6ba,0xf6bf,0x05b0,0x05b5,0x05ba,0x05bf,
	0x25b0,0x25b5,0x25ba,0x25bf,0x34b0,0x34b5,0x34ba,0x34bf,
	0xeed0,0xeed5,0xeeda,0xeedf,0xfed0,0xfed5,0xfeda,0xfedf,
	0x1dd0,0x1dd5,0x1dda,0x1ddf,0x2cd0,0x2cd5,0x2cda,0x2cdf,
	0x4bd0,0x4bd5,0x4bda,0x4bdf,0x5bd0,0x5bd5,0x5bda,0x5bdf,
	0x6ad0,0x6ad5,0x6ada,0x6adf,0x89d0,0x89d5,0x89da,0x89df,
	0x99d0,0x99d5,0x99da,0x99df,0xb8d0,0xb8d5,0xb8da,0xb8df,
	0xc7d0,0xc7d5,0xc7da,0xc7df,0xd6d0,0xd6d5,0xd6da,0xd6df,
	0xf6d0,0xf6d5,0xf6da,0xf6df,0x05d0,0x05d5,0x05da,0x05df,
	0x24d0,0x24d5,0x24da,0x24df,0x34d0,0x34d5,0x34da,0x34df,
	0xeef0,0xeef5,0xeefa,0xeeff,0xfdf0,0xfdf5,0xfdfa,0xfdff,
	0x1df0,0x1df5,0x1dfa,0x1dff,0x2cf0,0x2cf5,0x2cfa,0x2cff,
	0x4bf0,0x4bf5,0x4bfa,0x4bff,0x5af0,0x5af5,0x5afa,0x5aff,
	0x6af0,0x6af5,0x6afa,0x6aff,0x89f0,0x89f5,0x89fa,0x89ff,
	0x98f0,0x98f5,0x98fa,0x98ff,0xb8f0,0xb8f5,0xb8fa,0xb8ff,
	0xc7f0,0xc7f5,0xc7fa,0xc7ff,0xd6f0,0xd6f5,0xd6fa,0xd6ff,
	0xf5f0,0xf5f5,0xf5fa,0xf5ff,0x05f0,0x05f5,0x05fa,0x05ff,
	0x24f0,0x24f5,0x24fa,0x24ff,0x33f0,0x33f5,0x33fa,0x33ff,
	0xee00,0xee05,0xee0a,0xee0f,0xfd00,0xfd05,0xfd0a,0xfd0f,
	0x1c00,0x1c05,0x1c0a,0x1c0f,0x2b00,0x2b05,0x2b0a,0x2b0f,
	0x4b00,0x4b05,0x4b0a,0x4b0f,0x5a00,0x5a05,0x5a0a,0x5a0f,
	0x6900,0x6905,0x690a,0x690f,0x8900,0x8905,0x890a,0x890f,
	0x9800,0x9805,0x980a,0x980f,0xb700,0xb705,0xb70a,0xb70f,
	0xc600,0xc605,0xc60a,0xc60f,0xd600,0xd605,0xd60a,0xd60f,
	0xf500,0xf505,0xf50a,0xf50f,0x0400,0x0405,0x040a,0x040f,
	0x2400,0x2405,0x240a,0x240f,0x3300,0x3305,0x330a,0x330f,
	0xed20,0xed25,0xed2a,0xed2f,0xfd20,0xfd25,0xfd2a,0xfd2f,
	0x1c20,0x1c25,0x1c2a,0x1c2f,0x2b20,0x2b25,0x2b2a,0x2b2f,
	0x4a20,0x4a25,0x4a2a,0x4a2f,0x5a20,0x5a25,0x5a2a,0x5a2f,
	0x6920,0x6925,0x692a,0x692f,0x8820,0x8825,0x882a,0x882f,
	0x9820,0x9825,0x982a,0x982f,0xb720,0xb725,0xb72a,0xb72f,
	0xc620,0xc625,0xc62a,0xc62f,0xd520,0xd525,0xd52a,0xd52f,
	0xf520,0xf525,0xf52a,0xf52f,0x0420,0x0425,0x042a,0x042f,
	0x2320,0x2325,0x232a,0x232f,0x3320,0x3325,0x332a,0x332f,
	0xed40,0xed45,0xed4a,0xed4f,0xfc40,0xfc45,0xfc4a,0xfc4f,
	0x1b40,0x1b45,0x1b4a,0x1b4f,0x2b40,0x2b45,0x2b4a,0x2b4f,
	0x4a40,0x4a45,0x4a4a,0x4a4f,0x5940,0x5945,0x594a,0x594f,
	0x6940,0x6945,0x694a,0x694f,0x8840,0x8845,0x884a,0x884f,
	0x9740,0x9745,0x974a,0x974f,0xb640,0xb645,0xb64a,0xb64f,
	0xc640,0xc645,0xc64a,0xc64f,0xd540,0xd545,0xd54a,0xd54f,
	0xf440,0xf445,0xf44a,0xf44f,0x0440,0x0445,0x044a,0x044f,
	0x2340,0x2345,0x234a,0x234f,0x3240,0x3245,0x324a,0x324f,
	0xed60,0xed65,0xed6a,0xed6f,0xfc60,0xfc65,0xfc6a,0xfc6f,
	0x1b60,0x1b65,0x1b6a,0x1b6f,0x2a60,0x2a65,0x2a6a,0x2a6f,
	0x4a60,0x4a65,0x4a6a,0x4a6f,0x5960,0x5965,0x596a,0x596f,
	0x6860,0x6865,0x686a,0x686f,0x8860,0x8865,0x886a,0x886f,
	0x9760,0x9765,0x976a,0x976f,0xb660,0xb665,0xb66a,0xb66f,
	0xc560,0xc565,0xc56a,0xc56f,0xd560,0xd565,0xd56a,0xd56f,
	0xf460,0xf465,0xf46a,0xf46f,0x0360,0x0365,0x036a,0x036f,
	0x2360,0x2365,0x236a,0x236f,0x3260,0x3265,0x326a,0x326f,
	0xf3c0,0xf3c5,0xf3ca,0xf3cf,0x02c0,0x02c5,0x02ca,0x02cf,
	0x21c0,0x21c5,0x21ca,0x21cf,0x31c0,0x31c5,0x31ca,0x31cf,
	0x50c0,0x50c5,0x50ca,0x50cf,0x6fc0,0x6fc5,0x6fca,0x6fcf,
	0x7ec0,0x7ec5,0x7eca,0x7ecf,0x9ec0,0x9ec5,0x9eca,0x9ecf,
	0xadc0,0xadc5,0xadca,0xadcf,0xccc0,0xccc5,0xccca,0xcccf,
	0xdcc0,0xdcc5,0xdcca,0xdccf,0xebc0,0xebc5,0xebca,0xebcf,
	0x0ac0,0x0ac5,0x0aca,0x0acf,0x19c0,0x19c5,0x19ca,0x19cf,
	0x39c0,0x39c5,0x39ca,0x39cf,0x48c0,0x48c5,0x48ca,0x48cf,
	0xf2e0,0xf2e5,0xf2ea,0xf2ef,0x02e0,0x02e5,0x02ea,0x02ef,
	0x21e0,0x21e5,0x21ea,0x21ef,0x30e0,0x30e5,0x30ea,0x30ef,
	0x50e0,0x50e5,0x50ea,0x50ef,0x6fe0,0x6fe5,0x6fea,0x6fef,
	0x7ee0,0x7ee5,0x7eea,0x7eef,0x9de0,0x9de5,0x9dea,0x9def,
	0xade0,0xade5,0xadea,0xadef,0xcce0,0xcce5,0xccea,0xccef,
	0xdbe0,0xdbe5,0xdbea,0xdbef,0xebe0,0xebe5,0xebea,0xebef,
	0x0ae0,0x0ae5,0x0aea,0x0aef,0x19e0,0x19e5,0x19ea,0x19ef,
	0x38e0,0x38e5,0x38ea,0x38ef,0x48e0,0x48e5,0x48ea,0x48ef,
	0xf200,0xf205,0xf20a,0xf20f,0x0100,0x0105,0x010a,0x010f,
	0x2100,0x2105,0x210a,0x210f,0x3000,0x3005,0x300a,0x300f,
	0x5f00,0x5f05,0x5f0a,0x5f0f,0x6e00,0x6e05,0x6e0a,0x6e0f,
	0x7e00,0x7e05,0x7e0a,0x7e0f,0x9d00,0x9d05,0x9d0a,0x9d0f,
	0xac00,0xac05,0xac0a,0xac0f,0xcc00,0xcc05,0xcc0a,0xcc0f,
	0xdb00,0xdb05,0xdb0a,0xdb0f,0xea00,0xea05,0xea0a,0xea0f,
	0x0900,0x0905,0x090a,0x090f,0x1900,0x1905,0x190a,0x190f,
	0x3800,0x3805,0x380a,0x380f,0x4700,0x4705,0x470a,0x470f,
	0xf210,0xf215,0xf21a,0xf21f,0x0110,0x0115,0x011a,0x011f,
	0x2010,0x2015,0x201a,0x201f,0x3010,0x3015,0x301a,0x301f,
	0x5f10,0x5f15,0x5f1a,0x5f1f,0x6e10,0x6e15,0x6e1a,0x6e1f,
	0x7d10,0x7d15,0x7d1a,0x7d1f,0x9d10,0x9d15,0x9d1a,0x9d1f,
	0xac10,0xac15,0xac1a,0xac1f,0xcb10,0xcb15,0xcb1a,0xcb1f,
	0xdb10,0xdb15,0xdb1a,0xdb1f,0xea10,0xea15,0xea1a,0xea1f,
	0x0910,0x0915,0x091a,0x091f,0x1810,0x1815,0x181a,0x181f,
	0x3810,0x3815,0x381a,0x381f,0x4710,0x4715,0x471a,0x471f,
	0xf130,0xf135,0xf13a,0xf13f,0x0130,0x0135,0x013a,0x013f,
	0x2030,0x2035,0x203a,0x203f,0x3f30,0x3f35,0x3f3a,0x3f3f,
	0x5e30,0x5e35,0x5e3a,0x5e3f,0x6e30,0x6e35,0x6e3a,0x6e3f,
	0x7d30,0x7d35,0x7d3a,0x7d3f,0x9c30,0x9c35,0x9c3a,0x9c3f,
	0xac30,0xac35,0xac3a,0xac3f,0xcb30,0xcb35,0xcb3a,0xcb3f,
	0xda30,0xda35,0xda3a,0xda3f,0xe930,0xe935,0xe93a,0xe93f,
	0x0930,0x0935,0x093a,0x093f,0x1830,0x1835,0x183a,0x183f,
	0x3730,0x3735,0x373a,0x373f,0x4730,0x4735,0x473a,0x473f,
	0xf150,0xf155,0xf15a,0xf15f,0x0050,0x0055,0x005a,0x005f,
	0x2050,0x2055,0x205a,0x205f,0x3f50,0x3f55,0x3f5a,0x3f5f,
	0x5e50,0x5e55,0x5e5a,0x5e5f,0x6d50,0x6d55,0x6d5a,0x6d5f,
	0x7d50,0x7d55,0x7d5a,0x7d5f,0x9c50,0x9c55,0x9c5a,0x9c5f,
	0xab50,0xab55,0xab5a,0xab5f,0xcb50,0xcb55,0xcb5a,0xcb5f,
	0xda50,0xda55,0xda5a,0xda5f,0xe950,0xe955,0xe95a,0xe95f,
	0x0850,0x0855,0x085a,0x085f,0x1850,0x1855,0x185a,0x185f,
	0x3750,0x3755,0x375a,0x375f,0x4650,0x4655,0x465a,0x465f,
	0xf170,0xf175,0xf17a,0xf17f,0x0070,0x0075,0x007a,0x007f,
	0x2f70,0x2f75,0x2f7a,0x2f7f,0x3f70,0x3f75,0x3f7a,0x3f7f,
	0x5e70,0x5e75,0x5e7a,0x5e7f,0x6d70,0x6d75,0x6d7a,0x6d7f,
	0x7c70,0x7c75,0x7c7a,0x7c7f,0x9c70,0x9c75,0x9c7a,0x9c7f,
	0xab70,0xab75,0xab7a,0xab7f,0xca70,0xca75,0xca7a,0xca7f,
	0xda70,0xda75,0xda7a,0xda7f,0xe970,0xe975,0xe97a,0xe97f,
	0x0870,0x0875,0x087a,0x087f,0x1770,0x1775,0x177a,0x177f,
	0x3770,0x3775,0x377a,0x377f,0x4670,0x4675,0x467a,0x467f,
	0xf080,0xf085,0xf08a,0xf08f,0x0080,0x0085,0x008a,0x008f,
	0x2f80,0x2f85,0x2f8a,0x2f8f,0x3e80,0x3e85,0x3e8a,0x3e8f,
	0x5d80,0x5d85,0x5d8a,0x5d8f,0x6d80,0x6d85,0x6d8a,0x6d8f,
	0x7c80,0x7c85,0x7c8a,0x7c8f,0x9b80,0x9b85,0x9b8a,0x9b8f,
	0xab80,0xab85,0xab8a,0xab8f,0xca80,0xca85,0xca8a,0xca8f,
	0xd980,0xd985,0xd98a,0xd98f,0xe880,0xe885,0xe88a,0xe88f,
	0x0880,0x0885,0x088a,0x088f,0x1780,0x1785,0x178a,0x178f,
	0x3680,0x3685,0x368a,0x368f,0x4680,0x4685,0x468a,0x468f,
	0xf0a0,0xf0a5,0xf0aa,0xf0af,0x0fa0,0x0fa5,0x0faa,0x0faf,
	0x2fa0,0x2fa5,0x2faa,0x2faf,0x3ea0,0x3ea5,0x3eaa,0x3eaf,
	0x5da0,0x5da5,0x5daa,0x5daf,0x6ca0,0x6ca5,0x6caa,0x6caf,
	0x7ca0,0x7ca5,0x7caa,0x7caf,0x9ba0,0x9ba5,0x9baa,0x9baf,
	0xaaa0,0xaaa5,0xaaaa,0xaaaf,0xcaa0,0xcaa5,0xcaaa,0xcaaf,
	0xd9a0,0xd9a5,0xd9aa,0xd9af,0xe8a0,0xe8a5,0xe8aa,0xe8af,
	0x07a0,0x07a5,0x07aa,0x07af,0x17a0,0x17a5,0x17aa,0x17af,
	0x36a0,0x36a5,0x36aa,0x36af,0x45a0,0x45a5,0x45aa,0x45af,
	0xf0c0,0xf0c5,0xf0ca,0xf0cf,0x0fc0,0x0fc5,0x0fca,0x0fcf,
	0x2ec0,0x2ec5,0x2eca,0x2ecf,0x3dc0,0x3dc5,0x3dca,0x3dcf,
	0x5dc0,0x5dc5,0x5dca,0x5dcf,0x6cc0,0x6cc5,0x6cca,0x6ccf,
	0x7bc0,0x7bc5,0x7bca,0x7bcf,0x9bc0,0x9bc5,0x9bca,0x9bcf,
	0xaac0,0xaac5,0xaaca,0xaacf,0xc9c0,0xc9c5,0xc9ca,0xc9cf,
	0xd8c0,0xd8c5,0xd8ca,0xd8cf,0xe8c0,0xe8c5,0xe8ca,0xe8cf,
	0x07c0,0x07c5,0x07ca,0x07cf,0x16c0,0x16c5,0x16ca,0x16cf,
	0x36c0,0x36c5,0x36ca,0x36cf,0x45c0,0x45c5,0x45ca,0x45cf,
	0xffe0,0xffe5,0xffea,0xffef,0x0fe0,0x0fe5,0x0fea,0x0fef,
	0x2ee0,0x2ee5,0x2eea,0x2eef,0x3de0,0x3de5,0x3dea,0x3def,
	0x5ce0,0x5ce5,0x5cea,0x5cef,0x6ce0,0x6ce5,0x6cea,0x6cef,
	0x7be0,0x7be5,0x7bea,0x7bef,0x9ae0,0x9ae5,0x9aea,0x9aef,
	0xaae0,0xaae5,0xaaea,0xaaef,0xc9e0,0xc9e5,0xc9ea,0xc9ef,
	0xd8e0,0xd8e5,0xd8ea,0xd8ef,0xe7e0,0xe7e5,0xe7ea,0xe7ef,
	0x07e0,0x07e5,0x07ea,0x07ef,0x16e0,0x16e5,0x16ea,0x16ef,
	0x35e0,0x35e5,0x35ea,0x35ef,0x45e0,0x45e5,0x45ea,0x45ef,
	0xff00,0xff05,0xff0a,0xff0f,0x0e00,0x0e05,0x0e0a,0x0e0f,
	0x2e00,0x2e05,0x2e0a,0x2e0f,0x3d00,0x3d05,0x3d0a,0x3d0f,
	0x5c00,0x5c05,0x5c0a,0x5c0f,0x6b00,0x6b05,0x6b0a,0x6b0f,
	0x7b00,0x7b05,0x7b0a,0x7b0f,0x9a00,0x9a05,0x9a0a,0x9a0f,
	0xa900,0xa905,0xa90a,0xa90f,0xc900,0xc905,0xc90a,0xc90f,
	0xd800,0xd805,0xd80a,0xd80f,0xe700,0xe705,0xe70a,0xe70f,
	0x0600,0x0605,0x060a,0x060f,0x1600,0x1605,0x160a,0x160f,
	0x3500,0x3505,0x350a,0x350f,0x4400,0x4405,0x440a,0x440f,
	0xff10,0xff15,0xff1a,0xff1f,0x0e10,0x0e15,0x0e1a,0x0e1f,
	0x2d10,0x2d15,0x2d1a,0x2d1f,0x3c10,0x3c15,0x3c1a,0x3c1f,
	0x5c10,0x5c15,0x5c1a,0x5c1f,0x6b10,0x6b15,0x6b1a,0x6b1f,
	0x7a10,0x7a15,0x7a1a,0x7a1f,0x9a10,0x9a15,0x9a1a,0x9a1f,
	0xa910,0xa915,0xa91a,0xa91f,0xc810,0xc815,0xc81a,0xc81f,
	0xd710,0xd715,0xd71a,0xd71f,0xe710,0xe715,0xe71a,0xe71f,
	0x0610,0x0615,0x061a,0x061f,0x1510,0x1515,0x151a,0x151f,
	0x3510,0x3515,0x351a,0x351f,0x4410,0x4415,0x441a,0x441f,
	0xfe30,0xfe35,0xfe3a,0xfe3f,0x0e30,0x0e35,0x0e3a,0x0e3f,
	0x2d30,0x2d35,0x2d3a,0x2d3f,0x3c30,0x3c35,0x3c3a,0x3c3f,
	0x5b30,0x5b35,0x5b3a,0x5b3f,0x6b30,0x6b35,0x6b3a,0x6b3f,
	0x7a30,0x7a35,0x7a3a,0x7a3f,0x9930,0x9935,0x993a,0x993f,
	0xa930,0xa935,0xa93a,0xa93f,0xc830,0xc835,0xc83a,0xc83f,
	0xd730,0xd735,0xd73a,0xd73f,0xe630,0xe635,0xe63a,0xe63f,
	0x0630,0x0635,0x063a,0x063f,0x1530,0x1535,0x153a,0x153f,
	0x3430,0x3435,0x343a,0x343f,0x4430,0x4435,0x443a,0x443f,
	0xfe50,0xfe55,0xfe5a,0xfe5f,0x0d50,0x0d55,0x0d5a,0x0d5f,
	0x2c50,0x2c55,0x2c5a,0x2c5f,0x3c50,0x3c55,0x3c5a,0x3c5f,
	0x5b50,0x5b55,0x5b5a,0x5b5f,0x6a50,0x6a55,0x6a5a,0x6a5f,
	0x7a50,0x7a55,0x7a5a,0x7a5f,0x9950,0x9955,0x995a,0x995f,
	0xa850,0xa855,0xa85a,0xa85f,0xc750,0xc755,0xc75a,0xc75f,
	0xd750,0xd755,0xd75a,0xd75f,0xe650,0xe655,0xe65a,0xe65f,
	0x0550,0x0555,0x055a,0x055f,0x1550,0x1555,0x155a,0x155f,
	0x3450,0x3455,0x345a,0x345f,0x4350,0x4355,0x435a,0x435f,
	0xfe70,0xfe75,0xfe7a,0xfe7f,0x0d70,0x0d75,0x0d7a,0x0d7f,
	0x2c70,0x2c75,0x2c7a,0x2c7f,0x3b70,0x3b75,0x3b7a,0x3b7f,
	0x5b70,0x5b75,0x5b7a,0x5b7f,0x6a70,0x6a75,0x6a7a,0x6a7f,
	0x7970,0x7975,0x797a,0x797f,0x9970,0x9975,0x997a,0x997f,
	0xa870,0xa875,0xa87a,0xa87f,0xc770,0xc775,0xc77a,0xc77f,
	0xd670,0xd675,0xd67a,0xd67f,0xe670,0xe675,0xe67a,0xe67f,
	0x0570,0x0575,0x057a,0x057f,0x1470,0x1475,0x147a,0x147f,
	0x3470,0x3475,0x347a,0x347f,0x4370,0x4375,0x437a,0x437f,
	0x04d0,0x04d5,0x04da,0x04df,0x13d0,0x13d5,0x13da,0x13df,
	0x32d0,0x32d5,0x32da,0x32df,0x42d0,0x42d5,0x42da,0x42df,
	0x61d0,0x61d5,0x61da,0x61df,0x70d0,0x70d5,0x70da,0x70df,
	0x8fd0,0x8fd5,0x8fda,0x8fdf,0xafd0,0xafd5,0xafda,0xafdf,
	0xbed0,0xbed5,0xbeda,0xbedf,0xddd0,0xddd5,0xddda,0xdddf,
	0xedd0,0xedd5,0xedda,0xeddf,0xfcd0,0xfcd5,0xfcda,0xfcdf,
	0x1bd0,0x1bd5,0x1bda,0x1bdf,0x2ad0,0x2ad5,0x2ada,0x2adf,
	0x4ad0,0x4ad5,0x4ada,0x4adf,0x59d0,0x59d5,0x59da,0x59df,
	0x03f0,0x03f5,0x03fa,0x03ff,0x13f0,0x13f5,0x13fa,0x13ff,
	0x32f0,0x32f5,0x32fa,0x32ff,0x41f0,0x41f5,0x41fa,0x41ff,
	0x61f0,0x61f5,0x61fa,0x61ff,0x70f0,0x70f5,0x70fa,0x70ff,
	0x8ff0,0x8ff5,0x8ffa,0x8fff,0xaef0,0xaef5,0xaefa,0xaeff,
	0xbef0,0xbef5,0xbefa,0xbeff,0xddf0,0xddf5,0xddfa,0xddff,
	0xecf0,0xecf5,0xecfa,0xecff,0xfcf0,0xfcf5,0xfcfa,0xfcff,
	0x1bf0,0x1bf5,0x1bfa,0x1bff,0x2af0,0x2af5,0x2afa,0x2aff,
	0x49f0,0x49f5,0x49fa,0x49ff,0x59f0,0x59f5,0x59fa,0x59ff,
	0x0310,0x0315,0x031a,0x031f,0x1210,0x1215,0x121a,0x121f,
	0x3210,0x3215,0x321a,0x321f,0x4110,0x4115,0x411a,0x411f,
	0x6010,0x6015,0x601a,0x601f,0x7f10,0x7f15,0x7f1a,0x7f1f,
	0x8f10,0x8f15,0x8f1a,0x8f1f,0xae10,0xae15,0xae1a,0xae1f,
	0xbd10,0xbd15,0xbd1a,0xbd1f,0xdd10,0xdd15,0xdd1a,0xdd1f,
	0xec10,0xec15,0xec1a,0xec1f,0xfb10,0xfb15,0xfb1a,0xfb1f,
	0x1a10,0x1a15,0x1a1a,0x1a1f,0x2a10,0x2a15,0x2a1a,0x2a1f,
	0x4910,0x4915,0x491a,0x491f,0x5810,0x5815,0x581a,0x581f,
	0x0320,0x0325,0x032a,0x032f,0x1220,0x1225,0x122a,0x122f,
	0x3120,0x3125,0x312a,0x312f,0x4120,0x4125,0x412a,0x412f,
	0x6020,0x6025,0x602a,0x602f,0x7f20,0x7f25,0x7f2a,0x7f2f,
	0x8e20,0x8e25,0x8e2a,0x8e2f,0xae20,0xae25,0xae2a,0xae2f,
	0xbd20,0xbd25,0xbd2a,0xbd2f,0xdc20,0xdc25,0xdc2a,0xdc2f,
	0xec20,0xec25,0xec2a,0xec2f,0xfb20,0xfb25,0xfb2a,0xfb2f,
	0x1a20,0x1a25,0x1a2a,0x1a2f,0x2920,0x2925,0x292a,0x292f,
	0x4920,0x4925,0x492a,0x492f,0x5820,0x5825,0x582a,0x582f,
	0x0240,0x0245,0x024a,0x024f,0x1240,0x1245,0x124a,0x124f,
	0x3140,0x3145,0x314a,0x314f,0x4040,0x4045,0x404a,0x404f,
	0x6f40,0x6f45,0x6f4a,0x6f4f,0x7f40,0x7f45,0x7f4a,0x7f4f,
	0x8e40,0x8e45,0x8e4a,0x8e4f,0xad40,0xad45,0xad4a,0xad4f,
	0xbd40,0xbd45,0xbd4a,0xbd4f,0xdc40,0xdc45,0xdc4a,0xdc4f,
	0xeb40,0xeb45,0xeb4a,0xeb4f,0xfa40,0xfa45,0xfa4a,0xfa4f,
	0x1a40,0x1a45,0x1a4a,0x1a4f,0x2940,0x2945,0x294a,0x294f,
	0x4840,0x4845,0x484a,0x484f,0x5840,0x5845,0x584a,0x584f,
	0x0260,0x0265,0x026a,0x026f,0x1160,0x1165,0x116a,0x116f,
	0x3160,0x3165,0x316a,0x316f,0x4060,0x4065,0x406a,0x406f,
	0x6f60,0x6f65,0x6f6a,0x6f6f,0x7e60,0x7e65,0x7e6a,0x7e6f,
	0x8e60,0x8e65,0x8e6a,0x8e6f,0xad60,0xad65,0xad6a,0xad6f,
	0xbc60,0xbc65,0xbc6a,0xbc6f,0xdc60,0xdc65,0xdc6a,0xdc6f,
	0xeb60,0xeb65,0xeb6a,0xeb6f,0xfa60,0xfa65,0xfa6a,0xfa6f,
	0x1960,0x1965,0x196a,0x196f,0x2960,0x2965,0x296a,0x296f,
	0x4860,0x4865,0x486a,0x486f,0x5760,0x5765,0x576a,0x576f,
	0x0280,0x0285,0x028a,0x028f,0x1180,0x1185,0x118a,0x118f,
	0x3080,0x3085,0x308a,0x308f,0x4080,0x4085,0x408a,0x408f,
	0x6f80,0x6f85,0x6f8a,0x6f8f,0x7e80,0x7e85,0x7e8a,0x7e8f,
	0x8d80,0x8d85,0x8d8a,0x8d8f,0xad80,0xad85,0xad8a,0xad8f,
	0xbc80,0xbc85,0xbc8a,0xbc8f,0xdb80,0xdb85,0xdb8a,0xdb8f,
	0xeb80,0xeb85,0xeb8a,0xeb8f,0xfa80,0xfa85,0xfa8a,0xfa8f,
	0x1980,0x1985,0x198a,0x198f,0x2880,0x2885,0x288a,0x288f,
	0x4880,0x4885,0x488a,0x488f,0x5780,0x5785,0x578a,0x578f,
	0x0190,0x0195,0x019a,0x019f,0x1190,0x1195,0x119a,0x119f,
	0x3090,0x3095,0x309a,0x309f,0x4f90,0x4f95,0x4f9a,0x4f9f,
	0x6e90,0x6e95,0x6e9a,0x6e9f,0x7e90,0x7e95,0x7e9a,0x7e9f,
	0x8d90,0x8d95,0x8d9a,0x8d9f,0xac90,0xac95,0xac9a,0xac9f,
	0xbc90,0xbc95,0xbc9a,0xbc9f,0xdb90,0xdb95,0xdb9a,0xdb9f,
	0xea90,0xea95,0xea9a,0xea9f,0xf990,0xf995,0xf99a,0xf99f,
	0x1990,0x1995,0x199a,0x199f,0x2890,0x2895,0x289a,0x289f,
	0x4790,0x4795,0x479a,0x479f,0x5790,0x5795,0x579a,0x579f,
	0x01b0,0x01b5,0x01ba,0x01bf,0x10b0,0x10b5,0x10ba,0x10bf,
	0x30b0,0x30b5,0x30ba,0x30bf,0x4fb0,0x4fb5,0x4fba,0x4fbf,
	0x6eb0,0x6eb5,0x6eba,0x6ebf,0x7db0,0x7db5,0x7dba,0x7dbf,
	0x8db0,0x8db5,0x8dba,0x8dbf,0xacb0,0xacb5,0xacba,0xacbf,
	0xbbb0,0xbbb5,0xbbba,0xbbbf,0xdbb0,0xdbb5,0xdbba,0xdbbf,
	0xeab0,0xeab5,0xeaba,0xeabf,0xf9b0,0xf9b5,0xf9ba,0xf9bf,
	0x18b0,0x18b5,0x18ba,0x18bf,0x28b0,0x28b5,0x28ba,0x28bf,
	0x47b0,0x47b5,0x47ba,0x47bf,0x56b0,0x56b5,0x56ba,0x56bf,
	0x01d0,0x01d5,0x01da,0x01df,0x10d0,0x10d5,0x10da,0x10df,
	0x3fd0,0x3fd5,0x3fda,0x3fdf,0x4ed0,0x4ed5,0x4eda,0x4edf,
	0x6ed0,0x6ed5,0x6eda,0x6edf,0x7dd0,0x7dd5,0x7dda,0x7ddf,
	0x8cd0,0x8cd5,0x8cda,0x8cdf,0xacd0,0xacd5,0xacda,0xacdf,
	0xbbd0,0xbbd5,0xbbda,0xbbdf,0xdad0,0xdad5,0xdada,0xdadf,
	0xe9d0,0xe9d5,0xe9da,0xe9df,0xf9d0,0xf9d5,0xf9da,0xf9df,
	0x18d0,0x18d5,0x18da,0x18df,0x27d0,0x27d5,0x27da,0x27df,
	0x47d0,0x47d5,0x47da,0x47df,0x56d0,0x56d5,0x56da,0x56df,
	0x00f0,0x00f5,0x00fa,0x00ff,0x10f0,0x10f5,0x10fa,0x10ff,
	0x3ff0,0x3ff5,0x3ffa,0x3fff,0x4ef0,0x4ef5,0x4efa,0x4eff,
	0x6df0,0x6df5,0x6dfa,0x6dff,0x7df0,0x7df5,0x7dfa,0x7dff,
	0x8cf0,0x8cf5,0x8cfa,0x8cff,0xabf0,0xabf5,0xabfa,0xabff,
	0xbbf0,0xbbf5,0xbbfa,0xbbff,0xdaf0,0xdaf5,0xdafa,0xdaff,
	0xe9f0,0xe9f5,0xe9fa,0xe9ff,0xf8f0,0xf8f5,0xf8fa,0xf8ff,
	0x18f0,0x18f5,0x18fa,0x18ff,0x27f0,0x27f5,0x27fa,0x27ff,
	0x46f0,0x46f5,0x46fa,0x46ff,0x56f0,0x56f5,0x56fa,0x56ff,
	0x0010,0x0015,0x001a,0x001f,0x1f10,0x1f15,0x1f1a,0x1f1f,
	0x3f10,0x3f15,0x3f1a,0x3f1f,0x4e10,0x4e15,0x4e1a,0x4e1f,
	0x6d10,0x6d15,0x6d1a,0x6d1f,0x7c10,0x7c15,0x7c1a,0x7c1f,
	0x8c10,0x8c15,0x8c1a,0x8c1f,0xab10,0xab15,0xab1a,0xab1f,
	0xba10,0xba15,0xba1a,0xba1f,0xda10,0xda15,0xda1a,0xda1f,
	0xe910,0xe915,0xe91a,0xe91f,0xf810,0xf815,0xf81a,0xf81f,
	0x1710,0x1715,0x171a,0x171f,0x2710,0x2715,0x271a,0x271f,
	0x4610,0x4615,0x461a,0x461f,0x5510,0x5515,0x551a,0x551f,
	0x0020,0x0025,0x002a,0x002f,0x1f20,0x1f25,0x1f2a,0x1f2f,
	0x3e20,0x3e25,0x3e2a,0x3e2f,0x4d20,0x4d25,0x4d2a,0x4d2f,
	0x6d20,0x6d25,0x6d2a,0x6d2f,0x7c20,0x7c25,0x7c2a,0x7c2f,
	0x8b20,0x8b25,0x8b2a,0x8b2f,0xab20,0xab25,0xab2a,0xab2f,
	0xba20,0xba25,0xba2a,0xba2f,0xd920,0xd925,0xd92a,0xd92f,
	0xe820,0xe825,0xe82a,0xe82f,0xf820,0xf825,0xf82a,0xf82f,
	0x1720,0x1725,0x172a,0x172f,0x2620,0x2625,0x262a,0x262f,
	0x4620,0x4625,0x462a,0x462f,0x5520,0x5525,0x552a,0x552f,
	0x0f40,0x0f45,0x0f4a,0x0f4f,0x1f40,0x1f45,0x1f4a,0x1f4f,
	0x3e40,0x3e45,0x3e4a,0x3e4f,0x4d40,0x4d45,0x4d4a,0x4d4f,
	0x6c40,0x6c45,0x6c4a,0x6c4f,0x7c40,0x7c45,0x7c4a,0x7c4f,
	0x8b40,0x8b45,0x8b4a,0x8b4f,0xaa40,0xaa45,0xaa4a,0xaa4f,
	0xba40,0xba45,0xba4a,0xba4f,0xd940,0xd945,0xd94a,0xd94f,
	0xe840,0xe845,0xe84a,0xe84f,0xf740,0xf745,0xf74a,0xf74f,
	0x1740,0x1745,0x174a,0x174f,0x2640,0x2645,0x264a,0x264f,
	0x4540,0x4545,0x454a,0x454f,0x5540,0x5545,0x554a,0x554f,
	0x0f60,0x0f65,0x0f6a,0x0f6f,0x1e60,0x1e65,0x1e6a,0x1e6f,
	0x3d60,0x3d65,0x3d6a,0x3d6f,0x4d60,0x4d65,0x4d6a,0x4d6f,
	0x6c60,0x6c65,0x6c6a,0x6c6f,0x7b60,0x7b65,0x7b6a,0x7b6f,
	0x8b60,0x8b65,0x8b6a,0x8b6f,0xaa60,0xaa65,0xaa6a,0xaa6f,
	0xb960,0xb965,0xb96a,0xb96f,0xd860,0xd865,0xd86a,0xd86f,
	0xe860,0xe865,0xe86a,0xe86f,0xf760,0xf765,0xf76a,0xf76f,
	0x1660,0x1665,0x166a,0x166f,0x2660,0x2665,0x266a,0x266f,
	0x4560,0x4565,0x456a,0x456f,0x5460,0x5465,0x546a,0x546f,
	0x0f80,0x0f85,0x0f8a,0x0f8f,0x1e80,0x1e85,0x1e8a,0x1e8f,
	0x3d80,0x3d85,0x3d8a,0x3d8f,0x4c80,0x4c85,0x4c8a,0x4c8f,
	0x6c80,0x6c85,0x6c8a,0x6c8f,0x7b80,0x7b85,0x7b8a,0x7b8f,
	0x8a80,0x8a85,0x8a8a,0x8a8f,0xaa80,0xaa85,0xaa8a,0xaa8f,
	0xb980,0xb985,0xb98a,0xb98f,0xd880,0xd885,0xd88a,0xd88f,
	0xe780,0xe785,0xe78a,0xe78f,0xf780,0xf785,0xf78a,0xf78f,
	0x1680,0x1685,0x168a,0x168f,0x2580,0x2585,0x258a,0x258f,
	0x4580,0x4585,0x458a,0x458f,0x5480,0x5485,0x548a,0x548f,
	0x15e0,0x15e5,0x15ea,0x15ef,0x24e0,0x24e5,0x24ea,0x24ef,
	0x43e0,0x43e5,0x43ea,0x43ef,0x53e0,0x53e5,0x53ea,0x53ef,
	0x72e0,0x72e5,0x72ea,0x72ef,0x81e0,0x81e5,0x81ea,0x81ef,
	0x90e0,0x90e5,0x90ea,0x90ef,0xb0e0,0xb0e5,0xb0ea,0xb0ef,
	0xcfe0,0xcfe5,0xcfea,0xcfef,0xeee0,0xeee5,0xeeea,0xeeef,
	0xfee0,0xfee5,0xfeea,0xfeef,0x0de0,0x0de5,0x0dea,0x0def,
	0x2ce0,0x2ce5,0x2cea,0x2cef,0x3be0,0x3be5,0x3bea,0x3bef,
	0x5be0,0x5be5,0x5bea,0x5bef,0x6ae0,0x6ae5,0x6aea,0x6aef,
	0x1400,0x1405,0x140a,0x140f,0x2400,0x2405,0x240a,0x240f,
	0x4300,0x4305,0x430a,0x430f,0x5200,0x5205,0x520a,0x520f,
	0x7200,0x7205,0x720a,0x720f,0x8100,0x8105,0x810a,0x810f,
	0x9000,0x9005,0x900a,0x900f,0xbf00,0xbf05,0xbf0a,0xbf0f,
	0xcf00,0xcf05,0xcf0a,0xcf0f,0xee00,0xee05,0xee0a,0xee0f,
	0xfd00,0xfd05,0xfd0a,0xfd0f,0x0d00,0x0d05,0x0d0a,0x0d0f,
	0x2c00,0x2c05,0x2c0a,0x2c0f,0x3b00,0x3b05,0x3b0a,0x3b0f,
	0x5a00,0x5a05,0x5a0a,0x5a0f,0x6a00,0x6a05,0x6a0a,0x6a0f,
	0x1420,0x1425,0x142a,0x142f,0x2320,0x2325,0x232a,0x232f,
	0x4320,0x4325,0x432a,0x432f,0x5220,0x5225,0x522a,0x522f,
	0x7120,0x7125,0x712a,0x712f,0x8020,0x8025,0x802a,0x802f,
	0x9020,0x9025,0x902a,0x902f,0xbf20,0xbf25,0xbf2a,0xbf2f,
	0xce20,0xce25,0xce2a,0xce2f,0xee20,0xee25,0xee2a,0xee2f,
	0xfd20,0xfd25,0xfd2a,0xfd2f,0x0c20,0x0c25,0x0c2a,0x0c2f,
	0x2b20,0x2b25,0x2b2a,0x2b2f,0x3b20,0x3b25,0x3b2a,0x3b2f,
	0x5a20,0x5a25,0x5a2a,0x5a2f,0x6920,0x6925,0x692a,0x692f,
	0x1430,0x1435,0x143a,0x143f,0x2330,0x2335,0x233a,0x233f,
	0x4230,0x4235,0x423a,0x423f,0x5230,0x5235,0x523a,0x523f,
	0x7130,0x7135,0x713a,0x713f,0x8030,0x8035,0x803a,0x803f,
	0x9f30,0x9f35,0x9f3a,0x9f3f,0xbf30,0xbf35,0xbf3a,0xbf3f,
	0xce30,0xce35,0xce3a,0xce3f,0xed30,0xed35,0xed3a,0xed3f,
	0xfd30,0xfd35,0xfd3a,0xfd3f,0x0c30,0x0c35,0x0c3a,0x0c3f,
	0x2b30,0x2b35,0x2b3a,0x2b3f,0x3a30,0x3a35,0x3a3a,0x3a3f,
	0x5a30,0x5a35,0x5a3a,0x5a3f,0x6930,0x6935,0x693a,0x693f,
	0x1350,0x1355,0x135a,0x135f,0x2350,0x2355,0x235a,0x235f,
	0x4250,0x4255,0x425a,0x425f,0x5150,0x5155,0x515a,0x515f,
	0x7050,0x7055,0x705a,0x705f,0x8050,0x8055,0x805a,0x805f,
	0x9f50,0x9f55,0x9f5a,0x9f5f,0xbe50,0xbe55,0xbe5a,0xbe5f,
	0xce50,0xce55,0xce5a,0xce5f,0xed50,0xed55,0xed5a,0xed5f,
	0xfc50,0xfc55,0xfc5a,0xfc5f,0x0b50,0x0b55,0x0b5a,0x0b5f,
	0x2b50,0x2b55,0x2b5a,0x2b5f,0x3a50,0x3a55,0x3a5a,0x3a5f,
	0x5950,0x5955,0x595a,0x595f,0x6950,0x6955,0x695a,0x695f,
	0x1370,0x1375,0x137a,0x137f,0x2270,0x2275,0x227a,0x227f,
	0x4270,0x4275,0x427a,0x427f,0x5170,0x5175,0x517a,0x517f,
	0x7070,0x7075,0x707a,0x707f,0x8f70,0x8f75,0x8f7a,0x8f7f,
	0x9f70,0x9f75,0x9f7a,0x9f7f,0xbe70,0xbe75,0xbe7a,0xbe7f,
	0xcd70,0xcd75,0xcd7a,0xcd7f,0xed70,0xed75,0xed7a,0xed7f,
	0xfc70,0xfc75,0xfc7a,0xfc7f,0x0b70,0x0b75,0x0b7a,0x0b7f,
	0x2a70,0x2a75,0x2a7a,0x2a7f,0x3a70,0x3a75,0x3a7a,0x3a7f,
	0x5970,0x5975,0x597a,0x597f,0x6870,0x6875,0x687a,0x687f,
	0x1390,0x1395,0x139a,0x139f,0x2290,0x2295,0x229a,0x229f,
	0x4190,0x4195,0x419a,0x419f,0x5190,0x5195,0x519a,0x519f,
	0x7090,0x7095,0x709a,0x709f,0x8f90,0x8f95,0x8f9a,0x8f9f,
	0x9e90,0x9e95,0x9e9a,0x9e9f,0xbe90,0xbe95,0xbe9a,0xbe9f,
	0xcd90,0xcd95,0xcd9a,0xcd9f,0xec90,0xec95,0xec9a,0xec9f,
	0xfc90,0xfc95,0xfc9a,0xfc9f,0x0b90,0x0b95,0x0b9a,0x0b9f,
	0x2a90,0x2a95,0x2a9a,0x2a9f,0x3990,0x3995,0x399a,0x399f,
	0x5990,0x5995,0x599a,0x599f,0x6890,0x6895,0x689a,0x689f,
	0x12a0,0x12a5,0x12aa,0x12af,0x22a0,0x22a5,0x22aa,0x22af,
	0x41a0,0x41a5,0x41aa,0x41af,0x50a0,0x50a5,0x50aa,0x50af,
	0x7fa0,0x7fa5,0x7faa,0x7faf,0x8fa0,0x8fa5,0x8faa,0x8faf,
	0x9ea0,0x9ea5,0x9eaa,0x9eaf,0xbda0,0xbda5,0xbdaa,0xbdaf,
	0xcda0,0xcda5,0xcdaa,0xcdaf,0xeca0,0xeca5,0xecaa,0xecaf,
	0xfba0,0xfba5,0xfbaa,0xfbaf,0x0aa0,0x0aa5,0x0aaa,0x0aaf,
	0x2aa0,0x2aa5,0x2aaa,0x2aaf,0x39a0,0x39a5,0x39aa,0x39af,
	0x58a0,0x58a5,0x58aa,0x58af,0x68a0,0x68a5,0x68aa,0x68af,
	0x12c0,0x12c5,0x12ca,0x12cf,0x21c0,0x21c5,0x21ca,0x21cf,
	0x41c0,0x41c5,0x41ca,0x41cf,0x50c0,0x50c5,0x50ca,0x50cf,
	0x7fc0,0x7fc5,0x7fca,0x7fcf,0x8ec0,0x8ec5,0x8eca,0x8ecf,
	0x9ec0,0x9ec5,0x9eca,0x9ecf,0xbdc0,0xbdc5,0xbdca,0xbdcf,
	0xccc0,0xccc5,0xccca,0xcccf,0xecc0,0xecc5,0xecca,0xeccf,
	0xfbc0,0xfbc5,0xfbca,0xfbcf,0x0ac0,0x0ac5,0x0aca,0x0acf,
	0x29c0,0x29c5,0x29ca,0x29cf,0x39c0,0x39c5,0x39ca,0x39cf,
	0x58c0,0x58c5,0x58ca,0x58cf,0x67c0,0x67c5,0x67ca,0x67cf,
	0x12e0,0x12e5,0x12ea,0x12ef,0x21e0,0x21e5,0x21ea,0x21ef,
	0x40e0,0x40e5,0x40ea,0x40ef,0x5fe0,0x5fe5,0x5fea,0x5fef,
	0x7fe0,0x7fe5,0x7fea,0x7fef,0x8ee0,0x8ee5,0x8eea,0x8eef,
	0x9de0,0x9de5,0x9dea,0x9def,0xbde0,0xbde5,0xbdea,0xbdef,
	0xcce0,0xcce5,0xccea,0xccef,0xebe0,0xebe5,0xebea,0xebef,
	0xfae0,0xfae5,0xfaea,0xfaef,0x0ae0,0x0ae5,0x0aea,0x0aef,
	0x29e0,0x29e5,0x29ea,0x29ef,0x38e0,0x38e5,0x38ea,0x38ef,
	0x58e0,0x58e5,0x58ea,0x58ef,0x67e0,0x67e5,0x67ea,0x67ef,
	0x1100,0x1105,0x110a,0x110f,0x2100,0x2105,0x210a,0x210f,
	0x4000,0x4005,0x400a,0x400f,0x5f00,0x5f05,0x5f0a,0x5f0f,
	0x7e00,0x7e05,0x7e0a,0x7e0f,0x8e00,0x8e05,0x8e0a,0x8e0f,
	0x9d00,0x9d05,0x9d0a,0x9d0f,0xbc00,0xbc05,0xbc0a,0xbc0f,
	0xcc00,0xcc05,0xcc0a,0xcc0f,0xeb00,0xeb05,0xeb0a,0xeb0f,
	0xfa00,0xfa05,0xfa0a,0xfa0f,0x0900,0x0905,0x090a,0x090f,
	0x2900,0x2905,0x290a,0x290f,0x3800,0x3805,0x380a,0x380f,
	0x5700,0x5705,0x570a,0x570f,0x6700,0x6705,0x670a,0x670f,
	0x1120,0x1125,0x112a,0x112f,0x2020,0x2025,0x202a,0x202f,
	0x4020,0x4025,0x402a,0x402f,0x5f20,0x5f25,0x5f2a,0x5f2f,
	0x7e20,0x7e25,0x7e2a,0x7e2f,0x8d20,0x8d25,0x8d2a,0x8d2f,
	0x9d20,0x9d25,0x9d2a,0x9d2f,0xbc20,0xbc25,0xbc2a,0xbc2f,
	0xcb20,0xcb25,0xcb2a,0xcb2f,0xeb20,0xeb25,0xeb2a,0xeb2f,
	0xfa20,0xfa25,0xfa2a,0xfa2f,0x0920,0x0925,0x092a,0x092f,
	0x2820,0x2825,0x282a,0x282f,0x3820,0x3825,0x382a,0x382f,
	0x5720,0x5725,0x572a,0x572f,0x6620,0x6625,0x662a,0x662f,
	0x1130,0x1135,0x113a,0x113f,0x2030,0x2035,0x203a,0x203f,
	0x4f30,0x4f35,0x4f3a,0x4f3f,0x5e30,0x5e35,0x5e3a,0x5e3f,
	0x7e30,0x7e35,0x7e3a,0x7e3f,0x8d30,0x8d35,0x8d3a,0x8d3f,
	0x9c30,0x9c35,0x9c3a,0x9c3f,0xbc30,0xbc35,0xbc3a,0xbc3f,
	0xcb30,0xcb35,0xcb3a,0xcb3f,0xea30,0xea35,0xea3a,0xea3f,
	0xf930,0xf935,0xf93a,0xf93f,0x0930,0x0935,0x093a,0x093f,
	0x2830,0x2835,0x283a,0x283f,0x3730,0x3735,0x373a,0x373f,
	0x5730,0x5735,0x573a,0x573f,0x6630,0x6635,0x663a,0x663f,
	0x1050,0x1055,0x105a,0x105f,0x2050,0x2055,0x205a,0x205f,
	0x4f50,0x4f55,0x4f5a,0x4f5f,0x5e50,0x5e55,0x5e5a,0x5e5f,
	0x7d50,0x7d55,0x7d5a,0x7d5f,0x8d50,0x8d55,0x8d5a,0x8d5f,
	0x9c50,0x9c55,0x9c5a,0x9c5f,0xbb50,0xbb55,0xbb5a,0xbb5f,
	0xcb50,0xcb55,0xcb5a,0xcb5f,0xea50,0xea55,0xea5a,0xea5f,
	0xf950,0xf955,0xf95a,0xf95f,0x0850,0x0855,0x085a,0x085f,
	0x2850,0x2855,0x285a,0x285f,0x3750,0x3755,0x375a,0x375f,
	0x5650,0x5655,0x565a,0x565f,0x6650,0x6655,0x665a,0x665f,
	0x1070,0x1075,0x107a,0x107f,0x2f70,0x2f75,0x2f7a,0x2f7f,
	0x4e70,0x4e75,0x4e7a,0x4e7f,0x5e70,0x5e75,0x5e7a,0x5e7f,
	0x7d70,0x7d75,0x7d7a,0x7d7f,0x8c70,0x8c75,0x8c7a,0x8c7f,
	0x9c70,0x9c75,0x9c7a,0x9c7f,0xbb70,0xbb75,0xbb7a,0xbb7f,
	0xca70,0xca75,0xca7a,0xca7f,0xe970,0xe975,0xe97a,0xe97f,
	0xf970,0xf975,0xf97a,0xf97f,0x0870,0x0875,0x087a,0x087f,
	0x2770,0x2775,0x277a,0x277f,0x3770,0x3775,0x377a,0x377f,
	0x5670,0x5675,0x567a,0x567f,0x6570,0x6575,0x657a,0x657f,
	0x1090,0x1095,0x109a,0x109f,0x2f90,0x2f95,0x2f9a,0x2f9f,
	0x4e90,0x4e95,0x4e9a,0x4e9f,0x5d90,0x5d95,0x5d9a,0x5d9f,
	0x7d90,0x7d95,0x7d9a,0x7d9f,0x8c90,0x8c95,0x8c9a,0x8c9f,
	0x9b90,0x9b95,0x9b9a,0x9b9f,0xbb90,0xbb95,0xbb9a,0xbb9f,
	0xca90,0xca95,0xca9a,0xca9f,0xe990,0xe995,0xe99a,0xe99f,
	0xf890,0xf895,0xf89a,0xf89f,0x0890,0x0895,0x089a,0x089f,
	0x2790,0x2795,0x279a,0x279f,0x3690,0x3695,0x369a,0x369f,
	0x5690,0x5695,0x569a,0x569f,0x6590,0x6595,0x659a,0x659f,
	0x26f0,0x26f5,0x26fa,0x26ff,0x35f0,0x35f5,0x35fa,0x35ff,
	0x54f0,0x54f5,0x54fa,0x54ff,0x64f0,0x64f5,0x64fa,0x64ff,
	0x83f0,0x83f5,0x83fa,0x83ff,0x92f0,0x92f5,0x92fa,0x92ff,
	0xa1f0,0xa1f5,0xa1fa,0xa1ff,0xc1f0,0xc1f5,0xc1fa,0xc1ff,
	0xd0f0,0xd0f5,0xd0fa,0xd0ff,0xfff0,0xfff5,0xfffa,0xffff,
	0x0ff0,0x0ff5,0x0ffa,0x0fff,0x1ef0,0x1ef5,0x1efa,0x1eff,
	0x3df0,0x3df5,0x3dfa,0x3dff,0x4cf0,0x4cf5,0x4cfa,0x4cff,
	0x6cf0,0x6cf5,0x6cfa,0x6cff,0x7bf0,0x7bf5,0x7bfa,0x7bff,
	0x2510,0x2515,0x251a,0x251f,0x3510,0x3515,0x351a,0x351f,
	0x5410,0x5415,0x541a,0x541f,0x6310,0x6315,0x631a,0x631f,
	0x8310,0x8315,0x831a,0x831f,0x9210,0x9215,0x921a,0x921f,
	0xa110,0xa115,0xa11a,0xa11f,0xc010,0xc015,0xc01a,0xc01f,
	0xd010,0xd015,0xd01a,0xd01f,0xff10,0xff15,0xff1a,0xff1f,
	0x0e10,0x0e15,0x0e1a,0x0e1f,0x1e10,0x1e15,0x1e1a,0x1e1f,
	0x3d10,0x3d15,0x3d1a,0x3d1f,0x4c10,0x4c15,0x4c1a,0x4c1f,
	0x6b10,0x6b15,0x6b1a,0x6b1f,0x7b10,0x7b15,0x7b1a,0x7b1f,
	0x2530,0x2535,0x253a,0x253f,0x3430,0x3435,0x343a,0x343f,
	0x5430,0x5435,0x543a,0x543f,0x6330,0x6335,0x633a,0x633f,
	0x8230,0x8235,0x823a,0x823f,0x9130,0x9135,0x913a,0x913f,
	0xa130,0xa135,0xa13a,0xa13f,0xc030,0xc035,0xc03a,0xc03f,
	0xdf30,0xdf35,0xdf3a,0xdf3f,0xff30,0xff35,0xff3a,0xff3f,
	0x0e30,0x0e35,0x0e3a,0x0e3f,0x1d30,0x1d35,0x1d3a,0x1d3f,
	0x3c30,0x3c35,0x3c3a,0x3c3f,0x4c30,0x4c35,0x4c3a,0x4c3f,
	0x6b30,0x6b35,0x6b3a,0x6b3f,0x7a30,0x7a35,0x7a3a,0x7a3f,
	0x2540,0x2545,0x254a,0x254f,0x3440,0x3445,0x344a,0x344f,
	0x5340,0x5345,0x534a,0x534f,0x6340,0x6345,0x634a,0x634f,
	0x8240,0x8245,0x824a,0x824f,0x9140,0x9145,0x914a,0x914f,
	0xa040,0xa045,0xa04a,0xa04f,0xc040,0xc045,0xc04a,0xc04f,
	0xdf40,0xdf45,0xdf4a,0xdf4f,0xfe40,0xfe45,0xfe4a,0xfe4f,
	0x0e40,0x0e45,0x0e4a,0x0e4f,0x1d40,0x1d45,0x1d4a,0x1d4f,
	0x3c40,0x3c45,0x3c4a,0x3c4f,0x4b40,0x4b45,0x4b4a,0x4b4f,
	0x6b40,0x6b45,0x6b4a,0x6b4f,0x7a40,0x7a45,0x7a4a,0x7a4f,
	0x2460,0x2465,0x246a,0x246f,0x3460,0x3465,0x346a,0x346f,
	0x5360,0x5365,0x536a,0x536f,0x6260,0x6265,0x626a,0x626f,
	0x8160,0x8165,0x816a,0x816f,0x9160,0x9165,0x916a,0x916f,
	0xa060,0xa065,0xa06a,0xa06f,0xcf60,0xcf65,0xcf6a,0xcf6f,
	0xdf60,0xdf65,0xdf6a,0xdf6f,0xfe60,0xfe65,0xfe6a,0xfe6f,
	0x0d60,0x0d65,0x0d6a,0x0d6f,0x1c60,0x1c65,0x1c6a,0x1c6f,
	0x3c60,0x3c65,0x3c6a,0x3c6f,0x4b60,0x4b65,0x4b6a,0x4b6f,
	0x6a60,0x6a65,0x6a6a,0x6a6f,0x7a60,0x7a65,0x7a6a,0x7a6f,
	0x2480,0x2485,0x248a,0x248f,0x3380,0x3385,0x338a,0x338f,
	0x5380,0x5385,0x538a,0x538f,0x6280,0x6285,0x628a,0x628f,
	0x8180,0x8185,0x818a,0x818f,0x9080,0x9085,0x908a,0x908f,
	0xa080,0xa085,0xa08a,0xa08f,0xcf80,0xcf85,0xcf8a,0xcf8f,
	0xde80,0xde85,0xde8a,0xde8f,0xfe80,0xfe85,0xfe8a,0xfe8f,
	0x0d80,0x0d85,0x0d8a,0x0d8f,0x1c80,0x1c85,0x1c8a,0x1c8f,
	0x3b80,0x3b85,0x3b8a,0x3b8f,0x4b80,0x4b85,0x4b8a,0x4b8f,
	0x6a80,0x6a85,0x6a8a,0x6a8f,0x7980,0x7985,0x798a,0x798f,
	0x24a0,0x24a5,0x24aa,0x24af,0x33a0,0x33a5,0x33aa,0x33af,
	0x52a0,0x52a5,0x52aa,0x52af,0x62a0,0x62a5,0x62aa,0x62af,
	0x81a0,0x81a5,0x81aa,0x81af,0x90a0,0x90a5,0x90aa,0x90af,
	0xafa0,0xafa5,0xafaa,0xafaf,0xcfa0,0xcfa5,0xcfaa,0xcfaf,
	0xdea0,0xdea5,0xdeaa,0xdeaf,0xfda0,0xfda5,0xfdaa,0xfdaf,
	0x0da0,0x0da5,0x0daa,0x0daf,0x1ca0,0x1ca5,0x1caa,0x1caf,
	0x3ba0,0x3ba5,0x3baa,0x3baf,0x4aa0,0x4aa5,0x4aaa,0x4aaf,
	0x6aa0,0x6aa5,0x6aaa,0x6aaf,0x79a0,0x79a5,0x79aa,0x79af,
	0x23b0,0x23b5,0x23ba,0x23bf,0x33b0,0x33b5,0x33ba,0x33bf,
	0x52b0,0x52b5,0x52ba,0x52bf,0x61b0,0x61b5,0x61ba,0x61bf,
	0x80b0,0x80b5,0x80ba,0x80bf,0x90b0,0x90b5,0x90ba,0x90bf,
	0xafb0,0xafb5,0xafba,0xafbf,0xceb0,0xceb5,0xceba,0xcebf,
	0xdeb0,0xdeb5,0xdeba,0xdebf,0xfdb0,0xfdb5,0xfdba,0xfdbf,
	0x0cb0,0x0cb5,0x0cba,0x0cbf,0x1bb0,0x1bb5,0x1bba,0x1bbf,
	0x3bb0,0x3bb5,0x3bba,0x3bbf,0x4ab0,0x4ab5,0x4aba,0x4abf,
	0x69b0,0x69b5,0x69ba,0x69bf,0x79b0,0x79b5,0x79ba,0x79bf,
	0x23d0,0x23d5,0x23da,0x23df,0x32d0,0x32d5,0x32da,0x32df,
	0x52d0,0x52d5,0x52da,0x52df,0x61d0,0x61d5,0x61da,0x61df,
	0x80d0,0x80d5,0x80da,0x80df,0x9fd0,0x9fd5,0x9fda,0x9fdf,
	0xafd0,0xafd5,0xafda,0xafdf,0xced0,0xced5,0xceda,0xcedf,
	0xddd0,0xddd5,0xddda,0xdddf,0xfdd0,0xfdd5,0xfdda,0xfddf,
	0x0cd0,0x0cd5,0x0cda,0x0cdf,0x1bd0,0x1bd5,0x1bda,0x1bdf,
	0x3ad0,0x3ad5,0x3ada,0x3adf,0x4ad0,0x4ad5,0x4ada,0x4adf,
	0x69d0,0x69d5,0x69da,0x69df,0x78d0,0x78d5,0x78da,0x78df,
	0x23f0,0x23f5,0x23fa,0x23ff,0x32f0,0x32f5,0x32fa,0x32ff,
	0x51f0,0x51f5,0x51fa,0x51ff,0x60f0,0x60f5,0x60fa,0x60ff,
	0x80f0,0x80f5,0x80fa,0x80ff,0x9ff0,0x9ff5,0x9ffa,0x9fff,
	0xaef0,0xaef5,0xaefa,0xaeff,0xcef0,0xcef5,0xcefa,0xceff,
	0xddf0,0xddf5,0xddfa,0xddff,0xfcf0,0xfcf5,0xfcfa,0xfcff,
	0x0bf0,0x0bf5,0x0bfa,0x0bff,0x1bf0,0x1bf5,0x1bfa,0x1bff,
	0x3af0,0x3af5,0x3afa,0x3aff,0x49f0,0x49f5,0x49fa,0x49ff,
	0x69f0,0x69f5,0x69fa,0x69ff,0x78f0,0x78f5,0x78fa,0x78ff,
	0x2210,0x2215,0x221a,0x221f,0x3210,0x3215,0x321a,0x321f,
	0x5110,0x5115,0x511a,0x511f,0x6010,0x6015,0x601a,0x601f,
	0x8f10,0x8f15,0x8f1a,0x8f1f,0x9f10,0x9f15,0x9f1a,0x9f1f,
	0xae10,0xae15,0xae1a,0xae1f,0xcd10,0xcd15,0xcd1a,0xcd1f,
	0xdd10,0xdd15,0xdd1a,0xdd1f,0xfc10,0xfc15,0xfc1a,0xfc1f,
	0x0b10,0x0b15,0x0b1a,0x0b1f,0x1a10,0x1a15,0x1a1a,0x1a1f,
	0x3a10,0x3a15,0x3a1a,0x3a1f,0x4910,0x4915,0x491a,0x491f,
	0x6810,0x6815,0x681a,0x681f,0x7810,0x7815,0x781a,0x781f,
	0x2230,0x2235,0x223a,0x223f,0x3130,0x3135,0x313a,0x313f,
	0x5130,0x5135,0x513a,0x513f,0x6030,0x6035,0x603a,0x603f,
	0x8f30,0x8f35,0x8f3a,0x8f3f,0x9e30,0x9e35,0x9e3a,0x9e3f,
	0xae30,0xae35,0xae3a,0xae3f,0xcd30,0xcd35,0xcd3a,0xcd3f,
	0xdc30,0xdc35,0xdc3a,0xdc3f,0xfc30,0xfc35,0xfc3a,0xfc3f,
	0x0b30,0x0b35,0x0b3a,0x0b3f,0x1a30,0x1a35,0x1a3a,0x1a3f,
	0x3930,0x3935,0x393a,0x393f,0x4930,0x4935,0x493a,0x493f,
	0x6830,0x6835,0x683a,0x683f,0x7730,0x7735,0x773a,0x773f,
	0x2240,0x2245,0x224a,0x224f,0x3140,0x3145,0x314a,0x314f,
	0x5040,0x5045,0x504a,0x504f,0x6f40,0x6f45,0x6f4a,0x6f4f,
	0x8f40,0x8f45,0x8f4a,0x8f4f,0x9e40,0x9e45,0x9e4a,0x9e4f,
	0xad40,0xad45,0xad4a,0xad4f,0xcd40,0xcd45,0xcd4a,0xcd4f,
	0xdc40,0xdc45,0xdc4a,0xdc4f,0xfb40,0xfb45,0xfb4a,0xfb4f,
	0x0a40,0x0a45,0x0a4a,0x0a4f,0x1a40,0x1a45,0x1a4a,0x1a4f,
	0x3940,0x3945,0x394a,0x394f,0x4840,0x4845,0x484a,0x484f,
	0x6840,0x6845,0x684a,0x684f,0x7740,0x7745,0x774a,0x774f,
	0x2160,0x2165,0x216a,0x216f,0x3160,0x3165,0x316a,0x316f,
	0x5060,0x5065,0x506a,0x506f,0x6f60,0x6f65,0x6f6a,0x6f6f,
	0x8e60,0x8e65,0x8e6a,0x8e6f,0x9e60,0x9e65,0x9e6a,0x9e6f,
	0xad60,0xad65,0xad6a,0xad6f,0xcc60,0xcc65,0xcc6a,0xcc6f,
	0xdc60,0xdc65,0xdc6a,0xdc6f,0xfb60,0xfb65,0xfb6a,0xfb6f,
	0x0a60,0x0a65,0x0a6a,0x0a6f,0x1960,0x1965,0x196a,0x196f,
	0x3960,0x3965,0x396a,0x396f,0x4860,0x4865,0x486a,0x486f,
	0x6760,0x6765,0x676a,0x676f,0x7760,0x7765,0x776a,0x776f,
	0x2180,0x2185,0x218a,0x218f,0x3080,0x3085,0x308a,0x308f,
	0x5f80,0x5f85,0x5f8a,0x5f8f,0x6f80,0x6f85,0x6f8a,0x6f8f,
	0x8e80,0x8e85,0x8e8a,0x8e8f,0x9d80,0x9d85,0x9d8a,0x9d8f,
	0xad80,0xad85,0xad8a,0xad8f,0xcc80,0xcc85,0xcc8a,0xcc8f,
	0xdb80,0xdb85,0xdb8a,0xdb8f,0xfa80,0xfa85,0xfa8a,0xfa8f,
	0x0a80,0x0a85,0x0a8a,0x0a8f,0x1980,0x1985,0x198a,0x198f,
	0x3880,0x3885,0x388a,0x388f,0x4880,0x4885,0x488a,0x488f,
	0x6780,0x6785,0x678a,0x678f,0x7680,0x7685,0x768a,0x768f,
	0x21a0,0x21a5,0x21aa,0x21af,0x30a0,0x30a5,0x30aa,0x30af,
	0x5fa0,0x5fa5,0x5faa,0x5faf,0x6ea0,0x6ea5,0x6eaa,0x6eaf,
	0x8ea0,0x8ea5,0x8eaa,0x8eaf,0x9da0,0x9da5,0x9daa,0x9daf,
	0xaca0,0xaca5,0xacaa,0xacaf,0xcca0,0xcca5,0xccaa,0xccaf,
	0xdba0,0xdba5,0xdbaa,0xdbaf,0xfaa0,0xfaa5,0xfaaa,0xfaaf,
	0x09a0,0x09a5,0x09aa,0x09af,0x19a0,0x19a5,0x19aa,0x19af,
	0x38a0,0x38a5,0x38aa,0x38af,0x47a0,0x47a5,0x47aa,0x47af,
	0x67a0,0x67a5,0x67aa,0x67af,0x76a0,0x76a5,0x76aa,0x76af,
	0x3700,0x3705,0x370a,0x370f,0x4600,0x4605,0x460a,0x460f,
	0x6500,0x6505,0x650a,0x650f,0x7500,0x7505,0x750a,0x750f,
	0x9400,0x9405,0x940a,0x940f,0xa300,0xa305,0xa30a,0xa30f,
	0xb200,0xb205,0xb20a,0xb20f,0xd200,0xd205,0xd20a,0xd20f,
	0xe100,0xe105,0xe10a,0xe10f,0x0000,0x0005,0x000a,0x000f,
	0x1000,0x1005,0x100a,0x100f,0x2f00,0x2f05,0x2f0a,0x2f0f,
	0x4e00,0x4e05,0x4e0a,0x4e0f,0x5d00,0x5d05,0x5d0a,0x5d0f,
	0x7d00,0x7d05,0x7d0a,0x7d0f,0x8c00,0x8c05,0x8c0a,0x8c0f,
	0x3620,0x3625,0x362a,0x362f,0x4620,0x4625,0x462a,0x462f,
	0x6520,0x6525,0x652a,0x652f,0x7420,0x7425,0x742a,0x742f,
	0x9420,0x9425,0x942a,0x942f,0xa320,0xa325,0xa32a,0xa32f,
	0xb220,0xb225,0xb22a,0xb22f,0xd120,0xd125,0xd12a,0xd12f,
	0xe120,0xe125,0xe12a,0xe12f,0x0020,0x0025,0x002a,0x002f,
	0x1f20,0x1f25,0x1f2a,0x1f2f,0x2f20,0x2f25,0x2f2a,0x2f2f,
	0x4e20,0x4e25,0x4e2a,0x4e2f,0x5d20,0x5d25,0x5d2a,0x5d2f,
	0x7c20,0x7c25,0x7c2a,0x7c2f,0x8c20,0x8c25,0x8c2a,0x8c2f,
	0x3640,0x3645,0x364a,0x364f,0x4540,0x4545,0x454a,0x454f,
	0x6540,0x6545,0x654a,0x654f,0x7440,0x7445,0x744a,0x744f,
	0x9340,0x9345,0x934a,0x934f,0xa240,0xa245,0xa24a,0xa24f,
	0xb240,0xb245,0xb24a,0xb24f,0xd140,0xd145,0xd14a,0xd14f,
	0xe040,0xe045,0xe04a,0xe04f,0x0040,0x0045,0x004a,0x004f,
	0x1f40,0x1f45,0x1f4a,0x1f4f,0x2e40,0x2e45,0x2e4a,0x2e4f,
	0x4d40,0x4d45,0x4d4a,0x4d4f,0x5d40,0x5d45,0x5d4a,0x5d4f,
	0x7c40,0x7c45,0x7c4a,0x7c4f,0x8b40,0x8b45,0x8b4a,0x8b4f,
	0x3650,0x3655,0x365a,0x365f,0x4550,0x4555,0x455a,0x455f,
	0x6450,0x6455,0x645a,0x645f,0x7450,0x7455,0x745a,0x745f,
	0x9350,0x9355,0x935a,0x935f,0xa250,0xa255,0xa25a,0xa25f,
	0xb150,0xb155,0xb15a,0xb15f,0xd150,0xd155,0xd15a,0xd15f,
	0xe050,0xe055,0xe05a,0xe05f,0x0f50,0x0f55,0x0f5a,0x0f5f,
	0x1f50,0x1f55,0x1f5a,0x1f5f,0x2e50,0x2e55,0x2e5a,0x2e5f,
	0x4d50,0x4d55,0x4d5a,0x4d5f,0x5c50,0x5c55,0x5c5a,0x5c5f,
	0x7c50,0x7c55,0x7c5a,0x7c5f,0x8b50,0x8b55,0x8b5a,0x8b5f,
	0x3570,0x3575,0x357a,0x357f,0x4570,0x4575,0x457a,0x457f,
	0x6470,0x6475,0x647a,0x647f,0x7370,0x7375,0x737a,0x737f,
	0x9270,0x9275,0x927a,0x927f,0xa270,0xa275,0xa27a,0xa27f,
	0xb170,0xb175,0xb17a,0xb17f,0xd070,0xd075,0xd07a,0xd07f,
	0xe070,0xe075,0xe07a,0xe07f,0x0f70,0x0f75,0x0f7a,0x0f7f,
	0x1e70,0x1e75,0x1e7a,0x1e7f,0x2d70,0x2d75,0x2d7a,0x2d7f,
	0x4d70,0x4d75,0x4d7a,0x4d7f,0x5c70,0x5c75,0x5c7a,0x5c7f,
	0x7b70,0x7b75,0x7b7a,0x7b7f,0x8b70,0x8b75,0x8b7a,0x8b7f,
	0x3590,0x3595,0x359a,0x359f,0x4490,0x4495,0x449a,0x449f,
	0x6490,0x6495,0x649a,0x649f,0x7390,0x7395,0x739a,0x739f,
	0x9290,0x9295,0x929a,0x929f,0xa190,0xa195,0xa19a,0xa19f,
	0xb190,0xb195,0xb19a,0xb19f,0xd090,0xd095,0xd09a,0xd09f,
	0xef90,0xef95,0xef9a,0xef9f,0x0f90,0x0f95,0x0f9a,0x0f9f,
	0x1e90,0x1e95,0x1e9a,0x1e9f,0x2d90,0x2d95,0x2d9a,0x2d9f,
	0x4c90,0x4c95,0x4c9a,0x4c9f,0x5c90,0x5c95,0x5c9a,0x5c9f,
	0x7b90,0x7b95,0x7b9a,0x7b9f,0x8a90,0x8a95,0x8a9a,0x8a9f,
	0x35b0,0x35b5,0x35ba,0x35bf,0x44b0,0x44b5,0x44ba,0x44bf,
	0x63b0,0x63b5,0x63ba,0x63bf,0x73b0,0x73b5,0x73ba,0x73bf,
	0x92b0,0x92b5,0x92ba,0x92bf,0xa1b0,0xa1b5,0xa1ba,0xa1bf,
	0xb0b0,0xb0b5,0xb0ba,0xb0bf,0xd0b0,0xd0b5,0xd0ba,0xd0bf,
	0xefb0,0xefb5,0xefba,0xefbf,0x0eb0,0x0eb5,0x0eba,0x0ebf,
	0x1eb0,0x1eb5,0x1eba,0x1ebf,0x2db0,0x2db5,0x2dba,0x2dbf,
	0x4cb0,0x4cb5,0x4cba,0x4cbf,0x5bb0,0x5bb5,0x5bba,0x5bbf,
	0x7bb0,0x7bb5,0x7bba,0x7bbf,0x8ab0,0x8ab5,0x8aba,0x8abf,
	0x34c0,0x34c5,0x34ca,0x34cf,0x44c0,0x44c5,0x44ca,0x44cf,
	0x63c0,0x63c5,0x63ca,0x63cf,0x72c0,0x72c5,0x72ca,0x72cf,
	0x91c0,0x91c5,0x91ca,0x91cf,0xa1c0,0xa1c5,0xa1ca,0xa1cf,
	0xb0c0,0xb0c5,0xb0ca,0xb0cf,0xdfc0,0xdfc5,0xdfca,0xdfcf,
	0xefc0,0xefc5,0xefca,0xefcf,0x0ec0,0x0ec5,0x0eca,0x0ecf,
	0x1dc0,0x1dc5,0x1dca,0x1dcf,0x2cc0,0x2cc5,0x2cca,0x2ccf,
	0x4cc0,0x4cc5,0x4cca,0x4ccf,0x5bc0,0x5bc5,0x5bca,0x5bcf,
	0x7ac0,0x7ac5,0x7aca,0x7acf,0x8ac0,0x8ac5,0x8aca,0x8acf,
	0x34e0,0x34e5,0x34ea,0x34ef,0x43e0,0x43e5,0x43ea,0x43ef,
	0x63e0,0x63e5,0x63ea,0x63ef,0x72e0,0x72e5,0x72ea,0x72ef,
	0x91e0,0x91e5,0x91ea,0x91ef,0xa0e0,0xa0e5,0xa0ea,0xa0ef,
	0xb0e0,0xb0e5,0xb0ea,0xb0ef,0xdfe0,0xdfe5,0xdfea,0xdfef,
	0xeee0,0xeee5,0xeeea,0xeeef,0x0ee0,0x0ee5,0x0eea,0x0eef,
	0x1de0,0x1de5,0x1dea,0x1def,0x2ce0,0x2ce5,0x2cea,0x2cef,
	0x4be0,0x4be5,0x4bea,0x4bef,0x5be0,0x5be5,0x5bea,0x5bef,
	0x7ae0,0x7ae5,0x7aea,0x7aef,0x89e0,0x89e5,0x89ea,0x89ef,
	0x3400,0x3405,0x340a,0x340f,0x4300,0x4305,0x430a,0x430f,
	0x6200,0x6205,0x620a,0x620f,0x7100,0x7105,0x710a,0x710f,
	0x9100,0x9105,0x910a,0x910f,0xa000,0xa005,0xa00a,0xa00f,
	0xbf00,0xbf05,0xbf0a,0xbf0f,0xdf00,0xdf05,0xdf0a,0xdf0f,
	0xee00,0xee05,0xee0a,0xee0f,0x0d00,0x0d05,0x0d0a,0x0d0f,
	0x1c00,0x1c05,0x1c0a,0x1c0f,0x2c00,0x2c05,0x2c0a,0x2c0f,
	0x4b00,0x4b05,0x4b0a,0x4b0f,0x5a00,0x5a05,0x5a0a,0x5a0f,
	0x7a00,0x7a05,0x7a0a,0x7a0f,0x8900,0x8905,0x890a,0x890f,
	0x3320,0x3325,0x332a,0x332f,0x4320,0x4325,0x432a,0x432f,
	0x6220,0x6225,0x622a,0x622f,0x7120,0x7125,0x712a,0x712f,
	0x9020,0x9025,0x902a,0x902f,0xa020,0xa025,0xa02a,0xa02f,
	0xbf20,0xbf25,0xbf2a,0xbf2f,0xde20,0xde25,0xde2a,0xde2f,
	0xee20,0xee25,0xee2a,0xee2f,0x0d20,0x0d25,0x0d2a,0x0d2f,
	0x1c20,0x1c25,0x1c2a,0x1c2f,0x2b20,0x2b25,0x2b2a,0x2b2f,
	0x4b20,0x4b25,0x4b2a,0x4b2f,0x5a20,0x5a25,0x5a2a,0x5a2f,
	0x7920,0x7925,0x792a,0x792f,0x8920,0x8925,0x892a,0x892f,
	0x3340,0x3345,0x334a,0x334f,0x4240,0x4245,0x424a,0x424f,
	0x6240,0x6245,0x624a,0x624f,0x7140,0x7145,0x714a,0x714f,
	0x9040,0x9045,0x904a,0x904f,0xaf40,0xaf45,0xaf4a,0xaf4f,
	0xbf40,0xbf45,0xbf4a,0xbf4f,0xde40,0xde45,0xde4a,0xde4f,
	0xed40,0xed45,0xed4a,0xed4f,0x0d40,0x0d45,0x0d4a,0x0d4f,
	0x1c40,0x1c45,0x1c4a,0x1c4f,0x2b40,0x2b45,0x2b4a,0x2b4f,
	0x4a40,0x4a45,0x4a4a,0x4a4f,0x5a40,0x5a45,0x5a4a,0x5a4f,
	0x7940,0x7945,0x794a,0x794f,0x8840,0x8845,0x884a,0x884f,
	0x3350,0x3355,0x335a,0x335f,0x4250,0x4255,0x425a,0x425f,
	0x6150,0x6155,0x615a,0x615f,0x7050,0x7055,0x705a,0x705f,
	0x9050,0x9055,0x905a,0x905f,0xaf50,0xaf55,0xaf5a,0xaf5f,
	0xbe50,0xbe55,0xbe5a,0xbe5f,0xde50,0xde55,0xde5a,0xde5f,
	0xed50,0xed55,0xed5a,0xed5f,0x0c50,0x0c55,0x0c5a,0x0c5f,
	0x1b50,0x1b55,0x1b5a,0x1b5f,0x2b50,0x2b55,0x2b5a,0x2b5f,
	0x4a50,0x4a55,0x4a5a,0x4a5f,0x5950,0x5955,0x595a,0x595f,
	0x7950,0x7955,0x795a,0x795f,0x8850,0x8855,0x885a,0x885f,
	0x3270,0x3275,0x327a,0x327f,0x4270,0x4275,0x427a,0x427f,
	0x6170,0x6175,0x617a,0x617f,0x7070,0x7075,0x707a,0x707f,
	0x9f70,0x9f75,0x9f7a,0x9f7f,0xaf70,0xaf75,0xaf7a,0xaf7f,
	0xbe70,0xbe75,0xbe7a,0xbe7f,0xdd70,0xdd75,0xdd7a,0xdd7f,
	0xed70,0xed75,0xed7a,0xed7f,0x0c70,0x0c75,0x0c7a,0x0c7f,
	0x1b70,0x1b75,0x1b7a,0x1b7f,0x2a70,0x2a75,0x2a7a,0x2a7f,
	0x4a70,0x4a75,0x4a7a,0x4a7f,0x5970,0x5975,0x597a,0x597f,
	0x7870,0x7875,0x787a,0x787f,0x8870,0x8875,0x887a,0x887f,
	0x3290,0x3295,0x329a,0x329f,0x4190,0x4195,0x419a,0x419f,
	0x6090,0x6095,0x609a,0x609f,0x7090,0x7095,0x709a,0x709f,
	0x9f90,0x9f95,0x9f9a,0x9f9f,0xae90,0xae95,0xae9a,0xae9f,
	0xbe90,0xbe95,0xbe9a,0xbe9f,0xdd90,0xdd95,0xdd9a,0xdd9f,
	0xec90,0xec95,0xec9a,0xec9f,0x0b90,0x0b95,0x0b9a,0x0b9f,
	0x1b90,0x1b95,0x1b9a,0x1b9f,0x2a90,0x2a95,0x2a9a,0x2a9f,
	0x4990,0x4995,0x499a,0x499f,0x5990,0x5995,0x599a,0x599f,
	0x7890,0x7895,0x789a,0x789f,0x8790,0x8795,0x879a,0x879f,
	0x32b0,0x32b5,0x32ba,0x32bf,0x41b0,0x41b5,0x41ba,0x41bf,
	0x60b0,0x60b5,0x60ba,0x60bf,0x7fb0,0x7fb5,0x7fba,0x7fbf,
	0x9fb0,0x9fb5,0x9fba,0x9fbf,0xaeb0,0xaeb5,0xaeba,0xaebf,
	0xbdb0,0xbdb5,0xbdba,0xbdbf,0xddb0,0xddb5,0xddba,0xddbf,
	0xecb0,0xecb5,0xecba,0xecbf,0x0bb0,0x0bb5,0x0bba,0x0bbf,
	0x1ab0,0x1ab5,0x1aba,0x1abf,0x2ab0,0x2ab5,0x2aba,0x2abf,
	0x49b0,0x49b5,0x49ba,0x49bf,0x58b0,0x58b5,0x58ba,0x58bf,
	0x78b0,0x78b5,0x78ba,0x78bf,0x87b0,0x87b5,0x87ba,0x87bf,
	0x4810,0x4815,0x481a,0x481f,0x5710,0x5715,0x571a,0x571f,
	0x7610,0x7615,0x761a,0x761f,0x8610,0x8615,0x861a,0x861f,
	0xa510,0xa515,0xa51a,0xa51f,0xb410,0xb415,0xb41a,0xb41f,
	0xc310,0xc315,0xc31a,0xc31f,0xe310,0xe315,0xe31a,0xe31f,
	0xf210,0xf215,0xf21a,0xf21f,0x1110,0x1115,0x111a,0x111f,
	0x2110,0x2115,0x211a,0x211f,0x3010,0x3015,0x301a,0x301f,
	0x5f10,0x5f15,0x5f1a,0x5f1f,0x6e10,0x6e15,0x6e1a,0x6e1f,
	0x8e10,0x8e15,0x8e1a,0x8e1f,0x9d10,0x9d15,0x9d1a,0x9d1f,
	0x4730,0x4735,0x473a,0x473f,0x5730,0x5735,0x573a,0x573f,
	0x7630,0x7635,0x763a,0x763f,0x8530,0x8535,0x853a,0x853f,
	0xa530,0xa535,0xa53a,0xa53f,0xb430,0xb435,0xb43a,0xb43f,
	0xc330,0xc335,0xc33a,0xc33f,0xe230,0xe235,0xe23a,0xe23f,
	0xf230,0xf235,0xf23a,0xf23f,0x1130,0x1135,0x113a,0x113f,
	0x2030,0x2035,0x203a,0x203f,0x3030,0x3035,0x303a,0x303f,
	0x5f30,0x5f35,0x5f3a,0x5f3f,0x6e30,0x6e35,0x6e3a,0x6e3f,
	0x8d30,0x8d35,0x8d3a,0x8d3f,0x9d30,0x9d35,0x9d3a,0x9d3f,
	0x4750,0x4755,0x475a,0x475f,0x5650,0x5655,0x565a,0x565f,
	0x7650,0x7655,0x765a,0x765f,0x8550,0x8555,0x855a,0x855f,
	0xa450,0xa455,0xa45a,0xa45f,0xb350,0xb355,0xb35a,0xb35f,
	0xc350,0xc355,0xc35a,0xc35f,0xe250,0xe255,0xe25a,0xe25f,
	0xf150,0xf155,0xf15a,0xf15f,0x1150,0x1155,0x115a,0x115f,
	0x2050,0x2055,0x205a,0x205f,0x3f50,0x3f55,0x3f5a,0x3f5f,
	0x5e50,0x5e55,0x5e5a,0x5e5f,0x6e50,0x6e55,0x6e5a,0x6e5f,
	0x8d50,0x8d55,0x8d5a,0x8d5f,0x9c50,0x9c55,0x9c5a,0x9c5f,
	0x4760,0x4765,0x476a,0x476f,0x5660,0x5665,0x566a,0x566f,
	0x7560,0x7565,0x756a,0x756f,0x8560,0x8565,0x856a,0x856f,
	0xa460,0xa465,0xa46a,0xa46f,0xb360,0xb365,0xb36a,0xb36f,
	0xc260,0xc265,0xc26a,0xc26f,0xe260,0xe265,0xe26a,0xe26f,
	0xf160,0xf165,0xf16a,0xf16f,0x1060,0x1065,0x106a,0x106f,
	0x2060,0x2065,0x206a,0x206f,0x3f60,0x3f65,0x3f6a,0x3f6f,
	0x5e60,0x5e65,0x5e6a,0x5e6f,0x6d60,0x6d65,0x6d6a,0x6d6f,
	0x8d60,0x8d65,0x8d6a,0x8d6f,0x9c60,0x9c65,0x9c6a,0x9c6f,
	0x4680,0x4685,0x468a,0x468f,0x5680,0x5685,0x568a,0x568f,
	0x7580,0x7585,0x758a,0x758f,0x8480,0x8485,0x848a,0x848f,
	0xa380,0xa385,0xa38a,0xa38f,0xb380,0xb385,0xb38a,0xb38f,
	0xc280,0xc285,0xc28a,0xc28f,0xe180,0xe185,0xe18a,0xe18f,
	0xf180,0xf185,0xf18a,0xf18f,0x1080,0x1085,0x108a,0x108f,
	0x2f80,0x2f85,0x2f8a,0x2f8f,0x3e80,0x3e85,0x3e8a,0x3e8f,
	0x5e80,0x5e85,0x5e8a,0x5e8f,0x6d80,0x6d85,0x6d8a,0x6d8f,
	0x8c80,0x8c85,0x8c8a,0x8c8f,0x9c80,0x9c85,0x9c8a,0x9c8f,
	0x46a0,0x46a5,0x46aa,0x46af,0x55a0,0x55a5,0x55aa,0x55af,
	0x75a0,0x75a5,0x75aa,0x75af,0x84a0,0x84a5,0x84aa,0x84af,
	0xa3a0,0xa3a5,0xa3aa,0xa3af,0xb2a0,0xb2a5,0xb2aa,0xb2af,
	0xc2a0,0xc2a5,0xc2aa,0xc2af,0xe1a0,0xe1a5,0xe1aa,0xe1af,
	0xf0a0,0xf0a5,0xf0aa,0xf0af,0x10a0,0x10a5,0x10aa,0x10af,
	0x2fa0,0x2fa5,0x2faa,0x2faf,0x3ea0,0x3ea5,0x3eaa,0x3eaf,
	0x5da0,0x5da5,0x5daa,0x5daf,0x6da0,0x6da5,0x6daa,0x6daf,
	0x8ca0,0x8ca5,0x8caa,0x8caf,0x9ba0,0x9ba5,0x9baa,0x9baf,
	0x46c0,0x46c5,0x46ca,0x46cf,0x55c0,0x55c5,0x55ca,0x55cf,
	0x74c0,0x74c5,0x74ca,0x74cf,0x84c0,0x84c5,0x84ca,0x84cf,
	0xa3c0,0xa3c5,0xa3ca,0xa3cf,0xb2c0,0xb2c5,0xb2ca,0xb2cf,
	0xc1c0,0xc1c5,0xc1ca,0xc1cf,0xe1c0,0xe1c5,0xe1ca,0xe1cf,
	0xf0c0,0xf0c5,0xf0ca,0xf0cf,0x1fc0,0x1fc5,0x1fca,0x1fcf,
	0x2fc0,0x2fc5,0x2fca,0x2fcf,0x3ec0,0x3ec5,0x3eca,0x3ecf,
	0x5dc0,0x5dc5,0x5dca,0x5dcf,0x6cc0,0x6cc5,0x6cca,0x6ccf,
	0x8cc0,0x8cc5,0x8cca,0x8ccf,0x9bc0,0x9bc5,0x9bca,0x9bcf,
	0x45d0,0x45d5,0x45da,0x45df,0x55d0,0x55d5,0x55da,0x55df,
	0x74d0,0x74d5,0x74da,0x74df,0x83d0,0x83d5,0x83da,0x83df,
	0xa2d0,0xa2d5,0xa2da,0xa2df,0xb2d0,0xb2d5,0xb2da,0xb2df,
	0xc1d0,0xc1d5,0xc1da,0xc1df,0xe0d0,0xe0d5,0xe0da,0xe0df,
	0xf0d0,0xf0d5,0xf0da,0xf0df,0x1fd0,0x1fd5,0x1fda,0x1fdf,
	0x2ed0,0x2ed5,0x2eda,0x2edf,0x3dd0,0x3dd5,0x3dda,0x3ddf,
	0x5dd0,0x5dd5,0x5dda,0x5ddf,0x6cd0,0x6cd5,0x6cda,0x6cdf,
	0x8bd0,0x8bd5,0x8bda,0x8bdf,0x9bd0,0x9bd5,0x9bda,0x9bdf,
	0x45f0,0x45f5,0x45fa,0x45ff,0x54f0,0x54f5,0x54fa,0x54ff,
	0x74f0,0x74f5,0x74fa,0x74ff,0x83f0,0x83f5,0x83fa,0x83ff,
	0xa2f0,0xa2f5,0xa2fa,0xa2ff,0xb1f0,0xb1f5,0xb1fa,0xb1ff,
	0xc1f0,0xc1f5,0xc1fa,0xc1ff,0xe0f0,0xe0f5,0xe0fa,0xe0ff,
	0xfff0,0xfff5,0xfffa,0xffff,0x1ff0,0x1ff5,0x1ffa,0x1fff,
	0x2ef0,0x2ef5,0x2efa,0x2eff,0x3df0,0x3df5,0x3dfa,0x3dff,
	0x5cf0,0x5cf5,0x5cfa,0x5cff,0x6cf0,0x6cf5,0x6cfa,0x6cff,
	0x8bf0,0x8bf5,0x8bfa,0x8bff,0x9af0,0x9af5,0x9afa,0x9aff,
	0x4510,0x4515,0x451a,0x451f,0x5410,0x5415,0x541a,0x541f,
	0x7310,0x7315,0x731a,0x731f,0x8210,0x8215,0x821a,0x821f,
	0xa210,0xa215,0xa21a,0xa21f,0xb110,0xb115,0xb11a,0xb11f,
	0xc010,0xc015,0xc01a,0xc01f,0xe010,0xe015,0xe01a,0xe01f,
	0xff10,0xff15,0xff1a,0xff1f,0x1e10,0x1e15,0x1e1a,0x1e1f,
	0x2d10,0x2d15,0x2d1a,0x2d1f,0x3d10,0x3d15,0x3d1a,0x3d1f,
	0x5c10,0x5c15,0x5c1a,0x5c1f,0x6b10,0x6b15,0x6b1a,0x6b1f,
	0x8b10,0x8b15,0x8b1a,0x8b1f,0x9a10,0x9a15,0x9a1a,0x9a1f,
	0x4430,0x4435,0x443a,0x443f,0x5430,0x5435,0x543a,0x543f,
	0x7330,0x7335,0x733a,0x733f,0x8230,0x8235,0x823a,0x823f,
	0xa130,0xa135,0xa13a,0xa13f,0xb130,0xb135,0xb13a,0xb13f,
	0xc030,0xc035,0xc03a,0xc03f,0xef30,0xef35,0xef3a,0xef3f,
	0xff30,0xff35,0xff3a,0xff3f,0x1e30,0x1e35,0x1e3a,0x1e3f,
	0x2d30,0x2d35,0x2d3a,0x2d3f,0x3c30,0x3c35,0x3c3a,0x3c3f,
	0x5c30,0x5c35,0x5c3a,0x5c3f,0x6b30,0x6b35,0x6b3a,0x6b3f,
	0x8a30,0x8a35,0x8a3a,0x8a3f,0x9a30,0x9a35,0x9a3a,0x9a3f,
	0x4450,0x4455,0x445a,0x445f,0x5350,0x5355,0x535a,0x535f,
	0x7350,0x7355,0x735a,0x735f,0x8250,0x8255,0x825a,0x825f,
	0xa150,0xa155,0xa15a,0xa15f,0xb050,0xb055,0xb05a,0xb05f,
	0xc050,0xc055,0xc05a,0xc05f,0xef50,0xef55,0xef5a,0xef5f,
	0xfe50,0xfe55,0xfe5a,0xfe5f,0x1e50,0x1e55,0x1e5a,0x1e5f,
	0x2d50,0x2d55,0x2d5a,0x2d5f,0x3c50,0x3c55,0x3c5a,0x3c5f,
	0x5b50,0x5b55,0x5b5a,0x5b5f,0x6b50,0x6b55,0x6b5a,0x6b5f,
	0x8a50,0x8a55,0x8a5a,0x8a5f,0x9950,0x9955,0x995a,0x995f,
	0x4460,0x4465,0x446a,0x446f,0x5360,0x5365,0x536a,0x536f,
	0x7260,0x7265,0x726a,0x726f,0x8160,0x8165,0x816a,0x816f,
	0xa160,0xa165,0xa16a,0xa16f,0xb060,0xb065,0xb06a,0xb06f,
	0xcf60,0xcf65,0xcf6a,0xcf6f,0xef60,0xef65,0xef6a,0xef6f,
	0xfe60,0xfe65,0xfe6a,0xfe6f,0x1d60,0x1d65,0x1d6a,0x1d6f,
	0x2c60,0x2c65,0x2c6a,0x2c6f,0x3c60,0x3c65,0x3c6a,0x3c6f,
	0x5b60,0x5b65,0x5b6a,0x5b6f,0x6a60,0x6a65,0x6a6a,0x6a6f,
	0x8a60,0x8a65,0x8a6a,0x8a6f,0x9960,0x9965,0x996a,0x996f,
	0x4380,0x4385,0x438a,0x438f,0x5380,0x5385,0x538a,0x538f,
	0x7280,0x7285,0x728a,0x728f,0x8180,0x8185,0x818a,0x818f,
	0xa080,0xa085,0xa08a,0xa08f,0xb080,0xb085,0xb08a,0xb08f,
	0xcf80,0xcf85,0xcf8a,0xcf8f,0xee80,0xee85,0xee8a,0xee8f,
	0xfe80,0xfe85,0xfe8a,0xfe8f,0x1d80,0x1d85,0x1d8a,0x1d8f,
	0x2c80,0x2c85,0x2c8a,0x2c8f,0x3b80,0x3b85,0x3b8a,0x3b8f,
	0x5b80,0x5b85,0x5b8a,0x5b8f,0x6a80,0x6a85,0x6a8a,0x6a8f,
	0x8980,0x8985,0x898a,0x898f,0x9980,0x9985,0x998a,0x998f,
	0x43a0,0x43a5,0x43aa,0x43af,0x52a0,0x52a5,0x52aa,0x52af,
	0x71a0,0x71a5,0x71aa,0x71af,0x81a0,0x81a5,0x81aa,0x81af,
	0xa0a0,0xa0a5,0xa0aa,0xa0af,0xbfa0,0xbfa5,0xbfaa,0xbfaf,
	0xcfa0,0xcfa5,0xcfaa,0xcfaf,0xeea0,0xeea5,0xeeaa,0xeeaf,
	0xfda0,0xfda5,0xfdaa,0xfdaf,0x1ca0,0x1ca5,0x1caa,0x1caf,
	0x2ca0,0x2ca5,0x2caa,0x2caf,0x3ba0,0x3ba5,0x3baa,0x3baf,
	0x5aa0,0x5aa5,0x5aaa,0x5aaf,0x6aa0,0x6aa5,0x6aaa,0x6aaf,
	0x89a0,0x89a5,0x89aa,0x89af,0x98a0,0x98a5,0x98aa,0x98af,
	0x43c0,0x43c5,0x43ca,0x43cf,0x52c0,0x52c5,0x52ca,0x52cf,
	0x71c0,0x71c5,0x71ca,0x71cf,0x80c0,0x80c5,0x80ca,0x80cf,
	0xa0c0,0xa0c5,0xa0ca,0xa0cf,0xbfc0,0xbfc5,0xbfca,0xbfcf,
	0xcec0,0xcec5,0xceca,0xcecf,0xeec0,0xeec5,0xeeca,0xeecf,
	0xfdc0,0xfdc5,0xfdca,0xfdcf,0x1cc0,0x1cc5,0x1cca,0x1ccf,
	0x2bc0,0x2bc5,0x2bca,0x2bcf,0x3bc0,0x3bc5,0x3bca,0x3bcf,
	0x5ac0,0x5ac5,0x5aca,0x5acf,0x69c0,0x69c5,0x69ca,0x69cf,
	0x89c0,0x89c5,0x89ca,0x89cf,0x98c0,0x98c5,0x98ca,0x98cf,
};
#endif
	
#if (YCbCrCount==15)
u16 YCbCr2RGB[32*1024]= {
	0x5820,0x5825,0x582a,0x582f,0x6820,0x6825,0x682a,0x682f,
	0x7720,0x7725,0x772a,0x772f,0x9620,0x9625,0x962a,0x962f,
	0xa520,0xa525,0xa52a,0xa52f,0xc520,0xc525,0xc52a,0xc52f,
	0xd420,0xd425,0xd42a,0xd42f,0xe320,0xe325,0xe32a,0xe32f,
	0x0320,0x0325,0x032a,0x032f,0x1220,0x1225,0x122a,0x122f,
	0x3120,0x3125,0x312a,0x312f,0x4020,0x4025,0x402a,0x402f,
	0x5020,0x5025,0x502a,0x502f,0x7f20,0x7f25,0x7f2a,0x7f2f,
	0x8e20,0x8e25,0x8e2a,0x8e2f,0xae20,0xae25,0xae2a,0xae2f,
	0x5830,0x5835,0x583a,0x583f,0x6730,0x6735,0x673a,0x673f,
	0x7630,0x7635,0x763a,0x763f,0x9630,0x9635,0x963a,0x963f,
	0xa530,0xa535,0xa53a,0xa53f,0xc430,0xc435,0xc43a,0xc43f,
	0xd430,0xd435,0xd43a,0xd43f,0xe330,0xe335,0xe33a,0xe33f,
	0x0230,0x0235,0x023a,0x023f,0x1130,0x1135,0x113a,0x113f,
	0x3130,0x3135,0x313a,0x313f,0x4030,0x4035,0x403a,0x403f,
	0x5f30,0x5f35,0x5f3a,0x5f3f,0x7f30,0x7f35,0x7f3a,0x7f3f,
	0x8e30,0x8e35,0x8e3a,0x8e3f,0xad30,0xad35,0xad3a,0xad3f,
	0x5850,0x5855,0x585a,0x585f,0x6750,0x6755,0x675a,0x675f,
	0x7650,0x7655,0x765a,0x765f,0x9550,0x9555,0x955a,0x955f,
	0xa550,0xa555,0xa55a,0xa55f,0xc450,0xc455,0xc45a,0xc45f,
	0xd350,0xd355,0xd35a,0xd35f,0xe350,0xe355,0xe35a,0xe35f,
	0x0250,0x0255,0x025a,0x025f,0x1150,0x1155,0x115a,0x115f,
	0x3050,0x3055,0x305a,0x305f,0x4050,0x4055,0x405a,0x405f,
	0x5f50,0x5f55,0x5f5a,0x5f5f,0x7e50,0x7e55,0x7e5a,0x7e5f,
	0x8e50,0x8e55,0x8e5a,0x8e5f,0xad50,0xad55,0xad5a,0xad5f,
	0x5770,0x5775,0x577a,0x577f,0x6670,0x6675,0x667a,0x667f,
	0x7670,0x7675,0x767a,0x767f,0x9570,0x9575,0x957a,0x957f,
	0xa470,0xa475,0xa47a,0xa47f,0xc470,0xc475,0xc47a,0xc47f,
	0xd370,0xd375,0xd37a,0xd37f,0xe270,0xe275,0xe27a,0xe27f,
	0x0170,0x0175,0x017a,0x017f,0x1170,0x1175,0x117a,0x117f,
	0x3070,0x3075,0x307a,0x307f,0x4f70,0x4f75,0x4f7a,0x4f7f,
	0x5f70,0x5f75,0x5f7a,0x5f7f,0x7e70,0x7e75,0x7e7a,0x7e7f,
	0x8d70,0x8d75,0x8d7a,0x8d7f,0xad70,0xad75,0xad7a,0xad7f,
	0x5790,0x5795,0x579a,0x579f,0x6690,0x6695,0x669a,0x669f,
	0x7590,0x7595,0x759a,0x759f,0x9590,0x9595,0x959a,0x959f,
	0xa490,0xa495,0xa49a,0xa49f,0xc390,0xc395,0xc39a,0xc39f,
	0xd390,0xd395,0xd39a,0xd39f,0xe290,0xe295,0xe29a,0xe29f,
	0x0190,0x0195,0x019a,0x019f,0x1090,0x1095,0x109a,0x109f,
	0x3090,0x3095,0x309a,0x309f,0x4f90,0x4f95,0x4f9a,0x4f9f,
	0x5e90,0x5e95,0x5e9a,0x5e9f,0x7e90,0x7e95,0x7e9a,0x7e9f,
	0x8d90,0x8d95,0x8d9a,0x8d9f,0xac90,0xac95,0xac9a,0xac9f,
	0x56a0,0x56a5,0x56aa,0x56af,0x66a0,0x66a5,0x66aa,0x66af,
	0x75a0,0x75a5,0x75aa,0x75af,0x94a0,0x94a5,0x94aa,0x94af,
	0xa4a0,0xa4a5,0xa4aa,0xa4af,0xc3a0,0xc3a5,0xc3aa,0xc3af,
	0xd2a0,0xd2a5,0xd2aa,0xd2af,0xe1a0,0xe1a5,0xe1aa,0xe1af,
	0x01a0,0x01a5,0x01aa,0x01af,0x10a0,0x10a5,0x10aa,0x10af,
	0x3fa0,0x3fa5,0x3faa,0x3faf,0x4fa0,0x4fa5,0x4faa,0x4faf,
	0x5ea0,0x5ea5,0x5eaa,0x5eaf,0x7da0,0x7da5,0x7daa,0x7daf,
	0x8da0,0x8da5,0x8daa,0x8daf,0xaca0,0xaca5,0xacaa,0xacaf,
	0x56c0,0x56c5,0x56ca,0x56cf,0x65c0,0x65c5,0x65ca,0x65cf,
	0x75c0,0x75c5,0x75ca,0x75cf,0x94c0,0x94c5,0x94ca,0x94cf,
	0xa3c0,0xa3c5,0xa3ca,0xa3cf,0xc3c0,0xc3c5,0xc3ca,0xc3cf,
	0xd2c0,0xd2c5,0xd2ca,0xd2cf,0xe1c0,0xe1c5,0xe1ca,0xe1cf,
	0x00c0,0x00c5,0x00ca,0x00cf,0x10c0,0x10c5,0x10ca,0x10cf,
	0x3fc0,0x3fc5,0x3fca,0x3fcf,0x4ec0,0x4ec5,0x4eca,0x4ecf,
	0x5ec0,0x5ec5,0x5eca,0x5ecf,0x7dc0,0x7dc5,0x7dca,0x7dcf,
	0x8cc0,0x8cc5,0x8cca,0x8ccf,0xacc0,0xacc5,0xacca,0xaccf,
	0x56e0,0x56e5,0x56ea,0x56ef,0x65e0,0x65e5,0x65ea,0x65ef,
	0x74e0,0x74e5,0x74ea,0x74ef,0x94e0,0x94e5,0x94ea,0x94ef,
	0xa3e0,0xa3e5,0xa3ea,0xa3ef,0xc2e0,0xc2e5,0xc2ea,0xc2ef,
	0xd2e0,0xd2e5,0xd2ea,0xd2ef,0xe1e0,0xe1e5,0xe1ea,0xe1ef,
	0x00e0,0x00e5,0x00ea,0x00ef,0x1fe0,0x1fe5,0x1fea,0x1fef,
	0x3fe0,0x3fe5,0x3fea,0x3fef,0x4ee0,0x4ee5,0x4eea,0x4eef,
	0x5de0,0x5de5,0x5dea,0x5def,0x7de0,0x7de5,0x7dea,0x7def,
	0x8ce0,0x8ce5,0x8cea,0x8cef,0xabe0,0xabe5,0xabea,0xabef,
	0x5500,0x5505,0x550a,0x550f,0x6500,0x6505,0x650a,0x650f,
	0x7400,0x7405,0x740a,0x740f,0x9300,0x9305,0x930a,0x930f,
	0xa300,0xa305,0xa30a,0xa30f,0xc200,0xc205,0xc20a,0xc20f,
	0xd100,0xd105,0xd10a,0xd10f,0xe000,0xe005,0xe00a,0xe00f,
	0x0000,0x0005,0x000a,0x000f,0x1f00,0x1f05,0x1f0a,0x1f0f,
	0x3e00,0x3e05,0x3e0a,0x3e0f,0x4e00,0x4e05,0x4e0a,0x4e0f,
	0x5d00,0x5d05,0x5d0a,0x5d0f,0x7c00,0x7c05,0x7c0a,0x7c0f,
	0x8c00,0x8c05,0x8c0a,0x8c0f,0xab00,0xab05,0xab0a,0xab0f,
	0x5520,0x5525,0x552a,0x552f,0x6420,0x6425,0x642a,0x642f,
	0x7420,0x7425,0x742a,0x742f,0x9320,0x9325,0x932a,0x932f,
	0xa220,0xa225,0xa22a,0xa22f,0xc220,0xc225,0xc22a,0xc22f,
	0xd120,0xd125,0xd12a,0xd12f,0xe020,0xe025,0xe02a,0xe02f,
	0x0f20,0x0f25,0x0f2a,0x0f2f,0x1f20,0x1f25,0x1f2a,0x1f2f,
	0x3e20,0x3e25,0x3e2a,0x3e2f,0x4d20,0x4d25,0x4d2a,0x4d2f,
	0x5d20,0x5d25,0x5d2a,0x5d2f,0x7c20,0x7c25,0x7c2a,0x7c2f,
	0x8b20,0x8b25,0x8b2a,0x8b2f,0xaa20,0xaa25,0xaa2a,0xaa2f,
	0x5530,0x5535,0x553a,0x553f,0x6430,0x6435,0x643a,0x643f,
	0x7330,0x7335,0x733a,0x733f,0x9330,0x9335,0x933a,0x933f,
	0xa230,0xa235,0xa23a,0xa23f,0xc130,0xc135,0xc13a,0xc13f,
	0xd030,0xd035,0xd03a,0xd03f,0xe030,0xe035,0xe03a,0xe03f,
	0x0f30,0x0f35,0x0f3a,0x0f3f,0x1e30,0x1e35,0x1e3a,0x1e3f,
	0x3e30,0x3e35,0x3e3a,0x3e3f,0x4d30,0x4d35,0x4d3a,0x4d3f,
	0x5c30,0x5c35,0x5c3a,0x5c3f,0x7c30,0x7c35,0x7c3a,0x7c3f,
	0x8b30,0x8b35,0x8b3a,0x8b3f,0xaa30,0xaa35,0xaa3a,0xaa3f,
	0x5450,0x5455,0x545a,0x545f,0x6450,0x6455,0x645a,0x645f,
	0x7350,0x7355,0x735a,0x735f,0x9250,0x9255,0x925a,0x925f,
	0xa250,0xa255,0xa25a,0xa25f,0xc150,0xc155,0xc15a,0xc15f,
	0xd050,0xd055,0xd05a,0xd05f,0xef50,0xef55,0xef5a,0xef5f,
	0x0f50,0x0f55,0x0f5a,0x0f5f,0x1e50,0x1e55,0x1e5a,0x1e5f,
	0x3d50,0x3d55,0x3d5a,0x3d5f,0x4d50,0x4d55,0x4d5a,0x4d5f,
	0x5c50,0x5c55,0x5c5a,0x5c5f,0x7b50,0x7b55,0x7b5a,0x7b5f,
	0x8a50,0x8a55,0x8a5a,0x8a5f,0xaa50,0xaa55,0xaa5a,0xaa5f,
	0x5470,0x5475,0x547a,0x547f,0x6370,0x6375,0x637a,0x637f,
	0x7370,0x7375,0x737a,0x737f,0x9270,0x9275,0x927a,0x927f,
	0xa170,0xa175,0xa17a,0xa17f,0xc170,0xc175,0xc17a,0xc17f,
	0xd070,0xd075,0xd07a,0xd07f,0xef70,0xef75,0xef7a,0xef7f,
	0x0e70,0x0e75,0x0e7a,0x0e7f,0x1e70,0x1e75,0x1e7a,0x1e7f,
	0x3d70,0x3d75,0x3d7a,0x3d7f,0x4c70,0x4c75,0x4c7a,0x4c7f,
	0x5c70,0x5c75,0x5c7a,0x5c7f,0x7b70,0x7b75,0x7b7a,0x7b7f,
	0x8a70,0x8a75,0x8a7a,0x8a7f,0xa970,0xa975,0xa97a,0xa97f,
	0x5490,0x5495,0x549a,0x549f,0x6390,0x6395,0x639a,0x639f,
	0x7290,0x7295,0x729a,0x729f,0x9290,0x9295,0x929a,0x929f,
	0xa190,0xa195,0xa19a,0xa19f,0xc090,0xc095,0xc09a,0xc09f,
	0xd090,0xd095,0xd09a,0xd09f,0xef90,0xef95,0xef9a,0xef9f,
	0x0e90,0x0e95,0x0e9a,0x0e9f,0x1d90,0x1d95,0x1d9a,0x1d9f,
	0x3d90,0x3d95,0x3d9a,0x3d9f,0x4c90,0x4c95,0x4c9a,0x4c9f,
	0x5b90,0x5b95,0x5b9a,0x5b9f,0x7b90,0x7b95,0x7b9a,0x7b9f,
	0x8a90,0x8a95,0x8a9a,0x8a9f,0xa990,0xa995,0xa99a,0xa99f,
	0x53a0,0x53a5,0x53aa,0x53af,0x63a0,0x63a5,0x63aa,0x63af,
	0x72a0,0x72a5,0x72aa,0x72af,0x91a0,0x91a5,0x91aa,0x91af,
	0xa1a0,0xa1a5,0xa1aa,0xa1af,0xc0a0,0xc0a5,0xc0aa,0xc0af,
	0xdfa0,0xdfa5,0xdfaa,0xdfaf,0xeea0,0xeea5,0xeeaa,0xeeaf,
	0x0ea0,0x0ea5,0x0eaa,0x0eaf,0x1da0,0x1da5,0x1daa,0x1daf,
	0x3ca0,0x3ca5,0x3caa,0x3caf,0x4ca0,0x4ca5,0x4caa,0x4caf,
	0x5ba0,0x5ba5,0x5baa,0x5baf,0x7aa0,0x7aa5,0x7aaa,0x7aaf,
	0x89a0,0x89a5,0x89aa,0x89af,0xa9a0,0xa9a5,0xa9aa,0xa9af,
	0x53c0,0x53c5,0x53ca,0x53cf,0x62c0,0x62c5,0x62ca,0x62cf,
	0x72c0,0x72c5,0x72ca,0x72cf,0x91c0,0x91c5,0x91ca,0x91cf,
	0xa0c0,0xa0c5,0xa0ca,0xa0cf,0xc0c0,0xc0c5,0xc0ca,0xc0cf,
	0xdfc0,0xdfc5,0xdfca,0xdfcf,0xeec0,0xeec5,0xeeca,0xeecf,
	0x0dc0,0x0dc5,0x0dca,0x0dcf,0x1dc0,0x1dc5,0x1dca,0x1dcf,
	0x3cc0,0x3cc5,0x3cca,0x3ccf,0x4bc0,0x4bc5,0x4bca,0x4bcf,
	0x5bc0,0x5bc5,0x5bca,0x5bcf,0x7ac0,0x7ac5,0x7aca,0x7acf,
	0x89c0,0x89c5,0x89ca,0x89cf,0xa8c0,0xa8c5,0xa8ca,0xa8cf,
	0x5920,0x5925,0x592a,0x592f,0x6820,0x6825,0x682a,0x682f,
	0x8720,0x8725,0x872a,0x872f,0x9720,0x9725,0x972a,0x972f,
	0xb620,0xb625,0xb62a,0xb62f,0xc520,0xc525,0xc52a,0xc52f,
	0xe420,0xe425,0xe42a,0xe42f,0xf420,0xf425,0xf42a,0xf42f,
	0x0320,0x0325,0x032a,0x032f,0x2220,0x2225,0x222a,0x222f,
	0x3220,0x3225,0x322a,0x322f,0x4120,0x4125,0x412a,0x412f,
	0x6020,0x6025,0x602a,0x602f,0x7f20,0x7f25,0x7f2a,0x7f2f,
	0x9f20,0x9f25,0x9f2a,0x9f2f,0xae20,0xae25,0xae2a,0xae2f,
	0x5840,0x5845,0x584a,0x584f,0x6840,0x6845,0x684a,0x684f,
	0x8740,0x8745,0x874a,0x874f,0x9640,0x9645,0x964a,0x964f,
	0xb640,0xb645,0xb64a,0xb64f,0xc540,0xc545,0xc54a,0xc54f,
	0xe440,0xe445,0xe44a,0xe44f,0xf340,0xf345,0xf34a,0xf34f,
	0x0340,0x0345,0x034a,0x034f,0x2240,0x2245,0x224a,0x224f,
	0x3140,0x3145,0x314a,0x314f,0x4140,0x4145,0x414a,0x414f,
	0x6040,0x6045,0x604a,0x604f,0x7f40,0x7f45,0x7f4a,0x7f4f,
	0x9e40,0x9e45,0x9e4a,0x9e4f,0xae40,0xae45,0xae4a,0xae4f,
	0x5860,0x5865,0x586a,0x586f,0x6760,0x6765,0x676a,0x676f,
	0x8760,0x8765,0x876a,0x876f,0x9660,0x9665,0x966a,0x966f,
	0xb560,0xb565,0xb56a,0xb56f,0xc460,0xc465,0xc46a,0xc46f,
	0xe460,0xe465,0xe46a,0xe46f,0xf360,0xf365,0xf36a,0xf36f,
	0x0260,0x0265,0x026a,0x026f,0x2260,0x2265,0x226a,0x226f,
	0x3160,0x3165,0x316a,0x316f,0x4060,0x4065,0x406a,0x406f,
	0x6060,0x6065,0x606a,0x606f,0x7f60,0x7f65,0x7f6a,0x7f6f,
	0x9e60,0x9e65,0x9e6a,0x9e6f,0xad60,0xad65,0xad6a,0xad6f,
	0x5870,0x5875,0x587a,0x587f,0x6770,0x6775,0x677a,0x677f,
	0x8670,0x8675,0x867a,0x867f,0x9670,0x9675,0x967a,0x967f,
	0xb570,0xb575,0xb57a,0xb57f,0xc470,0xc475,0xc47a,0xc47f,
	0xe370,0xe375,0xe37a,0xe37f,0xf370,0xf375,0xf37a,0xf37f,
	0x0270,0x0275,0x027a,0x027f,0x2170,0x2175,0x217a,0x217f,
	0x3170,0x3175,0x317a,0x317f,0x4070,0x4075,0x407a,0x407f,
	0x6f70,0x6f75,0x6f7a,0x6f7f,0x7e70,0x7e75,0x7e7a,0x7e7f,
	0x9e70,0x9e75,0x9e7a,0x9e7f,0xad70,0xad75,0xad7a,0xad7f,
	0x5790,0x5795,0x579a,0x579f,0x6790,0x6795,0x679a,0x679f,
	0x8690,0x8695,0x869a,0x869f,0x9590,0x9595,0x959a,0x959f,
	0xb490,0xb495,0xb49a,0xb49f,0xc490,0xc495,0xc49a,0xc49f,
	0xe390,0xe395,0xe39a,0xe39f,0xf290,0xf295,0xf29a,0xf29f,
	0x0290,0x0295,0x029a,0x029f,0x2190,0x2195,0x219a,0x219f,
	0x3090,0x3095,0x309a,0x309f,0x4090,0x4095,0x409a,0x409f,
	0x6f90,0x6f95,0x6f9a,0x6f9f,0x7e90,0x7e95,0x7e9a,0x7e9f,
	0x9d90,0x9d95,0x9d9a,0x9d9f,0xad90,0xad95,0xad9a,0xad9f,
	0x57b0,0x57b5,0x57ba,0x57bf,0x66b0,0x66b5,0x66ba,0x66bf,
	0x86b0,0x86b5,0x86ba,0x86bf,0x95b0,0x95b5,0x95ba,0x95bf,
	0xb4b0,0xb4b5,0xb4ba,0xb4bf,0xc3b0,0xc3b5,0xc3ba,0xc3bf,
	0xe3b0,0xe3b5,0xe3ba,0xe3bf,0xf2b0,0xf2b5,0xf2ba,0xf2bf,
	0x01b0,0x01b5,0x01ba,0x01bf,0x21b0,0x21b5,0x21ba,0x21bf,
	0x30b0,0x30b5,0x30ba,0x30bf,0x4fb0,0x4fb5,0x4fba,0x4fbf,
	0x6eb0,0x6eb5,0x6eba,0x6ebf,0x7eb0,0x7eb5,0x7eba,0x7ebf,
	0x9db0,0x9db5,0x9dba,0x9dbf,0xacb0,0xacb5,0xacba,0xacbf,
	0x57d0,0x57d5,0x57da,0x57df,0x66d0,0x66d5,0x66da,0x66df,
	0x85d0,0x85d5,0x85da,0x85df,0x95d0,0x95d5,0x95da,0x95df,
	0xb4d0,0xb4d5,0xb4da,0xb4df,0xc3d0,0xc3d5,0xc3da,0xc3df,
	0xe2d0,0xe2d5,0xe2da,0xe2df,0xf2d0,0xf2d5,0xf2da,0xf2df,
	0x01d0,0x01d5,0x01da,0x01df,0x20d0,0x20d5,0x20da,0x20df,
	0x30d0,0x30d5,0x30da,0x30df,0x4fd0,0x4fd5,0x4fda,0x4fdf,
	0x6ed0,0x6ed5,0x6eda,0x6edf,0x7dd0,0x7dd5,0x7dda,0x7ddf,
	0x9dd0,0x9dd5,0x9dda,0x9ddf,0xacd0,0xacd5,0xacda,0xacdf,
	0x56f0,0x56f5,0x56fa,0x56ff,0x66f0,0x66f5,0x66fa,0x66ff,
	0x85f0,0x85f5,0x85fa,0x85ff,0x94f0,0x94f5,0x94fa,0x94ff,
	0xb3f0,0xb3f5,0xb3fa,0xb3ff,0xc3f0,0xc3f5,0xc3fa,0xc3ff,
	0xe2f0,0xe2f5,0xe2fa,0xe2ff,0xf1f0,0xf1f5,0xf1fa,0xf1ff,
	0x01f0,0x01f5,0x01fa,0x01ff,0x20f0,0x20f5,0x20fa,0x20ff,
	0x3ff0,0x3ff5,0x3ffa,0x3fff,0x4ff0,0x4ff5,0x4ffa,0x4fff,
	0x6ef0,0x6ef5,0x6efa,0x6eff,0x7df0,0x7df5,0x7dfa,0x7dff,
	0x9cf0,0x9cf5,0x9cfa,0x9cff,0xacf0,0xacf5,0xacfa,0xacff,
	0x5600,0x5605,0x560a,0x560f,0x6500,0x6505,0x650a,0x650f,
	0x8500,0x8505,0x850a,0x850f,0x9400,0x9405,0x940a,0x940f,
	0xb300,0xb305,0xb30a,0xb30f,0xc200,0xc205,0xc20a,0xc20f,
	0xe200,0xe205,0xe20a,0xe20f,0xf100,0xf105,0xf10a,0xf10f,
	0x0000,0x0005,0x000a,0x000f,0x2000,0x2005,0x200a,0x200f,
	0x3f00,0x3f05,0x3f0a,0x3f0f,0x4e00,0x4e05,0x4e0a,0x4e0f,
	0x6d00,0x6d05,0x6d0a,0x6d0f,0x7d00,0x7d05,0x7d0a,0x7d0f,
	0x9c00,0x9c05,0x9c0a,0x9c0f,0xab00,0xab05,0xab0a,0xab0f,
	0x5620,0x5625,0x562a,0x562f,0x6520,0x6525,0x652a,0x652f,
	0x8420,0x8425,0x842a,0x842f,0x9320,0x9325,0x932a,0x932f,
	0xb320,0xb325,0xb32a,0xb32f,0xc220,0xc225,0xc22a,0xc22f,
	0xe120,0xe125,0xe12a,0xe12f,0xf120,0xf125,0xf12a,0xf12f,
	0x0020,0x0025,0x002a,0x002f,0x2f20,0x2f25,0x2f2a,0x2f2f,
	0x3f20,0x3f25,0x3f2a,0x3f2f,0x4e20,0x4e25,0x4e2a,0x4e2f,
	0x6d20,0x6d25,0x6d2a,0x6d2f,0x7c20,0x7c25,0x7c2a,0x7c2f,
	0x9c20,0x9c25,0x9c2a,0x9c2f,0xab20,0xab25,0xab2a,0xab2f,
	0x5540,0x5545,0x554a,0x554f,0x6540,0x6545,0x654a,0x654f,
	0x8440,0x8445,0x844a,0x844f,0x9340,0x9345,0x934a,0x934f,
	0xb240,0xb245,0xb24a,0xb24f,0xc240,0xc245,0xc24a,0xc24f,
	0xe140,0xe145,0xe14a,0xe14f,0xf040,0xf045,0xf04a,0xf04f,
	0x0040,0x0045,0x004a,0x004f,0x2f40,0x2f45,0x2f4a,0x2f4f,
	0x3e40,0x3e45,0x3e4a,0x3e4f,0x4d40,0x4d45,0x4d4a,0x4d4f,
	0x6d40,0x6d45,0x6d4a,0x6d4f,0x7c40,0x7c45,0x7c4a,0x7c4f,
	0x9b40,0x9b45,0x9b4a,0x9b4f,0xab40,0xab45,0xab4a,0xab4f,
	0x5560,0x5565,0x556a,0x556f,0x6460,0x6465,0x646a,0x646f,
	0x8460,0x8465,0x846a,0x846f,0x9360,0x9365,0x936a,0x936f,
	0xb260,0xb265,0xb26a,0xb26f,0xc160,0xc165,0xc16a,0xc16f,
	0xe160,0xe165,0xe16a,0xe16f,0xf060,0xf065,0xf06a,0xf06f,
	0x0f60,0x0f65,0x0f6a,0x0f6f,0x2f60,0x2f65,0x2f6a,0x2f6f,
	0x3e60,0x3e65,0x3e6a,0x3e6f,0x4d60,0x4d65,0x4d6a,0x4d6f,
	0x6c60,0x6c65,0x6c6a,0x6c6f,0x7c60,0x7c65,0x7c6a,0x7c6f,
	0x9b60,0x9b65,0x9b6a,0x9b6f,0xaa60,0xaa65,0xaa6a,0xaa6f,
	0x5570,0x5575,0x557a,0x557f,0x6470,0x6475,0x647a,0x647f,
	0x8370,0x8375,0x837a,0x837f,0x9270,0x9275,0x927a,0x927f,
	0xb270,0xb275,0xb27a,0xb27f,0xc170,0xc175,0xc17a,0xc17f,
	0xe070,0xe075,0xe07a,0xe07f,0xf070,0xf075,0xf07a,0xf07f,
	0x0f70,0x0f75,0x0f7a,0x0f7f,0x2e70,0x2e75,0x2e7a,0x2e7f,
	0x3e70,0x3e75,0x3e7a,0x3e7f,0x4d70,0x4d75,0x4d7a,0x4d7f,
	0x6c70,0x6c75,0x6c7a,0x6c7f,0x7b70,0x7b75,0x7b7a,0x7b7f,
	0x9b70,0x9b75,0x9b7a,0x9b7f,0xaa70,0xaa75,0xaa7a,0xaa7f,
	0x5490,0x5495,0x549a,0x549f,0x6490,0x6495,0x649a,0x649f,
	0x8390,0x8395,0x839a,0x839f,0x9290,0x9295,0x929a,0x929f,
	0xb190,0xb195,0xb19a,0xb19f,0xc190,0xc195,0xc19a,0xc19f,
	0xe090,0xe095,0xe09a,0xe09f,0xff90,0xff95,0xff9a,0xff9f,
	0x0f90,0x0f95,0x0f9a,0x0f9f,0x2e90,0x2e95,0x2e9a,0x2e9f,
	0x3d90,0x3d95,0x3d9a,0x3d9f,0x4c90,0x4c95,0x4c9a,0x4c9f,
	0x6c90,0x6c95,0x6c9a,0x6c9f,0x7b90,0x7b95,0x7b9a,0x7b9f,
	0x9a90,0x9a95,0x9a9a,0x9a9f,0xaa90,0xaa95,0xaa9a,0xaa9f,
	0x54b0,0x54b5,0x54ba,0x54bf,0x63b0,0x63b5,0x63ba,0x63bf,
	0x82b0,0x82b5,0x82ba,0x82bf,0x92b0,0x92b5,0x92ba,0x92bf,
	0xb1b0,0xb1b5,0xb1ba,0xb1bf,0xc0b0,0xc0b5,0xc0ba,0xc0bf,
	0xe0b0,0xe0b5,0xe0ba,0xe0bf,0xffb0,0xffb5,0xffba,0xffbf,
	0x0eb0,0x0eb5,0x0eba,0x0ebf,0x2eb0,0x2eb5,0x2eba,0x2ebf,
	0x3db0,0x3db5,0x3dba,0x3dbf,0x4cb0,0x4cb5,0x4cba,0x4cbf,
	0x6bb0,0x6bb5,0x6bba,0x6bbf,0x7bb0,0x7bb5,0x7bba,0x7bbf,
	0x9ab0,0x9ab5,0x9aba,0x9abf,0xa9b0,0xa9b5,0xa9ba,0xa9bf,
	0x54d0,0x54d5,0x54da,0x54df,0x63d0,0x63d5,0x63da,0x63df,
	0x82d0,0x82d5,0x82da,0x82df,0x91d0,0x91d5,0x91da,0x91df,
	0xb1d0,0xb1d5,0xb1da,0xb1df,0xc0d0,0xc0d5,0xc0da,0xc0df,
	0xefd0,0xefd5,0xefda,0xefdf,0xffd0,0xffd5,0xffda,0xffdf,
	0x0ed0,0x0ed5,0x0eda,0x0edf,0x2dd0,0x2dd5,0x2dda,0x2ddf,
	0x3cd0,0x3cd5,0x3cda,0x3cdf,0x4cd0,0x4cd5,0x4cda,0x4cdf,
	0x6bd0,0x6bd5,0x6bda,0x6bdf,0x7ad0,0x7ad5,0x7ada,0x7adf,
	0x9ad0,0x9ad5,0x9ada,0x9adf,0xa9d0,0xa9d5,0xa9da,0xa9df,
	0x6930,0x6935,0x693a,0x693f,0x7930,0x7935,0x793a,0x793f,
	0x8830,0x8835,0x883a,0x883f,0xa730,0xa735,0xa73a,0xa73f,
	0xb630,0xb635,0xb63a,0xb63f,0xd630,0xd635,0xd63a,0xd63f,
	0xe530,0xe535,0xe53a,0xe53f,0xf430,0xf435,0xf43a,0xf43f,
	0x1430,0x1435,0x143a,0x143f,0x2330,0x2335,0x233a,0x233f,
	0x4230,0x4235,0x423a,0x423f,0x5130,0x5135,0x513a,0x513f,
	0x6130,0x6135,0x613a,0x613f,0x8030,0x8035,0x803a,0x803f,
	0x9f30,0x9f35,0x9f3a,0x9f3f,0xbf30,0xbf35,0xbf3a,0xbf3f,
	0x6940,0x6945,0x694a,0x694f,0x7840,0x7845,0x784a,0x784f,
	0x8740,0x8745,0x874a,0x874f,0xa740,0xa745,0xa74a,0xa74f,
	0xb640,0xb645,0xb64a,0xb64f,0xd540,0xd545,0xd54a,0xd54f,
	0xe540,0xe545,0xe54a,0xe54f,0xf440,0xf445,0xf44a,0xf44f,
	0x1340,0x1345,0x134a,0x134f,0x2240,0x2245,0x224a,0x224f,
	0x4240,0x4245,0x424a,0x424f,0x5140,0x5145,0x514a,0x514f,
	0x6040,0x6045,0x604a,0x604f,0x8040,0x8045,0x804a,0x804f,
	0x9f40,0x9f45,0x9f4a,0x9f4f,0xbe40,0xbe45,0xbe4a,0xbe4f,
	0x6960,0x6965,0x696a,0x696f,0x7860,0x7865,0x786a,0x786f,
	0x8760,0x8765,0x876a,0x876f,0xa660,0xa665,0xa66a,0xa66f,
	0xb660,0xb665,0xb66a,0xb66f,0xd560,0xd565,0xd56a,0xd56f,
	0xe460,0xe465,0xe46a,0xe46f,0xf460,0xf465,0xf46a,0xf46f,
	0x1360,0x1365,0x136a,0x136f,0x2260,0x2265,0x226a,0x226f,
	0x4160,0x4165,0x416a,0x416f,0x5160,0x5165,0x516a,0x516f,
	0x6060,0x6065,0x606a,0x606f,0x8f60,0x8f65,0x8f6a,0x8f6f,
	0x9f60,0x9f65,0x9f6a,0x9f6f,0xbe60,0xbe65,0xbe6a,0xbe6f,
	0x6880,0x6885,0x688a,0x688f,0x7780,0x7785,0x778a,0x778f,
	0x8780,0x8785,0x878a,0x878f,0xa680,0xa685,0xa68a,0xa68f,
	0xb580,0xb585,0xb58a,0xb58f,0xd580,0xd585,0xd58a,0xd58f,
	0xe480,0xe485,0xe48a,0xe48f,0xf380,0xf385,0xf38a,0xf38f,
	0x1280,0x1285,0x128a,0x128f,0x2280,0x2285,0x228a,0x228f,
	0x4180,0x4185,0x418a,0x418f,0x5080,0x5085,0x508a,0x508f,
	0x6080,0x6085,0x608a,0x608f,0x8f80,0x8f85,0x8f8a,0x8f8f,
	0x9e80,0x9e85,0x9e8a,0x9e8f,0xbe80,0xbe85,0xbe8a,0xbe8f,
	0x68a0,0x68a5,0x68aa,0x68af,0x77a0,0x77a5,0x77aa,0x77af,
	0x86a0,0x86a5,0x86aa,0x86af,0xa6a0,0xa6a5,0xa6aa,0xa6af,
	0xb5a0,0xb5a5,0xb5aa,0xb5af,0xd4a0,0xd4a5,0xd4aa,0xd4af,
	0xe4a0,0xe4a5,0xe4aa,0xe4af,0xf3a0,0xf3a5,0xf3aa,0xf3af,
	0x12a0,0x12a5,0x12aa,0x12af,0x21a0,0x21a5,0x21aa,0x21af,
	0x41a0,0x41a5,0x41aa,0x41af,0x50a0,0x50a5,0x50aa,0x50af,
	0x6fa0,0x6fa5,0x6faa,0x6faf,0x8fa0,0x8fa5,0x8faa,0x8faf,
	0x9ea0,0x9ea5,0x9eaa,0x9eaf,0xbda0,0xbda5,0xbdaa,0xbdaf,
	0x67b0,0x67b5,0x67ba,0x67bf,0x77b0,0x77b5,0x77ba,0x77bf,
	0x86b0,0x86b5,0x86ba,0x86bf,0xa5b0,0xa5b5,0xa5ba,0xa5bf,
	0xb5b0,0xb5b5,0xb5ba,0xb5bf,0xd4b0,0xd4b5,0xd4ba,0xd4bf,
	0xe3b0,0xe3b5,0xe3ba,0xe3bf,0xf2b0,0xf2b5,0xf2ba,0xf2bf,
	0x12b0,0x12b5,0x12ba,0x12bf,0x21b0,0x21b5,0x21ba,0x21bf,
	0x40b0,0x40b5,0x40ba,0x40bf,0x50b0,0x50b5,0x50ba,0x50bf,
	0x6fb0,0x6fb5,0x6fba,0x6fbf,0x8eb0,0x8eb5,0x8eba,0x8ebf,
	0x9eb0,0x9eb5,0x9eba,0x9ebf,0xbdb0,0xbdb5,0xbdba,0xbdbf,
	0x67d0,0x67d5,0x67da,0x67df,0x76d0,0x76d5,0x76da,0x76df,
	0x86d0,0x86d5,0x86da,0x86df,0xa5d0,0xa5d5,0xa5da,0xa5df,
	0xb4d0,0xb4d5,0xb4da,0xb4df,0xd4d0,0xd4d5,0xd4da,0xd4df,
	0xe3d0,0xe3d5,0xe3da,0xe3df,0xf2d0,0xf2d5,0xf2da,0xf2df,
	0x11d0,0x11d5,0x11da,0x11df,0x21d0,0x21d5,0x21da,0x21df,
	0x40d0,0x40d5,0x40da,0x40df,0x5fd0,0x5fd5,0x5fda,0x5fdf,
	0x6fd0,0x6fd5,0x6fda,0x6fdf,0x8ed0,0x8ed5,0x8eda,0x8edf,
	0x9dd0,0x9dd5,0x9dda,0x9ddf,0xbdd0,0xbdd5,0xbdda,0xbddf,
	0x67f0,0x67f5,0x67fa,0x67ff,0x76f0,0x76f5,0x76fa,0x76ff,
	0x85f0,0x85f5,0x85fa,0x85ff,0xa5f0,0xa5f5,0xa5fa,0xa5ff,
	0xb4f0,0xb4f5,0xb4fa,0xb4ff,0xd3f0,0xd3f5,0xd3fa,0xd3ff,
	0xe3f0,0xe3f5,0xe3fa,0xe3ff,0xf2f0,0xf2f5,0xf2fa,0xf2ff,
	0x11f0,0x11f5,0x11fa,0x11ff,0x20f0,0x20f5,0x20fa,0x20ff,
	0x40f0,0x40f5,0x40fa,0x40ff,0x5ff0,0x5ff5,0x5ffa,0x5fff,
	0x6ef0,0x6ef5,0x6efa,0x6eff,0x8ef0,0x8ef5,0x8efa,0x8eff,
	0x9df0,0x9df5,0x9dfa,0x9dff,0xbcf0,0xbcf5,0xbcfa,0xbcff,
	0x6610,0x6615,0x661a,0x661f,0x7610,0x7615,0x761a,0x761f,
	0x8510,0x8515,0x851a,0x851f,0xa410,0xa415,0xa41a,0xa41f,
	0xb410,0xb415,0xb41a,0xb41f,0xd310,0xd315,0xd31a,0xd31f,
	0xe210,0xe215,0xe21a,0xe21f,0xf110,0xf115,0xf11a,0xf11f,
	0x1110,0x1115,0x111a,0x111f,0x2010,0x2015,0x201a,0x201f,
	0x4f10,0x4f15,0x4f1a,0x4f1f,0x5f10,0x5f15,0x5f1a,0x5f1f,
	0x6e10,0x6e15,0x6e1a,0x6e1f,0x8d10,0x8d15,0x8d1a,0x8d1f,
	0x9d10,0x9d15,0x9d1a,0x9d1f,0xbc10,0xbc15,0xbc1a,0xbc1f,
	0x6630,0x6635,0x663a,0x663f,0x7530,0x7535,0x753a,0x753f,
	0x8530,0x8535,0x853a,0x853f,0xa430,0xa435,0xa43a,0xa43f,
	0xb330,0xb335,0xb33a,0xb33f,0xd330,0xd335,0xd33a,0xd33f,
	0xe230,0xe235,0xe23a,0xe23f,0xf130,0xf135,0xf13a,0xf13f,
	0x1030,0x1035,0x103a,0x103f,0x2030,0x2035,0x203a,0x203f,
	0x4f30,0x4f35,0x4f3a,0x4f3f,0x5e30,0x5e35,0x5e3a,0x5e3f,
	0x6e30,0x6e35,0x6e3a,0x6e3f,0x8d30,0x8d35,0x8d3a,0x8d3f,
	0x9c30,0x9c35,0x9c3a,0x9c3f,0xbb30,0xbb35,0xbb3a,0xbb3f,
	0x6640,0x6645,0x664a,0x664f,0x7540,0x7545,0x754a,0x754f,
	0x8440,0x8445,0x844a,0x844f,0xa440,0xa445,0xa44a,0xa44f,
	0xb340,0xb345,0xb34a,0xb34f,0xd240,0xd245,0xd24a,0xd24f,
	0xe140,0xe145,0xe14a,0xe14f,0xf140,0xf145,0xf14a,0xf14f,
	0x1040,0x1045,0x104a,0x104f,0x2f40,0x2f45,0x2f4a,0x2f4f,
	0x4f40,0x4f45,0x4f4a,0x4f4f,0x5e40,0x5e45,0x5e4a,0x5e4f,
	0x6d40,0x6d45,0x6d4a,0x6d4f,0x8d40,0x8d45,0x8d4a,0x8d4f,
	0x9c40,0x9c45,0x9c4a,0x9c4f,0xbb40,0xbb45,0xbb4a,0xbb4f,
	0x6560,0x6565,0x656a,0x656f,0x7560,0x7565,0x756a,0x756f,
	0x8460,0x8465,0x846a,0x846f,0xa360,0xa365,0xa36a,0xa36f,
	0xb360,0xb365,0xb36a,0xb36f,0xd260,0xd265,0xd26a,0xd26f,
	0xe160,0xe165,0xe16a,0xe16f,0xf060,0xf065,0xf06a,0xf06f,
	0x1060,0x1065,0x106a,0x106f,0x2f60,0x2f65,0x2f6a,0x2f6f,
	0x4e60,0x4e65,0x4e6a,0x4e6f,0x5e60,0x5e65,0x5e6a,0x5e6f,
	0x6d60,0x6d65,0x6d6a,0x6d6f,0x8c60,0x8c65,0x8c6a,0x8c6f,
	0x9b60,0x9b65,0x9b6a,0x9b6f,0xbb60,0xbb65,0xbb6a,0xbb6f,
	0x6580,0x6585,0x658a,0x658f,0x7480,0x7485,0x748a,0x748f,
	0x8480,0x8485,0x848a,0x848f,0xa380,0xa385,0xa38a,0xa38f,
	0xb280,0xb285,0xb28a,0xb28f,0xd280,0xd285,0xd28a,0xd28f,
	0xe180,0xe185,0xe18a,0xe18f,0xf080,0xf085,0xf08a,0xf08f,
	0x1f80,0x1f85,0x1f8a,0x1f8f,0x2f80,0x2f85,0x2f8a,0x2f8f,
	0x4e80,0x4e85,0x4e8a,0x4e8f,0x5d80,0x5d85,0x5d8a,0x5d8f,
	0x6d80,0x6d85,0x6d8a,0x6d8f,0x8c80,0x8c85,0x8c8a,0x8c8f,
	0x9b80,0x9b85,0x9b8a,0x9b8f,0xba80,0xba85,0xba8a,0xba8f,
	0x65a0,0x65a5,0x65aa,0x65af,0x74a0,0x74a5,0x74aa,0x74af,
	0x83a0,0x83a5,0x83aa,0x83af,0xa3a0,0xa3a5,0xa3aa,0xa3af,
	0xb2a0,0xb2a5,0xb2aa,0xb2af,0xd1a0,0xd1a5,0xd1aa,0xd1af,
	0xe0a0,0xe0a5,0xe0aa,0xe0af,0xf0a0,0xf0a5,0xf0aa,0xf0af,
	0x1fa0,0x1fa5,0x1faa,0x1faf,0x2ea0,0x2ea5,0x2eaa,0x2eaf,
	0x4ea0,0x4ea5,0x4eaa,0x4eaf,0x5da0,0x5da5,0x5daa,0x5daf,
	0x6ca0,0x6ca5,0x6caa,0x6caf,0x8ca0,0x8ca5,0x8caa,0x8caf,
	0x9ba0,0x9ba5,0x9baa,0x9baf,0xbaa0,0xbaa5,0xbaaa,0xbaaf,
	0x64b0,0x64b5,0x64ba,0x64bf,0x74b0,0x74b5,0x74ba,0x74bf,
	0x83b0,0x83b5,0x83ba,0x83bf,0xa2b0,0xa2b5,0xa2ba,0xa2bf,
	0xb2b0,0xb2b5,0xb2ba,0xb2bf,0xd1b0,0xd1b5,0xd1ba,0xd1bf,
	0xe0b0,0xe0b5,0xe0ba,0xe0bf,0xffb0,0xffb5,0xffba,0xffbf,
	0x1fb0,0x1fb5,0x1fba,0x1fbf,0x2eb0,0x2eb5,0x2eba,0x2ebf,
	0x4db0,0x4db5,0x4dba,0x4dbf,0x5db0,0x5db5,0x5dba,0x5dbf,
	0x6cb0,0x6cb5,0x6cba,0x6cbf,0x8bb0,0x8bb5,0x8bba,0x8bbf,
	0x9ab0,0x9ab5,0x9aba,0x9abf,0xbab0,0xbab5,0xbaba,0xbabf,
	0x64d0,0x64d5,0x64da,0x64df,0x73d0,0x73d5,0x73da,0x73df,
	0x83d0,0x83d5,0x83da,0x83df,0xa2d0,0xa2d5,0xa2da,0xa2df,
	0xb1d0,0xb1d5,0xb1da,0xb1df,0xd0d0,0xd0d5,0xd0da,0xd0df,
	0xe0d0,0xe0d5,0xe0da,0xe0df,0xffd0,0xffd5,0xffda,0xffdf,
	0x1ed0,0x1ed5,0x1eda,0x1edf,0x2ed0,0x2ed5,0x2eda,0x2edf,
	0x4dd0,0x4dd5,0x4dda,0x4ddf,0x5cd0,0x5cd5,0x5cda,0x5cdf,
	0x6cd0,0x6cd5,0x6cda,0x6cdf,0x8bd0,0x8bd5,0x8bda,0x8bdf,
	0x9ad0,0x9ad5,0x9ada,0x9adf,0xb9d0,0xb9d5,0xb9da,0xb9df,
	0x6a30,0x6a35,0x6a3a,0x6a3f,0x7930,0x7935,0x793a,0x793f,
	0x9830,0x9835,0x983a,0x983f,0xa830,0xa835,0xa83a,0xa83f,
	0xc730,0xc735,0xc73a,0xc73f,0xd630,0xd635,0xd63a,0xd63f,
	0xf530,0xf535,0xf53a,0xf53f,0x0530,0x0535,0x053a,0x053f,
	0x1430,0x1435,0x143a,0x143f,0x3330,0x3335,0x333a,0x333f,
	0x4330,0x4335,0x433a,0x433f,0x5230,0x5235,0x523a,0x523f,
	0x7130,0x7135,0x713a,0x713f,0x8030,0x8035,0x803a,0x803f,
	0xa030,0xa035,0xa03a,0xa03f,0xbf30,0xbf35,0xbf3a,0xbf3f,
	0x6950,0x6955,0x695a,0x695f,0x7950,0x7955,0x795a,0x795f,
	0x9850,0x9855,0x985a,0x985f,0xa750,0xa755,0xa75a,0xa75f,
	0xc750,0xc755,0xc75a,0xc75f,0xd650,0xd655,0xd65a,0xd65f,
	0xf550,0xf555,0xf55a,0xf55f,0x0450,0x0455,0x045a,0x045f,
	0x1450,0x1455,0x145a,0x145f,0x3350,0x3355,0x335a,0x335f,
	0x4250,0x4255,0x425a,0x425f,0x5250,0x5255,0x525a,0x525f,
	0x7150,0x7155,0x715a,0x715f,0x8050,0x8055,0x805a,0x805f,
	0xaf50,0xaf55,0xaf5a,0xaf5f,0xbf50,0xbf55,0xbf5a,0xbf5f,
	0x6970,0x6975,0x697a,0x697f,0x7870,0x7875,0x787a,0x787f,
	0x9870,0x9875,0x987a,0x987f,0xa770,0xa775,0xa77a,0xa77f,
	0xc670,0xc675,0xc67a,0xc67f,0xd570,0xd575,0xd57a,0xd57f,
	0xf570,0xf575,0xf57a,0xf57f,0x0470,0x0475,0x047a,0x047f,
	0x1370,0x1375,0x137a,0x137f,0x3370,0x3375,0x337a,0x337f,
	0x4270,0x4275,0x427a,0x427f,0x5170,0x5175,0x517a,0x517f,
	0x7070,0x7075,0x707a,0x707f,0x8070,0x8075,0x807a,0x807f,
	0xaf70,0xaf75,0xaf7a,0xaf7f,0xbe70,0xbe75,0xbe7a,0xbe7f,
	0x6980,0x6985,0x698a,0x698f,0x7880,0x7885,0x788a,0x788f,
	0x9780,0x9785,0x978a,0x978f,0xa780,0xa785,0xa78a,0xa78f,
	0xc680,0xc685,0xc68a,0xc68f,0xd580,0xd585,0xd58a,0xd58f,
	0xf480,0xf485,0xf48a,0xf48f,0x0480,0x0485,0x048a,0x048f,
	0x1380,0x1385,0x138a,0x138f,0x3280,0x3285,0x328a,0x328f,
	0x4280,0x4285,0x428a,0x428f,0x5180,0x5185,0x518a,0x518f,
	0x7080,0x7085,0x708a,0x708f,0x8f80,0x8f85,0x8f8a,0x8f8f,
	0xaf80,0xaf85,0xaf8a,0xaf8f,0xbe80,0xbe85,0xbe8a,0xbe8f,
	0x68a0,0x68a5,0x68aa,0x68af,0x78a0,0x78a5,0x78aa,0x78af,
	0x97a0,0x97a5,0x97aa,0x97af,0xa6a0,0xa6a5,0xa6aa,0xa6af,
	0xc5a0,0xc5a5,0xc5aa,0xc5af,0xd5a0,0xd5a5,0xd5aa,0xd5af,
	0xf4a0,0xf4a5,0xf4aa,0xf4af,0x03a0,0x03a5,0x03aa,0x03af,
	0x13a0,0x13a5,0x13aa,0x13af,0x32a0,0x32a5,0x32aa,0x32af,
	0x41a0,0x41a5,0x41aa,0x41af,0x50a0,0x50a5,0x50aa,0x50af,
	0x70a0,0x70a5,0x70aa,0x70af,0x8fa0,0x8fa5,0x8faa,0x8faf,
	0xaea0,0xaea5,0xaeaa,0xaeaf,0xbea0,0xbea5,0xbeaa,0xbeaf,
	0x68c0,0x68c5,0x68ca,0x68cf,0x77c0,0x77c5,0x77ca,0x77cf,
	0x97c0,0x97c5,0x97ca,0x97cf,0xa6c0,0xa6c5,0xa6ca,0xa6cf,
	0xc5c0,0xc5c5,0xc5ca,0xc5cf,0xd4c0,0xd4c5,0xd4ca,0xd4cf,
	0xf4c0,0xf4c5,0xf4ca,0xf4cf,0x03c0,0x03c5,0x03ca,0x03cf,
	0x12c0,0x12c5,0x12ca,0x12cf,0x32c0,0x32c5,0x32ca,0x32cf,
	0x41c0,0x41c5,0x41ca,0x41cf,0x50c0,0x50c5,0x50ca,0x50cf,
	0x7fc0,0x7fc5,0x7fca,0x7fcf,0x8fc0,0x8fc5,0x8fca,0x8fcf,
	0xaec0,0xaec5,0xaeca,0xaecf,0xbdc0,0xbdc5,0xbdca,0xbdcf,
	0x68e0,0x68e5,0x68ea,0x68ef,0x77e0,0x77e5,0x77ea,0x77ef,
	0x96e0,0x96e5,0x96ea,0x96ef,0xa6e0,0xa6e5,0xa6ea,0xa6ef,
	0xc5e0,0xc5e5,0xc5ea,0xc5ef,0xd4e0,0xd4e5,0xd4ea,0xd4ef,
	0xf3e0,0xf3e5,0xf3ea,0xf3ef,0x03e0,0x03e5,0x03ea,0x03ef,
	0x12e0,0x12e5,0x12ea,0x12ef,0x31e0,0x31e5,0x31ea,0x31ef,
	0x41e0,0x41e5,0x41ea,0x41ef,0x50e0,0x50e5,0x50ea,0x50ef,
	0x7fe0,0x7fe5,0x7fea,0x7fef,0x8ee0,0x8ee5,0x8eea,0x8eef,
	0xaee0,0xaee5,0xaeea,0xaeef,0xbde0,0xbde5,0xbdea,0xbdef,
	0x6700,0x6705,0x670a,0x670f,0x7700,0x7705,0x770a,0x770f,
	0x9600,0x9605,0x960a,0x960f,0xa500,0xa505,0xa50a,0xa50f,
	0xc400,0xc405,0xc40a,0xc40f,0xd400,0xd405,0xd40a,0xd40f,
	0xf300,0xf305,0xf30a,0xf30f,0x0200,0x0205,0x020a,0x020f,
	0x1200,0x1205,0x120a,0x120f,0x3100,0x3105,0x310a,0x310f,
	0x4000,0x4005,0x400a,0x400f,0x5000,0x5005,0x500a,0x500f,
	0x7f00,0x7f05,0x7f0a,0x7f0f,0x8e00,0x8e05,0x8e0a,0x8e0f,
	0xad00,0xad05,0xad0a,0xad0f,0xbd00,0xbd05,0xbd0a,0xbd0f,
	0x6710,0x6715,0x671a,0x671f,0x7610,0x7615,0x761a,0x761f,
	0x9610,0x9615,0x961a,0x961f,0xa510,0xa515,0xa51a,0xa51f,
	0xc410,0xc415,0xc41a,0xc41f,0xd310,0xd315,0xd31a,0xd31f,
	0xf310,0xf315,0xf31a,0xf31f,0x0210,0x0215,0x021a,0x021f,
	0x1110,0x1115,0x111a,0x111f,0x3110,0x3115,0x311a,0x311f,
	0x4010,0x4015,0x401a,0x401f,0x5f10,0x5f15,0x5f1a,0x5f1f,
	0x7e10,0x7e15,0x7e1a,0x7e1f,0x8e10,0x8e15,0x8e1a,0x8e1f,
	0xad10,0xad15,0xad1a,0xad1f,0xbc10,0xbc15,0xbc1a,0xbc1f,
	0x6730,0x6735,0x673a,0x673f,0x7630,0x7635,0x763a,0x763f,
	0x9530,0x9535,0x953a,0x953f,0xa430,0xa435,0xa43a,0xa43f,
	0xc430,0xc435,0xc43a,0xc43f,0xd330,0xd335,0xd33a,0xd33f,
	0xf230,0xf235,0xf23a,0xf23f,0x0230,0x0235,0x023a,0x023f,
	0x1130,0x1135,0x113a,0x113f,0x3030,0x3035,0x303a,0x303f,
	0x4030,0x4035,0x403a,0x403f,0x5f30,0x5f35,0x5f3a,0x5f3f,
	0x7e30,0x7e35,0x7e3a,0x7e3f,0x8d30,0x8d35,0x8d3a,0x8d3f,
	0xad30,0xad35,0xad3a,0xad3f,0xbc30,0xbc35,0xbc3a,0xbc3f,
	0x6650,0x6655,0x665a,0x665f,0x7650,0x7655,0x765a,0x765f,
	0x9550,0x9555,0x955a,0x955f,0xa450,0xa455,0xa45a,0xa45f,
	0xc350,0xc355,0xc35a,0xc35f,0xd350,0xd355,0xd35a,0xd35f,
	0xf250,0xf255,0xf25a,0xf25f,0x0150,0x0155,0x015a,0x015f,
	0x1150,0x1155,0x115a,0x115f,0x3050,0x3055,0x305a,0x305f,
	0x4f50,0x4f55,0x4f5a,0x4f5f,0x5e50,0x5e55,0x5e5a,0x5e5f,
	0x7e50,0x7e55,0x7e5a,0x7e5f,0x8d50,0x8d55,0x8d5a,0x8d5f,
	0xac50,0xac55,0xac5a,0xac5f,0xbc50,0xbc55,0xbc5a,0xbc5f,
	0x6670,0x6675,0x667a,0x667f,0x7570,0x7575,0x757a,0x757f,
	0x9570,0x9575,0x957a,0x957f,0xa470,0xa475,0xa47a,0xa47f,
	0xc370,0xc375,0xc37a,0xc37f,0xd270,0xd275,0xd27a,0xd27f,
	0xf270,0xf275,0xf27a,0xf27f,0x0170,0x0175,0x017a,0x017f,
	0x1070,0x1075,0x107a,0x107f,0x3070,0x3075,0x307a,0x307f,
	0x4f70,0x4f75,0x4f7a,0x4f7f,0x5e70,0x5e75,0x5e7a,0x5e7f,
	0x7d70,0x7d75,0x7d7a,0x7d7f,0x8d70,0x8d75,0x8d7a,0x8d7f,
	0xac70,0xac75,0xac7a,0xac7f,0xbb70,0xbb75,0xbb7a,0xbb7f,
	0x6680,0x6685,0x668a,0x668f,0x7580,0x7585,0x758a,0x758f,
	0x9480,0x9485,0x948a,0x948f,0xa380,0xa385,0xa38a,0xa38f,
	0xc380,0xc385,0xc38a,0xc38f,0xd280,0xd285,0xd28a,0xd28f,
	0xf180,0xf185,0xf18a,0xf18f,0x0180,0x0185,0x018a,0x018f,
	0x1080,0x1085,0x108a,0x108f,0x3f80,0x3f85,0x3f8a,0x3f8f,
	0x4f80,0x4f85,0x4f8a,0x4f8f,0x5e80,0x5e85,0x5e8a,0x5e8f,
	0x7d80,0x7d85,0x7d8a,0x7d8f,0x8c80,0x8c85,0x8c8a,0x8c8f,
	0xac80,0xac85,0xac8a,0xac8f,0xbb80,0xbb85,0xbb8a,0xbb8f,
	0x65a0,0x65a5,0x65aa,0x65af,0x75a0,0x75a5,0x75aa,0x75af,
	0x94a0,0x94a5,0x94aa,0x94af,0xa3a0,0xa3a5,0xa3aa,0xa3af,
	0xc2a0,0xc2a5,0xc2aa,0xc2af,0xd2a0,0xd2a5,0xd2aa,0xd2af,
	0xf1a0,0xf1a5,0xf1aa,0xf1af,0x00a0,0x00a5,0x00aa,0x00af,
	0x10a0,0x10a5,0x10aa,0x10af,0x3fa0,0x3fa5,0x3faa,0x3faf,
	0x4ea0,0x4ea5,0x4eaa,0x4eaf,0x5da0,0x5da5,0x5daa,0x5daf,
	0x7da0,0x7da5,0x7daa,0x7daf,0x8ca0,0x8ca5,0x8caa,0x8caf,
	0xaba0,0xaba5,0xabaa,0xabaf,0xbba0,0xbba5,0xbbaa,0xbbaf,
	0x65c0,0x65c5,0x65ca,0x65cf,0x74c0,0x74c5,0x74ca,0x74cf,
	0x93c0,0x93c5,0x93ca,0x93cf,0xa3c0,0xa3c5,0xa3ca,0xa3cf,
	0xc2c0,0xc2c5,0xc2ca,0xc2cf,0xd1c0,0xd1c5,0xd1ca,0xd1cf,
	0xf1c0,0xf1c5,0xf1ca,0xf1cf,0x00c0,0x00c5,0x00ca,0x00cf,
	0x1fc0,0x1fc5,0x1fca,0x1fcf,0x3fc0,0x3fc5,0x3fca,0x3fcf,
	0x4ec0,0x4ec5,0x4eca,0x4ecf,0x5dc0,0x5dc5,0x5dca,0x5dcf,
	0x7cc0,0x7cc5,0x7cca,0x7ccf,0x8cc0,0x8cc5,0x8cca,0x8ccf,
	0xabc0,0xabc5,0xabca,0xabcf,0xbac0,0xbac5,0xbaca,0xbacf,
	0x65e0,0x65e5,0x65ea,0x65ef,0x74e0,0x74e5,0x74ea,0x74ef,
	0x93e0,0x93e5,0x93ea,0x93ef,0xa2e0,0xa2e5,0xa2ea,0xa2ef,
	0xc2e0,0xc2e5,0xc2ea,0xc2ef,0xd1e0,0xd1e5,0xd1ea,0xd1ef,
	0xf0e0,0xf0e5,0xf0ea,0xf0ef,0x00e0,0x00e5,0x00ea,0x00ef,
	0x1fe0,0x1fe5,0x1fea,0x1fef,0x3ee0,0x3ee5,0x3eea,0x3eef,
	0x4de0,0x4de5,0x4dea,0x4def,0x5de0,0x5de5,0x5dea,0x5def,
	0x7ce0,0x7ce5,0x7cea,0x7cef,0x8be0,0x8be5,0x8bea,0x8bef,
	0xabe0,0xabe5,0xabea,0xabef,0xbae0,0xbae5,0xbaea,0xbaef,
	0x7a40,0x7a45,0x7a4a,0x7a4f,0x8a40,0x8a45,0x8a4a,0x8a4f,
	0x9940,0x9945,0x994a,0x994f,0xb840,0xb845,0xb84a,0xb84f,
	0xc740,0xc745,0xc74a,0xc74f,0xe740,0xe745,0xe74a,0xe74f,
	0xf640,0xf645,0xf64a,0xf64f,0x0540,0x0545,0x054a,0x054f,
	0x2540,0x2545,0x254a,0x254f,0x3440,0x3445,0x344a,0x344f,
	0x5340,0x5345,0x534a,0x534f,0x6240,0x6245,0x624a,0x624f,
	0x7240,0x7245,0x724a,0x724f,0x9140,0x9145,0x914a,0x914f,
	0xa040,0xa045,0xa04a,0xa04f,0xc040,0xc045,0xc04a,0xc04f,
	0x7a50,0x7a55,0x7a5a,0x7a5f,0x8950,0x8955,0x895a,0x895f,
	0x9850,0x9855,0x985a,0x985f,0xb850,0xb855,0xb85a,0xb85f,
	0xc750,0xc755,0xc75a,0xc75f,0xe650,0xe655,0xe65a,0xe65f,
	0xf650,0xf655,0xf65a,0xf65f,0x0550,0x0555,0x055a,0x055f,
	0x2450,0x2455,0x245a,0x245f,0x3350,0x3355,0x335a,0x335f,
	0x5350,0x5355,0x535a,0x535f,0x6250,0x6255,0x625a,0x625f,
	0x7150,0x7155,0x715a,0x715f,0x9150,0x9155,0x915a,0x915f,
	0xa050,0xa055,0xa05a,0xa05f,0xcf50,0xcf55,0xcf5a,0xcf5f,
	0x7a70,0x7a75,0x7a7a,0x7a7f,0x8970,0x8975,0x897a,0x897f,
	0x9870,0x9875,0x987a,0x987f,0xb770,0xb775,0xb77a,0xb77f,
	0xc770,0xc775,0xc77a,0xc77f,0xe670,0xe675,0xe67a,0xe67f,
	0xf570,0xf575,0xf57a,0xf57f,0x0570,0x0575,0x057a,0x057f,
	0x2470,0x2475,0x247a,0x247f,0x3370,0x3375,0x337a,0x337f,
	0x5270,0x5275,0x527a,0x527f,0x6270,0x6275,0x627a,0x627f,
	0x7170,0x7175,0x717a,0x717f,0x9070,0x9075,0x907a,0x907f,
	0xa070,0xa075,0xa07a,0xa07f,0xcf70,0xcf75,0xcf7a,0xcf7f,
	0x7990,0x7995,0x799a,0x799f,0x8890,0x8895,0x889a,0x889f,
	0x9890,0x9895,0x989a,0x989f,0xb790,0xb795,0xb79a,0xb79f,
	0xc690,0xc695,0xc69a,0xc69f,0xe690,0xe695,0xe69a,0xe69f,
	0xf590,0xf595,0xf59a,0xf59f,0x0490,0x0495,0x049a,0x049f,
	0x2390,0x2395,0x239a,0x239f,0x3390,0x3395,0x339a,0x339f,
	0x5290,0x5295,0x529a,0x529f,0x6190,0x6195,0x619a,0x619f,
	0x7190,0x7195,0x719a,0x719f,0x9090,0x9095,0x909a,0x909f,
	0xaf90,0xaf95,0xaf9a,0xaf9f,0xcf90,0xcf95,0xcf9a,0xcf9f,
	0x79b0,0x79b5,0x79ba,0x79bf,0x88b0,0x88b5,0x88ba,0x88bf,
	0x97b0,0x97b5,0x97ba,0x97bf,0xb7b0,0xb7b5,0xb7ba,0xb7bf,
	0xc6b0,0xc6b5,0xc6ba,0xc6bf,0xe5b0,0xe5b5,0xe5ba,0xe5bf,
	0xf5b0,0xf5b5,0xf5ba,0xf5bf,0x04b0,0x04b5,0x04ba,0x04bf,
	0x23b0,0x23b5,0x23ba,0x23bf,0x32b0,0x32b5,0x32ba,0x32bf,
	0x52b0,0x52b5,0x52ba,0x52bf,0x61b0,0x61b5,0x61ba,0x61bf,
	0x70b0,0x70b5,0x70ba,0x70bf,0x90b0,0x90b5,0x90ba,0x90bf,
	0xafb0,0xafb5,0xafba,0xafbf,0xceb0,0xceb5,0xceba,0xcebf,
	0x78c0,0x78c5,0x78ca,0x78cf,0x88c0,0x88c5,0x88ca,0x88cf,
	0x97c0,0x97c5,0x97ca,0x97cf,0xb6c0,0xb6c5,0xb6ca,0xb6cf,
	0xc6c0,0xc6c5,0xc6ca,0xc6cf,0xe5c0,0xe5c5,0xe5ca,0xe5cf,
	0xf4c0,0xf4c5,0xf4ca,0xf4cf,0x03c0,0x03c5,0x03ca,0x03cf,
	0x23c0,0x23c5,0x23ca,0x23cf,0x32c0,0x32c5,0x32ca,0x32cf,
	0x51c0,0x51c5,0x51ca,0x51cf,0x61c0,0x61c5,0x61ca,0x61cf,
	0x70c0,0x70c5,0x70ca,0x70cf,0x9fc0,0x9fc5,0x9fca,0x9fcf,
	0xafc0,0xafc5,0xafca,0xafcf,0xcec0,0xcec5,0xceca,0xcecf,
	0x78e0,0x78e5,0x78ea,0x78ef,0x87e0,0x87e5,0x87ea,0x87ef,
	0x97e0,0x97e5,0x97ea,0x97ef,0xb6e0,0xb6e5,0xb6ea,0xb6ef,
	0xc5e0,0xc5e5,0xc5ea,0xc5ef,0xe5e0,0xe5e5,0xe5ea,0xe5ef,
	0xf4e0,0xf4e5,0xf4ea,0xf4ef,0x03e0,0x03e5,0x03ea,0x03ef,
	0x22e0,0x22e5,0x22ea,0x22ef,0x32e0,0x32e5,0x32ea,0x32ef,
	0x51e0,0x51e5,0x51ea,0x51ef,0x60e0,0x60e5,0x60ea,0x60ef,
	0x70e0,0x70e5,0x70ea,0x70ef,0x9fe0,0x9fe5,0x9fea,0x9fef,
	0xaee0,0xaee5,0xaeea,0xaeef,0xcee0,0xcee5,0xceea,0xceef,
	0x7800,0x7805,0x780a,0x780f,0x8700,0x8705,0x870a,0x870f,
	0x9600,0x9605,0x960a,0x960f,0xb600,0xb605,0xb60a,0xb60f,
	0xc500,0xc505,0xc50a,0xc50f,0xe400,0xe405,0xe40a,0xe40f,
	0xf400,0xf405,0xf40a,0xf40f,0x0300,0x0305,0x030a,0x030f,
	0x2200,0x2205,0x220a,0x220f,0x3100,0x3105,0x310a,0x310f,
	0x5100,0x5105,0x510a,0x510f,0x6000,0x6005,0x600a,0x600f,
	0x7f00,0x7f05,0x7f0a,0x7f0f,0x9f00,0x9f05,0x9f0a,0x9f0f,
	0xae00,0xae05,0xae0a,0xae0f,0xcd00,0xcd05,0xcd0a,0xcd0f,
	0x7720,0x7725,0x772a,0x772f,0x8720,0x8725,0x872a,0x872f,
	0x9620,0x9625,0x962a,0x962f,0xb520,0xb525,0xb52a,0xb52f,
	0xc520,0xc525,0xc52a,0xc52f,0xe420,0xe425,0xe42a,0xe42f,
	0xf320,0xf325,0xf32a,0xf32f,0x0220,0x0225,0x022a,0x022f,
	0x2220,0x2225,0x222a,0x222f,0x3120,0x3125,0x312a,0x312f,
	0x5020,0x5025,0x502a,0x502f,0x6020,0x6025,0x602a,0x602f,
	0x7f20,0x7f25,0x7f2a,0x7f2f,0x9e20,0x9e25,0x9e2a,0x9e2f,
	0xae20,0xae25,0xae2a,0xae2f,0xcd20,0xcd25,0xcd2a,0xcd2f,
	0x7740,0x7745,0x774a,0x774f,0x8640,0x8645,0x864a,0x864f,
	0x9640,0x9645,0x964a,0x964f,0xb540,0xb545,0xb54a,0xb54f,
	0xc440,0xc445,0xc44a,0xc44f,0xe440,0xe445,0xe44a,0xe44f,
	0xf340,0xf345,0xf34a,0xf34f,0x0240,0x0245,0x024a,0x024f,
	0x2140,0x2145,0x214a,0x214f,0x3140,0x3145,0x314a,0x314f,
	0x5040,0x5045,0x504a,0x504f,0x6f40,0x6f45,0x6f4a,0x6f4f,
	0x7f40,0x7f45,0x7f4a,0x7f4f,0x9e40,0x9e45,0x9e4a,0x9e4f,
	0xad40,0xad45,0xad4a,0xad4f,0xcc40,0xcc45,0xcc4a,0xcc4f,
	0x7750,0x7755,0x775a,0x775f,0x8650,0x8655,0x865a,0x865f,
	0x9550,0x9555,0x955a,0x955f,0xb550,0xb555,0xb55a,0xb55f,
	0xc450,0xc455,0xc45a,0xc45f,0xe350,0xe355,0xe35a,0xe35f,
	0xf250,0xf255,0xf25a,0xf25f,0x0250,0x0255,0x025a,0x025f,
	0x2150,0x2155,0x215a,0x215f,0x3050,0x3055,0x305a,0x305f,
	0x5050,0x5055,0x505a,0x505f,0x6f50,0x6f55,0x6f5a,0x6f5f,
	0x7e50,0x7e55,0x7e5a,0x7e5f,0x9e50,0x9e55,0x9e5a,0x9e5f,
	0xad50,0xad55,0xad5a,0xad5f,0xcc50,0xcc55,0xcc5a,0xcc5f,
	0x7670,0x7675,0x767a,0x767f,0x8670,0x8675,0x867a,0x867f,
	0x9570,0x9575,0x957a,0x957f,0xb470,0xb475,0xb47a,0xb47f,
	0xc470,0xc475,0xc47a,0xc47f,0xe370,0xe375,0xe37a,0xe37f,
	0xf270,0xf275,0xf27a,0xf27f,0x0170,0x0175,0x017a,0x017f,
	0x2170,0x2175,0x217a,0x217f,0x3070,0x3075,0x307a,0x307f,
	0x5f70,0x5f75,0x5f7a,0x5f7f,0x6f70,0x6f75,0x6f7a,0x6f7f,
	0x7e70,0x7e75,0x7e7a,0x7e7f,0x9d70,0x9d75,0x9d7a,0x9d7f,
	0xac70,0xac75,0xac7a,0xac7f,0xcc70,0xcc75,0xcc7a,0xcc7f,
	0x7690,0x7695,0x769a,0x769f,0x8590,0x8595,0x859a,0x859f,
	0x9590,0x9595,0x959a,0x959f,0xb490,0xb495,0xb49a,0xb49f,
	0xc390,0xc395,0xc39a,0xc39f,0xe390,0xe395,0xe39a,0xe39f,
	0xf290,0xf295,0xf29a,0xf29f,0x0190,0x0195,0x019a,0x019f,
	0x2090,0x2095,0x209a,0x209f,0x3090,0x3095,0x309a,0x309f,
	0x5f90,0x5f95,0x5f9a,0x5f9f,0x6e90,0x6e95,0x6e9a,0x6e9f,
	0x7e90,0x7e95,0x7e9a,0x7e9f,0x9d90,0x9d95,0x9d9a,0x9d9f,
	0xac90,0xac95,0xac9a,0xac9f,0xcb90,0xcb95,0xcb9a,0xcb9f,
	0x76b0,0x76b5,0x76ba,0x76bf,0x85b0,0x85b5,0x85ba,0x85bf,
	0x94b0,0x94b5,0x94ba,0x94bf,0xb4b0,0xb4b5,0xb4ba,0xb4bf,
	0xc3b0,0xc3b5,0xc3ba,0xc3bf,0xe2b0,0xe2b5,0xe2ba,0xe2bf,
	0xf1b0,0xf1b5,0xf1ba,0xf1bf,0x01b0,0x01b5,0x01ba,0x01bf,
	0x20b0,0x20b5,0x20ba,0x20bf,0x3fb0,0x3fb5,0x3fba,0x3fbf,
	0x5fb0,0x5fb5,0x5fba,0x5fbf,0x6eb0,0x6eb5,0x6eba,0x6ebf,
	0x7db0,0x7db5,0x7dba,0x7dbf,0x9db0,0x9db5,0x9dba,0x9dbf,
	0xacb0,0xacb5,0xacba,0xacbf,0xcbb0,0xcbb5,0xcbba,0xcbbf,
	0x75c0,0x75c5,0x75ca,0x75cf,0x85c0,0x85c5,0x85ca,0x85cf,
	0x94c0,0x94c5,0x94ca,0x94cf,0xb3c0,0xb3c5,0xb3ca,0xb3cf,
	0xc3c0,0xc3c5,0xc3ca,0xc3cf,0xe2c0,0xe2c5,0xe2ca,0xe2cf,
	0xf1c0,0xf1c5,0xf1ca,0xf1cf,0x00c0,0x00c5,0x00ca,0x00cf,
	0x20c0,0x20c5,0x20ca,0x20cf,0x3fc0,0x3fc5,0x3fca,0x3fcf,
	0x5ec0,0x5ec5,0x5eca,0x5ecf,0x6ec0,0x6ec5,0x6eca,0x6ecf,
	0x7dc0,0x7dc5,0x7dca,0x7dcf,0x9cc0,0x9cc5,0x9cca,0x9ccf,
	0xabc0,0xabc5,0xabca,0xabcf,0xcbc0,0xcbc5,0xcbca,0xcbcf,
	0x75e0,0x75e5,0x75ea,0x75ef,0x84e0,0x84e5,0x84ea,0x84ef,
	0x94e0,0x94e5,0x94ea,0x94ef,0xb3e0,0xb3e5,0xb3ea,0xb3ef,
	0xc2e0,0xc2e5,0xc2ea,0xc2ef,0xe1e0,0xe1e5,0xe1ea,0xe1ef,
	0xf1e0,0xf1e5,0xf1ea,0xf1ef,0x00e0,0x00e5,0x00ea,0x00ef,
	0x2fe0,0x2fe5,0x2fea,0x2fef,0x3fe0,0x3fe5,0x3fea,0x3fef,
	0x5ee0,0x5ee5,0x5eea,0x5eef,0x6de0,0x6de5,0x6dea,0x6def,
	0x7de0,0x7de5,0x7dea,0x7def,0x9ce0,0x9ce5,0x9cea,0x9cef,
	0xabe0,0xabe5,0xabea,0xabef,0xcae0,0xcae5,0xcaea,0xcaef,
	0x7b40,0x7b45,0x7b4a,0x7b4f,0x8a40,0x8a45,0x8a4a,0x8a4f,
	0xa940,0xa945,0xa94a,0xa94f,0xb940,0xb945,0xb94a,0xb94f,
	0xd840,0xd845,0xd84a,0xd84f,0xe740,0xe745,0xe74a,0xe74f,
	0x0640,0x0645,0x064a,0x064f,0x1640,0x1645,0x164a,0x164f,
	0x2540,0x2545,0x254a,0x254f,0x4440,0x4445,0x444a,0x444f,
	0x5440,0x5445,0x544a,0x544f,0x6340,0x6345,0x634a,0x634f,
	0x8240,0x8245,0x824a,0x824f,0x9140,0x9145,0x914a,0x914f,
	0xb140,0xb145,0xb14a,0xb14f,0xc040,0xc045,0xc04a,0xc04f,
	0x7a60,0x7a65,0x7a6a,0x7a6f,0x8a60,0x8a65,0x8a6a,0x8a6f,
	0xa960,0xa965,0xa96a,0xa96f,0xb860,0xb865,0xb86a,0xb86f,
	0xd860,0xd865,0xd86a,0xd86f,0xe760,0xe765,0xe76a,0xe76f,
	0x0660,0x0665,0x066a,0x066f,0x1560,0x1565,0x156a,0x156f,
	0x2560,0x2565,0x256a,0x256f,0x4460,0x4465,0x446a,0x446f,
	0x5360,0x5365,0x536a,0x536f,0x6360,0x6365,0x636a,0x636f,
	0x8260,0x8265,0x826a,0x826f,0x9160,0x9165,0x916a,0x916f,
	0xb060,0xb065,0xb06a,0xb06f,0xc060,0xc065,0xc06a,0xc06f,
	0x7a80,0x7a85,0x7a8a,0x7a8f,0x8980,0x8985,0x898a,0x898f,
	0xa980,0xa985,0xa98a,0xa98f,0xb880,0xb885,0xb88a,0xb88f,
	0xd780,0xd785,0xd78a,0xd78f,0xe680,0xe685,0xe68a,0xe68f,
	0x0680,0x0685,0x068a,0x068f,0x1580,0x1585,0x158a,0x158f,
	0x2480,0x2485,0x248a,0x248f,0x4480,0x4485,0x448a,0x448f,
	0x5380,0x5385,0x538a,0x538f,0x6280,0x6285,0x628a,0x628f,
	0x8180,0x8185,0x818a,0x818f,0x9180,0x9185,0x918a,0x918f,
	0xb080,0xb085,0xb08a,0xb08f,0xcf80,0xcf85,0xcf8a,0xcf8f,
	0x7a90,0x7a95,0x7a9a,0x7a9f,0x8990,0x8995,0x899a,0x899f,
	0xa890,0xa895,0xa89a,0xa89f,0xb890,0xb895,0xb89a,0xb89f,
	0xd790,0xd795,0xd79a,0xd79f,0xe690,0xe695,0xe69a,0xe69f,
	0x0590,0x0595,0x059a,0x059f,0x1590,0x1595,0x159a,0x159f,
	0x2490,0x2495,0x249a,0x249f,0x4390,0x4395,0x439a,0x439f,
	0x5390,0x5395,0x539a,0x539f,0x6290,0x6295,0x629a,0x629f,
	0x8190,0x8195,0x819a,0x819f,0x9090,0x9095,0x909a,0x909f,
	0xb090,0xb095,0xb09a,0xb09f,0xcf90,0xcf95,0xcf9a,0xcf9f,
	0x79b0,0x79b5,0x79ba,0x79bf,0x89b0,0x89b5,0x89ba,0x89bf,
	0xa8b0,0xa8b5,0xa8ba,0xa8bf,0xb7b0,0xb7b5,0xb7ba,0xb7bf,
	0xd6b0,0xd6b5,0xd6ba,0xd6bf,0xe6b0,0xe6b5,0xe6ba,0xe6bf,
	0x05b0,0x05b5,0x05ba,0x05bf,0x14b0,0x14b5,0x14ba,0x14bf,
	0x24b0,0x24b5,0x24ba,0x24bf,0x43b0,0x43b5,0x43ba,0x43bf,
	0x52b0,0x52b5,0x52ba,0x52bf,0x61b0,0x61b5,0x61ba,0x61bf,
	0x81b0,0x81b5,0x81ba,0x81bf,0x90b0,0x90b5,0x90ba,0x90bf,
	0xbfb0,0xbfb5,0xbfba,0xbfbf,0xcfb0,0xcfb5,0xcfba,0xcfbf,
	0x79d0,0x79d5,0x79da,0x79df,0x88d0,0x88d5,0x88da,0x88df,
	0xa8d0,0xa8d5,0xa8da,0xa8df,0xb7d0,0xb7d5,0xb7da,0xb7df,
	0xd6d0,0xd6d5,0xd6da,0xd6df,0xe5d0,0xe5d5,0xe5da,0xe5df,
	0x05d0,0x05d5,0x05da,0x05df,0x14d0,0x14d5,0x14da,0x14df,
	0x23d0,0x23d5,0x23da,0x23df,0x43d0,0x43d5,0x43da,0x43df,
	0x52d0,0x52d5,0x52da,0x52df,0x61d0,0x61d5,0x61da,0x61df,
	0x80d0,0x80d5,0x80da,0x80df,0x90d0,0x90d5,0x90da,0x90df,
	0xbfd0,0xbfd5,0xbfda,0xbfdf,0xced0,0xced5,0xceda,0xcedf,
	0x79f0,0x79f5,0x79fa,0x79ff,0x88f0,0x88f5,0x88fa,0x88ff,
	0xa7f0,0xa7f5,0xa7fa,0xa7ff,0xb7f0,0xb7f5,0xb7fa,0xb7ff,
	0xd6f0,0xd6f5,0xd6fa,0xd6ff,0xe5f0,0xe5f5,0xe5fa,0xe5ff,
	0x04f0,0x04f5,0x04fa,0x04ff,0x14f0,0x14f5,0x14fa,0x14ff,
	0x23f0,0x23f5,0x23fa,0x23ff,0x42f0,0x42f5,0x42fa,0x42ff,
	0x52f0,0x52f5,0x52fa,0x52ff,0x61f0,0x61f5,0x61fa,0x61ff,
	0x80f0,0x80f5,0x80fa,0x80ff,0x9ff0,0x9ff5,0x9ffa,0x9fff,
	0xbff0,0xbff5,0xbffa,0xbfff,0xcef0,0xcef5,0xcefa,0xceff,
	0x7800,0x7805,0x780a,0x780f,0x8800,0x8805,0x880a,0x880f,
	0xa700,0xa705,0xa70a,0xa70f,0xb600,0xb605,0xb60a,0xb60f,
	0xd500,0xd505,0xd50a,0xd50f,0xe500,0xe505,0xe50a,0xe50f,
	0x0400,0x0405,0x040a,0x040f,0x1300,0x1305,0x130a,0x130f,
	0x2300,0x2305,0x230a,0x230f,0x4200,0x4205,0x420a,0x420f,
	0x5100,0x5105,0x510a,0x510f,0x6000,0x6005,0x600a,0x600f,
	0x8000,0x8005,0x800a,0x800f,0x9f00,0x9f05,0x9f0a,0x9f0f,
	0xbe00,0xbe05,0xbe0a,0xbe0f,0xce00,0xce05,0xce0a,0xce0f,
	0x7820,0x7825,0x782a,0x782f,0x8720,0x8725,0x872a,0x872f,
	0xa720,0xa725,0xa72a,0xa72f,0xb620,0xb625,0xb62a,0xb62f,
	0xd520,0xd525,0xd52a,0xd52f,0xe420,0xe425,0xe42a,0xe42f,
	0x0420,0x0425,0x042a,0x042f,0x1320,0x1325,0x132a,0x132f,
	0x2220,0x2225,0x222a,0x222f,0x4220,0x4225,0x422a,0x422f,
	0x5120,0x5125,0x512a,0x512f,0x6020,0x6025,0x602a,0x602f,
	0x8f20,0x8f25,0x8f2a,0x8f2f,0x9f20,0x9f25,0x9f2a,0x9f2f,
	0xbe20,0xbe25,0xbe2a,0xbe2f,0xcd20,0xcd25,0xcd2a,0xcd2f,
	0x7840,0x7845,0x784a,0x784f,0x8740,0x8745,0x874a,0x874f,
	0xa640,0xa645,0xa64a,0xa64f,0xb540,0xb545,0xb54a,0xb54f,
	0xd540,0xd545,0xd54a,0xd54f,0xe440,0xe445,0xe44a,0xe44f,
	0x0340,0x0345,0x034a,0x034f,0x1340,0x1345,0x134a,0x134f,
	0x2240,0x2245,0x224a,0x224f,0x4140,0x4145,0x414a,0x414f,
	0x5040,0x5045,0x504a,0x504f,0x6040,0x6045,0x604a,0x604f,
	0x8f40,0x8f45,0x8f4a,0x8f4f,0x9e40,0x9e45,0x9e4a,0x9e4f,
	0xbe40,0xbe45,0xbe4a,0xbe4f,0xcd40,0xcd45,0xcd4a,0xcd4f,
	0x7760,0x7765,0x776a,0x776f,0x8760,0x8765,0x876a,0x876f,
	0xa660,0xa665,0xa66a,0xa66f,0xb560,0xb565,0xb56a,0xb56f,
	0xd460,0xd465,0xd46a,0xd46f,0xe460,0xe465,0xe46a,0xe46f,
	0x0360,0x0365,0x036a,0x036f,0x1260,0x1265,0x126a,0x126f,
	0x2260,0x2265,0x226a,0x226f,0x4160,0x4165,0x416a,0x416f,
	0x5060,0x5065,0x506a,0x506f,0x6f60,0x6f65,0x6f6a,0x6f6f,
	0x8f60,0x8f65,0x8f6a,0x8f6f,0x9e60,0x9e65,0x9e6a,0x9e6f,
	0xbd60,0xbd65,0xbd6a,0xbd6f,0xcd60,0xcd65,0xcd6a,0xcd6f,
	0x7780,0x7785,0x778a,0x778f,0x8680,0x8685,0x868a,0x868f,
	0xa680,0xa685,0xa68a,0xa68f,0xb580,0xb585,0xb58a,0xb58f,
	0xd480,0xd485,0xd48a,0xd48f,0xe380,0xe385,0xe38a,0xe38f,
	0x0380,0x0385,0x038a,0x038f,0x1280,0x1285,0x128a,0x128f,
	0x2180,0x2185,0x218a,0x218f,0x4180,0x4185,0x418a,0x418f,
	0x5080,0x5085,0x508a,0x508f,0x6f80,0x6f85,0x6f8a,0x6f8f,
	0x8e80,0x8e85,0x8e8a,0x8e8f,0x9e80,0x9e85,0x9e8a,0x9e8f,
	0xbd80,0xbd85,0xbd8a,0xbd8f,0xcc80,0xcc85,0xcc8a,0xcc8f,
	0x7790,0x7795,0x779a,0x779f,0x8690,0x8695,0x869a,0x869f,
	0xa590,0xa595,0xa59a,0xa59f,0xb490,0xb495,0xb49a,0xb49f,
	0xd490,0xd495,0xd49a,0xd49f,0xe390,0xe395,0xe39a,0xe39f,
	0x0290,0x0295,0x029a,0x029f,0x1290,0x1295,0x129a,0x129f,
	0x2190,0x2195,0x219a,0x219f,0x4090,0x4095,0x409a,0x409f,
	0x5090,0x5095,0x509a,0x509f,0x6f90,0x6f95,0x6f9a,0x6f9f,
	0x8e90,0x8e95,0x8e9a,0x8e9f,0x9d90,0x9d95,0x9d9a,0x9d9f,
	0xbd90,0xbd95,0xbd9a,0xbd9f,0xcc90,0xcc95,0xcc9a,0xcc9f,
	0x76b0,0x76b5,0x76ba,0x76bf,0x86b0,0x86b5,0x86ba,0x86bf,
	0xa5b0,0xa5b5,0xa5ba,0xa5bf,0xb4b0,0xb4b5,0xb4ba,0xb4bf,
	0xd3b0,0xd3b5,0xd3ba,0xd3bf,0xe3b0,0xe3b5,0xe3ba,0xe3bf,
	0x02b0,0x02b5,0x02ba,0x02bf,0x11b0,0x11b5,0x11ba,0x11bf,
	0x21b0,0x21b5,0x21ba,0x21bf,0x40b0,0x40b5,0x40ba,0x40bf,
	0x5fb0,0x5fb5,0x5fba,0x5fbf,0x6eb0,0x6eb5,0x6eba,0x6ebf,
	0x8eb0,0x8eb5,0x8eba,0x8ebf,0x9db0,0x9db5,0x9dba,0x9dbf,
	0xbcb0,0xbcb5,0xbcba,0xbcbf,0xccb0,0xccb5,0xccba,0xccbf,
	0x76d0,0x76d5,0x76da,0x76df,0x85d0,0x85d5,0x85da,0x85df,
	0xa4d0,0xa4d5,0xa4da,0xa4df,0xb4d0,0xb4d5,0xb4da,0xb4df,
	0xd3d0,0xd3d5,0xd3da,0xd3df,0xe2d0,0xe2d5,0xe2da,0xe2df,
	0x02d0,0x02d5,0x02da,0x02df,0x11d0,0x11d5,0x11da,0x11df,
	0x20d0,0x20d5,0x20da,0x20df,0x40d0,0x40d5,0x40da,0x40df,
	0x5fd0,0x5fd5,0x5fda,0x5fdf,0x6ed0,0x6ed5,0x6eda,0x6edf,
	0x8dd0,0x8dd5,0x8dda,0x8ddf,0x9dd0,0x9dd5,0x9dda,0x9ddf,
	0xbcd0,0xbcd5,0xbcda,0xbcdf,0xcbd0,0xcbd5,0xcbda,0xcbdf,
	0x76f0,0x76f5,0x76fa,0x76ff,0x85f0,0x85f5,0x85fa,0x85ff,
	0xa4f0,0xa4f5,0xa4fa,0xa4ff,0xb3f0,0xb3f5,0xb3fa,0xb3ff,
	0xd3f0,0xd3f5,0xd3fa,0xd3ff,0xe2f0,0xe2f5,0xe2fa,0xe2ff,
	0x01f0,0x01f5,0x01fa,0x01ff,0x11f0,0x11f5,0x11fa,0x11ff,
	0x20f0,0x20f5,0x20fa,0x20ff,0x4ff0,0x4ff5,0x4ffa,0x4fff,
	0x5ef0,0x5ef5,0x5efa,0x5eff,0x6ef0,0x6ef5,0x6efa,0x6eff,
	0x8df0,0x8df5,0x8dfa,0x8dff,0x9cf0,0x9cf5,0x9cfa,0x9cff,
	0xbcf0,0xbcf5,0xbcfa,0xbcff,0xcbf0,0xcbf5,0xcbfa,0xcbff,
	0x8b50,0x8b55,0x8b5a,0x8b5f,0x9b50,0x9b55,0x9b5a,0x9b5f,
	0xaa50,0xaa55,0xaa5a,0xaa5f,0xc950,0xc955,0xc95a,0xc95f,
	0xd850,0xd855,0xd85a,0xd85f,0xf850,0xf855,0xf85a,0xf85f,
	0x0750,0x0755,0x075a,0x075f,0x1650,0x1655,0x165a,0x165f,
	0x3650,0x3655,0x365a,0x365f,0x4550,0x4555,0x455a,0x455f,
	0x6450,0x6455,0x645a,0x645f,0x7350,0x7355,0x735a,0x735f,
	0x8350,0x8355,0x835a,0x835f,0xa250,0xa255,0xa25a,0xa25f,
	0xb150,0xb155,0xb15a,0xb15f,0xd150,0xd155,0xd15a,0xd15f,
	0x8b60,0x8b65,0x8b6a,0x8b6f,0x9a60,0x9a65,0x9a6a,0x9a6f,
	0xa960,0xa965,0xa96a,0xa96f,0xc960,0xc965,0xc96a,0xc96f,
	0xd860,0xd865,0xd86a,0xd86f,0xf760,0xf765,0xf76a,0xf76f,
	0x0760,0x0765,0x076a,0x076f,0x1660,0x1665,0x166a,0x166f,
	0x3560,0x3565,0x356a,0x356f,0x4460,0x4465,0x446a,0x446f,
	0x6460,0x6465,0x646a,0x646f,0x7360,0x7365,0x736a,0x736f,
	0x8260,0x8265,0x826a,0x826f,0xa260,0xa265,0xa26a,0xa26f,
	0xb160,0xb165,0xb16a,0xb16f,0xd060,0xd065,0xd06a,0xd06f,
	0x8b80,0x8b85,0x8b8a,0x8b8f,0x9a80,0x9a85,0x9a8a,0x9a8f,
	0xa980,0xa985,0xa98a,0xa98f,0xc880,0xc885,0xc88a,0xc88f,
	0xd880,0xd885,0xd88a,0xd88f,0xf780,0xf785,0xf78a,0xf78f,
	0x0680,0x0685,0x068a,0x068f,0x1680,0x1685,0x168a,0x168f,
	0x3580,0x3585,0x358a,0x358f,0x4480,0x4485,0x448a,0x448f,
	0x6380,0x6385,0x638a,0x638f,0x7380,0x7385,0x738a,0x738f,
	0x8280,0x8285,0x828a,0x828f,0xa180,0xa185,0xa18a,0xa18f,
	0xb180,0xb185,0xb18a,0xb18f,0xd080,0xd085,0xd08a,0xd08f,
	0x8aa0,0x8aa5,0x8aaa,0x8aaf,0x99a0,0x99a5,0x99aa,0x99af,
	0xa9a0,0xa9a5,0xa9aa,0xa9af,0xc8a0,0xc8a5,0xc8aa,0xc8af,
	0xd7a0,0xd7a5,0xd7aa,0xd7af,0xf7a0,0xf7a5,0xf7aa,0xf7af,
	0x06a0,0x06a5,0x06aa,0x06af,0x15a0,0x15a5,0x15aa,0x15af,
	0x34a0,0x34a5,0x34aa,0x34af,0x44a0,0x44a5,0x44aa,0x44af,
	0x63a0,0x63a5,0x63aa,0x63af,0x72a0,0x72a5,0x72aa,0x72af,
	0x82a0,0x82a5,0x82aa,0x82af,0xa1a0,0xa1a5,0xa1aa,0xa1af,
	0xb0a0,0xb0a5,0xb0aa,0xb0af,0xd0a0,0xd0a5,0xd0aa,0xd0af,
	0x8ac0,0x8ac5,0x8aca,0x8acf,0x99c0,0x99c5,0x99ca,0x99cf,
	0xa8c0,0xa8c5,0xa8ca,0xa8cf,0xc8c0,0xc8c5,0xc8ca,0xc8cf,
	0xd7c0,0xd7c5,0xd7ca,0xd7cf,0xf6c0,0xf6c5,0xf6ca,0xf6cf,
	0x06c0,0x06c5,0x06ca,0x06cf,0x15c0,0x15c5,0x15ca,0x15cf,
	0x34c0,0x34c5,0x34ca,0x34cf,0x43c0,0x43c5,0x43ca,0x43cf,
	0x63c0,0x63c5,0x63ca,0x63cf,0x72c0,0x72c5,0x72ca,0x72cf,
	0x81c0,0x81c5,0x81ca,0x81cf,0xa1c0,0xa1c5,0xa1ca,0xa1cf,
	0xb0c0,0xb0c5,0xb0ca,0xb0cf,0xdfc0,0xdfc5,0xdfca,0xdfcf,
	0x89d0,0x89d5,0x89da,0x89df,0x99d0,0x99d5,0x99da,0x99df,
	0xa8d0,0xa8d5,0xa8da,0xa8df,0xc7d0,0xc7d5,0xc7da,0xc7df,
	0xd7d0,0xd7d5,0xd7da,0xd7df,0xf6d0,0xf6d5,0xf6da,0xf6df,
	0x05d0,0x05d5,0x05da,0x05df,0x14d0,0x14d5,0x14da,0x14df,
	0x34d0,0x34d5,0x34da,0x34df,0x43d0,0x43d5,0x43da,0x43df,
	0x62d0,0x62d5,0x62da,0x62df,0x72d0,0x72d5,0x72da,0x72df,
	0x81d0,0x81d5,0x81da,0x81df,0xa0d0,0xa0d5,0xa0da,0xa0df,
	0xb0d0,0xb0d5,0xb0da,0xb0df,0xdfd0,0xdfd5,0xdfda,0xdfdf,
	0x89f0,0x89f5,0x89fa,0x89ff,0x98f0,0x98f5,0x98fa,0x98ff,
	0xa8f0,0xa8f5,0xa8fa,0xa8ff,0xc7f0,0xc7f5,0xc7fa,0xc7ff,
	0xd6f0,0xd6f5,0xd6fa,0xd6ff,0xf6f0,0xf6f5,0xf6fa,0xf6ff,
	0x05f0,0x05f5,0x05fa,0x05ff,0x14f0,0x14f5,0x14fa,0x14ff,
	0x33f0,0x33f5,0x33fa,0x33ff,0x43f0,0x43f5,0x43fa,0x43ff,
	0x62f0,0x62f5,0x62fa,0x62ff,0x71f0,0x71f5,0x71fa,0x71ff,
	0x81f0,0x81f5,0x81fa,0x81ff,0xa0f0,0xa0f5,0xa0fa,0xa0ff,
	0xbff0,0xbff5,0xbffa,0xbfff,0xdff0,0xdff5,0xdffa,0xdfff,
	0x8910,0x8915,0x891a,0x891f,0x9810,0x9815,0x981a,0x981f,
	0xa710,0xa715,0xa71a,0xa71f,0xc710,0xc715,0xc71a,0xc71f,
	0xd610,0xd615,0xd61a,0xd61f,0xf510,0xf515,0xf51a,0xf51f,
	0x0510,0x0515,0x051a,0x051f,0x1410,0x1415,0x141a,0x141f,
	0x3310,0x3315,0x331a,0x331f,0x4210,0x4215,0x421a,0x421f,
	0x6210,0x6215,0x621a,0x621f,0x7110,0x7115,0x711a,0x711f,
	0x8010,0x8015,0x801a,0x801f,0xa010,0xa015,0xa01a,0xa01f,
	0xbf10,0xbf15,0xbf1a,0xbf1f,0xde10,0xde15,0xde1a,0xde1f,
	0x8830,0x8835,0x883a,0x883f,0x9830,0x9835,0x983a,0x983f,
	0xa730,0xa735,0xa73a,0xa73f,0xc630,0xc635,0xc63a,0xc63f,
	0xd630,0xd635,0xd63a,0xd63f,0xf530,0xf535,0xf53a,0xf53f,
	0x0430,0x0435,0x043a,0x043f,0x1330,0x1335,0x133a,0x133f,
	0x3330,0x3335,0x333a,0x333f,0x4230,0x4235,0x423a,0x423f,
	0x6130,0x6135,0x613a,0x613f,0x7130,0x7135,0x713a,0x713f,
	0x8030,0x8035,0x803a,0x803f,0xaf30,0xaf35,0xaf3a,0xaf3f,
	0xbf30,0xbf35,0xbf3a,0xbf3f,0xde30,0xde35,0xde3a,0xde3f,
	0x8850,0x8855,0x885a,0x885f,0x9750,0x9755,0x975a,0x975f,
	0xa750,0xa755,0xa75a,0xa75f,0xc650,0xc655,0xc65a,0xc65f,
	0xd550,0xd555,0xd55a,0xd55f,0xf550,0xf555,0xf55a,0xf55f,
	0x0450,0x0455,0x045a,0x045f,0x1350,0x1355,0x135a,0x135f,
	0x3250,0x3255,0x325a,0x325f,0x4250,0x4255,0x425a,0x425f,
	0x6150,0x6155,0x615a,0x615f,0x7050,0x7055,0x705a,0x705f,
	0x8050,0x8055,0x805a,0x805f,0xaf50,0xaf55,0xaf5a,0xaf5f,
	0xbe50,0xbe55,0xbe5a,0xbe5f,0xdd50,0xdd55,0xdd5a,0xdd5f,
	0x8860,0x8865,0x886a,0x886f,0x9760,0x9765,0x976a,0x976f,
	0xa660,0xa665,0xa66a,0xa66f,0xc660,0xc665,0xc66a,0xc66f,
	0xd560,0xd565,0xd56a,0xd56f,0xf460,0xf465,0xf46a,0xf46f,
	0x0360,0x0365,0x036a,0x036f,0x1360,0x1365,0x136a,0x136f,
	0x3260,0x3265,0x326a,0x326f,0x4160,0x4165,0x416a,0x416f,
	0x6160,0x6165,0x616a,0x616f,0x7060,0x7065,0x706a,0x706f,
	0x8f60,0x8f65,0x8f6a,0x8f6f,0xaf60,0xaf65,0xaf6a,0xaf6f,
	0xbe60,0xbe65,0xbe6a,0xbe6f,0xdd60,0xdd65,0xdd6a,0xdd6f,
	0x8780,0x8785,0x878a,0x878f,0x9780,0x9785,0x978a,0x978f,
	0xa680,0xa685,0xa68a,0xa68f,0xc580,0xc585,0xc58a,0xc58f,
	0xd580,0xd585,0xd58a,0xd58f,0xf480,0xf485,0xf48a,0xf48f,
	0x0380,0x0385,0x038a,0x038f,0x1280,0x1285,0x128a,0x128f,
	0x3280,0x3285,0x328a,0x328f,0x4180,0x4185,0x418a,0x418f,
	0x6080,0x6085,0x608a,0x608f,0x7080,0x7085,0x708a,0x708f,
	0x8f80,0x8f85,0x8f8a,0x8f8f,0xae80,0xae85,0xae8a,0xae8f,
	0xbd80,0xbd85,0xbd8a,0xbd8f,0xdd80,0xdd85,0xdd8a,0xdd8f,
	0x87a0,0x87a5,0x87aa,0x87af,0x96a0,0x96a5,0x96aa,0x96af,
	0xa6a0,0xa6a5,0xa6aa,0xa6af,0xc5a0,0xc5a5,0xc5aa,0xc5af,
	0xd4a0,0xd4a5,0xd4aa,0xd4af,0xf4a0,0xf4a5,0xf4aa,0xf4af,
	0x03a0,0x03a5,0x03aa,0x03af,0x12a0,0x12a5,0x12aa,0x12af,
	0x31a0,0x31a5,0x31aa,0x31af,0x41a0,0x41a5,0x41aa,0x41af,
	0x60a0,0x60a5,0x60aa,0x60af,0x7fa0,0x7fa5,0x7faa,0x7faf,
	0x8fa0,0x8fa5,0x8faa,0x8faf,0xaea0,0xaea5,0xaeaa,0xaeaf,
	0xbda0,0xbda5,0xbdaa,0xbdaf,0xdca0,0xdca5,0xdcaa,0xdcaf,
	0x87c0,0x87c5,0x87ca,0x87cf,0x96c0,0x96c5,0x96ca,0x96cf,
	0xa5c0,0xa5c5,0xa5ca,0xa5cf,0xc5c0,0xc5c5,0xc5ca,0xc5cf,
	0xd4c0,0xd4c5,0xd4ca,0xd4cf,0xf3c0,0xf3c5,0xf3ca,0xf3cf,
	0x02c0,0x02c5,0x02ca,0x02cf,0x12c0,0x12c5,0x12ca,0x12cf,
	0x31c0,0x31c5,0x31ca,0x31cf,0x40c0,0x40c5,0x40ca,0x40cf,
	0x60c0,0x60c5,0x60ca,0x60cf,0x7fc0,0x7fc5,0x7fca,0x7fcf,
	0x8ec0,0x8ec5,0x8eca,0x8ecf,0xaec0,0xaec5,0xaeca,0xaecf,
	0xbdc0,0xbdc5,0xbdca,0xbdcf,0xdcc0,0xdcc5,0xdcca,0xdccf,
	0x86d0,0x86d5,0x86da,0x86df,0x96d0,0x96d5,0x96da,0x96df,
	0xa5d0,0xa5d5,0xa5da,0xa5df,0xc4d0,0xc4d5,0xc4da,0xc4df,
	0xd4d0,0xd4d5,0xd4da,0xd4df,0xf3d0,0xf3d5,0xf3da,0xf3df,
	0x02d0,0x02d5,0x02da,0x02df,0x11d0,0x11d5,0x11da,0x11df,
	0x31d0,0x31d5,0x31da,0x31df,0x40d0,0x40d5,0x40da,0x40df,
	0x6fd0,0x6fd5,0x6fda,0x6fdf,0x7fd0,0x7fd5,0x7fda,0x7fdf,
	0x8ed0,0x8ed5,0x8eda,0x8edf,0xadd0,0xadd5,0xadda,0xaddf,
	0xbcd0,0xbcd5,0xbcda,0xbcdf,0xdcd0,0xdcd5,0xdcda,0xdcdf,
	0x86f0,0x86f5,0x86fa,0x86ff,0x95f0,0x95f5,0x95fa,0x95ff,
	0xa5f0,0xa5f5,0xa5fa,0xa5ff,0xc4f0,0xc4f5,0xc4fa,0xc4ff,
	0xd3f0,0xd3f5,0xd3fa,0xd3ff,0xf2f0,0xf2f5,0xf2fa,0xf2ff,
	0x02f0,0x02f5,0x02fa,0x02ff,0x11f0,0x11f5,0x11fa,0x11ff,
	0x30f0,0x30f5,0x30fa,0x30ff,0x40f0,0x40f5,0x40fa,0x40ff,
	0x6ff0,0x6ff5,0x6ffa,0x6fff,0x7ef0,0x7ef5,0x7efa,0x7eff,
	0x8ef0,0x8ef5,0x8efa,0x8eff,0xadf0,0xadf5,0xadfa,0xadff,
	0xbcf0,0xbcf5,0xbcfa,0xbcff,0xdbf0,0xdbf5,0xdbfa,0xdbff,
	0x8c50,0x8c55,0x8c5a,0x8c5f,0x9b50,0x9b55,0x9b5a,0x9b5f,
	0xba50,0xba55,0xba5a,0xba5f,0xca50,0xca55,0xca5a,0xca5f,
	0xe950,0xe955,0xe95a,0xe95f,0xf850,0xf855,0xf85a,0xf85f,
	0x0750,0x0755,0x075a,0x075f,0x2750,0x2755,0x275a,0x275f,
	0x3650,0x3655,0x365a,0x365f,0x5550,0x5555,0x555a,0x555f,
	0x6550,0x6555,0x655a,0x655f,0x7450,0x7455,0x745a,0x745f,
	0x9350,0x9355,0x935a,0x935f,0xa250,0xa255,0xa25a,0xa25f,
	0xc250,0xc255,0xc25a,0xc25f,0xd150,0xd155,0xd15a,0xd15f,
	0x8b70,0x8b75,0x8b7a,0x8b7f,0x9b70,0x9b75,0x9b7a,0x9b7f,
	0xba70,0xba75,0xba7a,0xba7f,0xc970,0xc975,0xc97a,0xc97f,
	0xe970,0xe975,0xe97a,0xe97f,0xf870,0xf875,0xf87a,0xf87f,
	0x0770,0x0775,0x077a,0x077f,0x2670,0x2675,0x267a,0x267f,
	0x3670,0x3675,0x367a,0x367f,0x5570,0x5575,0x557a,0x557f,
	0x6470,0x6475,0x647a,0x647f,0x7470,0x7475,0x747a,0x747f,
	0x9370,0x9375,0x937a,0x937f,0xa270,0xa275,0xa27a,0xa27f,
	0xc170,0xc175,0xc17a,0xc17f,0xd170,0xd175,0xd17a,0xd17f,
	0x8b90,0x8b95,0x8b9a,0x8b9f,0x9a90,0x9a95,0x9a9a,0x9a9f,
	0xba90,0xba95,0xba9a,0xba9f,0xc990,0xc995,0xc99a,0xc99f,
	0xe890,0xe895,0xe89a,0xe89f,0xf790,0xf795,0xf79a,0xf79f,
	0x0790,0x0795,0x079a,0x079f,0x2690,0x2695,0x269a,0x269f,
	0x3590,0x3595,0x359a,0x359f,0x5590,0x5595,0x559a,0x559f,
	0x6490,0x6495,0x649a,0x649f,0x7390,0x7395,0x739a,0x739f,
	0x9290,0x9295,0x929a,0x929f,0xa290,0xa295,0xa29a,0xa29f,
	0xc190,0xc195,0xc19a,0xc19f,0xd090,0xd095,0xd09a,0xd09f,
	0x8ba0,0x8ba5,0x8baa,0x8baf,0x9aa0,0x9aa5,0x9aaa,0x9aaf,
	0xb9a0,0xb9a5,0xb9aa,0xb9af,0xc9a0,0xc9a5,0xc9aa,0xc9af,
	0xe8a0,0xe8a5,0xe8aa,0xe8af,0xf7a0,0xf7a5,0xf7aa,0xf7af,
	0x06a0,0x06a5,0x06aa,0x06af,0x26a0,0x26a5,0x26aa,0x26af,
	0x35a0,0x35a5,0x35aa,0x35af,0x54a0,0x54a5,0x54aa,0x54af,
	0x64a0,0x64a5,0x64aa,0x64af,0x73a0,0x73a5,0x73aa,0x73af,
	0x92a0,0x92a5,0x92aa,0x92af,0xa1a0,0xa1a5,0xa1aa,0xa1af,
	0xc1a0,0xc1a5,0xc1aa,0xc1af,0xd0a0,0xd0a5,0xd0aa,0xd0af,
	0x8ac0,0x8ac5,0x8aca,0x8acf,0x9ac0,0x9ac5,0x9aca,0x9acf,
	0xb9c0,0xb9c5,0xb9ca,0xb9cf,0xc8c0,0xc8c5,0xc8ca,0xc8cf,
	0xe7c0,0xe7c5,0xe7ca,0xe7cf,0xf7c0,0xf7c5,0xf7ca,0xf7cf,
	0x06c0,0x06c5,0x06ca,0x06cf,0x25c0,0x25c5,0x25ca,0x25cf,
	0x35c0,0x35c5,0x35ca,0x35cf,0x54c0,0x54c5,0x54ca,0x54cf,
	0x63c0,0x63c5,0x63ca,0x63cf,0x72c0,0x72c5,0x72ca,0x72cf,
	0x92c0,0x92c5,0x92ca,0x92cf,0xa1c0,0xa1c5,0xa1ca,0xa1cf,
	0xc0c0,0xc0c5,0xc0ca,0xc0cf,0xd0c0,0xd0c5,0xd0ca,0xd0cf,
	0x8ae0,0x8ae5,0x8aea,0x8aef,0x99e0,0x99e5,0x99ea,0x99ef,
	0xb9e0,0xb9e5,0xb9ea,0xb9ef,0xc8e0,0xc8e5,0xc8ea,0xc8ef,
	0xe7e0,0xe7e5,0xe7ea,0xe7ef,0xf6e0,0xf6e5,0xf6ea,0xf6ef,
	0x06e0,0x06e5,0x06ea,0x06ef,0x25e0,0x25e5,0x25ea,0x25ef,
	0x34e0,0x34e5,0x34ea,0x34ef,0x54e0,0x54e5,0x54ea,0x54ef,
	0x63e0,0x63e5,0x63ea,0x63ef,0x72e0,0x72e5,0x72ea,0x72ef,
	0x91e0,0x91e5,0x91ea,0x91ef,0xa1e0,0xa1e5,0xa1ea,0xa1ef,
	0xc0e0,0xc0e5,0xc0ea,0xc0ef,0xdfe0,0xdfe5,0xdfea,0xdfef,
	0x8a00,0x8a05,0x8a0a,0x8a0f,0x9900,0x9905,0x990a,0x990f,
	0xb800,0xb805,0xb80a,0xb80f,0xc800,0xc805,0xc80a,0xc80f,
	0xe700,0xe705,0xe70a,0xe70f,0xf600,0xf605,0xf60a,0xf60f,
	0x0500,0x0505,0x050a,0x050f,0x2500,0x2505,0x250a,0x250f,
	0x3400,0x3405,0x340a,0x340f,0x5300,0x5305,0x530a,0x530f,
	0x6300,0x6305,0x630a,0x630f,0x7200,0x7205,0x720a,0x720f,
	0x9100,0x9105,0x910a,0x910f,0xa000,0xa005,0xa00a,0xa00f,
	0xc000,0xc005,0xc00a,0xc00f,0xdf00,0xdf05,0xdf0a,0xdf0f,
	0x8910,0x8915,0x891a,0x891f,0x9910,0x9915,0x991a,0x991f,
	0xb810,0xb815,0xb81a,0xb81f,0xc710,0xc715,0xc71a,0xc71f,
	0xe610,0xe615,0xe61a,0xe61f,0xf610,0xf615,0xf61a,0xf61f,
	0x0510,0x0515,0x051a,0x051f,0x2410,0x2415,0x241a,0x241f,
	0x3410,0x3415,0x341a,0x341f,0x5310,0x5315,0x531a,0x531f,
	0x6210,0x6215,0x621a,0x621f,0x7110,0x7115,0x711a,0x711f,
	0x9110,0x9115,0x911a,0x911f,0xa010,0xa015,0xa01a,0xa01f,
	0xcf10,0xcf15,0xcf1a,0xcf1f,0xdf10,0xdf15,0xdf1a,0xdf1f,
	0x8930,0x8935,0x893a,0x893f,0x9830,0x9835,0x983a,0x983f,
	0xb830,0xb835,0xb83a,0xb83f,0xc730,0xc735,0xc73a,0xc73f,
	0xe630,0xe635,0xe63a,0xe63f,0xf530,0xf535,0xf53a,0xf53f,
	0x0530,0x0535,0x053a,0x053f,0x2430,0x2435,0x243a,0x243f,
	0x3330,0x3335,0x333a,0x333f,0x5330,0x5335,0x533a,0x533f,
	0x6230,0x6235,0x623a,0x623f,0x7130,0x7135,0x713a,0x713f,
	0x9030,0x9035,0x903a,0x903f,0xa030,0xa035,0xa03a,0xa03f,
	0xcf30,0xcf35,0xcf3a,0xcf3f,0xde30,0xde35,0xde3a,0xde3f,
	0x8950,0x8955,0x895a,0x895f,0x9850,0x9855,0x985a,0x985f,
	0xb750,0xb755,0xb75a,0xb75f,0xc650,0xc655,0xc65a,0xc65f,
	0xe650,0xe655,0xe65a,0xe65f,0xf550,0xf555,0xf55a,0xf55f,
	0x0450,0x0455,0x045a,0x045f,0x2450,0x2455,0x245a,0x245f,
	0x3350,0x3355,0x335a,0x335f,0x5250,0x5255,0x525a,0x525f,
	0x6150,0x6155,0x615a,0x615f,0x7150,0x7155,0x715a,0x715f,
	0x9050,0x9055,0x905a,0x905f,0xaf50,0xaf55,0xaf5a,0xaf5f,
	0xcf50,0xcf55,0xcf5a,0xcf5f,0xde50,0xde55,0xde5a,0xde5f,
	0x8870,0x8875,0x887a,0x887f,0x9870,0x9875,0x987a,0x987f,
	0xb770,0xb775,0xb77a,0xb77f,0xc670,0xc675,0xc67a,0xc67f,
	0xe570,0xe575,0xe57a,0xe57f,0xf570,0xf575,0xf57a,0xf57f,
	0x0470,0x0475,0x047a,0x047f,0x2370,0x2375,0x237a,0x237f,
	0x3370,0x3375,0x337a,0x337f,0x5270,0x5275,0x527a,0x527f,
	0x6170,0x6175,0x617a,0x617f,0x7070,0x7075,0x707a,0x707f,
	0x9070,0x9075,0x907a,0x907f,0xaf70,0xaf75,0xaf7a,0xaf7f,
	0xce70,0xce75,0xce7a,0xce7f,0xde70,0xde75,0xde7a,0xde7f,
	0x8890,0x8895,0x889a,0x889f,0x9790,0x9795,0x979a,0x979f,
	0xb790,0xb795,0xb79a,0xb79f,0xc690,0xc695,0xc69a,0xc69f,
	0xe590,0xe595,0xe59a,0xe59f,0xf490,0xf495,0xf49a,0xf49f,
	0x0490,0x0495,0x049a,0x049f,0x2390,0x2395,0x239a,0x239f,
	0x3290,0x3295,0x329a,0x329f,0x5290,0x5295,0x529a,0x529f,
	0x6190,0x6195,0x619a,0x619f,0x7090,0x7095,0x709a,0x709f,
	0x9f90,0x9f95,0x9f9a,0x9f9f,0xaf90,0xaf95,0xaf9a,0xaf9f,
	0xce90,0xce95,0xce9a,0xce9f,0xdd90,0xdd95,0xdd9a,0xdd9f,
	0x88a0,0x88a5,0x88aa,0x88af,0x97a0,0x97a5,0x97aa,0x97af,
	0xb6a0,0xb6a5,0xb6aa,0xb6af,0xc5a0,0xc5a5,0xc5aa,0xc5af,
	0xe5a0,0xe5a5,0xe5aa,0xe5af,0xf4a0,0xf4a5,0xf4aa,0xf4af,
	0x03a0,0x03a5,0x03aa,0x03af,0x23a0,0x23a5,0x23aa,0x23af,
	0x32a0,0x32a5,0x32aa,0x32af,0x51a0,0x51a5,0x51aa,0x51af,
	0x60a0,0x60a5,0x60aa,0x60af,0x70a0,0x70a5,0x70aa,0x70af,
	0x9fa0,0x9fa5,0x9faa,0x9faf,0xaea0,0xaea5,0xaeaa,0xaeaf,
	0xcea0,0xcea5,0xceaa,0xceaf,0xdda0,0xdda5,0xddaa,0xddaf,
	0x87c0,0x87c5,0x87ca,0x87cf,0x97c0,0x97c5,0x97ca,0x97cf,
	0xb6c0,0xb6c5,0xb6ca,0xb6cf,0xc5c0,0xc5c5,0xc5ca,0xc5cf,
	0xe4c0,0xe4c5,0xe4ca,0xe4cf,0xf4c0,0xf4c5,0xf4ca,0xf4cf,
	0x03c0,0x03c5,0x03ca,0x03cf,0x22c0,0x22c5,0x22ca,0x22cf,
	0x32c0,0x32c5,0x32ca,0x32cf,0x51c0,0x51c5,0x51ca,0x51cf,
	0x60c0,0x60c5,0x60ca,0x60cf,0x7fc0,0x7fc5,0x7fca,0x7fcf,
	0x9fc0,0x9fc5,0x9fca,0x9fcf,0xaec0,0xaec5,0xaeca,0xaecf,
	0xcdc0,0xcdc5,0xcdca,0xcdcf,0xddc0,0xddc5,0xddca,0xddcf,
	0x87e0,0x87e5,0x87ea,0x87ef,0x96e0,0x96e5,0x96ea,0x96ef,
	0xb5e0,0xb5e5,0xb5ea,0xb5ef,0xc5e0,0xc5e5,0xc5ea,0xc5ef,
	0xe4e0,0xe4e5,0xe4ea,0xe4ef,0xf3e0,0xf3e5,0xf3ea,0xf3ef,
	0x03e0,0x03e5,0x03ea,0x03ef,0x22e0,0x22e5,0x22ea,0x22ef,
	0x31e0,0x31e5,0x31ea,0x31ef,0x50e0,0x50e5,0x50ea,0x50ef,
	0x60e0,0x60e5,0x60ea,0x60ef,0x7fe0,0x7fe5,0x7fea,0x7fef,
	0x9ee0,0x9ee5,0x9eea,0x9eef,0xaee0,0xaee5,0xaeea,0xaeef,
	0xcde0,0xcde5,0xcdea,0xcdef,0xdce0,0xdce5,0xdcea,0xdcef,
	0x8700,0x8705,0x870a,0x870f,0x9600,0x9605,0x960a,0x960f,
	0xb500,0xb505,0xb50a,0xb50f,0xc400,0xc405,0xc40a,0xc40f,
	0xe400,0xe405,0xe40a,0xe40f,0xf300,0xf305,0xf30a,0xf30f,
	0x0200,0x0205,0x020a,0x020f,0x2200,0x2205,0x220a,0x220f,
	0x3100,0x3105,0x310a,0x310f,0x5000,0x5005,0x500a,0x500f,
	0x6f00,0x6f05,0x6f0a,0x6f0f,0x7f00,0x7f05,0x7f0a,0x7f0f,
	0x9e00,0x9e05,0x9e0a,0x9e0f,0xad00,0xad05,0xad0a,0xad0f,
	0xcd00,0xcd05,0xcd0a,0xcd0f,0xdc00,0xdc05,0xdc0a,0xdc0f,
	0x9c60,0x9c65,0x9c6a,0x9c6f,0xac60,0xac65,0xac6a,0xac6f,
	0xbb60,0xbb65,0xbb6a,0xbb6f,0xda60,0xda65,0xda6a,0xda6f,
	0xe960,0xe965,0xe96a,0xe96f,0x0960,0x0965,0x096a,0x096f,
	0x1860,0x1865,0x186a,0x186f,0x2760,0x2765,0x276a,0x276f,
	0x4760,0x4765,0x476a,0x476f,0x5660,0x5665,0x566a,0x566f,
	0x7560,0x7565,0x756a,0x756f,0x8460,0x8465,0x846a,0x846f,
	0x9460,0x9465,0x946a,0x946f,0xb360,0xb365,0xb36a,0xb36f,
	0xc260,0xc265,0xc26a,0xc26f,0xe260,0xe265,0xe26a,0xe26f,
	0x9c70,0x9c75,0x9c7a,0x9c7f,0xab70,0xab75,0xab7a,0xab7f,
	0xba70,0xba75,0xba7a,0xba7f,0xda70,0xda75,0xda7a,0xda7f,
	0xe970,0xe975,0xe97a,0xe97f,0x0870,0x0875,0x087a,0x087f,
	0x1870,0x1875,0x187a,0x187f,0x2770,0x2775,0x277a,0x277f,
	0x4670,0x4675,0x467a,0x467f,0x5570,0x5575,0x557a,0x557f,
	0x7570,0x7575,0x757a,0x757f,0x8470,0x8475,0x847a,0x847f,
	0x9370,0x9375,0x937a,0x937f,0xb370,0xb375,0xb37a,0xb37f,
	0xc270,0xc275,0xc27a,0xc27f,0xe170,0xe175,0xe17a,0xe17f,
	0x9c90,0x9c95,0x9c9a,0x9c9f,0xab90,0xab95,0xab9a,0xab9f,
	0xba90,0xba95,0xba9a,0xba9f,0xd990,0xd995,0xd99a,0xd99f,
	0xe990,0xe995,0xe99a,0xe99f,0x0890,0x0895,0x089a,0x089f,
	0x1790,0x1795,0x179a,0x179f,0x2790,0x2795,0x279a,0x279f,
	0x4690,0x4695,0x469a,0x469f,0x5590,0x5595,0x559a,0x559f,
	0x7490,0x7495,0x749a,0x749f,0x8490,0x8495,0x849a,0x849f,
	0x9390,0x9395,0x939a,0x939f,0xb290,0xb295,0xb29a,0xb29f,
	0xc290,0xc295,0xc29a,0xc29f,0xe190,0xe195,0xe19a,0xe19f,
	0x9bb0,0x9bb5,0x9bba,0x9bbf,0xaab0,0xaab5,0xaaba,0xaabf,
	0xbab0,0xbab5,0xbaba,0xbabf,0xd9b0,0xd9b5,0xd9ba,0xd9bf,
	0xe8b0,0xe8b5,0xe8ba,0xe8bf,0x08b0,0x08b5,0x08ba,0x08bf,
	0x17b0,0x17b5,0x17ba,0x17bf,0x26b0,0x26b5,0x26ba,0x26bf,
	0x45b0,0x45b5,0x45ba,0x45bf,0x55b0,0x55b5,0x55ba,0x55bf,
	0x74b0,0x74b5,0x74ba,0x74bf,0x83b0,0x83b5,0x83ba,0x83bf,
	0x93b0,0x93b5,0x93ba,0x93bf,0xb2b0,0xb2b5,0xb2ba,0xb2bf,
	0xc1b0,0xc1b5,0xc1ba,0xc1bf,0xe0b0,0xe0b5,0xe0ba,0xe0bf,
	0x9bd0,0x9bd5,0x9bda,0x9bdf,0xaad0,0xaad5,0xaada,0xaadf,
	0xb9d0,0xb9d5,0xb9da,0xb9df,0xd9d0,0xd9d5,0xd9da,0xd9df,
	0xe8d0,0xe8d5,0xe8da,0xe8df,0x07d0,0x07d5,0x07da,0x07df,
	0x17d0,0x17d5,0x17da,0x17df,0x26d0,0x26d5,0x26da,0x26df,
	0x45d0,0x45d5,0x45da,0x45df,0x54d0,0x54d5,0x54da,0x54df,
	0x74d0,0x74d5,0x74da,0x74df,0x83d0,0x83d5,0x83da,0x83df,
	0x92d0,0x92d5,0x92da,0x92df,0xb2d0,0xb2d5,0xb2da,0xb2df,
	0xc1d0,0xc1d5,0xc1da,0xc1df,0xe0d0,0xe0d5,0xe0da,0xe0df,
	0x9ae0,0x9ae5,0x9aea,0x9aef,0xaae0,0xaae5,0xaaea,0xaaef,
	0xb9e0,0xb9e5,0xb9ea,0xb9ef,0xd8e0,0xd8e5,0xd8ea,0xd8ef,
	0xe8e0,0xe8e5,0xe8ea,0xe8ef,0x07e0,0x07e5,0x07ea,0x07ef,
	0x16e0,0x16e5,0x16ea,0x16ef,0x25e0,0x25e5,0x25ea,0x25ef,
	0x45e0,0x45e5,0x45ea,0x45ef,0x54e0,0x54e5,0x54ea,0x54ef,
	0x73e0,0x73e5,0x73ea,0x73ef,0x83e0,0x83e5,0x83ea,0x83ef,
	0x92e0,0x92e5,0x92ea,0x92ef,0xb1e0,0xb1e5,0xb1ea,0xb1ef,
	0xc0e0,0xc0e5,0xc0ea,0xc0ef,0xe0e0,0xe0e5,0xe0ea,0xe0ef,
	0x9a00,0x9a05,0x9a0a,0x9a0f,0xa900,0xa905,0xa90a,0xa90f,
	0xb900,0xb905,0xb90a,0xb90f,0xd800,0xd805,0xd80a,0xd80f,
	0xe700,0xe705,0xe70a,0xe70f,0x0700,0x0705,0x070a,0x070f,
	0x1600,0x1605,0x160a,0x160f,0x2500,0x2505,0x250a,0x250f,
	0x4400,0x4405,0x440a,0x440f,0x5400,0x5405,0x540a,0x540f,
	0x7300,0x7305,0x730a,0x730f,0x8200,0x8205,0x820a,0x820f,
	0x9200,0x9205,0x920a,0x920f,0xb100,0xb105,0xb10a,0xb10f,
	0xc000,0xc005,0xc00a,0xc00f,0xe000,0xe005,0xe00a,0xe00f,
	0x9a20,0x9a25,0x9a2a,0x9a2f,0xa920,0xa925,0xa92a,0xa92f,
	0xb820,0xb825,0xb82a,0xb82f,0xd820,0xd825,0xd82a,0xd82f,
	0xe720,0xe725,0xe72a,0xe72f,0x0620,0x0625,0x062a,0x062f,
	0x1620,0x1625,0x162a,0x162f,0x2520,0x2525,0x252a,0x252f,
	0x4420,0x4425,0x442a,0x442f,0x5320,0x5325,0x532a,0x532f,
	0x7320,0x7325,0x732a,0x732f,0x8220,0x8225,0x822a,0x822f,
	0x9120,0x9125,0x912a,0x912f,0xb120,0xb125,0xb12a,0xb12f,
	0xc020,0xc025,0xc02a,0xc02f,0xef20,0xef25,0xef2a,0xef2f,
	0x9940,0x9945,0x994a,0x994f,0xa940,0xa945,0xa94a,0xa94f,
	0xb840,0xb845,0xb84a,0xb84f,0xd740,0xd745,0xd74a,0xd74f,
	0xe740,0xe745,0xe74a,0xe74f,0x0640,0x0645,0x064a,0x064f,
	0x1540,0x1545,0x154a,0x154f,0x2440,0x2445,0x244a,0x244f,
	0x4440,0x4445,0x444a,0x444f,0x5340,0x5345,0x534a,0x534f,
	0x7240,0x7245,0x724a,0x724f,0x8240,0x8245,0x824a,0x824f,
	0x9140,0x9145,0x914a,0x914f,0xb040,0xb045,0xb04a,0xb04f,
	0xc040,0xc045,0xc04a,0xc04f,0xef40,0xef45,0xef4a,0xef4f,
	0x9960,0x9965,0x996a,0x996f,0xa860,0xa865,0xa86a,0xa86f,
	0xb860,0xb865,0xb86a,0xb86f,0xd760,0xd765,0xd76a,0xd76f,
	0xe660,0xe665,0xe66a,0xe66f,0x0660,0x0665,0x066a,0x066f,
	0x1560,0x1565,0x156a,0x156f,0x2460,0x2465,0x246a,0x246f,
	0x4360,0x4365,0x436a,0x436f,0x5360,0x5365,0x536a,0x536f,
	0x7260,0x7265,0x726a,0x726f,0x8160,0x8165,0x816a,0x816f,
	0x9160,0x9165,0x916a,0x916f,0xb060,0xb065,0xb06a,0xb06f,
	0xcf60,0xcf65,0xcf6a,0xcf6f,0xee60,0xee65,0xee6a,0xee6f,
	0x9970,0x9975,0x997a,0x997f,0xa870,0xa875,0xa87a,0xa87f,
	0xb770,0xb775,0xb77a,0xb77f,0xd770,0xd775,0xd77a,0xd77f,
	0xe670,0xe675,0xe67a,0xe67f,0x0570,0x0575,0x057a,0x057f,
	0x1470,0x1475,0x147a,0x147f,0x2470,0x2475,0x247a,0x247f,
	0x4370,0x4375,0x437a,0x437f,0x5270,0x5275,0x527a,0x527f,
	0x7270,0x7275,0x727a,0x727f,0x8170,0x8175,0x817a,0x817f,
	0x9070,0x9075,0x907a,0x907f,0xb070,0xb075,0xb07a,0xb07f,
	0xcf70,0xcf75,0xcf7a,0xcf7f,0xee70,0xee75,0xee7a,0xee7f,
	0x9890,0x9895,0x989a,0x989f,0xa890,0xa895,0xa89a,0xa89f,
	0xb790,0xb795,0xb79a,0xb79f,0xd690,0xd695,0xd69a,0xd69f,
	0xe690,0xe695,0xe69a,0xe69f,0x0590,0x0595,0x059a,0x059f,
	0x1490,0x1495,0x149a,0x149f,0x2390,0x2395,0x239a,0x239f,
	0x4390,0x4395,0x439a,0x439f,0x5290,0x5295,0x529a,0x529f,
	0x7190,0x7195,0x719a,0x719f,0x8190,0x8195,0x819a,0x819f,
	0x9090,0x9095,0x909a,0x909f,0xbf90,0xbf95,0xbf9a,0xbf9f,
	0xce90,0xce95,0xce9a,0xce9f,0xee90,0xee95,0xee9a,0xee9f,
	0x98b0,0x98b5,0x98ba,0x98bf,0xa7b0,0xa7b5,0xa7ba,0xa7bf,
	0xb7b0,0xb7b5,0xb7ba,0xb7bf,0xd6b0,0xd6b5,0xd6ba,0xd6bf,
	0xe5b0,0xe5b5,0xe5ba,0xe5bf,0x05b0,0x05b5,0x05ba,0x05bf,
	0x14b0,0x14b5,0x14ba,0x14bf,0x23b0,0x23b5,0x23ba,0x23bf,
	0x42b0,0x42b5,0x42ba,0x42bf,0x52b0,0x52b5,0x52ba,0x52bf,
	0x71b0,0x71b5,0x71ba,0x71bf,0x80b0,0x80b5,0x80ba,0x80bf,
	0x90b0,0x90b5,0x90ba,0x90bf,0xbfb0,0xbfb5,0xbfba,0xbfbf,
	0xceb0,0xceb5,0xceba,0xcebf,0xedb0,0xedb5,0xedba,0xedbf,
	0x98d0,0x98d5,0x98da,0x98df,0xa7d0,0xa7d5,0xa7da,0xa7df,
	0xb6d0,0xb6d5,0xb6da,0xb6df,0xd6d0,0xd6d5,0xd6da,0xd6df,
	0xe5d0,0xe5d5,0xe5da,0xe5df,0x04d0,0x04d5,0x04da,0x04df,
	0x13d0,0x13d5,0x13da,0x13df,0x23d0,0x23d5,0x23da,0x23df,
	0x42d0,0x42d5,0x42da,0x42df,0x51d0,0x51d5,0x51da,0x51df,
	0x71d0,0x71d5,0x71da,0x71df,0x80d0,0x80d5,0x80da,0x80df,
	0x9fd0,0x9fd5,0x9fda,0x9fdf,0xbfd0,0xbfd5,0xbfda,0xbfdf,
	0xced0,0xced5,0xceda,0xcedf,0xedd0,0xedd5,0xedda,0xeddf,
	0x97e0,0x97e5,0x97ea,0x97ef,0xa7e0,0xa7e5,0xa7ea,0xa7ef,
	0xb6e0,0xb6e5,0xb6ea,0xb6ef,0xd5e0,0xd5e5,0xd5ea,0xd5ef,
	0xe5e0,0xe5e5,0xe5ea,0xe5ef,0x04e0,0x04e5,0x04ea,0x04ef,
	0x13e0,0x13e5,0x13ea,0x13ef,0x22e0,0x22e5,0x22ea,0x22ef,
	0x42e0,0x42e5,0x42ea,0x42ef,0x51e0,0x51e5,0x51ea,0x51ef,
	0x70e0,0x70e5,0x70ea,0x70ef,0x80e0,0x80e5,0x80ea,0x80ef,
	0x9fe0,0x9fe5,0x9fea,0x9fef,0xbee0,0xbee5,0xbeea,0xbeef,
	0xcde0,0xcde5,0xcdea,0xcdef,0xede0,0xede5,0xedea,0xedef,
	0x9700,0x9705,0x970a,0x970f,0xa600,0xa605,0xa60a,0xa60f,
	0xb600,0xb605,0xb60a,0xb60f,0xd500,0xd505,0xd50a,0xd50f,
	0xe400,0xe405,0xe40a,0xe40f,0x0300,0x0305,0x030a,0x030f,
	0x1300,0x1305,0x130a,0x130f,0x2200,0x2205,0x220a,0x220f,
	0x4100,0x4105,0x410a,0x410f,0x5100,0x5105,0x510a,0x510f,
	0x7000,0x7005,0x700a,0x700f,0x8f00,0x8f05,0x8f0a,0x8f0f,
	0x9f00,0x9f05,0x9f0a,0x9f0f,0xbe00,0xbe05,0xbe0a,0xbe0f,
	0xcd00,0xcd05,0xcd0a,0xcd0f,0xec00,0xec05,0xec0a,0xec0f,
	0x9d60,0x9d65,0x9d6a,0x9d6f,0xac60,0xac65,0xac6a,0xac6f,
	0xcb60,0xcb65,0xcb6a,0xcb6f,0xdb60,0xdb65,0xdb6a,0xdb6f,
	0xfa60,0xfa65,0xfa6a,0xfa6f,0x0960,0x0965,0x096a,0x096f,
	0x1860,0x1865,0x186a,0x186f,0x3860,0x3865,0x386a,0x386f,
	0x4760,0x4765,0x476a,0x476f,0x6660,0x6665,0x666a,0x666f,
	0x7660,0x7665,0x766a,0x766f,0x8560,0x8565,0x856a,0x856f,
	0xa460,0xa465,0xa46a,0xa46f,0xb360,0xb365,0xb36a,0xb36f,
	0xd360,0xd365,0xd36a,0xd36f,0xe260,0xe265,0xe26a,0xe26f,
	0x9c80,0x9c85,0x9c8a,0x9c8f,0xac80,0xac85,0xac8a,0xac8f,
	0xcb80,0xcb85,0xcb8a,0xcb8f,0xda80,0xda85,0xda8a,0xda8f,
	0xfa80,0xfa85,0xfa8a,0xfa8f,0x0980,0x0985,0x098a,0x098f,
	0x1880,0x1885,0x188a,0x188f,0x3780,0x3785,0x378a,0x378f,
	0x4780,0x4785,0x478a,0x478f,0x6680,0x6685,0x668a,0x668f,
	0x7580,0x7585,0x758a,0x758f,0x8580,0x8585,0x858a,0x858f,
	0xa480,0xa485,0xa48a,0xa48f,0xb380,0xb385,0xb38a,0xb38f,
	0xd280,0xd285,0xd28a,0xd28f,0xe280,0xe285,0xe28a,0xe28f,
	0x9ca0,0x9ca5,0x9caa,0x9caf,0xaba0,0xaba5,0xabaa,0xabaf,
	0xcba0,0xcba5,0xcbaa,0xcbaf,0xdaa0,0xdaa5,0xdaaa,0xdaaf,
	0xf9a0,0xf9a5,0xf9aa,0xf9af,0x08a0,0x08a5,0x08aa,0x08af,
	0x18a0,0x18a5,0x18aa,0x18af,0x37a0,0x37a5,0x37aa,0x37af,
	0x46a0,0x46a5,0x46aa,0x46af,0x66a0,0x66a5,0x66aa,0x66af,
	0x75a0,0x75a5,0x75aa,0x75af,0x84a0,0x84a5,0x84aa,0x84af,
	0xa3a0,0xa3a5,0xa3aa,0xa3af,0xb3a0,0xb3a5,0xb3aa,0xb3af,
	0xd2a0,0xd2a5,0xd2aa,0xd2af,0xe1a0,0xe1a5,0xe1aa,0xe1af,
	0x9cb0,0x9cb5,0x9cba,0x9cbf,0xabb0,0xabb5,0xabba,0xabbf,
	0xcab0,0xcab5,0xcaba,0xcabf,0xdab0,0xdab5,0xdaba,0xdabf,
	0xf9b0,0xf9b5,0xf9ba,0xf9bf,0x08b0,0x08b5,0x08ba,0x08bf,
	0x17b0,0x17b5,0x17ba,0x17bf,0x37b0,0x37b5,0x37ba,0x37bf,
	0x46b0,0x46b5,0x46ba,0x46bf,0x65b0,0x65b5,0x65ba,0x65bf,
	0x75b0,0x75b5,0x75ba,0x75bf,0x84b0,0x84b5,0x84ba,0x84bf,
	0xa3b0,0xa3b5,0xa3ba,0xa3bf,0xb2b0,0xb2b5,0xb2ba,0xb2bf,
	0xd2b0,0xd2b5,0xd2ba,0xd2bf,0xe1b0,0xe1b5,0xe1ba,0xe1bf,
	0x9bd0,0x9bd5,0x9bda,0x9bdf,0xabd0,0xabd5,0xabda,0xabdf,
	0xcad0,0xcad5,0xcada,0xcadf,0xd9d0,0xd9d5,0xd9da,0xd9df,
	0xf8d0,0xf8d5,0xf8da,0xf8df,0x08d0,0x08d5,0x08da,0x08df,
	0x17d0,0x17d5,0x17da,0x17df,0x36d0,0x36d5,0x36da,0x36df,
	0x46d0,0x46d5,0x46da,0x46df,0x65d0,0x65d5,0x65da,0x65df,
	0x74d0,0x74d5,0x74da,0x74df,0x83d0,0x83d5,0x83da,0x83df,
	0xa3d0,0xa3d5,0xa3da,0xa3df,0xb2d0,0xb2d5,0xb2da,0xb2df,
	0xd1d0,0xd1d5,0xd1da,0xd1df,0xe1d0,0xe1d5,0xe1da,0xe1df,
	0x9bf0,0x9bf5,0x9bfa,0x9bff,0xaaf0,0xaaf5,0xaafa,0xaaff,
	0xcaf0,0xcaf5,0xcafa,0xcaff,0xd9f0,0xd9f5,0xd9fa,0xd9ff,
	0xf8f0,0xf8f5,0xf8fa,0xf8ff,0x07f0,0x07f5,0x07fa,0x07ff,
	0x17f0,0x17f5,0x17fa,0x17ff,0x36f0,0x36f5,0x36fa,0x36ff,
	0x45f0,0x45f5,0x45fa,0x45ff,0x65f0,0x65f5,0x65fa,0x65ff,
	0x74f0,0x74f5,0x74fa,0x74ff,0x83f0,0x83f5,0x83fa,0x83ff,
	0xa2f0,0xa2f5,0xa2fa,0xa2ff,0xb2f0,0xb2f5,0xb2fa,0xb2ff,
	0xd1f0,0xd1f5,0xd1fa,0xd1ff,0xe0f0,0xe0f5,0xe0fa,0xe0ff,
	0x9b10,0x9b15,0x9b1a,0x9b1f,0xaa10,0xaa15,0xaa1a,0xaa1f,
	0xc910,0xc915,0xc91a,0xc91f,0xd910,0xd915,0xd91a,0xd91f,
	0xf810,0xf815,0xf81a,0xf81f,0x0710,0x0715,0x071a,0x071f,
	0x1610,0x1615,0x161a,0x161f,0x3610,0x3615,0x361a,0x361f,
	0x4510,0x4515,0x451a,0x451f,0x6410,0x6415,0x641a,0x641f,
	0x7410,0x7415,0x741a,0x741f,0x8310,0x8315,0x831a,0x831f,
	0xa210,0xa215,0xa21a,0xa21f,0xb110,0xb115,0xb11a,0xb11f,
	0xd110,0xd115,0xd11a,0xd11f,0xe010,0xe015,0xe01a,0xe01f,
	0x9a20,0x9a25,0x9a2a,0x9a2f,0xaa20,0xaa25,0xaa2a,0xaa2f,
	0xc920,0xc925,0xc92a,0xc92f,0xd820,0xd825,0xd82a,0xd82f,
	0xf720,0xf725,0xf72a,0xf72f,0x0720,0x0725,0x072a,0x072f,
	0x1620,0x1625,0x162a,0x162f,0x3520,0x3525,0x352a,0x352f,
	0x4520,0x4525,0x452a,0x452f,0x6420,0x6425,0x642a,0x642f,
	0x7320,0x7325,0x732a,0x732f,0x8220,0x8225,0x822a,0x822f,
	0xa220,0xa225,0xa22a,0xa22f,0xb120,0xb125,0xb12a,0xb12f,
	0xd020,0xd025,0xd02a,0xd02f,0xe020,0xe025,0xe02a,0xe02f,
	0x9a40,0x9a45,0x9a4a,0x9a4f,0xa940,0xa945,0xa94a,0xa94f,
	0xc940,0xc945,0xc94a,0xc94f,0xd840,0xd845,0xd84a,0xd84f,
	0xf740,0xf745,0xf74a,0xf74f,0x0640,0x0645,0x064a,0x064f,
	0x1640,0x1645,0x164a,0x164f,0x3540,0x3545,0x354a,0x354f,
	0x4440,0x4445,0x444a,0x444f,0x6440,0x6445,0x644a,0x644f,
	0x7340,0x7345,0x734a,0x734f,0x8240,0x8245,0x824a,0x824f,
	0xa140,0xa145,0xa14a,0xa14f,0xb140,0xb145,0xb14a,0xb14f,
	0xd040,0xd045,0xd04a,0xd04f,0xef40,0xef45,0xef4a,0xef4f,
	0x9a60,0x9a65,0x9a6a,0x9a6f,0xa960,0xa965,0xa96a,0xa96f,
	0xc860,0xc865,0xc86a,0xc86f,0xd760,0xd765,0xd76a,0xd76f,
	0xf760,0xf765,0xf76a,0xf76f,0x0660,0x0665,0x066a,0x066f,
	0x1560,0x1565,0x156a,0x156f,0x3560,0x3565,0x356a,0x356f,
	0x4460,0x4465,0x446a,0x446f,0x6360,0x6365,0x636a,0x636f,
	0x7260,0x7265,0x726a,0x726f,0x8260,0x8265,0x826a,0x826f,
	0xa160,0xa165,0xa16a,0xa16f,0xb060,0xb065,0xb06a,0xb06f,
	0xd060,0xd065,0xd06a,0xd06f,0xef60,0xef65,0xef6a,0xef6f,
	0x9980,0x9985,0x998a,0x998f,0xa980,0xa985,0xa98a,0xa98f,
	0xc880,0xc885,0xc88a,0xc88f,0xd780,0xd785,0xd78a,0xd78f,
	0xf680,0xf685,0xf68a,0xf68f,0x0680,0x0685,0x068a,0x068f,
	0x1580,0x1585,0x158a,0x158f,0x3480,0x3485,0x348a,0x348f,
	0x4480,0x4485,0x448a,0x448f,0x6380,0x6385,0x638a,0x638f,
	0x7280,0x7285,0x728a,0x728f,0x8180,0x8185,0x818a,0x818f,
	0xa180,0xa185,0xa18a,0xa18f,0xb080,0xb085,0xb08a,0xb08f,
	0xdf80,0xdf85,0xdf8a,0xdf8f,0xef80,0xef85,0xef8a,0xef8f,
	0x99a0,0x99a5,0x99aa,0x99af,0xa8a0,0xa8a5,0xa8aa,0xa8af,
	0xc8a0,0xc8a5,0xc8aa,0xc8af,0xd7a0,0xd7a5,0xd7aa,0xd7af,
	0xf6a0,0xf6a5,0xf6aa,0xf6af,0x05a0,0x05a5,0x05aa,0x05af,
	0x15a0,0x15a5,0x15aa,0x15af,0x34a0,0x34a5,0x34aa,0x34af,
	0x43a0,0x43a5,0x43aa,0x43af,0x63a0,0x63a5,0x63aa,0x63af,
	0x72a0,0x72a5,0x72aa,0x72af,0x81a0,0x81a5,0x81aa,0x81af,
	0xa0a0,0xa0a5,0xa0aa,0xa0af,0xb0a0,0xb0a5,0xb0aa,0xb0af,
	0xdfa0,0xdfa5,0xdfaa,0xdfaf,0xeea0,0xeea5,0xeeaa,0xeeaf,
	0x99b0,0x99b5,0x99ba,0x99bf,0xa8b0,0xa8b5,0xa8ba,0xa8bf,
	0xc7b0,0xc7b5,0xc7ba,0xc7bf,0xd6b0,0xd6b5,0xd6ba,0xd6bf,
	0xf6b0,0xf6b5,0xf6ba,0xf6bf,0x05b0,0x05b5,0x05ba,0x05bf,
	0x14b0,0x14b5,0x14ba,0x14bf,0x34b0,0x34b5,0x34ba,0x34bf,
	0x43b0,0x43b5,0x43ba,0x43bf,0x62b0,0x62b5,0x62ba,0x62bf,
	0x71b0,0x71b5,0x71ba,0x71bf,0x81b0,0x81b5,0x81ba,0x81bf,
	0xa0b0,0xa0b5,0xa0ba,0xa0bf,0xbfb0,0xbfb5,0xbfba,0xbfbf,
	0xdfb0,0xdfb5,0xdfba,0xdfbf,0xeeb0,0xeeb5,0xeeba,0xeebf,
	0x98d0,0x98d5,0x98da,0x98df,0xa8d0,0xa8d5,0xa8da,0xa8df,
	0xc7d0,0xc7d5,0xc7da,0xc7df,0xd6d0,0xd6d5,0xd6da,0xd6df,
	0xf5d0,0xf5d5,0xf5da,0xf5df,0x05d0,0x05d5,0x05da,0x05df,
	0x14d0,0x14d5,0x14da,0x14df,0x33d0,0x33d5,0x33da,0x33df,
	0x43d0,0x43d5,0x43da,0x43df,0x62d0,0x62d5,0x62da,0x62df,
	0x71d0,0x71d5,0x71da,0x71df,0x80d0,0x80d5,0x80da,0x80df,
	0xa0d0,0xa0d5,0xa0da,0xa0df,0xbfd0,0xbfd5,0xbfda,0xbfdf,
	0xded0,0xded5,0xdeda,0xdedf,0xeed0,0xeed5,0xeeda,0xeedf,
	0x98f0,0x98f5,0x98fa,0x98ff,0xa7f0,0xa7f5,0xa7fa,0xa7ff,
	0xc6f0,0xc6f5,0xc6fa,0xc6ff,0xd6f0,0xd6f5,0xd6fa,0xd6ff,
	0xf5f0,0xf5f5,0xf5fa,0xf5ff,0x04f0,0x04f5,0x04fa,0x04ff,
	0x14f0,0x14f5,0x14fa,0x14ff,0x33f0,0x33f5,0x33fa,0x33ff,
	0x42f0,0x42f5,0x42fa,0x42ff,0x61f0,0x61f5,0x61fa,0x61ff,
	0x71f0,0x71f5,0x71fa,0x71ff,0x80f0,0x80f5,0x80fa,0x80ff,
	0xaff0,0xaff5,0xaffa,0xafff,0xbff0,0xbff5,0xbffa,0xbfff,
	0xdef0,0xdef5,0xdefa,0xdeff,0xedf0,0xedf5,0xedfa,0xedff,
	0x9810,0x9815,0x981a,0x981f,0xa710,0xa715,0xa71a,0xa71f,
	0xc610,0xc615,0xc61a,0xc61f,0xd510,0xd515,0xd51a,0xd51f,
	0xf510,0xf515,0xf51a,0xf51f,0x0410,0x0415,0x041a,0x041f,
	0x1310,0x1315,0x131a,0x131f,0x3310,0x3315,0x331a,0x331f,
	0x4210,0x4215,0x421a,0x421f,0x6110,0x6115,0x611a,0x611f,
	0x7010,0x7015,0x701a,0x701f,0x8010,0x8015,0x801a,0x801f,
	0xaf10,0xaf15,0xaf1a,0xaf1f,0xbe10,0xbe15,0xbe1a,0xbe1f,
	0xde10,0xde15,0xde1a,0xde1f,0xed10,0xed15,0xed1a,0xed1f,
	0xad70,0xad75,0xad7a,0xad7f,0xbd70,0xbd75,0xbd7a,0xbd7f,
	0xcc70,0xcc75,0xcc7a,0xcc7f,0xeb70,0xeb75,0xeb7a,0xeb7f,
	0xfa70,0xfa75,0xfa7a,0xfa7f,0x1a70,0x1a75,0x1a7a,0x1a7f,
	0x2970,0x2975,0x297a,0x297f,0x3870,0x3875,0x387a,0x387f,
	0x5870,0x5875,0x587a,0x587f,0x6770,0x6775,0x677a,0x677f,
	0x8670,0x8675,0x867a,0x867f,0x9570,0x9575,0x957a,0x957f,
	0xa570,0xa575,0xa57a,0xa57f,0xc470,0xc475,0xc47a,0xc47f,
	0xd370,0xd375,0xd37a,0xd37f,0xf370,0xf375,0xf37a,0xf37f,
	0xad80,0xad85,0xad8a,0xad8f,0xbc80,0xbc85,0xbc8a,0xbc8f,
	0xcb80,0xcb85,0xcb8a,0xcb8f,0xeb80,0xeb85,0xeb8a,0xeb8f,
	0xfa80,0xfa85,0xfa8a,0xfa8f,0x1980,0x1985,0x198a,0x198f,
	0x2980,0x2985,0x298a,0x298f,0x3880,0x3885,0x388a,0x388f,
	0x5780,0x5785,0x578a,0x578f,0x6680,0x6685,0x668a,0x668f,
	0x8680,0x8685,0x868a,0x868f,0x9580,0x9585,0x958a,0x958f,
	0xa480,0xa485,0xa48a,0xa48f,0xc480,0xc485,0xc48a,0xc48f,
	0xd380,0xd385,0xd38a,0xd38f,0xf280,0xf285,0xf28a,0xf28f,
	0xada0,0xada5,0xadaa,0xadaf,0xbca0,0xbca5,0xbcaa,0xbcaf,
	0xcba0,0xcba5,0xcbaa,0xcbaf,0xeaa0,0xeaa5,0xeaaa,0xeaaf,
	0xfaa0,0xfaa5,0xfaaa,0xfaaf,0x19a0,0x19a5,0x19aa,0x19af,
	0x28a0,0x28a5,0x28aa,0x28af,0x38a0,0x38a5,0x38aa,0x38af,
	0x57a0,0x57a5,0x57aa,0x57af,0x66a0,0x66a5,0x66aa,0x66af,
	0x85a0,0x85a5,0x85aa,0x85af,0x95a0,0x95a5,0x95aa,0x95af,
	0xa4a0,0xa4a5,0xa4aa,0xa4af,0xc3a0,0xc3a5,0xc3aa,0xc3af,
	0xd3a0,0xd3a5,0xd3aa,0xd3af,0xf2a0,0xf2a5,0xf2aa,0xf2af,
	0xacc0,0xacc5,0xacca,0xaccf,0xbbc0,0xbbc5,0xbbca,0xbbcf,
	0xcbc0,0xcbc5,0xcbca,0xcbcf,0xeac0,0xeac5,0xeaca,0xeacf,
	0xf9c0,0xf9c5,0xf9ca,0xf9cf,0x19c0,0x19c5,0x19ca,0x19cf,
	0x28c0,0x28c5,0x28ca,0x28cf,0x37c0,0x37c5,0x37ca,0x37cf,
	0x56c0,0x56c5,0x56ca,0x56cf,0x66c0,0x66c5,0x66ca,0x66cf,
	0x85c0,0x85c5,0x85ca,0x85cf,0x94c0,0x94c5,0x94ca,0x94cf,
	0xa4c0,0xa4c5,0xa4ca,0xa4cf,0xc3c0,0xc3c5,0xc3ca,0xc3cf,
	0xd2c0,0xd2c5,0xd2ca,0xd2cf,0xf1c0,0xf1c5,0xf1ca,0xf1cf,
	0xace0,0xace5,0xacea,0xacef,0xbbe0,0xbbe5,0xbbea,0xbbef,
	0xcae0,0xcae5,0xcaea,0xcaef,0xeae0,0xeae5,0xeaea,0xeaef,
	0xf9e0,0xf9e5,0xf9ea,0xf9ef,0x18e0,0x18e5,0x18ea,0x18ef,
	0x28e0,0x28e5,0x28ea,0x28ef,0x37e0,0x37e5,0x37ea,0x37ef,
	0x56e0,0x56e5,0x56ea,0x56ef,0x65e0,0x65e5,0x65ea,0x65ef,
	0x85e0,0x85e5,0x85ea,0x85ef,0x94e0,0x94e5,0x94ea,0x94ef,
	0xa3e0,0xa3e5,0xa3ea,0xa3ef,0xc3e0,0xc3e5,0xc3ea,0xc3ef,
	0xd2e0,0xd2e5,0xd2ea,0xd2ef,0xf1e0,0xf1e5,0xf1ea,0xf1ef,
	0xabf0,0xabf5,0xabfa,0xabff,0xbbf0,0xbbf5,0xbbfa,0xbbff,
	0xcaf0,0xcaf5,0xcafa,0xcaff,0xe9f0,0xe9f5,0xe9fa,0xe9ff,
	0xf9f0,0xf9f5,0xf9fa,0xf9ff,0x18f0,0x18f5,0x18fa,0x18ff,
	0x27f0,0x27f5,0x27fa,0x27ff,0x36f0,0x36f5,0x36fa,0x36ff,
	0x56f0,0x56f5,0x56fa,0x56ff,0x65f0,0x65f5,0x65fa,0x65ff,
	0x84f0,0x84f5,0x84fa,0x84ff,0x94f0,0x94f5,0x94fa,0x94ff,
	0xa3f0,0xa3f5,0xa3fa,0xa3ff,0xc2f0,0xc2f5,0xc2fa,0xc2ff,
	0xd1f0,0xd1f5,0xd1fa,0xd1ff,0xf1f0,0xf1f5,0xf1fa,0xf1ff,
	0xab10,0xab15,0xab1a,0xab1f,0xba10,0xba15,0xba1a,0xba1f,
	0xca10,0xca15,0xca1a,0xca1f,0xe910,0xe915,0xe91a,0xe91f,
	0xf810,0xf815,0xf81a,0xf81f,0x1810,0x1815,0x181a,0x181f,
	0x2710,0x2715,0x271a,0x271f,0x3610,0x3615,0x361a,0x361f,
	0x5510,0x5515,0x551a,0x551f,0x6510,0x6515,0x651a,0x651f,
	0x8410,0x8415,0x841a,0x841f,0x9310,0x9315,0x931a,0x931f,
	0xa310,0xa315,0xa31a,0xa31f,0xc210,0xc215,0xc21a,0xc21f,
	0xd110,0xd115,0xd11a,0xd11f,0xf010,0xf015,0xf01a,0xf01f,
	0xab30,0xab35,0xab3a,0xab3f,0xba30,0xba35,0xba3a,0xba3f,
	0xc930,0xc935,0xc93a,0xc93f,0xe930,0xe935,0xe93a,0xe93f,
	0xf830,0xf835,0xf83a,0xf83f,0x1730,0x1735,0x173a,0x173f,
	0x2730,0x2735,0x273a,0x273f,0x3630,0x3635,0x363a,0x363f,
	0x5530,0x5535,0x553a,0x553f,0x6430,0x6435,0x643a,0x643f,
	0x8430,0x8435,0x843a,0x843f,0x9330,0x9335,0x933a,0x933f,
	0xa230,0xa235,0xa23a,0xa23f,0xc230,0xc235,0xc23a,0xc23f,
	0xd130,0xd135,0xd13a,0xd13f,0xf030,0xf035,0xf03a,0xf03f,
	0xaa50,0xaa55,0xaa5a,0xaa5f,0xba50,0xba55,0xba5a,0xba5f,
	0xc950,0xc955,0xc95a,0xc95f,0xe850,0xe855,0xe85a,0xe85f,
	0xf850,0xf855,0xf85a,0xf85f,0x1750,0x1755,0x175a,0x175f,
	0x2650,0x2655,0x265a,0x265f,0x3550,0x3555,0x355a,0x355f,
	0x5550,0x5555,0x555a,0x555f,0x6450,0x6455,0x645a,0x645f,
	0x8350,0x8355,0x835a,0x835f,0x9350,0x9355,0x935a,0x935f,
	0xa250,0xa255,0xa25a,0xa25f,0xc150,0xc155,0xc15a,0xc15f,
	0xd050,0xd055,0xd05a,0xd05f,0xf050,0xf055,0xf05a,0xf05f,
	0xaa70,0xaa75,0xaa7a,0xaa7f,0xb970,0xb975,0xb97a,0xb97f,
	0xc970,0xc975,0xc97a,0xc97f,0xe870,0xe875,0xe87a,0xe87f,
	0xf770,0xf775,0xf77a,0xf77f,0x1770,0x1775,0x177a,0x177f,
	0x2670,0x2675,0x267a,0x267f,0x3570,0x3575,0x357a,0x357f,
	0x5470,0x5475,0x547a,0x547f,0x6470,0x6475,0x647a,0x647f,
	0x8370,0x8375,0x837a,0x837f,0x9270,0x9275,0x927a,0x927f,
	0xa270,0xa275,0xa27a,0xa27f,0xc170,0xc175,0xc17a,0xc17f,
	0xd070,0xd075,0xd07a,0xd07f,0xff70,0xff75,0xff7a,0xff7f,
	0xaa80,0xaa85,0xaa8a,0xaa8f,0xb980,0xb985,0xb98a,0xb98f,
	0xc880,0xc885,0xc88a,0xc88f,0xe880,0xe885,0xe88a,0xe88f,
	0xf780,0xf785,0xf78a,0xf78f,0x1680,0x1685,0x168a,0x168f,
	0x2580,0x2585,0x258a,0x258f,0x3580,0x3585,0x358a,0x358f,
	0x5480,0x5485,0x548a,0x548f,0x6380,0x6385,0x638a,0x638f,
	0x8380,0x8385,0x838a,0x838f,0x9280,0x9285,0x928a,0x928f,
	0xa180,0xa185,0xa18a,0xa18f,0xc080,0xc085,0xc08a,0xc08f,
	0xd080,0xd085,0xd08a,0xd08f,0xff80,0xff85,0xff8a,0xff8f,
	0xa9a0,0xa9a5,0xa9aa,0xa9af,0xb9a0,0xb9a5,0xb9aa,0xb9af,
	0xc8a0,0xc8a5,0xc8aa,0xc8af,0xe7a0,0xe7a5,0xe7aa,0xe7af,
	0xf7a0,0xf7a5,0xf7aa,0xf7af,0x16a0,0x16a5,0x16aa,0x16af,
	0x25a0,0x25a5,0x25aa,0x25af,0x34a0,0x34a5,0x34aa,0x34af,
	0x54a0,0x54a5,0x54aa,0x54af,0x63a0,0x63a5,0x63aa,0x63af,
	0x82a0,0x82a5,0x82aa,0x82af,0x92a0,0x92a5,0x92aa,0x92af,
	0xa1a0,0xa1a5,0xa1aa,0xa1af,0xc0a0,0xc0a5,0xc0aa,0xc0af,
	0xdfa0,0xdfa5,0xdfaa,0xdfaf,0xffa0,0xffa5,0xffaa,0xffaf,
	0xa9c0,0xa9c5,0xa9ca,0xa9cf,0xb8c0,0xb8c5,0xb8ca,0xb8cf,
	0xc8c0,0xc8c5,0xc8ca,0xc8cf,0xe7c0,0xe7c5,0xe7ca,0xe7cf,
	0xf6c0,0xf6c5,0xf6ca,0xf6cf,0x16c0,0x16c5,0x16ca,0x16cf,
	0x25c0,0x25c5,0x25ca,0x25cf,0x34c0,0x34c5,0x34ca,0x34cf,
	0x53c0,0x53c5,0x53ca,0x53cf,0x63c0,0x63c5,0x63ca,0x63cf,
	0x82c0,0x82c5,0x82ca,0x82cf,0x91c0,0x91c5,0x91ca,0x91cf,
	0xa1c0,0xa1c5,0xa1ca,0xa1cf,0xc0c0,0xc0c5,0xc0ca,0xc0cf,
	0xdfc0,0xdfc5,0xdfca,0xdfcf,0xfec0,0xfec5,0xfeca,0xfecf,
	0xa9e0,0xa9e5,0xa9ea,0xa9ef,0xb8e0,0xb8e5,0xb8ea,0xb8ef,
	0xc7e0,0xc7e5,0xc7ea,0xc7ef,0xe7e0,0xe7e5,0xe7ea,0xe7ef,
	0xf6e0,0xf6e5,0xf6ea,0xf6ef,0x15e0,0x15e5,0x15ea,0x15ef,
	0x24e0,0x24e5,0x24ea,0x24ef,0x34e0,0x34e5,0x34ea,0x34ef,
	0x53e0,0x53e5,0x53ea,0x53ef,0x62e0,0x62e5,0x62ea,0x62ef,
	0x82e0,0x82e5,0x82ea,0x82ef,0x91e0,0x91e5,0x91ea,0x91ef,
	0xa0e0,0xa0e5,0xa0ea,0xa0ef,0xc0e0,0xc0e5,0xc0ea,0xc0ef,
	0xdfe0,0xdfe5,0xdfea,0xdfef,0xfee0,0xfee5,0xfeea,0xfeef,
	0xa8f0,0xa8f5,0xa8fa,0xa8ff,0xb8f0,0xb8f5,0xb8fa,0xb8ff,
	0xc7f0,0xc7f5,0xc7fa,0xc7ff,0xe6f0,0xe6f5,0xe6fa,0xe6ff,
	0xf6f0,0xf6f5,0xf6fa,0xf6ff,0x15f0,0x15f5,0x15fa,0x15ff,
	0x24f0,0x24f5,0x24fa,0x24ff,0x33f0,0x33f5,0x33fa,0x33ff,
	0x53f0,0x53f5,0x53fa,0x53ff,0x62f0,0x62f5,0x62fa,0x62ff,
	0x81f0,0x81f5,0x81fa,0x81ff,0x91f0,0x91f5,0x91fa,0x91ff,
	0xa0f0,0xa0f5,0xa0fa,0xa0ff,0xcff0,0xcff5,0xcffa,0xcfff,
	0xdef0,0xdef5,0xdefa,0xdeff,0xfef0,0xfef5,0xfefa,0xfeff,
	0xa810,0xa815,0xa81a,0xa81f,0xb710,0xb715,0xb71a,0xb71f,
	0xc710,0xc715,0xc71a,0xc71f,0xe610,0xe615,0xe61a,0xe61f,
	0xf510,0xf515,0xf51a,0xf51f,0x1410,0x1415,0x141a,0x141f,
	0x2410,0x2415,0x241a,0x241f,0x3310,0x3315,0x331a,0x331f,
	0x5210,0x5215,0x521a,0x521f,0x6210,0x6215,0x621a,0x621f,
	0x8110,0x8115,0x811a,0x811f,0x9010,0x9015,0x901a,0x901f,
	0xa010,0xa015,0xa01a,0xa01f,0xcf10,0xcf15,0xcf1a,0xcf1f,
	0xde10,0xde15,0xde1a,0xde1f,0xfd10,0xfd15,0xfd1a,0xfd1f,
	0xae70,0xae75,0xae7a,0xae7f,0xbd70,0xbd75,0xbd7a,0xbd7f,
	0xdc70,0xdc75,0xdc7a,0xdc7f,0xec70,0xec75,0xec7a,0xec7f,
	0x0b70,0x0b75,0x0b7a,0x0b7f,0x1a70,0x1a75,0x1a7a,0x1a7f,
	0x2970,0x2975,0x297a,0x297f,0x4970,0x4975,0x497a,0x497f,
	0x5870,0x5875,0x587a,0x587f,0x7770,0x7775,0x777a,0x777f,
	0x8770,0x8775,0x877a,0x877f,0x9670,0x9675,0x967a,0x967f,
	0xb570,0xb575,0xb57a,0xb57f,0xc470,0xc475,0xc47a,0xc47f,
	0xe470,0xe475,0xe47a,0xe47f,0xf370,0xf375,0xf37a,0xf37f,
	0xad90,0xad95,0xad9a,0xad9f,0xbd90,0xbd95,0xbd9a,0xbd9f,
	0xdc90,0xdc95,0xdc9a,0xdc9f,0xeb90,0xeb95,0xeb9a,0xeb9f,
	0x0b90,0x0b95,0x0b9a,0x0b9f,0x1a90,0x1a95,0x1a9a,0x1a9f,
	0x2990,0x2995,0x299a,0x299f,0x4890,0x4895,0x489a,0x489f,
	0x5890,0x5895,0x589a,0x589f,0x7790,0x7795,0x779a,0x779f,
	0x8690,0x8695,0x869a,0x869f,0x9690,0x9695,0x969a,0x969f,
	0xb590,0xb595,0xb59a,0xb59f,0xc490,0xc495,0xc49a,0xc49f,
	0xe390,0xe395,0xe39a,0xe39f,0xf390,0xf395,0xf39a,0xf39f,
	0xadb0,0xadb5,0xadba,0xadbf,0xbcb0,0xbcb5,0xbcba,0xbcbf,
	0xdcb0,0xdcb5,0xdcba,0xdcbf,0xebb0,0xebb5,0xebba,0xebbf,
	0x0ab0,0x0ab5,0x0aba,0x0abf,0x19b0,0x19b5,0x19ba,0x19bf,
	0x29b0,0x29b5,0x29ba,0x29bf,0x48b0,0x48b5,0x48ba,0x48bf,
	0x57b0,0x57b5,0x57ba,0x57bf,0x77b0,0x77b5,0x77ba,0x77bf,
	0x86b0,0x86b5,0x86ba,0x86bf,0x95b0,0x95b5,0x95ba,0x95bf,
	0xb4b0,0xb4b5,0xb4ba,0xb4bf,0xc4b0,0xc4b5,0xc4ba,0xc4bf,
	0xe3b0,0xe3b5,0xe3ba,0xe3bf,0xf2b0,0xf2b5,0xf2ba,0xf2bf,
	0xadc0,0xadc5,0xadca,0xadcf,0xbcc0,0xbcc5,0xbcca,0xbccf,
	0xdbc0,0xdbc5,0xdbca,0xdbcf,0xebc0,0xebc5,0xebca,0xebcf,
	0x0ac0,0x0ac5,0x0aca,0x0acf,0x19c0,0x19c5,0x19ca,0x19cf,
	0x28c0,0x28c5,0x28ca,0x28cf,0x48c0,0x48c5,0x48ca,0x48cf,
	0x57c0,0x57c5,0x57ca,0x57cf,0x76c0,0x76c5,0x76ca,0x76cf,
	0x86c0,0x86c5,0x86ca,0x86cf,0x95c0,0x95c5,0x95ca,0x95cf,
	0xb4c0,0xb4c5,0xb4ca,0xb4cf,0xc3c0,0xc3c5,0xc3ca,0xc3cf,
	0xe3c0,0xe3c5,0xe3ca,0xe3cf,0xf2c0,0xf2c5,0xf2ca,0xf2cf,
	0xace0,0xace5,0xacea,0xacef,0xbce0,0xbce5,0xbcea,0xbcef,
	0xdbe0,0xdbe5,0xdbea,0xdbef,0xeae0,0xeae5,0xeaea,0xeaef,
	0x09e0,0x09e5,0x09ea,0x09ef,0x19e0,0x19e5,0x19ea,0x19ef,
	0x28e0,0x28e5,0x28ea,0x28ef,0x47e0,0x47e5,0x47ea,0x47ef,
	0x57e0,0x57e5,0x57ea,0x57ef,0x76e0,0x76e5,0x76ea,0x76ef,
	0x85e0,0x85e5,0x85ea,0x85ef,0x94e0,0x94e5,0x94ea,0x94ef,
	0xb4e0,0xb4e5,0xb4ea,0xb4ef,0xc3e0,0xc3e5,0xc3ea,0xc3ef,
	0xe2e0,0xe2e5,0xe2ea,0xe2ef,0xf2e0,0xf2e5,0xf2ea,0xf2ef,
	0xac00,0xac05,0xac0a,0xac0f,0xbb00,0xbb05,0xbb0a,0xbb0f,
	0xdb00,0xdb05,0xdb0a,0xdb0f,0xea00,0xea05,0xea0a,0xea0f,
	0x0900,0x0905,0x090a,0x090f,0x1800,0x1805,0x180a,0x180f,
	0x2800,0x2805,0x280a,0x280f,0x4700,0x4705,0x470a,0x470f,
	0x5600,0x5605,0x560a,0x560f,0x7600,0x7605,0x760a,0x760f,
	0x8500,0x8505,0x850a,0x850f,0x9400,0x9405,0x940a,0x940f,
	0xb300,0xb305,0xb30a,0xb30f,0xc300,0xc305,0xc30a,0xc30f,
	0xe200,0xe205,0xe20a,0xe20f,0xf100,0xf105,0xf10a,0xf10f,
	0xac20,0xac25,0xac2a,0xac2f,0xbb20,0xbb25,0xbb2a,0xbb2f,
	0xda20,0xda25,0xda2a,0xda2f,0xea20,0xea25,0xea2a,0xea2f,
	0x0920,0x0925,0x092a,0x092f,0x1820,0x1825,0x182a,0x182f,
	0x2720,0x2725,0x272a,0x272f,0x4720,0x4725,0x472a,0x472f,
	0x5620,0x5625,0x562a,0x562f,0x7520,0x7525,0x752a,0x752f,
	0x8520,0x8525,0x852a,0x852f,0x9420,0x9425,0x942a,0x942f,
	0xb320,0xb325,0xb32a,0xb32f,0xc220,0xc225,0xc22a,0xc22f,
	0xe220,0xe225,0xe22a,0xe22f,0xf120,0xf125,0xf12a,0xf12f,
	0xab30,0xab35,0xab3a,0xab3f,0xbb30,0xbb35,0xbb3a,0xbb3f,
	0xda30,0xda35,0xda3a,0xda3f,0xe930,0xe935,0xe93a,0xe93f,
	0x0830,0x0835,0x083a,0x083f,0x1830,0x1835,0x183a,0x183f,
	0x2730,0x2735,0x273a,0x273f,0x4630,0x4635,0x463a,0x463f,
	0x5630,0x5635,0x563a,0x563f,0x7530,0x7535,0x753a,0x753f,
	0x8430,0x8435,0x843a,0x843f,0x9330,0x9335,0x933a,0x933f,
	0xb330,0xb335,0xb33a,0xb33f,0xc230,0xc235,0xc23a,0xc23f,
	0xe130,0xe135,0xe13a,0xe13f,0xf130,0xf135,0xf13a,0xf13f,
	0xab50,0xab55,0xab5a,0xab5f,0xba50,0xba55,0xba5a,0xba5f,
	0xda50,0xda55,0xda5a,0xda5f,0xe950,0xe955,0xe95a,0xe95f,
	0x0850,0x0855,0x085a,0x085f,0x1750,0x1755,0x175a,0x175f,
	0x2750,0x2755,0x275a,0x275f,0x4650,0x4655,0x465a,0x465f,
	0x5550,0x5555,0x555a,0x555f,0x7550,0x7555,0x755a,0x755f,
	0x8450,0x8455,0x845a,0x845f,0x9350,0x9355,0x935a,0x935f,
	0xb250,0xb255,0xb25a,0xb25f,0xc250,0xc255,0xc25a,0xc25f,
	0xe150,0xe155,0xe15a,0xe15f,0xf050,0xf055,0xf05a,0xf05f,
	0xab70,0xab75,0xab7a,0xab7f,0xba70,0xba75,0xba7a,0xba7f,
	0xd970,0xd975,0xd97a,0xd97f,0xe870,0xe875,0xe87a,0xe87f,
	0x0870,0x0875,0x087a,0x087f,0x1770,0x1775,0x177a,0x177f,
	0x2670,0x2675,0x267a,0x267f,0x4670,0x4675,0x467a,0x467f,
	0x5570,0x5575,0x557a,0x557f,0x7470,0x7475,0x747a,0x747f,
	0x8370,0x8375,0x837a,0x837f,0x9370,0x9375,0x937a,0x937f,
	0xb270,0xb275,0xb27a,0xb27f,0xc170,0xc175,0xc17a,0xc17f,
	0xe170,0xe175,0xe17a,0xe17f,0xf070,0xf075,0xf07a,0xf07f,
	0xaa90,0xaa95,0xaa9a,0xaa9f,0xba90,0xba95,0xba9a,0xba9f,
	0xd990,0xd995,0xd99a,0xd99f,0xe890,0xe895,0xe89a,0xe89f,
	0x0790,0x0795,0x079a,0x079f,0x1790,0x1795,0x179a,0x179f,
	0x2690,0x2695,0x269a,0x269f,0x4590,0x4595,0x459a,0x459f,
	0x5590,0x5595,0x559a,0x559f,0x7490,0x7495,0x749a,0x749f,
	0x8390,0x8395,0x839a,0x839f,0x9290,0x9295,0x929a,0x929f,
	0xb290,0xb295,0xb29a,0xb29f,0xc190,0xc195,0xc19a,0xc19f,
	0xe090,0xe095,0xe09a,0xe09f,0xf090,0xf095,0xf09a,0xf09f,
	0xaab0,0xaab5,0xaaba,0xaabf,0xb9b0,0xb9b5,0xb9ba,0xb9bf,
	0xd9b0,0xd9b5,0xd9ba,0xd9bf,0xe8b0,0xe8b5,0xe8ba,0xe8bf,
	0x07b0,0x07b5,0x07ba,0x07bf,0x16b0,0x16b5,0x16ba,0x16bf,
	0x26b0,0x26b5,0x26ba,0x26bf,0x45b0,0x45b5,0x45ba,0x45bf,
	0x54b0,0x54b5,0x54ba,0x54bf,0x74b0,0x74b5,0x74ba,0x74bf,
	0x83b0,0x83b5,0x83ba,0x83bf,0x92b0,0x92b5,0x92ba,0x92bf,
	0xb1b0,0xb1b5,0xb1ba,0xb1bf,0xc1b0,0xc1b5,0xc1ba,0xc1bf,
	0xe0b0,0xe0b5,0xe0ba,0xe0bf,0xffb0,0xffb5,0xffba,0xffbf,
	0xaac0,0xaac5,0xaaca,0xaacf,0xb9c0,0xb9c5,0xb9ca,0xb9cf,
	0xd8c0,0xd8c5,0xd8ca,0xd8cf,0xe7c0,0xe7c5,0xe7ca,0xe7cf,
	0x07c0,0x07c5,0x07ca,0x07cf,0x16c0,0x16c5,0x16ca,0x16cf,
	0x25c0,0x25c5,0x25ca,0x25cf,0x45c0,0x45c5,0x45ca,0x45cf,
	0x54c0,0x54c5,0x54ca,0x54cf,0x73c0,0x73c5,0x73ca,0x73cf,
	0x82c0,0x82c5,0x82ca,0x82cf,0x92c0,0x92c5,0x92ca,0x92cf,
	0xb1c0,0xb1c5,0xb1ca,0xb1cf,0xc0c0,0xc0c5,0xc0ca,0xc0cf,
	0xe0c0,0xe0c5,0xe0ca,0xe0cf,0xffc0,0xffc5,0xffca,0xffcf,
	0xa9e0,0xa9e5,0xa9ea,0xa9ef,0xb9e0,0xb9e5,0xb9ea,0xb9ef,
	0xd8e0,0xd8e5,0xd8ea,0xd8ef,0xe7e0,0xe7e5,0xe7ea,0xe7ef,
	0x06e0,0x06e5,0x06ea,0x06ef,0x16e0,0x16e5,0x16ea,0x16ef,
	0x25e0,0x25e5,0x25ea,0x25ef,0x44e0,0x44e5,0x44ea,0x44ef,
	0x54e0,0x54e5,0x54ea,0x54ef,0x73e0,0x73e5,0x73ea,0x73ef,
	0x82e0,0x82e5,0x82ea,0x82ef,0x91e0,0x91e5,0x91ea,0x91ef,
	0xb1e0,0xb1e5,0xb1ea,0xb1ef,0xc0e0,0xc0e5,0xc0ea,0xc0ef,
	0xefe0,0xefe5,0xefea,0xefef,0xffe0,0xffe5,0xffea,0xffef,
	0xa900,0xa905,0xa90a,0xa90f,0xb800,0xb805,0xb80a,0xb80f,
	0xd700,0xd705,0xd70a,0xd70f,0xe700,0xe705,0xe70a,0xe70f,
	0x0600,0x0605,0x060a,0x060f,0x1500,0x1505,0x150a,0x150f,
	0x2500,0x2505,0x250a,0x250f,0x4400,0x4405,0x440a,0x440f,
	0x5300,0x5305,0x530a,0x530f,0x7200,0x7205,0x720a,0x720f,
	0x8200,0x8205,0x820a,0x820f,0x9100,0x9105,0x910a,0x910f,
	0xb000,0xb005,0xb00a,0xb00f,0xc000,0xc005,0xc00a,0xc00f,
	0xef00,0xef05,0xef0a,0xef0f,0xfe00,0xfe05,0xfe0a,0xfe0f,
	0xa920,0xa925,0xa92a,0xa92f,0xb820,0xb825,0xb82a,0xb82f,
	0xd720,0xd725,0xd72a,0xd72f,0xe620,0xe625,0xe62a,0xe62f,
	0x0620,0x0625,0x062a,0x062f,0x1520,0x1525,0x152a,0x152f,
	0x2420,0x2425,0x242a,0x242f,0x4420,0x4425,0x442a,0x442f,
	0x5320,0x5325,0x532a,0x532f,0x7220,0x7225,0x722a,0x722f,
	0x8120,0x8125,0x812a,0x812f,0x9120,0x9125,0x912a,0x912f,
	0xb020,0xb025,0xb02a,0xb02f,0xcf20,0xcf25,0xcf2a,0xcf2f,
	0xef20,0xef25,0xef2a,0xef2f,0xfe20,0xfe25,0xfe2a,0xfe2f,
	0xbe80,0xbe85,0xbe8a,0xbe8f,0xce80,0xce85,0xce8a,0xce8f,
	0xdd80,0xdd85,0xdd8a,0xdd8f,0xfc80,0xfc85,0xfc8a,0xfc8f,
	0x0b80,0x0b85,0x0b8a,0x0b8f,0x2b80,0x2b85,0x2b8a,0x2b8f,
	0x3a80,0x3a85,0x3a8a,0x3a8f,0x4980,0x4985,0x498a,0x498f,
	0x6980,0x6985,0x698a,0x698f,0x7880,0x7885,0x788a,0x788f,
	0x9780,0x9785,0x978a,0x978f,0xa680,0xa685,0xa68a,0xa68f,
	0xb680,0xb685,0xb68a,0xb68f,0xd580,0xd585,0xd58a,0xd58f,
	0xe480,0xe485,0xe48a,0xe48f,0x0480,0x0485,0x048a,0x048f,
	0xbe90,0xbe95,0xbe9a,0xbe9f,0xcd90,0xcd95,0xcd9a,0xcd9f,
	0xdc90,0xdc95,0xdc9a,0xdc9f,0xfc90,0xfc95,0xfc9a,0xfc9f,
	0x0b90,0x0b95,0x0b9a,0x0b9f,0x2a90,0x2a95,0x2a9a,0x2a9f,
	0x3a90,0x3a95,0x3a9a,0x3a9f,0x4990,0x4995,0x499a,0x499f,
	0x6890,0x6895,0x689a,0x689f,0x7790,0x7795,0x779a,0x779f,
	0x9790,0x9795,0x979a,0x979f,0xa690,0xa695,0xa69a,0xa69f,
	0xb590,0xb595,0xb59a,0xb59f,0xd590,0xd595,0xd59a,0xd59f,
	0xe490,0xe495,0xe49a,0xe49f,0x0390,0x0395,0x039a,0x039f,
	0xbeb0,0xbeb5,0xbeba,0xbebf,0xcdb0,0xcdb5,0xcdba,0xcdbf,
	0xdcb0,0xdcb5,0xdcba,0xdcbf,0xfbb0,0xfbb5,0xfbba,0xfbbf,
	0x0bb0,0x0bb5,0x0bba,0x0bbf,0x2ab0,0x2ab5,0x2aba,0x2abf,
	0x39b0,0x39b5,0x39ba,0x39bf,0x49b0,0x49b5,0x49ba,0x49bf,
	0x68b0,0x68b5,0x68ba,0x68bf,0x77b0,0x77b5,0x77ba,0x77bf,
	0x96b0,0x96b5,0x96ba,0x96bf,0xa6b0,0xa6b5,0xa6ba,0xa6bf,
	0xb5b0,0xb5b5,0xb5ba,0xb5bf,0xd4b0,0xd4b5,0xd4ba,0xd4bf,
	0xe4b0,0xe4b5,0xe4ba,0xe4bf,0x03b0,0x03b5,0x03ba,0x03bf,
	0xbdd0,0xbdd5,0xbdda,0xbddf,0xccd0,0xccd5,0xccda,0xccdf,
	0xdcd0,0xdcd5,0xdcda,0xdcdf,0xfbd0,0xfbd5,0xfbda,0xfbdf,
	0x0ad0,0x0ad5,0x0ada,0x0adf,0x2ad0,0x2ad5,0x2ada,0x2adf,
	0x39d0,0x39d5,0x39da,0x39df,0x48d0,0x48d5,0x48da,0x48df,
	0x67d0,0x67d5,0x67da,0x67df,0x77d0,0x77d5,0x77da,0x77df,
	0x96d0,0x96d5,0x96da,0x96df,0xa5d0,0xa5d5,0xa5da,0xa5df,
	0xb5d0,0xb5d5,0xb5da,0xb5df,0xd4d0,0xd4d5,0xd4da,0xd4df,
	0xe3d0,0xe3d5,0xe3da,0xe3df,0x02d0,0x02d5,0x02da,0x02df,
	0xbdf0,0xbdf5,0xbdfa,0xbdff,0xccf0,0xccf5,0xccfa,0xccff,
	0xdbf0,0xdbf5,0xdbfa,0xdbff,0xfbf0,0xfbf5,0xfbfa,0xfbff,
	0x0af0,0x0af5,0x0afa,0x0aff,0x29f0,0x29f5,0x29fa,0x29ff,
	0x39f0,0x39f5,0x39fa,0x39ff,0x48f0,0x48f5,0x48fa,0x48ff,
	0x67f0,0x67f5,0x67fa,0x67ff,0x76f0,0x76f5,0x76fa,0x76ff,
	0x96f0,0x96f5,0x96fa,0x96ff,0xa5f0,0xa5f5,0xa5fa,0xa5ff,
	0xb4f0,0xb4f5,0xb4fa,0xb4ff,0xd4f0,0xd4f5,0xd4fa,0xd4ff,
	0xe3f0,0xe3f5,0xe3fa,0xe3ff,0x02f0,0x02f5,0x02fa,0x02ff,
	0xbc00,0xbc05,0xbc0a,0xbc0f,0xcc00,0xcc05,0xcc0a,0xcc0f,
	0xdb00,0xdb05,0xdb0a,0xdb0f,0xfa00,0xfa05,0xfa0a,0xfa0f,
	0x0a00,0x0a05,0x0a0a,0x0a0f,0x2900,0x2905,0x290a,0x290f,
	0x3800,0x3805,0x380a,0x380f,0x4700,0x4705,0x470a,0x470f,
	0x6700,0x6705,0x670a,0x670f,0x7600,0x7605,0x760a,0x760f,
	0x9500,0x9505,0x950a,0x950f,0xa500,0xa505,0xa50a,0xa50f,
	0xb400,0xb405,0xb40a,0xb40f,0xd300,0xd305,0xd30a,0xd30f,
	0xe200,0xe205,0xe20a,0xe20f,0x0200,0x0205,0x020a,0x020f,
	0xbc20,0xbc25,0xbc2a,0xbc2f,0xcb20,0xcb25,0xcb2a,0xcb2f,
	0xdb20,0xdb25,0xdb2a,0xdb2f,0xfa20,0xfa25,0xfa2a,0xfa2f,
	0x0920,0x0925,0x092a,0x092f,0x2920,0x2925,0x292a,0x292f,
	0x3820,0x3825,0x382a,0x382f,0x4720,0x4725,0x472a,0x472f,
	0x6620,0x6625,0x662a,0x662f,0x7620,0x7625,0x762a,0x762f,
	0x9520,0x9525,0x952a,0x952f,0xa420,0xa425,0xa42a,0xa42f,
	0xb420,0xb425,0xb42a,0xb42f,0xd320,0xd325,0xd32a,0xd32f,
	0xe220,0xe225,0xe22a,0xe22f,0x0120,0x0125,0x012a,0x012f,
	0xbc40,0xbc45,0xbc4a,0xbc4f,0xcb40,0xcb45,0xcb4a,0xcb4f,
	0xda40,0xda45,0xda4a,0xda4f,0xfa40,0xfa45,0xfa4a,0xfa4f,
	0x0940,0x0945,0x094a,0x094f,0x2840,0x2845,0x284a,0x284f,
	0x3840,0x3845,0x384a,0x384f,0x4740,0x4745,0x474a,0x474f,
	0x6640,0x6645,0x664a,0x664f,0x7540,0x7545,0x754a,0x754f,
	0x9540,0x9545,0x954a,0x954f,0xa440,0xa445,0xa44a,0xa44f,
	0xb340,0xb345,0xb34a,0xb34f,0xd340,0xd345,0xd34a,0xd34f,
	0xe240,0xe245,0xe24a,0xe24f,0x0140,0x0145,0x014a,0x014f,
	0xbb60,0xbb65,0xbb6a,0xbb6f,0xcb60,0xcb65,0xcb6a,0xcb6f,
	0xda60,0xda65,0xda6a,0xda6f,0xf960,0xf965,0xf96a,0xf96f,
	0x0960,0x0965,0x096a,0x096f,0x2860,0x2865,0x286a,0x286f,
	0x3760,0x3765,0x376a,0x376f,0x4660,0x4665,0x466a,0x466f,
	0x6660,0x6665,0x666a,0x666f,0x7560,0x7565,0x756a,0x756f,
	0x9460,0x9465,0x946a,0x946f,0xa460,0xa465,0xa46a,0xa46f,
	0xb360,0xb365,0xb36a,0xb36f,0xd260,0xd265,0xd26a,0xd26f,
	0xe160,0xe165,0xe16a,0xe16f,0x0160,0x0165,0x016a,0x016f,
	0xbb80,0xbb85,0xbb8a,0xbb8f,0xca80,0xca85,0xca8a,0xca8f,
	0xda80,0xda85,0xda8a,0xda8f,0xf980,0xf985,0xf98a,0xf98f,
	0x0880,0x0885,0x088a,0x088f,0x2880,0x2885,0x288a,0x288f,
	0x3780,0x3785,0x378a,0x378f,0x4680,0x4685,0x468a,0x468f,
	0x6580,0x6585,0x658a,0x658f,0x7580,0x7585,0x758a,0x758f,
	0x9480,0x9485,0x948a,0x948f,0xa380,0xa385,0xa38a,0xa38f,
	0xb380,0xb385,0xb38a,0xb38f,0xd280,0xd285,0xd28a,0xd28f,
	0xe180,0xe185,0xe18a,0xe18f,0x0080,0x0085,0x008a,0x008f,
	0xbb90,0xbb95,0xbb9a,0xbb9f,0xca90,0xca95,0xca9a,0xca9f,
	0xd990,0xd995,0xd99a,0xd99f,0xf990,0xf995,0xf99a,0xf99f,
	0x0890,0x0895,0x089a,0x089f,0x2790,0x2795,0x279a,0x279f,
	0x3690,0x3695,0x369a,0x369f,0x4690,0x4695,0x469a,0x469f,
	0x6590,0x6595,0x659a,0x659f,0x7490,0x7495,0x749a,0x749f,
	0x9490,0x9495,0x949a,0x949f,0xa390,0xa395,0xa39a,0xa39f,
	0xb290,0xb295,0xb29a,0xb29f,0xd190,0xd195,0xd19a,0xd19f,
	0xe190,0xe195,0xe19a,0xe19f,0x0090,0x0095,0x009a,0x009f,
	0xbab0,0xbab5,0xbaba,0xbabf,0xcab0,0xcab5,0xcaba,0xcabf,
	0xd9b0,0xd9b5,0xd9ba,0xd9bf,0xf8b0,0xf8b5,0xf8ba,0xf8bf,
	0x08b0,0x08b5,0x08ba,0x08bf,0x27b0,0x27b5,0x27ba,0x27bf,
	0x36b0,0x36b5,0x36ba,0x36bf,0x45b0,0x45b5,0x45ba,0x45bf,
	0x65b0,0x65b5,0x65ba,0x65bf,0x74b0,0x74b5,0x74ba,0x74bf,
	0x93b0,0x93b5,0x93ba,0x93bf,0xa3b0,0xa3b5,0xa3ba,0xa3bf,
	0xb2b0,0xb2b5,0xb2ba,0xb2bf,0xd1b0,0xd1b5,0xd1ba,0xd1bf,
	0xe0b0,0xe0b5,0xe0ba,0xe0bf,0x00b0,0x00b5,0x00ba,0x00bf,
	0xbad0,0xbad5,0xbada,0xbadf,0xc9d0,0xc9d5,0xc9da,0xc9df,
	0xd9d0,0xd9d5,0xd9da,0xd9df,0xf8d0,0xf8d5,0xf8da,0xf8df,
	0x07d0,0x07d5,0x07da,0x07df,0x27d0,0x27d5,0x27da,0x27df,
	0x36d0,0x36d5,0x36da,0x36df,0x45d0,0x45d5,0x45da,0x45df,
	0x64d0,0x64d5,0x64da,0x64df,0x74d0,0x74d5,0x74da,0x74df,
	0x93d0,0x93d5,0x93da,0x93df,0xa2d0,0xa2d5,0xa2da,0xa2df,
	0xb2d0,0xb2d5,0xb2da,0xb2df,0xd1d0,0xd1d5,0xd1da,0xd1df,
	0xe0d0,0xe0d5,0xe0da,0xe0df,0x0fd0,0x0fd5,0x0fda,0x0fdf,
	0xbaf0,0xbaf5,0xbafa,0xbaff,0xc9f0,0xc9f5,0xc9fa,0xc9ff,
	0xd8f0,0xd8f5,0xd8fa,0xd8ff,0xf8f0,0xf8f5,0xf8fa,0xf8ff,
	0x07f0,0x07f5,0x07fa,0x07ff,0x26f0,0x26f5,0x26fa,0x26ff,
	0x35f0,0x35f5,0x35fa,0x35ff,0x45f0,0x45f5,0x45fa,0x45ff,
	0x64f0,0x64f5,0x64fa,0x64ff,0x73f0,0x73f5,0x73fa,0x73ff,
	0x93f0,0x93f5,0x93fa,0x93ff,0xa2f0,0xa2f5,0xa2fa,0xa2ff,
	0xb1f0,0xb1f5,0xb1fa,0xb1ff,0xd0f0,0xd0f5,0xd0fa,0xd0ff,
	0xe0f0,0xe0f5,0xe0fa,0xe0ff,0x0ff0,0x0ff5,0x0ffa,0x0fff,
	0xb900,0xb905,0xb90a,0xb90f,0xc900,0xc905,0xc90a,0xc90f,
	0xd800,0xd805,0xd80a,0xd80f,0xf700,0xf705,0xf70a,0xf70f,
	0x0700,0x0705,0x070a,0x070f,0x2600,0x2605,0x260a,0x260f,
	0x3500,0x3505,0x350a,0x350f,0x4400,0x4405,0x440a,0x440f,
	0x6400,0x6405,0x640a,0x640f,0x7300,0x7305,0x730a,0x730f,
	0x9200,0x9205,0x920a,0x920f,0xa200,0xa205,0xa20a,0xa20f,
	0xb100,0xb105,0xb10a,0xb10f,0xd000,0xd005,0xd00a,0xd00f,
	0xef00,0xef05,0xef0a,0xef0f,0x0f00,0x0f05,0x0f0a,0x0f0f,
	0xb920,0xb925,0xb92a,0xb92f,0xc820,0xc825,0xc82a,0xc82f,
	0xd820,0xd825,0xd82a,0xd82f,0xf720,0xf725,0xf72a,0xf72f,
	0x0620,0x0625,0x062a,0x062f,0x2520,0x2525,0x252a,0x252f,
	0x3520,0x3525,0x352a,0x352f,0x4420,0x4425,0x442a,0x442f,
	0x6320,0x6325,0x632a,0x632f,0x7320,0x7325,0x732a,0x732f,
	0x9220,0x9225,0x922a,0x922f,0xa120,0xa125,0xa12a,0xa12f,
	0xb020,0xb025,0xb02a,0xb02f,0xd020,0xd025,0xd02a,0xd02f,
	0xef20,0xef25,0xef2a,0xef2f,0x0e20,0x0e25,0x0e2a,0x0e2f,
	0xbf80,0xbf85,0xbf8a,0xbf8f,0xce80,0xce85,0xce8a,0xce8f,
	0xed80,0xed85,0xed8a,0xed8f,0xfd80,0xfd85,0xfd8a,0xfd8f,
	0x1c80,0x1c85,0x1c8a,0x1c8f,0x2b80,0x2b85,0x2b8a,0x2b8f,
	0x3a80,0x3a85,0x3a8a,0x3a8f,0x5a80,0x5a85,0x5a8a,0x5a8f,
	0x6980,0x6985,0x698a,0x698f,0x8880,0x8885,0x888a,0x888f,
	0x9880,0x9885,0x988a,0x988f,0xa780,0xa785,0xa78a,0xa78f,
	0xc680,0xc685,0xc68a,0xc68f,0xd580,0xd585,0xd58a,0xd58f,
	0xf580,0xf585,0xf58a,0xf58f,0x0480,0x0485,0x048a,0x048f,
	0xbea0,0xbea5,0xbeaa,0xbeaf,0xcea0,0xcea5,0xceaa,0xceaf,
	0xeda0,0xeda5,0xedaa,0xedaf,0xfca0,0xfca5,0xfcaa,0xfcaf,
	0x1ca0,0x1ca5,0x1caa,0x1caf,0x2ba0,0x2ba5,0x2baa,0x2baf,
	0x3aa0,0x3aa5,0x3aaa,0x3aaf,0x59a0,0x59a5,0x59aa,0x59af,
	0x69a0,0x69a5,0x69aa,0x69af,0x88a0,0x88a5,0x88aa,0x88af,
	0x97a0,0x97a5,0x97aa,0x97af,0xa7a0,0xa7a5,0xa7aa,0xa7af,
	0xc6a0,0xc6a5,0xc6aa,0xc6af,0xd5a0,0xd5a5,0xd5aa,0xd5af,
	0xf4a0,0xf4a5,0xf4aa,0xf4af,0x04a0,0x04a5,0x04aa,0x04af,
	0xbec0,0xbec5,0xbeca,0xbecf,0xcdc0,0xcdc5,0xcdca,0xcdcf,
	0xedc0,0xedc5,0xedca,0xedcf,0xfcc0,0xfcc5,0xfcca,0xfccf,
	0x1bc0,0x1bc5,0x1bca,0x1bcf,0x2ac0,0x2ac5,0x2aca,0x2acf,
	0x3ac0,0x3ac5,0x3aca,0x3acf,0x59c0,0x59c5,0x59ca,0x59cf,
	0x68c0,0x68c5,0x68ca,0x68cf,0x88c0,0x88c5,0x88ca,0x88cf,
	0x97c0,0x97c5,0x97ca,0x97cf,0xa6c0,0xa6c5,0xa6ca,0xa6cf,
	0xc5c0,0xc5c5,0xc5ca,0xc5cf,0xd5c0,0xd5c5,0xd5ca,0xd5cf,
	0xf4c0,0xf4c5,0xf4ca,0xf4cf,0x03c0,0x03c5,0x03ca,0x03cf,
	0xbed0,0xbed5,0xbeda,0xbedf,0xcdd0,0xcdd5,0xcdda,0xcddf,
	0xecd0,0xecd5,0xecda,0xecdf,0xfcd0,0xfcd5,0xfcda,0xfcdf,
	0x1bd0,0x1bd5,0x1bda,0x1bdf,0x2ad0,0x2ad5,0x2ada,0x2adf,
	0x39d0,0x39d5,0x39da,0x39df,0x59d0,0x59d5,0x59da,0x59df,
	0x68d0,0x68d5,0x68da,0x68df,0x87d0,0x87d5,0x87da,0x87df,
	0x97d0,0x97d5,0x97da,0x97df,0xa6d0,0xa6d5,0xa6da,0xa6df,
	0xc5d0,0xc5d5,0xc5da,0xc5df,0xd4d0,0xd4d5,0xd4da,0xd4df,
	0xf4d0,0xf4d5,0xf4da,0xf4df,0x03d0,0x03d5,0x03da,0x03df,
	0xbdf0,0xbdf5,0xbdfa,0xbdff,0xcdf0,0xcdf5,0xcdfa,0xcdff,
	0xecf0,0xecf5,0xecfa,0xecff,0xfbf0,0xfbf5,0xfbfa,0xfbff,
	0x1af0,0x1af5,0x1afa,0x1aff,0x2af0,0x2af5,0x2afa,0x2aff,
	0x39f0,0x39f5,0x39fa,0x39ff,0x58f0,0x58f5,0x58fa,0x58ff,
	0x68f0,0x68f5,0x68fa,0x68ff,0x87f0,0x87f5,0x87fa,0x87ff,
	0x96f0,0x96f5,0x96fa,0x96ff,0xa5f0,0xa5f5,0xa5fa,0xa5ff,
	0xc5f0,0xc5f5,0xc5fa,0xc5ff,0xd4f0,0xd4f5,0xd4fa,0xd4ff,
	0xf3f0,0xf3f5,0xf3fa,0xf3ff,0x03f0,0x03f5,0x03fa,0x03ff,
	0xbd10,0xbd15,0xbd1a,0xbd1f,0xcc10,0xcc15,0xcc1a,0xcc1f,
	0xec10,0xec15,0xec1a,0xec1f,0xfb10,0xfb15,0xfb1a,0xfb1f,
	0x1a10,0x1a15,0x1a1a,0x1a1f,0x2910,0x2915,0x291a,0x291f,
	0x3910,0x3915,0x391a,0x391f,0x5810,0x5815,0x581a,0x581f,
	0x6710,0x6715,0x671a,0x671f,0x8710,0x8715,0x871a,0x871f,
	0x9610,0x9615,0x961a,0x961f,0xa510,0xa515,0xa51a,0xa51f,
	0xc410,0xc415,0xc41a,0xc41f,0xd410,0xd415,0xd41a,0xd41f,
	0xf310,0xf315,0xf31a,0xf31f,0x0210,0x0215,0x021a,0x021f,
	0xbd30,0xbd35,0xbd3a,0xbd3f,0xcc30,0xcc35,0xcc3a,0xcc3f,
	0xeb30,0xeb35,0xeb3a,0xeb3f,0xfb30,0xfb35,0xfb3a,0xfb3f,
	0x1a30,0x1a35,0x1a3a,0x1a3f,0x2930,0x2935,0x293a,0x293f,
	0x3830,0x3835,0x383a,0x383f,0x5830,0x5835,0x583a,0x583f,
	0x6730,0x6735,0x673a,0x673f,0x8630,0x8635,0x863a,0x863f,
	0x9630,0x9635,0x963a,0x963f,0xa530,0xa535,0xa53a,0xa53f,
	0xc430,0xc435,0xc43a,0xc43f,0xd330,0xd335,0xd33a,0xd33f,
	0xf330,0xf335,0xf33a,0xf33f,0x0230,0x0235,0x023a,0x023f,
	0xbc40,0xbc45,0xbc4a,0xbc4f,0xcc40,0xcc45,0xcc4a,0xcc4f,
	0xeb40,0xeb45,0xeb4a,0xeb4f,0xfa40,0xfa45,0xfa4a,0xfa4f,
	0x1940,0x1945,0x194a,0x194f,0x2940,0x2945,0x294a,0x294f,
	0x3840,0x3845,0x384a,0x384f,0x5740,0x5745,0x574a,0x574f,
	0x6740,0x6745,0x674a,0x674f,0x8640,0x8645,0x864a,0x864f,
	0x9540,0x9545,0x954a,0x954f,0xa440,0xa445,0xa44a,0xa44f,
	0xc440,0xc445,0xc44a,0xc44f,0xd340,0xd345,0xd34a,0xd34f,
	0xf240,0xf245,0xf24a,0xf24f,0x0240,0x0245,0x024a,0x024f,
	0xbc60,0xbc65,0xbc6a,0xbc6f,0xcb60,0xcb65,0xcb6a,0xcb6f,
	0xeb60,0xeb65,0xeb6a,0xeb6f,0xfa60,0xfa65,0xfa6a,0xfa6f,
	0x1960,0x1965,0x196a,0x196f,0x2860,0x2865,0x286a,0x286f,
	0x3860,0x3865,0x386a,0x386f,0x5760,0x5765,0x576a,0x576f,
	0x6660,0x6665,0x666a,0x666f,0x8660,0x8665,0x866a,0x866f,
	0x9560,0x9565,0x956a,0x956f,0xa460,0xa465,0xa46a,0xa46f,
	0xc360,0xc365,0xc36a,0xc36f,0xd360,0xd365,0xd36a,0xd36f,
	0xf260,0xf265,0xf26a,0xf26f,0x0160,0x0165,0x016a,0x016f,
	0xbc80,0xbc85,0xbc8a,0xbc8f,0xcb80,0xcb85,0xcb8a,0xcb8f,
	0xea80,0xea85,0xea8a,0xea8f,0xf980,0xf985,0xf98a,0xf98f,
	0x1980,0x1985,0x198a,0x198f,0x2880,0x2885,0x288a,0x288f,
	0x3780,0x3785,0x378a,0x378f,0x5780,0x5785,0x578a,0x578f,
	0x6680,0x6685,0x668a,0x668f,0x8580,0x8585,0x858a,0x858f,
	0x9480,0x9485,0x948a,0x948f,0xa480,0xa485,0xa48a,0xa48f,
	0xc380,0xc385,0xc38a,0xc38f,0xd280,0xd285,0xd28a,0xd28f,
	0xf280,0xf285,0xf28a,0xf28f,0x0180,0x0185,0x018a,0x018f,
	0xbba0,0xbba5,0xbbaa,0xbbaf,0xcba0,0xcba5,0xcbaa,0xcbaf,
	0xeaa0,0xeaa5,0xeaaa,0xeaaf,0xf9a0,0xf9a5,0xf9aa,0xf9af,
	0x18a0,0x18a5,0x18aa,0x18af,0x28a0,0x28a5,0x28aa,0x28af,
	0x37a0,0x37a5,0x37aa,0x37af,0x56a0,0x56a5,0x56aa,0x56af,
	0x66a0,0x66a5,0x66aa,0x66af,0x85a0,0x85a5,0x85aa,0x85af,
	0x94a0,0x94a5,0x94aa,0x94af,0xa3a0,0xa3a5,0xa3aa,0xa3af,
	0xc3a0,0xc3a5,0xc3aa,0xc3af,0xd2a0,0xd2a5,0xd2aa,0xd2af,
	0xf1a0,0xf1a5,0xf1aa,0xf1af,0x01a0,0x01a5,0x01aa,0x01af,
	0xbbc0,0xbbc5,0xbbca,0xbbcf,0xcac0,0xcac5,0xcaca,0xcacf,
	0xeac0,0xeac5,0xeaca,0xeacf,0xf9c0,0xf9c5,0xf9ca,0xf9cf,
	0x18c0,0x18c5,0x18ca,0x18cf,0x27c0,0x27c5,0x27ca,0x27cf,
	0x37c0,0x37c5,0x37ca,0x37cf,0x56c0,0x56c5,0x56ca,0x56cf,
	0x65c0,0x65c5,0x65ca,0x65cf,0x85c0,0x85c5,0x85ca,0x85cf,
	0x94c0,0x94c5,0x94ca,0x94cf,0xa3c0,0xa3c5,0xa3ca,0xa3cf,
	0xc2c0,0xc2c5,0xc2ca,0xc2cf,0xd2c0,0xd2c5,0xd2ca,0xd2cf,
	0xf1c0,0xf1c5,0xf1ca,0xf1cf,0x00c0,0x00c5,0x00ca,0x00cf,
	0xbbd0,0xbbd5,0xbbda,0xbbdf,0xcad0,0xcad5,0xcada,0xcadf,
	0xe9d0,0xe9d5,0xe9da,0xe9df,0xf8d0,0xf8d5,0xf8da,0xf8df,
	0x18d0,0x18d5,0x18da,0x18df,0x27d0,0x27d5,0x27da,0x27df,
	0x36d0,0x36d5,0x36da,0x36df,0x56d0,0x56d5,0x56da,0x56df,
	0x65d0,0x65d5,0x65da,0x65df,0x84d0,0x84d5,0x84da,0x84df,
	0x93d0,0x93d5,0x93da,0x93df,0xa3d0,0xa3d5,0xa3da,0xa3df,
	0xc2d0,0xc2d5,0xc2da,0xc2df,0xd1d0,0xd1d5,0xd1da,0xd1df,
	0xf1d0,0xf1d5,0xf1da,0xf1df,0x00d0,0x00d5,0x00da,0x00df,
	0xbaf0,0xbaf5,0xbafa,0xbaff,0xcaf0,0xcaf5,0xcafa,0xcaff,
	0xe9f0,0xe9f5,0xe9fa,0xe9ff,0xf8f0,0xf8f5,0xf8fa,0xf8ff,
	0x17f0,0x17f5,0x17fa,0x17ff,0x27f0,0x27f5,0x27fa,0x27ff,
	0x36f0,0x36f5,0x36fa,0x36ff,0x55f0,0x55f5,0x55fa,0x55ff,
	0x65f0,0x65f5,0x65fa,0x65ff,0x84f0,0x84f5,0x84fa,0x84ff,
	0x93f0,0x93f5,0x93fa,0x93ff,0xa2f0,0xa2f5,0xa2fa,0xa2ff,
	0xc2f0,0xc2f5,0xc2fa,0xc2ff,0xd1f0,0xd1f5,0xd1fa,0xd1ff,
	0xf0f0,0xf0f5,0xf0fa,0xf0ff,0x00f0,0x00f5,0x00fa,0x00ff,
	0xba10,0xba15,0xba1a,0xba1f,0xc910,0xc915,0xc91a,0xc91f,
	0xe810,0xe815,0xe81a,0xe81f,0xf810,0xf815,0xf81a,0xf81f,
	0x1710,0x1715,0x171a,0x171f,0x2610,0x2615,0x261a,0x261f,
	0x3610,0x3615,0x361a,0x361f,0x5510,0x5515,0x551a,0x551f,
	0x6410,0x6415,0x641a,0x641f,0x8310,0x8315,0x831a,0x831f,
	0x9310,0x9315,0x931a,0x931f,0xa210,0xa215,0xa21a,0xa21f,
	0xc110,0xc115,0xc11a,0xc11f,0xd110,0xd115,0xd11a,0xd11f,
	0xf010,0xf015,0xf01a,0xf01f,0x0f10,0x0f15,0x0f1a,0x0f1f,
	0xba30,0xba35,0xba3a,0xba3f,0xc930,0xc935,0xc93a,0xc93f,
	0xe830,0xe835,0xe83a,0xe83f,0xf730,0xf735,0xf73a,0xf73f,
	0x1730,0x1735,0x173a,0x173f,0x2630,0x2635,0x263a,0x263f,
	0x3530,0x3535,0x353a,0x353f,0x5530,0x5535,0x553a,0x553f,
	0x6430,0x6435,0x643a,0x643f,0x8330,0x8335,0x833a,0x833f,
	0x9230,0x9235,0x923a,0x923f,0xa230,0xa235,0xa23a,0xa23f,
	0xc130,0xc135,0xc13a,0xc13f,0xd030,0xd035,0xd03a,0xd03f,
	0xf030,0xf035,0xf03a,0xf03f,0x0f30,0x0f35,0x0f3a,0x0f3f,
	0xcf90,0xcf95,0xcf9a,0xcf9f,0xdf90,0xdf95,0xdf9a,0xdf9f,
	0xee90,0xee95,0xee9a,0xee9f,0x0d90,0x0d95,0x0d9a,0x0d9f,
	0x1c90,0x1c95,0x1c9a,0x1c9f,0x3c90,0x3c95,0x3c9a,0x3c9f,
	0x4b90,0x4b95,0x4b9a,0x4b9f,0x5a90,0x5a95,0x5a9a,0x5a9f,
	0x7a90,0x7a95,0x7a9a,0x7a9f,0x8990,0x8995,0x899a,0x899f,
	0xa890,0xa895,0xa89a,0xa89f,0xb790,0xb795,0xb79a,0xb79f,
	0xc790,0xc795,0xc79a,0xc79f,0xe690,0xe695,0xe69a,0xe69f,
	0xf590,0xf595,0xf59a,0xf59f,0x1590,0x1595,0x159a,0x159f,
	0xcfa0,0xcfa5,0xcfaa,0xcfaf,0xdea0,0xdea5,0xdeaa,0xdeaf,
	0xeda0,0xeda5,0xedaa,0xedaf,0x0da0,0x0da5,0x0daa,0x0daf,
	0x1ca0,0x1ca5,0x1caa,0x1caf,0x3ba0,0x3ba5,0x3baa,0x3baf,
	0x4ba0,0x4ba5,0x4baa,0x4baf,0x5aa0,0x5aa5,0x5aaa,0x5aaf,
	0x79a0,0x79a5,0x79aa,0x79af,0x88a0,0x88a5,0x88aa,0x88af,
	0xa8a0,0xa8a5,0xa8aa,0xa8af,0xb7a0,0xb7a5,0xb7aa,0xb7af,
	0xc6a0,0xc6a5,0xc6aa,0xc6af,0xe6a0,0xe6a5,0xe6aa,0xe6af,
	0xf5a0,0xf5a5,0xf5aa,0xf5af,0x14a0,0x14a5,0x14aa,0x14af,
	0xcfc0,0xcfc5,0xcfca,0xcfcf,0xdec0,0xdec5,0xdeca,0xdecf,
	0xedc0,0xedc5,0xedca,0xedcf,0x0cc0,0x0cc5,0x0cca,0x0ccf,
	0x1cc0,0x1cc5,0x1cca,0x1ccf,0x3bc0,0x3bc5,0x3bca,0x3bcf,
	0x4ac0,0x4ac5,0x4aca,0x4acf,0x5ac0,0x5ac5,0x5aca,0x5acf,
	0x79c0,0x79c5,0x79ca,0x79cf,0x88c0,0x88c5,0x88ca,0x88cf,
	0xa7c0,0xa7c5,0xa7ca,0xa7cf,0xb7c0,0xb7c5,0xb7ca,0xb7cf,
	0xc6c0,0xc6c5,0xc6ca,0xc6cf,0xe5c0,0xe5c5,0xe5ca,0xe5cf,
	0xf5c0,0xf5c5,0xf5ca,0xf5cf,0x14c0,0x14c5,0x14ca,0x14cf,
	0xcee0,0xcee5,0xceea,0xceef,0xdde0,0xdde5,0xddea,0xddef,
	0xede0,0xede5,0xedea,0xedef,0x0ce0,0x0ce5,0x0cea,0x0cef,
	0x1be0,0x1be5,0x1bea,0x1bef,0x3be0,0x3be5,0x3bea,0x3bef,
	0x4ae0,0x4ae5,0x4aea,0x4aef,0x59e0,0x59e5,0x59ea,0x59ef,
	0x78e0,0x78e5,0x78ea,0x78ef,0x88e0,0x88e5,0x88ea,0x88ef,
	0xa7e0,0xa7e5,0xa7ea,0xa7ef,0xb6e0,0xb6e5,0xb6ea,0xb6ef,
	0xc6e0,0xc6e5,0xc6ea,0xc6ef,0xe5e0,0xe5e5,0xe5ea,0xe5ef,
	0xf4e0,0xf4e5,0xf4ea,0xf4ef,0x13e0,0x13e5,0x13ea,0x13ef,
	0xce00,0xce05,0xce0a,0xce0f,0xdd00,0xdd05,0xdd0a,0xdd0f,
	0xec00,0xec05,0xec0a,0xec0f,0x0c00,0x0c05,0x0c0a,0x0c0f,
	0x1b00,0x1b05,0x1b0a,0x1b0f,0x3a00,0x3a05,0x3a0a,0x3a0f,
	0x4a00,0x4a05,0x4a0a,0x4a0f,0x5900,0x5905,0x590a,0x590f,
	0x7800,0x7805,0x780a,0x780f,0x8700,0x8705,0x870a,0x870f,
	0xa700,0xa705,0xa70a,0xa70f,0xb600,0xb605,0xb60a,0xb60f,
	0xc500,0xc505,0xc50a,0xc50f,0xe500,0xe505,0xe50a,0xe50f,
	0xf400,0xf405,0xf40a,0xf40f,0x1300,0x1305,0x130a,0x130f,
	0xcd10,0xcd15,0xcd1a,0xcd1f,0xdd10,0xdd15,0xdd1a,0xdd1f,
	0xec10,0xec15,0xec1a,0xec1f,0x0b10,0x0b15,0x0b1a,0x0b1f,
	0x1b10,0x1b15,0x1b1a,0x1b1f,0x3a10,0x3a15,0x3a1a,0x3a1f,
	0x4910,0x4915,0x491a,0x491f,0x5810,0x5815,0x581a,0x581f,
	0x7810,0x7815,0x781a,0x781f,0x8710,0x8715,0x871a,0x871f,
	0xa610,0xa615,0xa61a,0xa61f,0xb610,0xb615,0xb61a,0xb61f,
	0xc510,0xc515,0xc51a,0xc51f,0xe410,0xe415,0xe41a,0xe41f,
	0xf310,0xf315,0xf31a,0xf31f,0x1310,0x1315,0x131a,0x131f,
	0xcd30,0xcd35,0xcd3a,0xcd3f,0xdc30,0xdc35,0xdc3a,0xdc3f,
	0xec30,0xec35,0xec3a,0xec3f,0x0b30,0x0b35,0x0b3a,0x0b3f,
	0x1a30,0x1a35,0x1a3a,0x1a3f,0x3a30,0x3a35,0x3a3a,0x3a3f,
	0x4930,0x4935,0x493a,0x493f,0x5830,0x5835,0x583a,0x583f,
	0x7730,0x7735,0x773a,0x773f,0x8730,0x8735,0x873a,0x873f,
	0xa630,0xa635,0xa63a,0xa63f,0xb530,0xb535,0xb53a,0xb53f,
	0xc530,0xc535,0xc53a,0xc53f,0xe430,0xe435,0xe43a,0xe43f,
	0xf330,0xf335,0xf33a,0xf33f,0x1230,0x1235,0x123a,0x123f,
	0xcd50,0xcd55,0xcd5a,0xcd5f,0xdc50,0xdc55,0xdc5a,0xdc5f,
	0xeb50,0xeb55,0xeb5a,0xeb5f,0x0b50,0x0b55,0x0b5a,0x0b5f,
	0x1a50,0x1a55,0x1a5a,0x1a5f,0x3950,0x3955,0x395a,0x395f,
	0x4950,0x4955,0x495a,0x495f,0x5850,0x5855,0x585a,0x585f,
	0x7750,0x7755,0x775a,0x775f,0x8650,0x8655,0x865a,0x865f,
	0xa650,0xa655,0xa65a,0xa65f,0xb550,0xb555,0xb55a,0xb55f,
	0xc450,0xc455,0xc45a,0xc45f,0xe450,0xe455,0xe45a,0xe45f,
	0xf350,0xf355,0xf35a,0xf35f,0x1250,0x1255,0x125a,0x125f,
	0xcc70,0xcc75,0xcc7a,0xcc7f,0xdc70,0xdc75,0xdc7a,0xdc7f,
	0xeb70,0xeb75,0xeb7a,0xeb7f,0x0a70,0x0a75,0x0a7a,0x0a7f,
	0x1a70,0x1a75,0x1a7a,0x1a7f,0x3970,0x3975,0x397a,0x397f,
	0x4870,0x4875,0x487a,0x487f,0x5770,0x5775,0x577a,0x577f,
	0x7770,0x7775,0x777a,0x777f,0x8670,0x8675,0x867a,0x867f,
	0xa570,0xa575,0xa57a,0xa57f,0xb570,0xb575,0xb57a,0xb57f,
	0xc470,0xc475,0xc47a,0xc47f,0xe370,0xe375,0xe37a,0xe37f,
	0xf270,0xf275,0xf27a,0xf27f,0x1270,0x1275,0x127a,0x127f,
	0xcc90,0xcc95,0xcc9a,0xcc9f,0xdb90,0xdb95,0xdb9a,0xdb9f,
	0xeb90,0xeb95,0xeb9a,0xeb9f,0x0a90,0x0a95,0x0a9a,0x0a9f,
	0x1990,0x1995,0x199a,0x199f,0x3990,0x3995,0x399a,0x399f,
	0x4890,0x4895,0x489a,0x489f,0x5790,0x5795,0x579a,0x579f,
	0x7690,0x7695,0x769a,0x769f,0x8690,0x8695,0x869a,0x869f,
	0xa590,0xa595,0xa59a,0xa59f,0xb490,0xb495,0xb49a,0xb49f,
	0xc490,0xc495,0xc49a,0xc49f,0xe390,0xe395,0xe39a,0xe39f,
	0xf290,0xf295,0xf29a,0xf29f,0x1190,0x1195,0x119a,0x119f,
	0xcca0,0xcca5,0xccaa,0xccaf,0xdba0,0xdba5,0xdbaa,0xdbaf,
	0xeaa0,0xeaa5,0xeaaa,0xeaaf,0x0aa0,0x0aa5,0x0aaa,0x0aaf,
	0x19a0,0x19a5,0x19aa,0x19af,0x38a0,0x38a5,0x38aa,0x38af,
	0x47a0,0x47a5,0x47aa,0x47af,0x57a0,0x57a5,0x57aa,0x57af,
	0x76a0,0x76a5,0x76aa,0x76af,0x85a0,0x85a5,0x85aa,0x85af,
	0xa5a0,0xa5a5,0xa5aa,0xa5af,0xb4a0,0xb4a5,0xb4aa,0xb4af,
	0xc3a0,0xc3a5,0xc3aa,0xc3af,0xe2a0,0xe2a5,0xe2aa,0xe2af,
	0xf2a0,0xf2a5,0xf2aa,0xf2af,0x11a0,0x11a5,0x11aa,0x11af,
	0xcbc0,0xcbc5,0xcbca,0xcbcf,0xdbc0,0xdbc5,0xdbca,0xdbcf,
	0xeac0,0xeac5,0xeaca,0xeacf,0x09c0,0x09c5,0x09ca,0x09cf,
	0x19c0,0x19c5,0x19ca,0x19cf,0x38c0,0x38c5,0x38ca,0x38cf,
	0x47c0,0x47c5,0x47ca,0x47cf,0x56c0,0x56c5,0x56ca,0x56cf,
	0x76c0,0x76c5,0x76ca,0x76cf,0x85c0,0x85c5,0x85ca,0x85cf,
	0xa4c0,0xa4c5,0xa4ca,0xa4cf,0xb4c0,0xb4c5,0xb4ca,0xb4cf,
	0xc3c0,0xc3c5,0xc3ca,0xc3cf,0xe2c0,0xe2c5,0xe2ca,0xe2cf,
	0xf1c0,0xf1c5,0xf1ca,0xf1cf,0x11c0,0x11c5,0x11ca,0x11cf,
	0xcbe0,0xcbe5,0xcbea,0xcbef,0xdae0,0xdae5,0xdaea,0xdaef,
	0xeae0,0xeae5,0xeaea,0xeaef,0x09e0,0x09e5,0x09ea,0x09ef,
	0x18e0,0x18e5,0x18ea,0x18ef,0x38e0,0x38e5,0x38ea,0x38ef,
	0x47e0,0x47e5,0x47ea,0x47ef,0x56e0,0x56e5,0x56ea,0x56ef,
	0x75e0,0x75e5,0x75ea,0x75ef,0x85e0,0x85e5,0x85ea,0x85ef,
	0xa4e0,0xa4e5,0xa4ea,0xa4ef,0xb3e0,0xb3e5,0xb3ea,0xb3ef,
	0xc3e0,0xc3e5,0xc3ea,0xc3ef,0xe2e0,0xe2e5,0xe2ea,0xe2ef,
	0xf1e0,0xf1e5,0xf1ea,0xf1ef,0x10e0,0x10e5,0x10ea,0x10ef,
	0xcb00,0xcb05,0xcb0a,0xcb0f,0xda00,0xda05,0xda0a,0xda0f,
	0xe900,0xe905,0xe90a,0xe90f,0x0900,0x0905,0x090a,0x090f,
	0x1800,0x1805,0x180a,0x180f,0x3700,0x3705,0x370a,0x370f,
	0x4600,0x4605,0x460a,0x460f,0x5600,0x5605,0x560a,0x560f,
	0x7500,0x7505,0x750a,0x750f,0x8400,0x8405,0x840a,0x840f,
	0xa400,0xa405,0xa40a,0xa40f,0xb300,0xb305,0xb30a,0xb30f,
	0xc200,0xc205,0xc20a,0xc20f,0xe100,0xe105,0xe10a,0xe10f,
	0xf100,0xf105,0xf10a,0xf10f,0x1000,0x1005,0x100a,0x100f,
	0xca10,0xca15,0xca1a,0xca1f,0xda10,0xda15,0xda1a,0xda1f,
	0xe910,0xe915,0xe91a,0xe91f,0x0810,0x0815,0x081a,0x081f,
	0x1810,0x1815,0x181a,0x181f,0x3710,0x3715,0x371a,0x371f,
	0x4610,0x4615,0x461a,0x461f,0x5510,0x5515,0x551a,0x551f,
	0x7510,0x7515,0x751a,0x751f,0x8410,0x8415,0x841a,0x841f,
	0xa310,0xa315,0xa31a,0xa31f,0xb310,0xb315,0xb31a,0xb31f,
	0xc210,0xc215,0xc21a,0xc21f,0xe110,0xe115,0xe11a,0xe11f,
	0xf010,0xf015,0xf01a,0xf01f,0x1010,0x1015,0x101a,0x101f,
	0xca30,0xca35,0xca3a,0xca3f,0xd930,0xd935,0xd93a,0xd93f,
	0xe930,0xe935,0xe93a,0xe93f,0x0830,0x0835,0x083a,0x083f,
	0x1730,0x1735,0x173a,0x173f,0x3630,0x3635,0x363a,0x363f,
	0x4630,0x4635,0x463a,0x463f,0x5530,0x5535,0x553a,0x553f,
	0x7430,0x7435,0x743a,0x743f,0x8430,0x8435,0x843a,0x843f,
	0xa330,0xa335,0xa33a,0xa33f,0xb230,0xb235,0xb23a,0xb23f,
	0xc130,0xc135,0xc13a,0xc13f,0xe130,0xe135,0xe13a,0xe13f,
	0xf030,0xf035,0xf03a,0xf03f,0x1f30,0x1f35,0x1f3a,0x1f3f,
	0xc090,0xc095,0xc09a,0xc09f,0xdf90,0xdf95,0xdf9a,0xdf9f,
	0xfe90,0xfe95,0xfe9a,0xfe9f,0x0e90,0x0e95,0x0e9a,0x0e9f,
	0x2d90,0x2d95,0x2d9a,0x2d9f,0x3c90,0x3c95,0x3c9a,0x3c9f,
	0x4b90,0x4b95,0x4b9a,0x4b9f,0x6b90,0x6b95,0x6b9a,0x6b9f,
	0x7a90,0x7a95,0x7a9a,0x7a9f,0x9990,0x9995,0x999a,0x999f,
	0xa990,0xa995,0xa99a,0xa99f,0xb890,0xb895,0xb89a,0xb89f,
	0xd790,0xd795,0xd79a,0xd79f,0xe690,0xe695,0xe69a,0xe69f,
	0x0690,0x0695,0x069a,0x069f,0x1590,0x1595,0x159a,0x159f,
	0xcfb0,0xcfb5,0xcfba,0xcfbf,0xdfb0,0xdfb5,0xdfba,0xdfbf,
	0xfeb0,0xfeb5,0xfeba,0xfebf,0x0db0,0x0db5,0x0dba,0x0dbf,
	0x2db0,0x2db5,0x2dba,0x2dbf,0x3cb0,0x3cb5,0x3cba,0x3cbf,
	0x4bb0,0x4bb5,0x4bba,0x4bbf,0x6ab0,0x6ab5,0x6aba,0x6abf,
	0x7ab0,0x7ab5,0x7aba,0x7abf,0x99b0,0x99b5,0x99ba,0x99bf,
	0xa8b0,0xa8b5,0xa8ba,0xa8bf,0xb8b0,0xb8b5,0xb8ba,0xb8bf,
	0xd7b0,0xd7b5,0xd7ba,0xd7bf,0xe6b0,0xe6b5,0xe6ba,0xe6bf,
	0x05b0,0x05b5,0x05ba,0x05bf,0x15b0,0x15b5,0x15ba,0x15bf,
	0xcfd0,0xcfd5,0xcfda,0xcfdf,0xded0,0xded5,0xdeda,0xdedf,
	0xfed0,0xfed5,0xfeda,0xfedf,0x0dd0,0x0dd5,0x0dda,0x0ddf,
	0x2cd0,0x2cd5,0x2cda,0x2cdf,0x3bd0,0x3bd5,0x3bda,0x3bdf,
	0x4bd0,0x4bd5,0x4bda,0x4bdf,0x6ad0,0x6ad5,0x6ada,0x6adf,
	0x79d0,0x79d5,0x79da,0x79df,0x99d0,0x99d5,0x99da,0x99df,
	0xa8d0,0xa8d5,0xa8da,0xa8df,0xb7d0,0xb7d5,0xb7da,0xb7df,
	0xd6d0,0xd6d5,0xd6da,0xd6df,0xe6d0,0xe6d5,0xe6da,0xe6df,
	0x05d0,0x05d5,0x05da,0x05df,0x14d0,0x14d5,0x14da,0x14df,
	0xcfe0,0xcfe5,0xcfea,0xcfef,0xdee0,0xdee5,0xdeea,0xdeef,
	0xfde0,0xfde5,0xfdea,0xfdef,0x0de0,0x0de5,0x0dea,0x0def,
	0x2ce0,0x2ce5,0x2cea,0x2cef,0x3be0,0x3be5,0x3bea,0x3bef,
	0x4ae0,0x4ae5,0x4aea,0x4aef,0x6ae0,0x6ae5,0x6aea,0x6aef,
	0x79e0,0x79e5,0x79ea,0x79ef,0x98e0,0x98e5,0x98ea,0x98ef,
	0xa8e0,0xa8e5,0xa8ea,0xa8ef,0xb7e0,0xb7e5,0xb7ea,0xb7ef,
	0xd6e0,0xd6e5,0xd6ea,0xd6ef,0xe5e0,0xe5e5,0xe5ea,0xe5ef,
	0x05e0,0x05e5,0x05ea,0x05ef,0x14e0,0x14e5,0x14ea,0x14ef,
	0xce00,0xce05,0xce0a,0xce0f,0xde00,0xde05,0xde0a,0xde0f,
	0xfd00,0xfd05,0xfd0a,0xfd0f,0x0c00,0x0c05,0x0c0a,0x0c0f,
	0x2b00,0x2b05,0x2b0a,0x2b0f,0x3b00,0x3b05,0x3b0a,0x3b0f,
	0x4a00,0x4a05,0x4a0a,0x4a0f,0x6900,0x6905,0x690a,0x690f,
	0x7900,0x7905,0x790a,0x790f,0x9800,0x9805,0x980a,0x980f,
	0xa700,0xa705,0xa70a,0xa70f,0xb600,0xb605,0xb60a,0xb60f,
	0xd600,0xd605,0xd60a,0xd60f,0xe500,0xe505,0xe50a,0xe50f,
	0x0400,0x0405,0x040a,0x040f,0x1400,0x1405,0x140a,0x140f,
	0xce20,0xce25,0xce2a,0xce2f,0xdd20,0xdd25,0xdd2a,0xdd2f,
	0xfd20,0xfd25,0xfd2a,0xfd2f,0x0c20,0x0c25,0x0c2a,0x0c2f,
	0x2b20,0x2b25,0x2b2a,0x2b2f,0x3a20,0x3a25,0x3a2a,0x3a2f,
	0x4a20,0x4a25,0x4a2a,0x4a2f,0x6920,0x6925,0x692a,0x692f,
	0x7820,0x7825,0x782a,0x782f,0x9820,0x9825,0x982a,0x982f,
	0xa720,0xa725,0xa72a,0xa72f,0xb620,0xb625,0xb62a,0xb62f,
	0xd520,0xd525,0xd52a,0xd52f,0xe520,0xe525,0xe52a,0xe52f,
	0x0420,0x0425,0x042a,0x042f,0x1320,0x1325,0x132a,0x132f,
	0xce40,0xce45,0xce4a,0xce4f,0xdd40,0xdd45,0xdd4a,0xdd4f,
	0xfc40,0xfc45,0xfc4a,0xfc4f,0x0c40,0x0c45,0x0c4a,0x0c4f,
	0x2b40,0x2b45,0x2b4a,0x2b4f,0x3a40,0x3a45,0x3a4a,0x3a4f,
	0x4940,0x4945,0x494a,0x494f,0x6940,0x6945,0x694a,0x694f,
	0x7840,0x7845,0x784a,0x784f,0x9740,0x9745,0x974a,0x974f,
	0xa740,0xa745,0xa74a,0xa74f,0xb640,0xb645,0xb64a,0xb64f,
	0xd540,0xd545,0xd54a,0xd54f,0xe440,0xe445,0xe44a,0xe44f,
	0x0440,0x0445,0x044a,0x044f,0x1340,0x1345,0x134a,0x134f,
	0xcd50,0xcd55,0xcd5a,0xcd5f,0xdd50,0xdd55,0xdd5a,0xdd5f,
	0xfc50,0xfc55,0xfc5a,0xfc5f,0x0b50,0x0b55,0x0b5a,0x0b5f,
	0x2a50,0x2a55,0x2a5a,0x2a5f,0x3a50,0x3a55,0x3a5a,0x3a5f,
	0x4950,0x4955,0x495a,0x495f,0x6850,0x6855,0x685a,0x685f,
	0x7850,0x7855,0x785a,0x785f,0x9750,0x9755,0x975a,0x975f,
	0xa650,0xa655,0xa65a,0xa65f,0xb550,0xb555,0xb55a,0xb55f,
	0xd550,0xd555,0xd55a,0xd55f,0xe450,0xe455,0xe45a,0xe45f,
	0x0350,0x0355,0x035a,0x035f,0x1350,0x1355,0x135a,0x135f,
	0xcd70,0xcd75,0xcd7a,0xcd7f,0xdc70,0xdc75,0xdc7a,0xdc7f,
	0xfc70,0xfc75,0xfc7a,0xfc7f,0x0b70,0x0b75,0x0b7a,0x0b7f,
	0x2a70,0x2a75,0x2a7a,0x2a7f,0x3970,0x3975,0x397a,0x397f,
	0x4970,0x4975,0x497a,0x497f,0x6870,0x6875,0x687a,0x687f,
	0x7770,0x7775,0x777a,0x777f,0x9770,0x9775,0x977a,0x977f,
	0xa670,0xa675,0xa67a,0xa67f,0xb570,0xb575,0xb57a,0xb57f,
	0xd470,0xd475,0xd47a,0xd47f,0xe470,0xe475,0xe47a,0xe47f,
	0x0370,0x0375,0x037a,0x037f,0x1270,0x1275,0x127a,0x127f,
	0xcd90,0xcd95,0xcd9a,0xcd9f,0xdc90,0xdc95,0xdc9a,0xdc9f,
	0xfb90,0xfb95,0xfb9a,0xfb9f,0x0a90,0x0a95,0x0a9a,0x0a9f,
	0x2a90,0x2a95,0x2a9a,0x2a9f,0x3990,0x3995,0x399a,0x399f,
	0x4890,0x4895,0x489a,0x489f,0x6890,0x6895,0x689a,0x689f,
	0x7790,0x7795,0x779a,0x779f,0x9690,0x9695,0x969a,0x969f,
	0xa590,0xa595,0xa59a,0xa59f,0xb590,0xb595,0xb59a,0xb59f,
	0xd490,0xd495,0xd49a,0xd49f,0xe390,0xe395,0xe39a,0xe39f,
	0x0390,0x0395,0x039a,0x039f,0x1290,0x1295,0x129a,0x129f,
	0xccb0,0xccb5,0xccba,0xccbf,0xdcb0,0xdcb5,0xdcba,0xdcbf,
	0xfbb0,0xfbb5,0xfbba,0xfbbf,0x0ab0,0x0ab5,0x0aba,0x0abf,
	0x29b0,0x29b5,0x29ba,0x29bf,0x39b0,0x39b5,0x39ba,0x39bf,
	0x48b0,0x48b5,0x48ba,0x48bf,0x67b0,0x67b5,0x67ba,0x67bf,
	0x77b0,0x77b5,0x77ba,0x77bf,0x96b0,0x96b5,0x96ba,0x96bf,
	0xa5b0,0xa5b5,0xa5ba,0xa5bf,0xb4b0,0xb4b5,0xb4ba,0xb4bf,
	0xd4b0,0xd4b5,0xd4ba,0xd4bf,0xe3b0,0xe3b5,0xe3ba,0xe3bf,
	0x02b0,0x02b5,0x02ba,0x02bf,0x12b0,0x12b5,0x12ba,0x12bf,
	0xccd0,0xccd5,0xccda,0xccdf,0xdbd0,0xdbd5,0xdbda,0xdbdf,
	0xfbd0,0xfbd5,0xfbda,0xfbdf,0x0ad0,0x0ad5,0x0ada,0x0adf,
	0x29d0,0x29d5,0x29da,0x29df,0x38d0,0x38d5,0x38da,0x38df,
	0x48d0,0x48d5,0x48da,0x48df,0x67d0,0x67d5,0x67da,0x67df,
	0x76d0,0x76d5,0x76da,0x76df,0x96d0,0x96d5,0x96da,0x96df,
	0xa5d0,0xa5d5,0xa5da,0xa5df,0xb4d0,0xb4d5,0xb4da,0xb4df,
	0xd3d0,0xd3d5,0xd3da,0xd3df,0xe3d0,0xe3d5,0xe3da,0xe3df,
	0x02d0,0x02d5,0x02da,0x02df,0x11d0,0x11d5,0x11da,0x11df,
	0xcce0,0xcce5,0xccea,0xccef,0xdbe0,0xdbe5,0xdbea,0xdbef,
	0xfae0,0xfae5,0xfaea,0xfaef,0x09e0,0x09e5,0x09ea,0x09ef,
	0x29e0,0x29e5,0x29ea,0x29ef,0x38e0,0x38e5,0x38ea,0x38ef,
	0x47e0,0x47e5,0x47ea,0x47ef,0x67e0,0x67e5,0x67ea,0x67ef,
	0x76e0,0x76e5,0x76ea,0x76ef,0x95e0,0x95e5,0x95ea,0x95ef,
	0xa4e0,0xa4e5,0xa4ea,0xa4ef,0xb4e0,0xb4e5,0xb4ea,0xb4ef,
	0xd3e0,0xd3e5,0xd3ea,0xd3ef,0xe2e0,0xe2e5,0xe2ea,0xe2ef,
	0x02e0,0x02e5,0x02ea,0x02ef,0x11e0,0x11e5,0x11ea,0x11ef,
	0xcb00,0xcb05,0xcb0a,0xcb0f,0xdb00,0xdb05,0xdb0a,0xdb0f,
	0xfa00,0xfa05,0xfa0a,0xfa0f,0x0900,0x0905,0x090a,0x090f,
	0x2800,0x2805,0x280a,0x280f,0x3800,0x3805,0x380a,0x380f,
	0x4700,0x4705,0x470a,0x470f,0x6600,0x6605,0x660a,0x660f,
	0x7600,0x7605,0x760a,0x760f,0x9500,0x9505,0x950a,0x950f,
	0xa400,0xa405,0xa40a,0xa40f,0xb300,0xb305,0xb30a,0xb30f,
	0xd300,0xd305,0xd30a,0xd30f,0xe200,0xe205,0xe20a,0xe20f,
	0x0100,0x0105,0x010a,0x010f,0x1100,0x1105,0x110a,0x110f,
	0xcb20,0xcb25,0xcb2a,0xcb2f,0xda20,0xda25,0xda2a,0xda2f,
	0xf920,0xf925,0xf92a,0xf92f,0x0920,0x0925,0x092a,0x092f,
	0x2820,0x2825,0x282a,0x282f,0x3720,0x3725,0x372a,0x372f,
	0x4720,0x4725,0x472a,0x472f,0x6620,0x6625,0x662a,0x662f,
	0x7520,0x7525,0x752a,0x752f,0x9420,0x9425,0x942a,0x942f,
	0xa420,0xa425,0xa42a,0xa42f,0xb320,0xb325,0xb32a,0xb32f,
	0xd220,0xd225,0xd22a,0xd22f,0xe220,0xe225,0xe22a,0xe22f,
	0x0120,0x0125,0x012a,0x012f,0x1020,0x1025,0x102a,0x102f,
	0xcb40,0xcb45,0xcb4a,0xcb4f,0xda40,0xda45,0xda4a,0xda4f,
	0xf940,0xf945,0xf94a,0xf94f,0x0840,0x0845,0x084a,0x084f,
	0x2840,0x2845,0x284a,0x284f,0x3740,0x3745,0x374a,0x374f,
	0x4640,0x4645,0x464a,0x464f,0x6640,0x6645,0x664a,0x664f,
	0x7540,0x7545,0x754a,0x754f,0x9440,0x9445,0x944a,0x944f,
	0xa340,0xa345,0xa34a,0xa34f,0xb340,0xb345,0xb34a,0xb34f,
	0xd240,0xd245,0xd24a,0xd24f,0xe140,0xe145,0xe14a,0xe14f,
	0x0140,0x0145,0x014a,0x014f,0x1040,0x1045,0x104a,0x104f,
	0xd0a0,0xd0a5,0xd0aa,0xd0af,0xe0a0,0xe0a5,0xe0aa,0xe0af,
	0xffa0,0xffa5,0xffaa,0xffaf,0x1ea0,0x1ea5,0x1eaa,0x1eaf,
	0x2da0,0x2da5,0x2daa,0x2daf,0x4da0,0x4da5,0x4daa,0x4daf,
	0x5ca0,0x5ca5,0x5caa,0x5caf,0x6ba0,0x6ba5,0x6baa,0x6baf,
	0x8ba0,0x8ba5,0x8baa,0x8baf,0x9aa0,0x9aa5,0x9aaa,0x9aaf,
	0xb9a0,0xb9a5,0xb9aa,0xb9af,0xc8a0,0xc8a5,0xc8aa,0xc8af,
	0xd8a0,0xd8a5,0xd8aa,0xd8af,0xf7a0,0xf7a5,0xf7aa,0xf7af,
	0x06a0,0x06a5,0x06aa,0x06af,0x26a0,0x26a5,0x26aa,0x26af,
	0xd0b0,0xd0b5,0xd0ba,0xd0bf,0xefb0,0xefb5,0xefba,0xefbf,
	0xfeb0,0xfeb5,0xfeba,0xfebf,0x1eb0,0x1eb5,0x1eba,0x1ebf,
	0x2db0,0x2db5,0x2dba,0x2dbf,0x4cb0,0x4cb5,0x4cba,0x4cbf,
	0x5cb0,0x5cb5,0x5cba,0x5cbf,0x6bb0,0x6bb5,0x6bba,0x6bbf,
	0x8ab0,0x8ab5,0x8aba,0x8abf,0x99b0,0x99b5,0x99ba,0x99bf,
	0xb9b0,0xb9b5,0xb9ba,0xb9bf,0xc8b0,0xc8b5,0xc8ba,0xc8bf,
	0xd7b0,0xd7b5,0xd7ba,0xd7bf,0xf7b0,0xf7b5,0xf7ba,0xf7bf,
	0x06b0,0x06b5,0x06ba,0x06bf,0x25b0,0x25b5,0x25ba,0x25bf,
	0xd0d0,0xd0d5,0xd0da,0xd0df,0xefd0,0xefd5,0xefda,0xefdf,
	0xfed0,0xfed5,0xfeda,0xfedf,0x1dd0,0x1dd5,0x1dda,0x1ddf,
	0x2dd0,0x2dd5,0x2dda,0x2ddf,0x4cd0,0x4cd5,0x4cda,0x4cdf,
	0x5bd0,0x5bd5,0x5bda,0x5bdf,0x6bd0,0x6bd5,0x6bda,0x6bdf,
	0x8ad0,0x8ad5,0x8ada,0x8adf,0x99d0,0x99d5,0x99da,0x99df,
	0xb8d0,0xb8d5,0xb8da,0xb8df,0xc8d0,0xc8d5,0xc8da,0xc8df,
	0xd7d0,0xd7d5,0xd7da,0xd7df,0xf6d0,0xf6d5,0xf6da,0xf6df,
	0x06d0,0x06d5,0x06da,0x06df,0x25d0,0x25d5,0x25da,0x25df,
	0xdff0,0xdff5,0xdffa,0xdfff,0xeef0,0xeef5,0xeefa,0xeeff,
	0xfef0,0xfef5,0xfefa,0xfeff,0x1df0,0x1df5,0x1dfa,0x1dff,
	0x2cf0,0x2cf5,0x2cfa,0x2cff,0x4cf0,0x4cf5,0x4cfa,0x4cff,
	0x5bf0,0x5bf5,0x5bfa,0x5bff,0x6af0,0x6af5,0x6afa,0x6aff,
	0x89f0,0x89f5,0x89fa,0x89ff,0x99f0,0x99f5,0x99fa,0x99ff,
	0xb8f0,0xb8f5,0xb8fa,0xb8ff,0xc7f0,0xc7f5,0xc7fa,0xc7ff,
	0xd7f0,0xd7f5,0xd7fa,0xd7ff,0xf6f0,0xf6f5,0xf6fa,0xf6ff,
	0x05f0,0x05f5,0x05fa,0x05ff,0x24f0,0x24f5,0x24fa,0x24ff,
	0xdf10,0xdf15,0xdf1a,0xdf1f,0xee10,0xee15,0xee1a,0xee1f,
	0xfd10,0xfd15,0xfd1a,0xfd1f,0x1d10,0x1d15,0x1d1a,0x1d1f,
	0x2c10,0x2c15,0x2c1a,0x2c1f,0x4b10,0x4b15,0x4b1a,0x4b1f,
	0x5b10,0x5b15,0x5b1a,0x5b1f,0x6a10,0x6a15,0x6a1a,0x6a1f,
	0x8910,0x8915,0x891a,0x891f,0x9810,0x9815,0x981a,0x981f,
	0xb810,0xb815,0xb81a,0xb81f,0xc710,0xc715,0xc71a,0xc71f,
	0xd610,0xd615,0xd61a,0xd61f,0xf610,0xf615,0xf61a,0xf61f,
	0x0510,0x0515,0x051a,0x051f,0x2410,0x2415,0x241a,0x241f,
	0xde20,0xde25,0xde2a,0xde2f,0xee20,0xee25,0xee2a,0xee2f,
	0xfd20,0xfd25,0xfd2a,0xfd2f,0x1c20,0x1c25,0x1c2a,0x1c2f,
	0x2c20,0x2c25,0x2c2a,0x2c2f,0x4b20,0x4b25,0x4b2a,0x4b2f,
	0x5a20,0x5a25,0x5a2a,0x5a2f,0x6920,0x6925,0x692a,0x692f,
	0x8920,0x8925,0x892a,0x892f,0x9820,0x9825,0x982a,0x982f,
	0xb720,0xb725,0xb72a,0xb72f,0xc720,0xc725,0xc72a,0xc72f,
	0xd620,0xd625,0xd62a,0xd62f,0xf520,0xf525,0xf52a,0xf52f,
	0x0420,0x0425,0x042a,0x042f,0x2420,0x2425,0x242a,0x242f,
	0xde40,0xde45,0xde4a,0xde4f,0xed40,0xed45,0xed4a,0xed4f,
	0xfd40,0xfd45,0xfd4a,0xfd4f,0x1c40,0x1c45,0x1c4a,0x1c4f,
	0x2b40,0x2b45,0x2b4a,0x2b4f,0x4b40,0x4b45,0x4b4a,0x4b4f,
	0x5a40,0x5a45,0x5a4a,0x5a4f,0x6940,0x6945,0x694a,0x694f,
	0x8840,0x8845,0x884a,0x884f,0x9840,0x9845,0x984a,0x984f,
	0xb740,0xb745,0xb74a,0xb74f,0xc640,0xc645,0xc64a,0xc64f,
	0xd640,0xd645,0xd64a,0xd64f,0xf540,0xf545,0xf54a,0xf54f,
	0x0440,0x0445,0x044a,0x044f,0x2340,0x2345,0x234a,0x234f,
	0xde60,0xde65,0xde6a,0xde6f,0xed60,0xed65,0xed6a,0xed6f,
	0xfc60,0xfc65,0xfc6a,0xfc6f,0x1c60,0x1c65,0x1c6a,0x1c6f,
	0x2b60,0x2b65,0x2b6a,0x2b6f,0x4a60,0x4a65,0x4a6a,0x4a6f,
	0x5a60,0x5a65,0x5a6a,0x5a6f,0x6960,0x6965,0x696a,0x696f,
	0x8860,0x8865,0x886a,0x886f,0x9760,0x9765,0x976a,0x976f,
	0xb760,0xb765,0xb76a,0xb76f,0xc660,0xc665,0xc66a,0xc66f,
	0xd560,0xd565,0xd56a,0xd56f,0xf560,0xf565,0xf56a,0xf56f,
	0x0460,0x0465,0x046a,0x046f,0x2360,0x2365,0x236a,0x236f,
	0xdd80,0xdd85,0xdd8a,0xdd8f,0xed80,0xed85,0xed8a,0xed8f,
	0xfc80,0xfc85,0xfc8a,0xfc8f,0x1b80,0x1b85,0x1b8a,0x1b8f,
	0x2b80,0x2b85,0x2b8a,0x2b8f,0x4a80,0x4a85,0x4a8a,0x4a8f,
	0x5980,0x5985,0x598a,0x598f,0x6880,0x6885,0x688a,0x688f,
	0x8880,0x8885,0x888a,0x888f,0x9780,0x9785,0x978a,0x978f,
	0xb680,0xb685,0xb68a,0xb68f,0xc680,0xc685,0xc68a,0xc68f,
	0xd580,0xd585,0xd58a,0xd58f,0xf480,0xf485,0xf48a,0xf48f,
	0x0380,0x0385,0x038a,0x038f,0x2380,0x2385,0x238a,0x238f,
	0xdda0,0xdda5,0xddaa,0xddaf,0xeca0,0xeca5,0xecaa,0xecaf,
	0xfca0,0xfca5,0xfcaa,0xfcaf,0x1ba0,0x1ba5,0x1baa,0x1baf,
	0x2aa0,0x2aa5,0x2aaa,0x2aaf,0x4aa0,0x4aa5,0x4aaa,0x4aaf,
	0x59a0,0x59a5,0x59aa,0x59af,0x68a0,0x68a5,0x68aa,0x68af,
	0x87a0,0x87a5,0x87aa,0x87af,0x97a0,0x97a5,0x97aa,0x97af,
	0xb6a0,0xb6a5,0xb6aa,0xb6af,0xc5a0,0xc5a5,0xc5aa,0xc5af,
	0xd5a0,0xd5a5,0xd5aa,0xd5af,0xf4a0,0xf4a5,0xf4aa,0xf4af,
	0x03a0,0x03a5,0x03aa,0x03af,0x22a0,0x22a5,0x22aa,0x22af,
	0xddb0,0xddb5,0xddba,0xddbf,0xecb0,0xecb5,0xecba,0xecbf,
	0xfbb0,0xfbb5,0xfbba,0xfbbf,0x1bb0,0x1bb5,0x1bba,0x1bbf,
	0x2ab0,0x2ab5,0x2aba,0x2abf,0x49b0,0x49b5,0x49ba,0x49bf,
	0x58b0,0x58b5,0x58ba,0x58bf,0x68b0,0x68b5,0x68ba,0x68bf,
	0x87b0,0x87b5,0x87ba,0x87bf,0x96b0,0x96b5,0x96ba,0x96bf,
	0xb6b0,0xb6b5,0xb6ba,0xb6bf,0xc5b0,0xc5b5,0xc5ba,0xc5bf,
	0xd4b0,0xd4b5,0xd4ba,0xd4bf,0xf3b0,0xf3b5,0xf3ba,0xf3bf,
	0x03b0,0x03b5,0x03ba,0x03bf,0x22b0,0x22b5,0x22ba,0x22bf,
	0xdcd0,0xdcd5,0xdcda,0xdcdf,0xecd0,0xecd5,0xecda,0xecdf,
	0xfbd0,0xfbd5,0xfbda,0xfbdf,0x1ad0,0x1ad5,0x1ada,0x1adf,
	0x2ad0,0x2ad5,0x2ada,0x2adf,0x49d0,0x49d5,0x49da,0x49df,
	0x58d0,0x58d5,0x58da,0x58df,0x67d0,0x67d5,0x67da,0x67df,
	0x87d0,0x87d5,0x87da,0x87df,0x96d0,0x96d5,0x96da,0x96df,
	0xb5d0,0xb5d5,0xb5da,0xb5df,0xc5d0,0xc5d5,0xc5da,0xc5df,
	0xd4d0,0xd4d5,0xd4da,0xd4df,0xf3d0,0xf3d5,0xf3da,0xf3df,
	0x02d0,0x02d5,0x02da,0x02df,0x22d0,0x22d5,0x22da,0x22df,
	0xdcf0,0xdcf5,0xdcfa,0xdcff,0xebf0,0xebf5,0xebfa,0xebff,
	0xfbf0,0xfbf5,0xfbfa,0xfbff,0x1af0,0x1af5,0x1afa,0x1aff,
	0x29f0,0x29f5,0x29fa,0x29ff,0x49f0,0x49f5,0x49fa,0x49ff,
	0x58f0,0x58f5,0x58fa,0x58ff,0x67f0,0x67f5,0x67fa,0x67ff,
	0x86f0,0x86f5,0x86fa,0x86ff,0x96f0,0x96f5,0x96fa,0x96ff,
	0xb5f0,0xb5f5,0xb5fa,0xb5ff,0xc4f0,0xc4f5,0xc4fa,0xc4ff,
	0xd4f0,0xd4f5,0xd4fa,0xd4ff,0xf3f0,0xf3f5,0xf3fa,0xf3ff,
	0x02f0,0x02f5,0x02fa,0x02ff,0x21f0,0x21f5,0x21fa,0x21ff,
	0xdc10,0xdc15,0xdc1a,0xdc1f,0xeb10,0xeb15,0xeb1a,0xeb1f,
	0xfa10,0xfa15,0xfa1a,0xfa1f,0x1a10,0x1a15,0x1a1a,0x1a1f,
	0x2910,0x2915,0x291a,0x291f,0x4810,0x4815,0x481a,0x481f,
	0x5710,0x5715,0x571a,0x571f,0x6710,0x6715,0x671a,0x671f,
	0x8610,0x8615,0x861a,0x861f,0x9510,0x9515,0x951a,0x951f,
	0xb510,0xb515,0xb51a,0xb51f,0xc410,0xc415,0xc41a,0xc41f,
	0xd310,0xd315,0xd31a,0xd31f,0xf210,0xf215,0xf21a,0xf21f,
	0x0210,0x0215,0x021a,0x021f,0x2110,0x2115,0x211a,0x211f,
	0xdb20,0xdb25,0xdb2a,0xdb2f,0xeb20,0xeb25,0xeb2a,0xeb2f,
	0xfa20,0xfa25,0xfa2a,0xfa2f,0x1920,0x1925,0x192a,0x192f,
	0x2920,0x2925,0x292a,0x292f,0x4820,0x4825,0x482a,0x482f,
	0x5720,0x5725,0x572a,0x572f,0x6620,0x6625,0x662a,0x662f,
	0x8620,0x8625,0x862a,0x862f,0x9520,0x9525,0x952a,0x952f,
	0xb420,0xb425,0xb42a,0xb42f,0xc420,0xc425,0xc42a,0xc42f,
	0xd320,0xd325,0xd32a,0xd32f,0xf220,0xf225,0xf22a,0xf22f,
	0x0120,0x0125,0x012a,0x012f,0x2120,0x2125,0x212a,0x212f,
	0xdb40,0xdb45,0xdb4a,0xdb4f,0xea40,0xea45,0xea4a,0xea4f,
	0xfa40,0xfa45,0xfa4a,0xfa4f,0x1940,0x1945,0x194a,0x194f,
	0x2840,0x2845,0x284a,0x284f,0x4740,0x4745,0x474a,0x474f,
	0x5740,0x5745,0x574a,0x574f,0x6640,0x6645,0x664a,0x664f,
	0x8540,0x8545,0x854a,0x854f,0x9540,0x9545,0x954a,0x954f,
	0xb440,0xb445,0xb44a,0xb44f,0xc340,0xc345,0xc34a,0xc34f,
	0xd240,0xd245,0xd24a,0xd24f,0xf240,0xf245,0xf24a,0xf24f,
	0x0140,0x0145,0x014a,0x014f,0x2040,0x2045,0x204a,0x204f,
	0xd1a0,0xd1a5,0xd1aa,0xd1af,0xe0a0,0xe0a5,0xe0aa,0xe0af,
	0x0fa0,0x0fa5,0x0faa,0x0faf,0x1fa0,0x1fa5,0x1faa,0x1faf,
	0x3ea0,0x3ea5,0x3eaa,0x3eaf,0x4da0,0x4da5,0x4daa,0x4daf,
	0x5ca0,0x5ca5,0x5caa,0x5caf,0x7ca0,0x7ca5,0x7caa,0x7caf,
	0x8ba0,0x8ba5,0x8baa,0x8baf,0xaaa0,0xaaa5,0xaaaa,0xaaaf,
	0xbaa0,0xbaa5,0xbaaa,0xbaaf,0xc9a0,0xc9a5,0xc9aa,0xc9af,
	0xe8a0,0xe8a5,0xe8aa,0xe8af,0xf7a0,0xf7a5,0xf7aa,0xf7af,
	0x17a0,0x17a5,0x17aa,0x17af,0x26a0,0x26a5,0x26aa,0x26af,
	0xd0c0,0xd0c5,0xd0ca,0xd0cf,0xe0c0,0xe0c5,0xe0ca,0xe0cf,
	0x0fc0,0x0fc5,0x0fca,0x0fcf,0x1ec0,0x1ec5,0x1eca,0x1ecf,
	0x3ec0,0x3ec5,0x3eca,0x3ecf,0x4dc0,0x4dc5,0x4dca,0x4dcf,
	0x5cc0,0x5cc5,0x5cca,0x5ccf,0x7bc0,0x7bc5,0x7bca,0x7bcf,
	0x8bc0,0x8bc5,0x8bca,0x8bcf,0xaac0,0xaac5,0xaaca,0xaacf,
	0xb9c0,0xb9c5,0xb9ca,0xb9cf,0xc9c0,0xc9c5,0xc9ca,0xc9cf,
	0xe8c0,0xe8c5,0xe8ca,0xe8cf,0xf7c0,0xf7c5,0xf7ca,0xf7cf,
	0x16c0,0x16c5,0x16ca,0x16cf,0x26c0,0x26c5,0x26ca,0x26cf,
	0xd0e0,0xd0e5,0xd0ea,0xd0ef,0xefe0,0xefe5,0xefea,0xefef,
	0x0fe0,0x0fe5,0x0fea,0x0fef,0x1ee0,0x1ee5,0x1eea,0x1eef,
	0x3de0,0x3de5,0x3dea,0x3def,0x4ce0,0x4ce5,0x4cea,0x4cef,
	0x5ce0,0x5ce5,0x5cea,0x5cef,0x7be0,0x7be5,0x7bea,0x7bef,
	0x8ae0,0x8ae5,0x8aea,0x8aef,0xaae0,0xaae5,0xaaea,0xaaef,
	0xb9e0,0xb9e5,0xb9ea,0xb9ef,0xc8e0,0xc8e5,0xc8ea,0xc8ef,
	0xe7e0,0xe7e5,0xe7ea,0xe7ef,0xf7e0,0xf7e5,0xf7ea,0xf7ef,
	0x16e0,0x16e5,0x16ea,0x16ef,0x25e0,0x25e5,0x25ea,0x25ef,
	0xd0f0,0xd0f5,0xd0fa,0xd0ff,0xeff0,0xeff5,0xeffa,0xefff,
	0x0ef0,0x0ef5,0x0efa,0x0eff,0x1ef0,0x1ef5,0x1efa,0x1eff,
	0x3df0,0x3df5,0x3dfa,0x3dff,0x4cf0,0x4cf5,0x4cfa,0x4cff,
	0x5bf0,0x5bf5,0x5bfa,0x5bff,0x7bf0,0x7bf5,0x7bfa,0x7bff,
	0x8af0,0x8af5,0x8afa,0x8aff,0xa9f0,0xa9f5,0xa9fa,0xa9ff,
	0xb9f0,0xb9f5,0xb9fa,0xb9ff,0xc8f0,0xc8f5,0xc8fa,0xc8ff,
	0xe7f0,0xe7f5,0xe7fa,0xe7ff,0xf6f0,0xf6f5,0xf6fa,0xf6ff,
	0x16f0,0x16f5,0x16fa,0x16ff,0x25f0,0x25f5,0x25fa,0x25ff,
	0xdf10,0xdf15,0xdf1a,0xdf1f,0xef10,0xef15,0xef1a,0xef1f,
	0x0e10,0x0e15,0x0e1a,0x0e1f,0x1d10,0x1d15,0x1d1a,0x1d1f,
	0x3c10,0x3c15,0x3c1a,0x3c1f,0x4c10,0x4c15,0x4c1a,0x4c1f,
	0x5b10,0x5b15,0x5b1a,0x5b1f,0x7a10,0x7a15,0x7a1a,0x7a1f,
	0x8a10,0x8a15,0x8a1a,0x8a1f,0xa910,0xa915,0xa91a,0xa91f,
	0xb810,0xb815,0xb81a,0xb81f,0xc710,0xc715,0xc71a,0xc71f,
	0xe710,0xe715,0xe71a,0xe71f,0xf610,0xf615,0xf61a,0xf61f,
	0x1510,0x1515,0x151a,0x151f,0x2510,0x2515,0x251a,0x251f,
	0xdf30,0xdf35,0xdf3a,0xdf3f,0xee30,0xee35,0xee3a,0xee3f,
	0x0e30,0x0e35,0x0e3a,0x0e3f,0x1d30,0x1d35,0x1d3a,0x1d3f,
	0x3c30,0x3c35,0x3c3a,0x3c3f,0x4b30,0x4b35,0x4b3a,0x4b3f,
	0x5b30,0x5b35,0x5b3a,0x5b3f,0x7a30,0x7a35,0x7a3a,0x7a3f,
	0x8930,0x8935,0x893a,0x893f,0xa930,0xa935,0xa93a,0xa93f,
	0xb830,0xb835,0xb83a,0xb83f,0xc730,0xc735,0xc73a,0xc73f,
	0xe630,0xe635,0xe63a,0xe63f,0xf630,0xf635,0xf63a,0xf63f,
	0x1530,0x1535,0x153a,0x153f,0x2430,0x2435,0x243a,0x243f,
	0xdf50,0xdf55,0xdf5a,0xdf5f,0xee50,0xee55,0xee5a,0xee5f,
	0x0d50,0x0d55,0x0d5a,0x0d5f,0x1d50,0x1d55,0x1d5a,0x1d5f,
	0x3c50,0x3c55,0x3c5a,0x3c5f,0x4b50,0x4b55,0x4b5a,0x4b5f,
	0x5a50,0x5a55,0x5a5a,0x5a5f,0x7a50,0x7a55,0x7a5a,0x7a5f,
	0x8950,0x8955,0x895a,0x895f,0xa850,0xa855,0xa85a,0xa85f,
	0xb850,0xb855,0xb85a,0xb85f,0xc750,0xc755,0xc75a,0xc75f,
	0xe650,0xe655,0xe65a,0xe65f,0xf550,0xf555,0xf55a,0xf55f,
	0x1550,0x1555,0x155a,0x155f,0x2450,0x2455,0x245a,0x245f,
	0xde60,0xde65,0xde6a,0xde6f,0xee60,0xee65,0xee6a,0xee6f,
	0x0d60,0x0d65,0x0d6a,0x0d6f,0x1c60,0x1c65,0x1c6a,0x1c6f,
	0x3b60,0x3b65,0x3b6a,0x3b6f,0x4b60,0x4b65,0x4b6a,0x4b6f,
	0x5a60,0x5a65,0x5a6a,0x5a6f,0x7960,0x7965,0x796a,0x796f,
	0x8960,0x8965,0x896a,0x896f,0xa860,0xa865,0xa86a,0xa86f,
	0xb760,0xb765,0xb76a,0xb76f,0xc660,0xc665,0xc66a,0xc66f,
	0xe660,0xe665,0xe66a,0xe66f,0xf560,0xf565,0xf56a,0xf56f,
	0x1460,0x1465,0x146a,0x146f,0x2460,0x2465,0x246a,0x246f,
	0xde80,0xde85,0xde8a,0xde8f,0xed80,0xed85,0xed8a,0xed8f,
	0x0d80,0x0d85,0x0d8a,0x0d8f,0x1c80,0x1c85,0x1c8a,0x1c8f,
	0x3b80,0x3b85,0x3b8a,0x3b8f,0x4a80,0x4a85,0x4a8a,0x4a8f,
	0x5a80,0x5a85,0x5a8a,0x5a8f,0x7980,0x7985,0x798a,0x798f,
	0x8880,0x8885,0x888a,0x888f,0xa880,0xa885,0xa88a,0xa88f,
	0xb780,0xb785,0xb78a,0xb78f,0xc680,0xc685,0xc68a,0xc68f,
	0xe580,0xe585,0xe58a,0xe58f,0xf580,0xf585,0xf58a,0xf58f,
	0x1480,0x1485,0x148a,0x148f,0x2380,0x2385,0x238a,0x238f,
	0xdea0,0xdea5,0xdeaa,0xdeaf,0xeda0,0xeda5,0xedaa,0xedaf,
	0x0ca0,0x0ca5,0x0caa,0x0caf,0x1ba0,0x1ba5,0x1baa,0x1baf,
	0x3ba0,0x3ba5,0x3baa,0x3baf,0x4aa0,0x4aa5,0x4aaa,0x4aaf,
	0x59a0,0x59a5,0x59aa,0x59af,0x79a0,0x79a5,0x79aa,0x79af,
	0x88a0,0x88a5,0x88aa,0x88af,0xa7a0,0xa7a5,0xa7aa,0xa7af,
	0xb6a0,0xb6a5,0xb6aa,0xb6af,0xc6a0,0xc6a5,0xc6aa,0xc6af,
	0xe5a0,0xe5a5,0xe5aa,0xe5af,0xf4a0,0xf4a5,0xf4aa,0xf4af,
	0x14a0,0x14a5,0x14aa,0x14af,0x23a0,0x23a5,0x23aa,0x23af,
	0xddc0,0xddc5,0xddca,0xddcf,0xedc0,0xedc5,0xedca,0xedcf,
	0x0cc0,0x0cc5,0x0cca,0x0ccf,0x1bc0,0x1bc5,0x1bca,0x1bcf,
	0x3ac0,0x3ac5,0x3aca,0x3acf,0x4ac0,0x4ac5,0x4aca,0x4acf,
	0x59c0,0x59c5,0x59ca,0x59cf,0x78c0,0x78c5,0x78ca,0x78cf,
	0x88c0,0x88c5,0x88ca,0x88cf,0xa7c0,0xa7c5,0xa7ca,0xa7cf,
	0xb6c0,0xb6c5,0xb6ca,0xb6cf,0xc5c0,0xc5c5,0xc5ca,0xc5cf,
	0xe5c0,0xe5c5,0xe5ca,0xe5cf,0xf4c0,0xf4c5,0xf4ca,0xf4cf,
	0x13c0,0x13c5,0x13ca,0x13cf,0x23c0,0x23c5,0x23ca,0x23cf,
	0xdde0,0xdde5,0xddea,0xddef,0xece0,0xece5,0xecea,0xecef,
	0x0ce0,0x0ce5,0x0cea,0x0cef,0x1be0,0x1be5,0x1bea,0x1bef,
	0x3ae0,0x3ae5,0x3aea,0x3aef,0x49e0,0x49e5,0x49ea,0x49ef,
	0x59e0,0x59e5,0x59ea,0x59ef,0x78e0,0x78e5,0x78ea,0x78ef,
	0x87e0,0x87e5,0x87ea,0x87ef,0xa7e0,0xa7e5,0xa7ea,0xa7ef,
	0xb6e0,0xb6e5,0xb6ea,0xb6ef,0xc5e0,0xc5e5,0xc5ea,0xc5ef,
	0xe4e0,0xe4e5,0xe4ea,0xe4ef,0xf4e0,0xf4e5,0xf4ea,0xf4ef,
	0x13e0,0x13e5,0x13ea,0x13ef,0x22e0,0x22e5,0x22ea,0x22ef,
	0xddf0,0xddf5,0xddfa,0xddff,0xecf0,0xecf5,0xecfa,0xecff,
	0x0bf0,0x0bf5,0x0bfa,0x0bff,0x1af0,0x1af5,0x1afa,0x1aff,
	0x3af0,0x3af5,0x3afa,0x3aff,0x49f0,0x49f5,0x49fa,0x49ff,
	0x58f0,0x58f5,0x58fa,0x58ff,0x78f0,0x78f5,0x78fa,0x78ff,
	0x87f0,0x87f5,0x87fa,0x87ff,0xa6f0,0xa6f5,0xa6fa,0xa6ff,
	0xb5f0,0xb5f5,0xb5fa,0xb5ff,0xc5f0,0xc5f5,0xc5fa,0xc5ff,
	0xe4f0,0xe4f5,0xe4fa,0xe4ff,0xf3f0,0xf3f5,0xf3fa,0xf3ff,
	0x13f0,0x13f5,0x13fa,0x13ff,0x22f0,0x22f5,0x22fa,0x22ff,
	0xdc10,0xdc15,0xdc1a,0xdc1f,0xec10,0xec15,0xec1a,0xec1f,
	0x0b10,0x0b15,0x0b1a,0x0b1f,0x1a10,0x1a15,0x1a1a,0x1a1f,
	0x3910,0x3915,0x391a,0x391f,0x4910,0x4915,0x491a,0x491f,
	0x5810,0x5815,0x581a,0x581f,0x7710,0x7715,0x771a,0x771f,
	0x8710,0x8715,0x871a,0x871f,0xa610,0xa615,0xa61a,0xa61f,
	0xb510,0xb515,0xb51a,0xb51f,0xc410,0xc415,0xc41a,0xc41f,
	0xe410,0xe415,0xe41a,0xe41f,0xf310,0xf315,0xf31a,0xf31f,
	0x1210,0x1215,0x121a,0x121f,0x2210,0x2215,0x221a,0x221f,
	0xdc30,0xdc35,0xdc3a,0xdc3f,0xeb30,0xeb35,0xeb3a,0xeb3f,
	0x0a30,0x0a35,0x0a3a,0x0a3f,0x1a30,0x1a35,0x1a3a,0x1a3f,
	0x3930,0x3935,0x393a,0x393f,0x4830,0x4835,0x483a,0x483f,
	0x5830,0x5835,0x583a,0x583f,0x7730,0x7735,0x773a,0x773f,
	0x8630,0x8635,0x863a,0x863f,0xa530,0xa535,0xa53a,0xa53f,
	0xb530,0xb535,0xb53a,0xb53f,0xc430,0xc435,0xc43a,0xc43f,
	0xe330,0xe335,0xe33a,0xe33f,0xf330,0xf335,0xf33a,0xf33f,
	0x1230,0x1235,0x123a,0x123f,0x2130,0x2135,0x213a,0x213f,
	0xdc50,0xdc55,0xdc5a,0xdc5f,0xeb50,0xeb55,0xeb5a,0xeb5f,
	0x0a50,0x0a55,0x0a5a,0x0a5f,0x1950,0x1955,0x195a,0x195f,
	0x3950,0x3955,0x395a,0x395f,0x4850,0x4855,0x485a,0x485f,
	0x5750,0x5755,0x575a,0x575f,0x7750,0x7755,0x775a,0x775f,
	0x8650,0x8655,0x865a,0x865f,0xa550,0xa555,0xa55a,0xa55f,
	0xb450,0xb455,0xb45a,0xb45f,0xc450,0xc455,0xc45a,0xc45f,
	0xe350,0xe355,0xe35a,0xe35f,0xf250,0xf255,0xf25a,0xf25f,
	0x1250,0x1255,0x125a,0x125f,0x2150,0x2155,0x215a,0x215f,
	0xe1b0,0xe1b5,0xe1ba,0xe1bf,0xf1b0,0xf1b5,0xf1ba,0xf1bf,
	0x00b0,0x00b5,0x00ba,0x00bf,0x2fb0,0x2fb5,0x2fba,0x2fbf,
	0x3eb0,0x3eb5,0x3eba,0x3ebf,0x5eb0,0x5eb5,0x5eba,0x5ebf,
	0x6db0,0x6db5,0x6dba,0x6dbf,0x7cb0,0x7cb5,0x7cba,0x7cbf,
	0x9cb0,0x9cb5,0x9cba,0x9cbf,0xabb0,0xabb5,0xabba,0xabbf,
	0xcab0,0xcab5,0xcaba,0xcabf,0xd9b0,0xd9b5,0xd9ba,0xd9bf,
	0xe9b0,0xe9b5,0xe9ba,0xe9bf,0x08b0,0x08b5,0x08ba,0x08bf,
	0x17b0,0x17b5,0x17ba,0x17bf,0x37b0,0x37b5,0x37ba,0x37bf,
	0xe1c0,0xe1c5,0xe1ca,0xe1cf,0xf0c0,0xf0c5,0xf0ca,0xf0cf,
	0x0fc0,0x0fc5,0x0fca,0x0fcf,0x2fc0,0x2fc5,0x2fca,0x2fcf,
	0x3ec0,0x3ec5,0x3eca,0x3ecf,0x5dc0,0x5dc5,0x5dca,0x5dcf,
	0x6dc0,0x6dc5,0x6dca,0x6dcf,0x7cc0,0x7cc5,0x7cca,0x7ccf,
	0x9bc0,0x9bc5,0x9bca,0x9bcf,0xaac0,0xaac5,0xaaca,0xaacf,
	0xcac0,0xcac5,0xcaca,0xcacf,0xd9c0,0xd9c5,0xd9ca,0xd9cf,
	0xe8c0,0xe8c5,0xe8ca,0xe8cf,0x08c0,0x08c5,0x08ca,0x08cf,
	0x17c0,0x17c5,0x17ca,0x17cf,0x36c0,0x36c5,0x36ca,0x36cf,
	0xe1e0,0xe1e5,0xe1ea,0xe1ef,0xf0e0,0xf0e5,0xf0ea,0xf0ef,
	0x0fe0,0x0fe5,0x0fea,0x0fef,0x2ee0,0x2ee5,0x2eea,0x2eef,
	0x3ee0,0x3ee5,0x3eea,0x3eef,0x5de0,0x5de5,0x5dea,0x5def,
	0x6ce0,0x6ce5,0x6cea,0x6cef,0x7ce0,0x7ce5,0x7cea,0x7cef,
	0x9be0,0x9be5,0x9bea,0x9bef,0xaae0,0xaae5,0xaaea,0xaaef,
	0xc9e0,0xc9e5,0xc9ea,0xc9ef,0xd9e0,0xd9e5,0xd9ea,0xd9ef,
	0xe8e0,0xe8e5,0xe8ea,0xe8ef,0x07e0,0x07e5,0x07ea,0x07ef,
	0x17e0,0x17e5,0x17ea,0x17ef,0x36e0,0x36e5,0x36ea,0x36ef,
	0xe000,0xe005,0xe00a,0xe00f,0xff00,0xff05,0xff0a,0xff0f,
	0x0f00,0x0f05,0x0f0a,0x0f0f,0x2e00,0x2e05,0x2e0a,0x2e0f,
	0x3d00,0x3d05,0x3d0a,0x3d0f,0x5d00,0x5d05,0x5d0a,0x5d0f,
	0x6c00,0x6c05,0x6c0a,0x6c0f,0x7b00,0x7b05,0x7b0a,0x7b0f,
	0x9a00,0x9a05,0x9a0a,0x9a0f,0xaa00,0xaa05,0xaa0a,0xaa0f,
	0xc900,0xc905,0xc90a,0xc90f,0xd800,0xd805,0xd80a,0xd80f,
	0xe800,0xe805,0xe80a,0xe80f,0x0700,0x0705,0x070a,0x070f,
	0x1600,0x1605,0x160a,0x160f,0x3500,0x3505,0x350a,0x350f,
	0xe020,0xe025,0xe02a,0xe02f,0xff20,0xff25,0xff2a,0xff2f,
	0x0e20,0x0e25,0x0e2a,0x0e2f,0x2e20,0x2e25,0x2e2a,0x2e2f,
	0x3d20,0x3d25,0x3d2a,0x3d2f,0x5c20,0x5c25,0x5c2a,0x5c2f,
	0x6c20,0x6c25,0x6c2a,0x6c2f,0x7b20,0x7b25,0x7b2a,0x7b2f,
	0x9a20,0x9a25,0x9a2a,0x9a2f,0xa920,0xa925,0xa92a,0xa92f,
	0xc920,0xc925,0xc92a,0xc92f,0xd820,0xd825,0xd82a,0xd82f,
	0xe720,0xe725,0xe72a,0xe72f,0x0720,0x0725,0x072a,0x072f,
	0x1620,0x1625,0x162a,0x162f,0x3520,0x3525,0x352a,0x352f,
	0xef30,0xef35,0xef3a,0xef3f,0xff30,0xff35,0xff3a,0xff3f,
	0x0e30,0x0e35,0x0e3a,0x0e3f,0x2d30,0x2d35,0x2d3a,0x2d3f,
	0x3d30,0x3d35,0x3d3a,0x3d3f,0x5c30,0x5c35,0x5c3a,0x5c3f,
	0x6b30,0x6b35,0x6b3a,0x6b3f,0x7a30,0x7a35,0x7a3a,0x7a3f,
	0x9a30,0x9a35,0x9a3a,0x9a3f,0xa930,0xa935,0xa93a,0xa93f,
	0xc830,0xc835,0xc83a,0xc83f,0xd830,0xd835,0xd83a,0xd83f,
	0xe730,0xe735,0xe73a,0xe73f,0x0630,0x0635,0x063a,0x063f,
	0x1530,0x1535,0x153a,0x153f,0x3530,0x3535,0x353a,0x353f,
	0xef50,0xef55,0xef5a,0xef5f,0xfe50,0xfe55,0xfe5a,0xfe5f,
	0x0e50,0x0e55,0x0e5a,0x0e5f,0x2d50,0x2d55,0x2d5a,0x2d5f,
	0x3c50,0x3c55,0x3c5a,0x3c5f,0x5c50,0x5c55,0x5c5a,0x5c5f,
	0x6b50,0x6b55,0x6b5a,0x6b5f,0x7a50,0x7a55,0x7a5a,0x7a5f,
	0x9950,0x9955,0x995a,0x995f,0xa950,0xa955,0xa95a,0xa95f,
	0xc850,0xc855,0xc85a,0xc85f,0xd750,0xd755,0xd75a,0xd75f,
	0xe750,0xe755,0xe75a,0xe75f,0x0650,0x0655,0x065a,0x065f,
	0x1550,0x1555,0x155a,0x155f,0x3450,0x3455,0x345a,0x345f,
	0xef70,0xef75,0xef7a,0xef7f,0xfe70,0xfe75,0xfe7a,0xfe7f,
	0x0d70,0x0d75,0x0d7a,0x0d7f,0x2d70,0x2d75,0x2d7a,0x2d7f,
	0x3c70,0x3c75,0x3c7a,0x3c7f,0x5b70,0x5b75,0x5b7a,0x5b7f,
	0x6b70,0x6b75,0x6b7a,0x6b7f,0x7a70,0x7a75,0x7a7a,0x7a7f,
	0x9970,0x9975,0x997a,0x997f,0xa870,0xa875,0xa87a,0xa87f,
	0xc870,0xc875,0xc87a,0xc87f,0xd770,0xd775,0xd77a,0xd77f,
	0xe670,0xe675,0xe67a,0xe67f,0x0670,0x0675,0x067a,0x067f,
	0x1570,0x1575,0x157a,0x157f,0x3470,0x3475,0x347a,0x347f,
	0xee90,0xee95,0xee9a,0xee9f,0xfe90,0xfe95,0xfe9a,0xfe9f,
	0x0d90,0x0d95,0x0d9a,0x0d9f,0x2c90,0x2c95,0x2c9a,0x2c9f,
	0x3c90,0x3c95,0x3c9a,0x3c9f,0x5b90,0x5b95,0x5b9a,0x5b9f,
	0x6a90,0x6a95,0x6a9a,0x6a9f,0x7990,0x7995,0x799a,0x799f,
	0x9990,0x9995,0x999a,0x999f,0xa890,0xa895,0xa89a,0xa89f,
	0xc790,0xc795,0xc79a,0xc79f,0xd790,0xd795,0xd79a,0xd79f,
	0xe690,0xe695,0xe69a,0xe69f,0x0590,0x0595,0x059a,0x059f,
	0x1490,0x1495,0x149a,0x149f,0x3490,0x3495,0x349a,0x349f,
	0xeeb0,0xeeb5,0xeeba,0xeebf,0xfdb0,0xfdb5,0xfdba,0xfdbf,
	0x0db0,0x0db5,0x0dba,0x0dbf,0x2cb0,0x2cb5,0x2cba,0x2cbf,
	0x3bb0,0x3bb5,0x3bba,0x3bbf,0x5bb0,0x5bb5,0x5bba,0x5bbf,
	0x6ab0,0x6ab5,0x6aba,0x6abf,0x79b0,0x79b5,0x79ba,0x79bf,
	0x98b0,0x98b5,0x98ba,0x98bf,0xa8b0,0xa8b5,0xa8ba,0xa8bf,
	0xc7b0,0xc7b5,0xc7ba,0xc7bf,0xd6b0,0xd6b5,0xd6ba,0xd6bf,
	0xe6b0,0xe6b5,0xe6ba,0xe6bf,0x05b0,0x05b5,0x05ba,0x05bf,
	0x14b0,0x14b5,0x14ba,0x14bf,0x33b0,0x33b5,0x33ba,0x33bf,
	0xeec0,0xeec5,0xeeca,0xeecf,0xfdc0,0xfdc5,0xfdca,0xfdcf,
	0x0cc0,0x0cc5,0x0cca,0x0ccf,0x2cc0,0x2cc5,0x2cca,0x2ccf,
	0x3bc0,0x3bc5,0x3bca,0x3bcf,0x5ac0,0x5ac5,0x5aca,0x5acf,
	0x69c0,0x69c5,0x69ca,0x69cf,0x79c0,0x79c5,0x79ca,0x79cf,
	0x98c0,0x98c5,0x98ca,0x98cf,0xa7c0,0xa7c5,0xa7ca,0xa7cf,
	0xc7c0,0xc7c5,0xc7ca,0xc7cf,0xd6c0,0xd6c5,0xd6ca,0xd6cf,
	0xe5c0,0xe5c5,0xe5ca,0xe5cf,0x04c0,0x04c5,0x04ca,0x04cf,
	0x14c0,0x14c5,0x14ca,0x14cf,0x33c0,0x33c5,0x33ca,0x33cf,
	0xede0,0xede5,0xedea,0xedef,0xfde0,0xfde5,0xfdea,0xfdef,
	0x0ce0,0x0ce5,0x0cea,0x0cef,0x2be0,0x2be5,0x2bea,0x2bef,
	0x3be0,0x3be5,0x3bea,0x3bef,0x5ae0,0x5ae5,0x5aea,0x5aef,
	0x69e0,0x69e5,0x69ea,0x69ef,0x78e0,0x78e5,0x78ea,0x78ef,
	0x98e0,0x98e5,0x98ea,0x98ef,0xa7e0,0xa7e5,0xa7ea,0xa7ef,
	0xc6e0,0xc6e5,0xc6ea,0xc6ef,0xd6e0,0xd6e5,0xd6ea,0xd6ef,
	0xe5e0,0xe5e5,0xe5ea,0xe5ef,0x04e0,0x04e5,0x04ea,0x04ef,
	0x13e0,0x13e5,0x13ea,0x13ef,0x33e0,0x33e5,0x33ea,0x33ef,
	0xed00,0xed05,0xed0a,0xed0f,0xfc00,0xfc05,0xfc0a,0xfc0f,
	0x0c00,0x0c05,0x0c0a,0x0c0f,0x2b00,0x2b05,0x2b0a,0x2b0f,
	0x3a00,0x3a05,0x3a0a,0x3a0f,0x5a00,0x5a05,0x5a0a,0x5a0f,
	0x6900,0x6905,0x690a,0x690f,0x7800,0x7805,0x780a,0x780f,
	0x9700,0x9705,0x970a,0x970f,0xa700,0xa705,0xa70a,0xa70f,
	0xc600,0xc605,0xc60a,0xc60f,0xd500,0xd505,0xd50a,0xd50f,
	0xe500,0xe505,0xe50a,0xe50f,0x0400,0x0405,0x040a,0x040f,
	0x1300,0x1305,0x130a,0x130f,0x3200,0x3205,0x320a,0x320f,
	0xed20,0xed25,0xed2a,0xed2f,0xfc20,0xfc25,0xfc2a,0xfc2f,
	0x0b20,0x0b25,0x0b2a,0x0b2f,0x2b20,0x2b25,0x2b2a,0x2b2f,
	0x3a20,0x3a25,0x3a2a,0x3a2f,0x5920,0x5925,0x592a,0x592f,
	0x6820,0x6825,0x682a,0x682f,0x7820,0x7825,0x782a,0x782f,
	0x9720,0x9725,0x972a,0x972f,0xa620,0xa625,0xa62a,0xa62f,
	0xc620,0xc625,0xc62a,0xc62f,0xd520,0xd525,0xd52a,0xd52f,
	0xe420,0xe425,0xe42a,0xe42f,0x0320,0x0325,0x032a,0x032f,
	0x1320,0x1325,0x132a,0x132f,0x3220,0x3225,0x322a,0x322f,
	0xec30,0xec35,0xec3a,0xec3f,0xfc30,0xfc35,0xfc3a,0xfc3f,
	0x0b30,0x0b35,0x0b3a,0x0b3f,0x2a30,0x2a35,0x2a3a,0x2a3f,
	0x3a30,0x3a35,0x3a3a,0x3a3f,0x5930,0x5935,0x593a,0x593f,
	0x6830,0x6835,0x683a,0x683f,0x7730,0x7735,0x773a,0x773f,
	0x9730,0x9735,0x973a,0x973f,0xa630,0xa635,0xa63a,0xa63f,
	0xc530,0xc535,0xc53a,0xc53f,0xd530,0xd535,0xd53a,0xd53f,
	0xe430,0xe435,0xe43a,0xe43f,0x0330,0x0335,0x033a,0x033f,
	0x1230,0x1235,0x123a,0x123f,0x3230,0x3235,0x323a,0x323f,
	0xec50,0xec55,0xec5a,0xec5f,0xfb50,0xfb55,0xfb5a,0xfb5f,
	0x0b50,0x0b55,0x0b5a,0x0b5f,0x2a50,0x2a55,0x2a5a,0x2a5f,
	0x3950,0x3955,0x395a,0x395f,0x5850,0x5855,0x585a,0x585f,
	0x6850,0x6855,0x685a,0x685f,0x7750,0x7755,0x775a,0x775f,
	0x9650,0x9655,0x965a,0x965f,0xa650,0xa655,0xa65a,0xa65f,
	0xc550,0xc555,0xc55a,0xc55f,0xd450,0xd455,0xd45a,0xd45f,
	0xe350,0xe355,0xe35a,0xe35f,0x0350,0x0355,0x035a,0x035f,
	0x1250,0x1255,0x125a,0x125f,0x3150,0x3155,0x315a,0x315f,
	0xe2b0,0xe2b5,0xe2ba,0xe2bf,0xf1b0,0xf1b5,0xf1ba,0xf1bf,
	0x10b0,0x10b5,0x10ba,0x10bf,0x20b0,0x20b5,0x20ba,0x20bf,
	0x4fb0,0x4fb5,0x4fba,0x4fbf,0x5eb0,0x5eb5,0x5eba,0x5ebf,
	0x6db0,0x6db5,0x6dba,0x6dbf,0x8db0,0x8db5,0x8dba,0x8dbf,
	0x9cb0,0x9cb5,0x9cba,0x9cbf,0xbbb0,0xbbb5,0xbbba,0xbbbf,
	0xcbb0,0xcbb5,0xcbba,0xcbbf,0xdab0,0xdab5,0xdaba,0xdabf,
	0xf9b0,0xf9b5,0xf9ba,0xf9bf,0x08b0,0x08b5,0x08ba,0x08bf,
	0x28b0,0x28b5,0x28ba,0x28bf,0x37b0,0x37b5,0x37ba,0x37bf,
	0xe1d0,0xe1d5,0xe1da,0xe1df,0xf1d0,0xf1d5,0xf1da,0xf1df,
	0x10d0,0x10d5,0x10da,0x10df,0x2fd0,0x2fd5,0x2fda,0x2fdf,
	0x4fd0,0x4fd5,0x4fda,0x4fdf,0x5ed0,0x5ed5,0x5eda,0x5edf,
	0x6dd0,0x6dd5,0x6dda,0x6ddf,0x8cd0,0x8cd5,0x8cda,0x8cdf,
	0x9cd0,0x9cd5,0x9cda,0x9cdf,0xbbd0,0xbbd5,0xbbda,0xbbdf,
	0xcad0,0xcad5,0xcada,0xcadf,0xdad0,0xdad5,0xdada,0xdadf,
	0xf9d0,0xf9d5,0xf9da,0xf9df,0x08d0,0x08d5,0x08da,0x08df,
	0x27d0,0x27d5,0x27da,0x27df,0x37d0,0x37d5,0x37da,0x37df,
	0xe1f0,0xe1f5,0xe1fa,0xe1ff,0xf0f0,0xf0f5,0xf0fa,0xf0ff,
	0x10f0,0x10f5,0x10fa,0x10ff,0x2ff0,0x2ff5,0x2ffa,0x2fff,
	0x4ef0,0x4ef5,0x4efa,0x4eff,0x5df0,0x5df5,0x5dfa,0x5dff,
	0x6df0,0x6df5,0x6dfa,0x6dff,0x8cf0,0x8cf5,0x8cfa,0x8cff,
	0x9bf0,0x9bf5,0x9bfa,0x9bff,0xbbf0,0xbbf5,0xbbfa,0xbbff,
	0xcaf0,0xcaf5,0xcafa,0xcaff,0xd9f0,0xd9f5,0xd9fa,0xd9ff,
	0xf8f0,0xf8f5,0xf8fa,0xf8ff,0x08f0,0x08f5,0x08fa,0x08ff,
	0x27f0,0x27f5,0x27fa,0x27ff,0x36f0,0x36f5,0x36fa,0x36ff,
	0xe100,0xe105,0xe10a,0xe10f,0xf000,0xf005,0xf00a,0xf00f,
	0x1f00,0x1f05,0x1f0a,0x1f0f,0x2f00,0x2f05,0x2f0a,0x2f0f,
	0x4e00,0x4e05,0x4e0a,0x4e0f,0x5d00,0x5d05,0x5d0a,0x5d0f,
	0x6c00,0x6c05,0x6c0a,0x6c0f,0x8c00,0x8c05,0x8c0a,0x8c0f,
	0x9b00,0x9b05,0x9b0a,0x9b0f,0xba00,0xba05,0xba0a,0xba0f,
	0xca00,0xca05,0xca0a,0xca0f,0xd900,0xd905,0xd90a,0xd90f,
	0xf800,0xf805,0xf80a,0xf80f,0x0700,0x0705,0x070a,0x070f,
	0x2700,0x2705,0x270a,0x270f,0x3600,0x3605,0x360a,0x360f,
	0xe020,0xe025,0xe02a,0xe02f,0xf020,0xf025,0xf02a,0xf02f,
	0x1f20,0x1f25,0x1f2a,0x1f2f,0x2e20,0x2e25,0x2e2a,0x2e2f,
	0x4d20,0x4d25,0x4d2a,0x4d2f,0x5d20,0x5d25,0x5d2a,0x5d2f,
	0x6c20,0x6c25,0x6c2a,0x6c2f,0x8b20,0x8b25,0x8b2a,0x8b2f,
	0x9b20,0x9b25,0x9b2a,0x9b2f,0xba20,0xba25,0xba2a,0xba2f,
	0xc920,0xc925,0xc92a,0xc92f,0xd820,0xd825,0xd82a,0xd82f,
	0xf820,0xf825,0xf82a,0xf82f,0x0720,0x0725,0x072a,0x072f,
	0x2620,0x2625,0x262a,0x262f,0x3620,0x3625,0x362a,0x362f,
	0xe040,0xe045,0xe04a,0xe04f,0xff40,0xff45,0xff4a,0xff4f,
	0x1f40,0x1f45,0x1f4a,0x1f4f,0x2e40,0x2e45,0x2e4a,0x2e4f,
	0x4d40,0x4d45,0x4d4a,0x4d4f,0x5c40,0x5c45,0x5c4a,0x5c4f,
	0x6c40,0x6c45,0x6c4a,0x6c4f,0x8b40,0x8b45,0x8b4a,0x8b4f,
	0x9a40,0x9a45,0x9a4a,0x9a4f,0xba40,0xba45,0xba4a,0xba4f,
	0xc940,0xc945,0xc94a,0xc94f,0xd840,0xd845,0xd84a,0xd84f,
	0xf740,0xf745,0xf74a,0xf74f,0x0740,0x0745,0x074a,0x074f,
	0x2640,0x2645,0x264a,0x264f,0x3540,0x3545,0x354a,0x354f,
	0xe060,0xe065,0xe06a,0xe06f,0xff60,0xff65,0xff6a,0xff6f,
	0x1e60,0x1e65,0x1e6a,0x1e6f,0x2e60,0x2e65,0x2e6a,0x2e6f,
	0x4d60,0x4d65,0x4d6a,0x4d6f,0x5c60,0x5c65,0x5c6a,0x5c6f,
	0x6b60,0x6b65,0x6b6a,0x6b6f,0x8b60,0x8b65,0x8b6a,0x8b6f,
	0x9a60,0x9a65,0x9a6a,0x9a6f,0xb960,0xb965,0xb96a,0xb96f,
	0xc960,0xc965,0xc96a,0xc96f,0xd860,0xd865,0xd86a,0xd86f,
	0xf760,0xf765,0xf76a,0xf76f,0x0660,0x0665,0x066a,0x066f,
	0x2660,0x2665,0x266a,0x266f,0x3560,0x3565,0x356a,0x356f,
	0xef70,0xef75,0xef7a,0xef7f,0xff70,0xff75,0xff7a,0xff7f,
	0x1e70,0x1e75,0x1e7a,0x1e7f,0x2d70,0x2d75,0x2d7a,0x2d7f,
	0x4c70,0x4c75,0x4c7a,0x4c7f,0x5c70,0x5c75,0x5c7a,0x5c7f,
	0x6b70,0x6b75,0x6b7a,0x6b7f,0x8a70,0x8a75,0x8a7a,0x8a7f,
	0x9a70,0x9a75,0x9a7a,0x9a7f,0xb970,0xb975,0xb97a,0xb97f,
	0xc870,0xc875,0xc87a,0xc87f,0xd770,0xd775,0xd77a,0xd77f,
	0xf770,0xf775,0xf77a,0xf77f,0x0670,0x0675,0x067a,0x067f,
	0x2570,0x2575,0x257a,0x257f,0x3570,0x3575,0x357a,0x357f,
	0xef90,0xef95,0xef9a,0xef9f,0xfe90,0xfe95,0xfe9a,0xfe9f,
	0x1e90,0x1e95,0x1e9a,0x1e9f,0x2d90,0x2d95,0x2d9a,0x2d9f,
	0x4c90,0x4c95,0x4c9a,0x4c9f,0x5b90,0x5b95,0x5b9a,0x5b9f,
	0x6b90,0x6b95,0x6b9a,0x6b9f,0x8a90,0x8a95,0x8a9a,0x8a9f,
	0x9990,0x9995,0x999a,0x999f,0xb990,0xb995,0xb99a,0xb99f,
	0xc890,0xc895,0xc89a,0xc89f,0xd790,0xd795,0xd79a,0xd79f,
	0xf690,0xf695,0xf69a,0xf69f,0x0690,0x0695,0x069a,0x069f,
	0x2590,0x2595,0x259a,0x259f,0x3490,0x3495,0x349a,0x349f,
	0xefb0,0xefb5,0xefba,0xefbf,0xfeb0,0xfeb5,0xfeba,0xfebf,
	0x1db0,0x1db5,0x1dba,0x1dbf,0x2cb0,0x2cb5,0x2cba,0x2cbf,
	0x4cb0,0x4cb5,0x4cba,0x4cbf,0x5bb0,0x5bb5,0x5bba,0x5bbf,
	0x6ab0,0x6ab5,0x6aba,0x6abf,0x8ab0,0x8ab5,0x8aba,0x8abf,
	0x99b0,0x99b5,0x99ba,0x99bf,0xb8b0,0xb8b5,0xb8ba,0xb8bf,
	0xc7b0,0xc7b5,0xc7ba,0xc7bf,0xd7b0,0xd7b5,0xd7ba,0xd7bf,
	0xf6b0,0xf6b5,0xf6ba,0xf6bf,0x05b0,0x05b5,0x05ba,0x05bf,
	0x25b0,0x25b5,0x25ba,0x25bf,0x34b0,0x34b5,0x34ba,0x34bf,
	0xeed0,0xeed5,0xeeda,0xeedf,0xfed0,0xfed5,0xfeda,0xfedf,
	0x1dd0,0x1dd5,0x1dda,0x1ddf,0x2cd0,0x2cd5,0x2cda,0x2cdf,
	0x4bd0,0x4bd5,0x4bda,0x4bdf,0x5bd0,0x5bd5,0x5bda,0x5bdf,
	0x6ad0,0x6ad5,0x6ada,0x6adf,0x89d0,0x89d5,0x89da,0x89df,
	0x99d0,0x99d5,0x99da,0x99df,0xb8d0,0xb8d5,0xb8da,0xb8df,
	0xc7d0,0xc7d5,0xc7da,0xc7df,0xd6d0,0xd6d5,0xd6da,0xd6df,
	0xf6d0,0xf6d5,0xf6da,0xf6df,0x05d0,0x05d5,0x05da,0x05df,
	0x24d0,0x24d5,0x24da,0x24df,0x34d0,0x34d5,0x34da,0x34df,
	0xeef0,0xeef5,0xeefa,0xeeff,0xfdf0,0xfdf5,0xfdfa,0xfdff,
	0x1df0,0x1df5,0x1dfa,0x1dff,0x2cf0,0x2cf5,0x2cfa,0x2cff,
	0x4bf0,0x4bf5,0x4bfa,0x4bff,0x5af0,0x5af5,0x5afa,0x5aff,
	0x6af0,0x6af5,0x6afa,0x6aff,0x89f0,0x89f5,0x89fa,0x89ff,
	0x98f0,0x98f5,0x98fa,0x98ff,0xb8f0,0xb8f5,0xb8fa,0xb8ff,
	0xc7f0,0xc7f5,0xc7fa,0xc7ff,0xd6f0,0xd6f5,0xd6fa,0xd6ff,
	0xf5f0,0xf5f5,0xf5fa,0xf5ff,0x05f0,0x05f5,0x05fa,0x05ff,
	0x24f0,0x24f5,0x24fa,0x24ff,0x33f0,0x33f5,0x33fa,0x33ff,
	0xee00,0xee05,0xee0a,0xee0f,0xfd00,0xfd05,0xfd0a,0xfd0f,
	0x1c00,0x1c05,0x1c0a,0x1c0f,0x2b00,0x2b05,0x2b0a,0x2b0f,
	0x4b00,0x4b05,0x4b0a,0x4b0f,0x5a00,0x5a05,0x5a0a,0x5a0f,
	0x6900,0x6905,0x690a,0x690f,0x8900,0x8905,0x890a,0x890f,
	0x9800,0x9805,0x980a,0x980f,0xb700,0xb705,0xb70a,0xb70f,
	0xc600,0xc605,0xc60a,0xc60f,0xd600,0xd605,0xd60a,0xd60f,
	0xf500,0xf505,0xf50a,0xf50f,0x0400,0x0405,0x040a,0x040f,
	0x2400,0x2405,0x240a,0x240f,0x3300,0x3305,0x330a,0x330f,
	0xed20,0xed25,0xed2a,0xed2f,0xfd20,0xfd25,0xfd2a,0xfd2f,
	0x1c20,0x1c25,0x1c2a,0x1c2f,0x2b20,0x2b25,0x2b2a,0x2b2f,
	0x4a20,0x4a25,0x4a2a,0x4a2f,0x5a20,0x5a25,0x5a2a,0x5a2f,
	0x6920,0x6925,0x692a,0x692f,0x8820,0x8825,0x882a,0x882f,
	0x9820,0x9825,0x982a,0x982f,0xb720,0xb725,0xb72a,0xb72f,
	0xc620,0xc625,0xc62a,0xc62f,0xd520,0xd525,0xd52a,0xd52f,
	0xf520,0xf525,0xf52a,0xf52f,0x0420,0x0425,0x042a,0x042f,
	0x2320,0x2325,0x232a,0x232f,0x3320,0x3325,0x332a,0x332f,
	0xed40,0xed45,0xed4a,0xed4f,0xfc40,0xfc45,0xfc4a,0xfc4f,
	0x1b40,0x1b45,0x1b4a,0x1b4f,0x2b40,0x2b45,0x2b4a,0x2b4f,
	0x4a40,0x4a45,0x4a4a,0x4a4f,0x5940,0x5945,0x594a,0x594f,
	0x6940,0x6945,0x694a,0x694f,0x8840,0x8845,0x884a,0x884f,
	0x9740,0x9745,0x974a,0x974f,0xb640,0xb645,0xb64a,0xb64f,
	0xc640,0xc645,0xc64a,0xc64f,0xd540,0xd545,0xd54a,0xd54f,
	0xf440,0xf445,0xf44a,0xf44f,0x0440,0x0445,0x044a,0x044f,
	0x2340,0x2345,0x234a,0x234f,0x3240,0x3245,0x324a,0x324f,
	0xed60,0xed65,0xed6a,0xed6f,0xfc60,0xfc65,0xfc6a,0xfc6f,
	0x1b60,0x1b65,0x1b6a,0x1b6f,0x2a60,0x2a65,0x2a6a,0x2a6f,
	0x4a60,0x4a65,0x4a6a,0x4a6f,0x5960,0x5965,0x596a,0x596f,
	0x6860,0x6865,0x686a,0x686f,0x8860,0x8865,0x886a,0x886f,
	0x9760,0x9765,0x976a,0x976f,0xb660,0xb665,0xb66a,0xb66f,
	0xc560,0xc565,0xc56a,0xc56f,0xd560,0xd565,0xd56a,0xd56f,
	0xf460,0xf465,0xf46a,0xf46f,0x0360,0x0365,0x036a,0x036f,
	0x2360,0x2365,0x236a,0x236f,0x3260,0x3265,0x326a,0x326f,
	0xf2c0,0xf2c5,0xf2ca,0xf2cf,0x02c0,0x02c5,0x02ca,0x02cf,
	0x11c0,0x11c5,0x11ca,0x11cf,0x30c0,0x30c5,0x30ca,0x30cf,
	0x4fc0,0x4fc5,0x4fca,0x4fcf,0x6fc0,0x6fc5,0x6fca,0x6fcf,
	0x7ec0,0x7ec5,0x7eca,0x7ecf,0x8dc0,0x8dc5,0x8dca,0x8dcf,
	0xadc0,0xadc5,0xadca,0xadcf,0xbcc0,0xbcc5,0xbcca,0xbccf,
	0xdbc0,0xdbc5,0xdbca,0xdbcf,0xeac0,0xeac5,0xeaca,0xeacf,
	0xfac0,0xfac5,0xfaca,0xfacf,0x19c0,0x19c5,0x19ca,0x19cf,
	0x28c0,0x28c5,0x28ca,0x28cf,0x48c0,0x48c5,0x48ca,0x48cf,
	0xf2d0,0xf2d5,0xf2da,0xf2df,0x01d0,0x01d5,0x01da,0x01df,
	0x10d0,0x10d5,0x10da,0x10df,0x30d0,0x30d5,0x30da,0x30df,
	0x4fd0,0x4fd5,0x4fda,0x4fdf,0x6ed0,0x6ed5,0x6eda,0x6edf,
	0x7ed0,0x7ed5,0x7eda,0x7edf,0x8dd0,0x8dd5,0x8dda,0x8ddf,
	0xacd0,0xacd5,0xacda,0xacdf,0xbbd0,0xbbd5,0xbbda,0xbbdf,
	0xdbd0,0xdbd5,0xdbda,0xdbdf,0xead0,0xead5,0xeada,0xeadf,
	0xf9d0,0xf9d5,0xf9da,0xf9df,0x19d0,0x19d5,0x19da,0x19df,
	0x28d0,0x28d5,0x28da,0x28df,0x47d0,0x47d5,0x47da,0x47df,
	0xf2f0,0xf2f5,0xf2fa,0xf2ff,0x01f0,0x01f5,0x01fa,0x01ff,
	0x10f0,0x10f5,0x10fa,0x10ff,0x3ff0,0x3ff5,0x3ffa,0x3fff,
	0x4ff0,0x4ff5,0x4ffa,0x4fff,0x6ef0,0x6ef5,0x6efa,0x6eff,
	0x7df0,0x7df5,0x7dfa,0x7dff,0x8df0,0x8df5,0x8dfa,0x8dff,
	0xacf0,0xacf5,0xacfa,0xacff,0xbbf0,0xbbf5,0xbbfa,0xbbff,
	0xdaf0,0xdaf5,0xdafa,0xdaff,0xeaf0,0xeaf5,0xeafa,0xeaff,
	0xf9f0,0xf9f5,0xf9fa,0xf9ff,0x18f0,0x18f5,0x18fa,0x18ff,
	0x28f0,0x28f5,0x28fa,0x28ff,0x47f0,0x47f5,0x47fa,0x47ff,
	0xf110,0xf115,0xf11a,0xf11f,0x0010,0x0015,0x001a,0x001f,
	0x1010,0x1015,0x101a,0x101f,0x3f10,0x3f15,0x3f1a,0x3f1f,
	0x4e10,0x4e15,0x4e1a,0x4e1f,0x6e10,0x6e15,0x6e1a,0x6e1f,
	0x7d10,0x7d15,0x7d1a,0x7d1f,0x8c10,0x8c15,0x8c1a,0x8c1f,
	0xab10,0xab15,0xab1a,0xab1f,0xbb10,0xbb15,0xbb1a,0xbb1f,
	0xda10,0xda15,0xda1a,0xda1f,0xe910,0xe915,0xe91a,0xe91f,
	0xf910,0xf915,0xf91a,0xf91f,0x1810,0x1815,0x181a,0x181f,
	0x2710,0x2715,0x271a,0x271f,0x4610,0x4615,0x461a,0x461f,
	0xf130,0xf135,0xf13a,0xf13f,0x0030,0x0035,0x003a,0x003f,
	0x1f30,0x1f35,0x1f3a,0x1f3f,0x3f30,0x3f35,0x3f3a,0x3f3f,
	0x4e30,0x4e35,0x4e3a,0x4e3f,0x6d30,0x6d35,0x6d3a,0x6d3f,
	0x7d30,0x7d35,0x7d3a,0x7d3f,0x8c30,0x8c35,0x8c3a,0x8c3f,
	0xab30,0xab35,0xab3a,0xab3f,0xba30,0xba35,0xba3a,0xba3f,
	0xda30,0xda35,0xda3a,0xda3f,0xe930,0xe935,0xe93a,0xe93f,
	0xf830,0xf835,0xf83a,0xf83f,0x1830,0x1835,0x183a,0x183f,
	0x2730,0x2735,0x273a,0x273f,0x4630,0x4635,0x463a,0x463f,
	0xf040,0xf045,0xf04a,0xf04f,0x0040,0x0045,0x004a,0x004f,
	0x1f40,0x1f45,0x1f4a,0x1f4f,0x3e40,0x3e45,0x3e4a,0x3e4f,
	0x4e40,0x4e45,0x4e4a,0x4e4f,0x6d40,0x6d45,0x6d4a,0x6d4f,
	0x7c40,0x7c45,0x7c4a,0x7c4f,0x8b40,0x8b45,0x8b4a,0x8b4f,
	0xab40,0xab45,0xab4a,0xab4f,0xba40,0xba45,0xba4a,0xba4f,
	0xd940,0xd945,0xd94a,0xd94f,0xe940,0xe945,0xe94a,0xe94f,
	0xf840,0xf845,0xf84a,0xf84f,0x1740,0x1745,0x174a,0x174f,
	0x2640,0x2645,0x264a,0x264f,0x4640,0x4645,0x464a,0x464f,
	0xf060,0xf065,0xf06a,0xf06f,0x0f60,0x0f65,0x0f6a,0x0f6f,
	0x1f60,0x1f65,0x1f6a,0x1f6f,0x3e60,0x3e65,0x3e6a,0x3e6f,
	0x4d60,0x4d65,0x4d6a,0x4d6f,0x6d60,0x6d65,0x6d6a,0x6d6f,
	0x7c60,0x7c65,0x7c6a,0x7c6f,0x8b60,0x8b65,0x8b6a,0x8b6f,
	0xaa60,0xaa65,0xaa6a,0xaa6f,0xba60,0xba65,0xba6a,0xba6f,
	0xd960,0xd965,0xd96a,0xd96f,0xe860,0xe865,0xe86a,0xe86f,
	0xf860,0xf865,0xf86a,0xf86f,0x1760,0x1765,0x176a,0x176f,
	0x2660,0x2665,0x266a,0x266f,0x4560,0x4565,0x456a,0x456f,
	0xf080,0xf085,0xf08a,0xf08f,0x0f80,0x0f85,0x0f8a,0x0f8f,
	0x1e80,0x1e85,0x1e8a,0x1e8f,0x3e80,0x3e85,0x3e8a,0x3e8f,
	0x4d80,0x4d85,0x4d8a,0x4d8f,0x6c80,0x6c85,0x6c8a,0x6c8f,
	0x7c80,0x7c85,0x7c8a,0x7c8f,0x8b80,0x8b85,0x8b8a,0x8b8f,
	0xaa80,0xaa85,0xaa8a,0xaa8f,0xb980,0xb985,0xb98a,0xb98f,
	0xd980,0xd985,0xd98a,0xd98f,0xe880,0xe885,0xe88a,0xe88f,
	0xf780,0xf785,0xf78a,0xf78f,0x1780,0x1785,0x178a,0x178f,
	0x2680,0x2685,0x268a,0x268f,0x4580,0x4585,0x458a,0x458f,
	0xffa0,0xffa5,0xffaa,0xffaf,0x0fa0,0x0fa5,0x0faa,0x0faf,
	0x1ea0,0x1ea5,0x1eaa,0x1eaf,0x3da0,0x3da5,0x3daa,0x3daf,
	0x4da0,0x4da5,0x4daa,0x4daf,0x6ca0,0x6ca5,0x6caa,0x6caf,
	0x7ba0,0x7ba5,0x7baa,0x7baf,0x8aa0,0x8aa5,0x8aaa,0x8aaf,
	0xaaa0,0xaaa5,0xaaaa,0xaaaf,0xb9a0,0xb9a5,0xb9aa,0xb9af,
	0xd8a0,0xd8a5,0xd8aa,0xd8af,0xe8a0,0xe8a5,0xe8aa,0xe8af,
	0xf7a0,0xf7a5,0xf7aa,0xf7af,0x16a0,0x16a5,0x16aa,0x16af,
	0x25a0,0x25a5,0x25aa,0x25af,0x45a0,0x45a5,0x45aa,0x45af,
	0xffc0,0xffc5,0xffca,0xffcf,0x0ec0,0x0ec5,0x0eca,0x0ecf,
	0x1ec0,0x1ec5,0x1eca,0x1ecf,0x3dc0,0x3dc5,0x3dca,0x3dcf,
	0x4cc0,0x4cc5,0x4cca,0x4ccf,0x6cc0,0x6cc5,0x6cca,0x6ccf,
	0x7bc0,0x7bc5,0x7bca,0x7bcf,0x8ac0,0x8ac5,0x8aca,0x8acf,
	0xa9c0,0xa9c5,0xa9ca,0xa9cf,0xb9c0,0xb9c5,0xb9ca,0xb9cf,
	0xd8c0,0xd8c5,0xd8ca,0xd8cf,0xe7c0,0xe7c5,0xe7ca,0xe7cf,
	0xf7c0,0xf7c5,0xf7ca,0xf7cf,0x16c0,0x16c5,0x16ca,0x16cf,
	0x25c0,0x25c5,0x25ca,0x25cf,0x44c0,0x44c5,0x44ca,0x44cf,
	0xffd0,0xffd5,0xffda,0xffdf,0x0ed0,0x0ed5,0x0eda,0x0edf,
	0x1dd0,0x1dd5,0x1dda,0x1ddf,0x3dd0,0x3dd5,0x3dda,0x3ddf,
	0x4cd0,0x4cd5,0x4cda,0x4cdf,0x6bd0,0x6bd5,0x6bda,0x6bdf,
	0x7ad0,0x7ad5,0x7ada,0x7adf,0x8ad0,0x8ad5,0x8ada,0x8adf,
	0xa9d0,0xa9d5,0xa9da,0xa9df,0xb8d0,0xb8d5,0xb8da,0xb8df,
	0xd8d0,0xd8d5,0xd8da,0xd8df,0xe7d0,0xe7d5,0xe7da,0xe7df,
	0xf6d0,0xf6d5,0xf6da,0xf6df,0x15d0,0x15d5,0x15da,0x15df,
	0x25d0,0x25d5,0x25da,0x25df,0x44d0,0x44d5,0x44da,0x44df,
	0xfef0,0xfef5,0xfefa,0xfeff,0x0ef0,0x0ef5,0x0efa,0x0eff,
	0x1df0,0x1df5,0x1dfa,0x1dff,0x3cf0,0x3cf5,0x3cfa,0x3cff,
	0x4cf0,0x4cf5,0x4cfa,0x4cff,0x6bf0,0x6bf5,0x6bfa,0x6bff,
	0x7af0,0x7af5,0x7afa,0x7aff,0x89f0,0x89f5,0x89fa,0x89ff,
	0xa9f0,0xa9f5,0xa9fa,0xa9ff,0xb8f0,0xb8f5,0xb8fa,0xb8ff,
	0xd7f0,0xd7f5,0xd7fa,0xd7ff,0xe7f0,0xe7f5,0xe7fa,0xe7ff,
	0xf6f0,0xf6f5,0xf6fa,0xf6ff,0x15f0,0x15f5,0x15fa,0x15ff,
	0x24f0,0x24f5,0x24fa,0x24ff,0x44f0,0x44f5,0x44fa,0x44ff,
	0xfe10,0xfe15,0xfe1a,0xfe1f,0x0d10,0x0d15,0x0d1a,0x0d1f,
	0x1d10,0x1d15,0x1d1a,0x1d1f,0x3c10,0x3c15,0x3c1a,0x3c1f,
	0x4b10,0x4b15,0x4b1a,0x4b1f,0x6b10,0x6b15,0x6b1a,0x6b1f,
	0x7a10,0x7a15,0x7a1a,0x7a1f,0x8910,0x8915,0x891a,0x891f,
	0xa810,0xa815,0xa81a,0xa81f,0xb810,0xb815,0xb81a,0xb81f,
	0xd710,0xd715,0xd71a,0xd71f,0xe610,0xe615,0xe61a,0xe61f,
	0xf610,0xf615,0xf61a,0xf61f,0x1510,0x1515,0x151a,0x151f,
	0x2410,0x2415,0x241a,0x241f,0x4310,0x4315,0x431a,0x431f,
	0xfe30,0xfe35,0xfe3a,0xfe3f,0x0d30,0x0d35,0x0d3a,0x0d3f,
	0x1c30,0x1c35,0x1c3a,0x1c3f,0x3c30,0x3c35,0x3c3a,0x3c3f,
	0x4b30,0x4b35,0x4b3a,0x4b3f,0x6a30,0x6a35,0x6a3a,0x6a3f,
	0x7930,0x7935,0x793a,0x793f,0x8930,0x8935,0x893a,0x893f,
	0xa830,0xa835,0xa83a,0xa83f,0xb730,0xb735,0xb73a,0xb73f,
	0xd730,0xd735,0xd73a,0xd73f,0xe630,0xe635,0xe63a,0xe63f,
	0xf530,0xf535,0xf53a,0xf53f,0x1430,0x1435,0x143a,0x143f,
	0x2430,0x2435,0x243a,0x243f,0x4330,0x4335,0x433a,0x433f,
	0xfd40,0xfd45,0xfd4a,0xfd4f,0x0d40,0x0d45,0x0d4a,0x0d4f,
	0x1c40,0x1c45,0x1c4a,0x1c4f,0x3b40,0x3b45,0x3b4a,0x3b4f,
	0x4b40,0x4b45,0x4b4a,0x4b4f,0x6a40,0x6a45,0x6a4a,0x6a4f,
	0x7940,0x7945,0x794a,0x794f,0x8840,0x8845,0x884a,0x884f,
	0xa840,0xa845,0xa84a,0xa84f,0xb740,0xb745,0xb74a,0xb74f,
	0xd640,0xd645,0xd64a,0xd64f,0xe640,0xe645,0xe64a,0xe64f,
	0xf540,0xf545,0xf54a,0xf54f,0x1440,0x1445,0x144a,0x144f,
	0x2340,0x2345,0x234a,0x234f,0x4340,0x4345,0x434a,0x434f,
	0xfd60,0xfd65,0xfd6a,0xfd6f,0x0c60,0x0c65,0x0c6a,0x0c6f,
	0x1c60,0x1c65,0x1c6a,0x1c6f,0x3b60,0x3b65,0x3b6a,0x3b6f,
	0x4a60,0x4a65,0x4a6a,0x4a6f,0x6960,0x6965,0x696a,0x696f,
	0x7960,0x7965,0x796a,0x796f,0x8860,0x8865,0x886a,0x886f,
	0xa760,0xa765,0xa76a,0xa76f,0xb760,0xb765,0xb76a,0xb76f,
	0xd660,0xd665,0xd66a,0xd66f,0xe560,0xe565,0xe56a,0xe56f,
	0xf460,0xf465,0xf46a,0xf46f,0x1460,0x1465,0x146a,0x146f,
	0x2360,0x2365,0x236a,0x236f,0x4260,0x4265,0x426a,0x426f,
	0xf3c0,0xf3c5,0xf3ca,0xf3cf,0x02c0,0x02c5,0x02ca,0x02cf,
	0x21c0,0x21c5,0x21ca,0x21cf,0x31c0,0x31c5,0x31ca,0x31cf,
	0x50c0,0x50c5,0x50ca,0x50cf,0x6fc0,0x6fc5,0x6fca,0x6fcf,
	0x7ec0,0x7ec5,0x7eca,0x7ecf,0x9ec0,0x9ec5,0x9eca,0x9ecf,
	0xadc0,0xadc5,0xadca,0xadcf,0xccc0,0xccc5,0xccca,0xcccf,
	0xdcc0,0xdcc5,0xdcca,0xdccf,0xebc0,0xebc5,0xebca,0xebcf,
	0x0ac0,0x0ac5,0x0aca,0x0acf,0x19c0,0x19c5,0x19ca,0x19cf,
	0x39c0,0x39c5,0x39ca,0x39cf,0x48c0,0x48c5,0x48ca,0x48cf,
	0xf2e0,0xf2e5,0xf2ea,0xf2ef,0x02e0,0x02e5,0x02ea,0x02ef,
	0x21e0,0x21e5,0x21ea,0x21ef,0x30e0,0x30e5,0x30ea,0x30ef,
	0x50e0,0x50e5,0x50ea,0x50ef,0x6fe0,0x6fe5,0x6fea,0x6fef,
	0x7ee0,0x7ee5,0x7eea,0x7eef,0x9de0,0x9de5,0x9dea,0x9def,
	0xade0,0xade5,0xadea,0xadef,0xcce0,0xcce5,0xccea,0xccef,
	0xdbe0,0xdbe5,0xdbea,0xdbef,0xebe0,0xebe5,0xebea,0xebef,
	0x0ae0,0x0ae5,0x0aea,0x0aef,0x19e0,0x19e5,0x19ea,0x19ef,
	0x38e0,0x38e5,0x38ea,0x38ef,0x48e0,0x48e5,0x48ea,0x48ef,
	0xf200,0xf205,0xf20a,0xf20f,0x0100,0x0105,0x010a,0x010f,
	0x2100,0x2105,0x210a,0x210f,0x3000,0x3005,0x300a,0x300f,
	0x5f00,0x5f05,0x5f0a,0x5f0f,0x6e00,0x6e05,0x6e0a,0x6e0f,
	0x7e00,0x7e05,0x7e0a,0x7e0f,0x9d00,0x9d05,0x9d0a,0x9d0f,
	0xac00,0xac05,0xac0a,0xac0f,0xcc00,0xcc05,0xcc0a,0xcc0f,
	0xdb00,0xdb05,0xdb0a,0xdb0f,0xea00,0xea05,0xea0a,0xea0f,
	0x0900,0x0905,0x090a,0x090f,0x1900,0x1905,0x190a,0x190f,
	0x3800,0x3805,0x380a,0x380f,0x4700,0x4705,0x470a,0x470f,
	0xf210,0xf215,0xf21a,0xf21f,0x0110,0x0115,0x011a,0x011f,
	0x2010,0x2015,0x201a,0x201f,0x3010,0x3015,0x301a,0x301f,
	0x5f10,0x5f15,0x5f1a,0x5f1f,0x6e10,0x6e15,0x6e1a,0x6e1f,
	0x7d10,0x7d15,0x7d1a,0x7d1f,0x9d10,0x9d15,0x9d1a,0x9d1f,
	0xac10,0xac15,0xac1a,0xac1f,0xcb10,0xcb15,0xcb1a,0xcb1f,
	0xdb10,0xdb15,0xdb1a,0xdb1f,0xea10,0xea15,0xea1a,0xea1f,
	0x0910,0x0915,0x091a,0x091f,0x1810,0x1815,0x181a,0x181f,
	0x3810,0x3815,0x381a,0x381f,0x4710,0x4715,0x471a,0x471f,
	0xf130,0xf135,0xf13a,0xf13f,0x0130,0x0135,0x013a,0x013f,
	0x2030,0x2035,0x203a,0x203f,0x3f30,0x3f35,0x3f3a,0x3f3f,
	0x5e30,0x5e35,0x5e3a,0x5e3f,0x6e30,0x6e35,0x6e3a,0x6e3f,
	0x7d30,0x7d35,0x7d3a,0x7d3f,0x9c30,0x9c35,0x9c3a,0x9c3f,
	0xac30,0xac35,0xac3a,0xac3f,0xcb30,0xcb35,0xcb3a,0xcb3f,
	0xda30,0xda35,0xda3a,0xda3f,0xe930,0xe935,0xe93a,0xe93f,
	0x0930,0x0935,0x093a,0x093f,0x1830,0x1835,0x183a,0x183f,
	0x3730,0x3735,0x373a,0x373f,0x4730,0x4735,0x473a,0x473f,
	0xf150,0xf155,0xf15a,0xf15f,0x0050,0x0055,0x005a,0x005f,
	0x2050,0x2055,0x205a,0x205f,0x3f50,0x3f55,0x3f5a,0x3f5f,
	0x5e50,0x5e55,0x5e5a,0x5e5f,0x6d50,0x6d55,0x6d5a,0x6d5f,
	0x7d50,0x7d55,0x7d5a,0x7d5f,0x9c50,0x9c55,0x9c5a,0x9c5f,
	0xab50,0xab55,0xab5a,0xab5f,0xcb50,0xcb55,0xcb5a,0xcb5f,
	0xda50,0xda55,0xda5a,0xda5f,0xe950,0xe955,0xe95a,0xe95f,
	0x0850,0x0855,0x085a,0x085f,0x1850,0x1855,0x185a,0x185f,
	0x3750,0x3755,0x375a,0x375f,0x4650,0x4655,0x465a,0x465f,
	0xf170,0xf175,0xf17a,0xf17f,0x0070,0x0075,0x007a,0x007f,
	0x2f70,0x2f75,0x2f7a,0x2f7f,0x3f70,0x3f75,0x3f7a,0x3f7f,
	0x5e70,0x5e75,0x5e7a,0x5e7f,0x6d70,0x6d75,0x6d7a,0x6d7f,
	0x7c70,0x7c75,0x7c7a,0x7c7f,0x9c70,0x9c75,0x9c7a,0x9c7f,
	0xab70,0xab75,0xab7a,0xab7f,0xca70,0xca75,0xca7a,0xca7f,
	0xda70,0xda75,0xda7a,0xda7f,0xe970,0xe975,0xe97a,0xe97f,
	0x0870,0x0875,0x087a,0x087f,0x1770,0x1775,0x177a,0x177f,
	0x3770,0x3775,0x377a,0x377f,0x4670,0x4675,0x467a,0x467f,
	0xf080,0xf085,0xf08a,0xf08f,0x0080,0x0085,0x008a,0x008f,
	0x2f80,0x2f85,0x2f8a,0x2f8f,0x3e80,0x3e85,0x3e8a,0x3e8f,
	0x5d80,0x5d85,0x5d8a,0x5d8f,0x6d80,0x6d85,0x6d8a,0x6d8f,
	0x7c80,0x7c85,0x7c8a,0x7c8f,0x9b80,0x9b85,0x9b8a,0x9b8f,
	0xab80,0xab85,0xab8a,0xab8f,0xca80,0xca85,0xca8a,0xca8f,
	0xd980,0xd985,0xd98a,0xd98f,0xe880,0xe885,0xe88a,0xe88f,
	0x0880,0x0885,0x088a,0x088f,0x1780,0x1785,0x178a,0x178f,
	0x3680,0x3685,0x368a,0x368f,0x4680,0x4685,0x468a,0x468f,
	0xf0a0,0xf0a5,0xf0aa,0xf0af,0x0fa0,0x0fa5,0x0faa,0x0faf,
	0x2fa0,0x2fa5,0x2faa,0x2faf,0x3ea0,0x3ea5,0x3eaa,0x3eaf,
	0x5da0,0x5da5,0x5daa,0x5daf,0x6ca0,0x6ca5,0x6caa,0x6caf,
	0x7ca0,0x7ca5,0x7caa,0x7caf,0x9ba0,0x9ba5,0x9baa,0x9baf,
	0xaaa0,0xaaa5,0xaaaa,0xaaaf,0xcaa0,0xcaa5,0xcaaa,0xcaaf,
	0xd9a0,0xd9a5,0xd9aa,0xd9af,0xe8a0,0xe8a5,0xe8aa,0xe8af,
	0x07a0,0x07a5,0x07aa,0x07af,0x17a0,0x17a5,0x17aa,0x17af,
	0x36a0,0x36a5,0x36aa,0x36af,0x45a0,0x45a5,0x45aa,0x45af,
	0xf0c0,0xf0c5,0xf0ca,0xf0cf,0x0fc0,0x0fc5,0x0fca,0x0fcf,
	0x2ec0,0x2ec5,0x2eca,0x2ecf,0x3dc0,0x3dc5,0x3dca,0x3dcf,
	0x5dc0,0x5dc5,0x5dca,0x5dcf,0x6cc0,0x6cc5,0x6cca,0x6ccf,
	0x7bc0,0x7bc5,0x7bca,0x7bcf,0x9bc0,0x9bc5,0x9bca,0x9bcf,
	0xaac0,0xaac5,0xaaca,0xaacf,0xc9c0,0xc9c5,0xc9ca,0xc9cf,
	0xd8c0,0xd8c5,0xd8ca,0xd8cf,0xe8c0,0xe8c5,0xe8ca,0xe8cf,
	0x07c0,0x07c5,0x07ca,0x07cf,0x16c0,0x16c5,0x16ca,0x16cf,
	0x36c0,0x36c5,0x36ca,0x36cf,0x45c0,0x45c5,0x45ca,0x45cf,
	0xffe0,0xffe5,0xffea,0xffef,0x0fe0,0x0fe5,0x0fea,0x0fef,
	0x2ee0,0x2ee5,0x2eea,0x2eef,0x3de0,0x3de5,0x3dea,0x3def,
	0x5ce0,0x5ce5,0x5cea,0x5cef,0x6ce0,0x6ce5,0x6cea,0x6cef,
	0x7be0,0x7be5,0x7bea,0x7bef,0x9ae0,0x9ae5,0x9aea,0x9aef,
	0xaae0,0xaae5,0xaaea,0xaaef,0xc9e0,0xc9e5,0xc9ea,0xc9ef,
	0xd8e0,0xd8e5,0xd8ea,0xd8ef,0xe7e0,0xe7e5,0xe7ea,0xe7ef,
	0x07e0,0x07e5,0x07ea,0x07ef,0x16e0,0x16e5,0x16ea,0x16ef,
	0x35e0,0x35e5,0x35ea,0x35ef,0x45e0,0x45e5,0x45ea,0x45ef,
	0xff00,0xff05,0xff0a,0xff0f,0x0e00,0x0e05,0x0e0a,0x0e0f,
	0x2e00,0x2e05,0x2e0a,0x2e0f,0x3d00,0x3d05,0x3d0a,0x3d0f,
	0x5c00,0x5c05,0x5c0a,0x5c0f,0x6b00,0x6b05,0x6b0a,0x6b0f,
	0x7b00,0x7b05,0x7b0a,0x7b0f,0x9a00,0x9a05,0x9a0a,0x9a0f,
	0xa900,0xa905,0xa90a,0xa90f,0xc900,0xc905,0xc90a,0xc90f,
	0xd800,0xd805,0xd80a,0xd80f,0xe700,0xe705,0xe70a,0xe70f,
	0x0600,0x0605,0x060a,0x060f,0x1600,0x1605,0x160a,0x160f,
	0x3500,0x3505,0x350a,0x350f,0x4400,0x4405,0x440a,0x440f,
	0xff10,0xff15,0xff1a,0xff1f,0x0e10,0x0e15,0x0e1a,0x0e1f,
	0x2d10,0x2d15,0x2d1a,0x2d1f,0x3c10,0x3c15,0x3c1a,0x3c1f,
	0x5c10,0x5c15,0x5c1a,0x5c1f,0x6b10,0x6b15,0x6b1a,0x6b1f,
	0x7a10,0x7a15,0x7a1a,0x7a1f,0x9a10,0x9a15,0x9a1a,0x9a1f,
	0xa910,0xa915,0xa91a,0xa91f,0xc810,0xc815,0xc81a,0xc81f,
	0xd710,0xd715,0xd71a,0xd71f,0xe710,0xe715,0xe71a,0xe71f,
	0x0610,0x0615,0x061a,0x061f,0x1510,0x1515,0x151a,0x151f,
	0x3510,0x3515,0x351a,0x351f,0x4410,0x4415,0x441a,0x441f,
	0xfe30,0xfe35,0xfe3a,0xfe3f,0x0e30,0x0e35,0x0e3a,0x0e3f,
	0x2d30,0x2d35,0x2d3a,0x2d3f,0x3c30,0x3c35,0x3c3a,0x3c3f,
	0x5b30,0x5b35,0x5b3a,0x5b3f,0x6b30,0x6b35,0x6b3a,0x6b3f,
	0x7a30,0x7a35,0x7a3a,0x7a3f,0x9930,0x9935,0x993a,0x993f,
	0xa930,0xa935,0xa93a,0xa93f,0xc830,0xc835,0xc83a,0xc83f,
	0xd730,0xd735,0xd73a,0xd73f,0xe630,0xe635,0xe63a,0xe63f,
	0x0630,0x0635,0x063a,0x063f,0x1530,0x1535,0x153a,0x153f,
	0x3430,0x3435,0x343a,0x343f,0x4430,0x4435,0x443a,0x443f,
	0xfe50,0xfe55,0xfe5a,0xfe5f,0x0d50,0x0d55,0x0d5a,0x0d5f,
	0x2c50,0x2c55,0x2c5a,0x2c5f,0x3c50,0x3c55,0x3c5a,0x3c5f,
	0x5b50,0x5b55,0x5b5a,0x5b5f,0x6a50,0x6a55,0x6a5a,0x6a5f,
	0x7a50,0x7a55,0x7a5a,0x7a5f,0x9950,0x9955,0x995a,0x995f,
	0xa850,0xa855,0xa85a,0xa85f,0xc750,0xc755,0xc75a,0xc75f,
	0xd750,0xd755,0xd75a,0xd75f,0xe650,0xe655,0xe65a,0xe65f,
	0x0550,0x0555,0x055a,0x055f,0x1550,0x1555,0x155a,0x155f,
	0x3450,0x3455,0x345a,0x345f,0x4350,0x4355,0x435a,0x435f,
	0xfe70,0xfe75,0xfe7a,0xfe7f,0x0d70,0x0d75,0x0d7a,0x0d7f,
	0x2c70,0x2c75,0x2c7a,0x2c7f,0x3b70,0x3b75,0x3b7a,0x3b7f,
	0x5b70,0x5b75,0x5b7a,0x5b7f,0x6a70,0x6a75,0x6a7a,0x6a7f,
	0x7970,0x7975,0x797a,0x797f,0x9970,0x9975,0x997a,0x997f,
	0xa870,0xa875,0xa87a,0xa87f,0xc770,0xc775,0xc77a,0xc77f,
	0xd670,0xd675,0xd67a,0xd67f,0xe670,0xe675,0xe67a,0xe67f,
	0x0570,0x0575,0x057a,0x057f,0x1470,0x1475,0x147a,0x147f,
	0x3470,0x3475,0x347a,0x347f,0x4370,0x4375,0x437a,0x437f,
	0x03d0,0x03d5,0x03da,0x03df,0x13d0,0x13d5,0x13da,0x13df,
	0x22d0,0x22d5,0x22da,0x22df,0x41d0,0x41d5,0x41da,0x41df,
	0x50d0,0x50d5,0x50da,0x50df,0x70d0,0x70d5,0x70da,0x70df,
	0x8fd0,0x8fd5,0x8fda,0x8fdf,0x9ed0,0x9ed5,0x9eda,0x9edf,
	0xbed0,0xbed5,0xbeda,0xbedf,0xcdd0,0xcdd5,0xcdda,0xcddf,
	0xecd0,0xecd5,0xecda,0xecdf,0xfbd0,0xfbd5,0xfbda,0xfbdf,
	0x0bd0,0x0bd5,0x0bda,0x0bdf,0x2ad0,0x2ad5,0x2ada,0x2adf,
	0x39d0,0x39d5,0x39da,0x39df,0x59d0,0x59d5,0x59da,0x59df,
	0x03e0,0x03e5,0x03ea,0x03ef,0x12e0,0x12e5,0x12ea,0x12ef,
	0x21e0,0x21e5,0x21ea,0x21ef,0x41e0,0x41e5,0x41ea,0x41ef,
	0x50e0,0x50e5,0x50ea,0x50ef,0x7fe0,0x7fe5,0x7fea,0x7fef,
	0x8fe0,0x8fe5,0x8fea,0x8fef,0x9ee0,0x9ee5,0x9eea,0x9eef,
	0xbde0,0xbde5,0xbdea,0xbdef,0xcce0,0xcce5,0xccea,0xccef,
	0xece0,0xece5,0xecea,0xecef,0xfbe0,0xfbe5,0xfbea,0xfbef,
	0x0ae0,0x0ae5,0x0aea,0x0aef,0x2ae0,0x2ae5,0x2aea,0x2aef,
	0x39e0,0x39e5,0x39ea,0x39ef,0x58e0,0x58e5,0x58ea,0x58ef,
	0x0300,0x0305,0x030a,0x030f,0x1200,0x1205,0x120a,0x120f,
	0x2100,0x2105,0x210a,0x210f,0x4000,0x4005,0x400a,0x400f,
	0x5000,0x5005,0x500a,0x500f,0x7f00,0x7f05,0x7f0a,0x7f0f,
	0x8e00,0x8e05,0x8e0a,0x8e0f,0x9e00,0x9e05,0x9e0a,0x9e0f,
	0xbd00,0xbd05,0xbd0a,0xbd0f,0xcc00,0xcc05,0xcc0a,0xcc0f,
	0xeb00,0xeb05,0xeb0a,0xeb0f,0xfb00,0xfb05,0xfb0a,0xfb0f,
	0x0a00,0x0a05,0x0a0a,0x0a0f,0x2900,0x2905,0x290a,0x290f,
	0x3900,0x3905,0x390a,0x390f,0x5800,0x5805,0x580a,0x580f,
	0x0220,0x0225,0x022a,0x022f,0x1120,0x1125,0x112a,0x112f,
	0x2120,0x2125,0x212a,0x212f,0x4020,0x4025,0x402a,0x402f,
	0x5f20,0x5f25,0x5f2a,0x5f2f,0x7f20,0x7f25,0x7f2a,0x7f2f,
	0x8e20,0x8e25,0x8e2a,0x8e2f,0x9d20,0x9d25,0x9d2a,0x9d2f,
	0xbc20,0xbc25,0xbc2a,0xbc2f,0xcc20,0xcc25,0xcc2a,0xcc2f,
	0xeb20,0xeb25,0xeb2a,0xeb2f,0xfa20,0xfa25,0xfa2a,0xfa2f,
	0x0a20,0x0a25,0x0a2a,0x0a2f,0x2920,0x2925,0x292a,0x292f,
	0x3820,0x3825,0x382a,0x382f,0x5720,0x5725,0x572a,0x572f,
	0x0240,0x0245,0x024a,0x024f,0x1140,0x1145,0x114a,0x114f,
	0x2040,0x2045,0x204a,0x204f,0x4040,0x4045,0x404a,0x404f,
	0x5f40,0x5f45,0x5f4a,0x5f4f,0x7e40,0x7e45,0x7e4a,0x7e4f,
	0x8e40,0x8e45,0x8e4a,0x8e4f,0x9d40,0x9d45,0x9d4a,0x9d4f,
	0xbc40,0xbc45,0xbc4a,0xbc4f,0xcb40,0xcb45,0xcb4a,0xcb4f,
	0xeb40,0xeb45,0xeb4a,0xeb4f,0xfa40,0xfa45,0xfa4a,0xfa4f,
	0x0940,0x0945,0x094a,0x094f,0x2940,0x2945,0x294a,0x294f,
	0x3840,0x3845,0x384a,0x384f,0x5740,0x5745,0x574a,0x574f,
	0x0150,0x0155,0x015a,0x015f,0x1150,0x1155,0x115a,0x115f,
	0x2050,0x2055,0x205a,0x205f,0x4f50,0x4f55,0x4f5a,0x4f5f,
	0x5f50,0x5f55,0x5f5a,0x5f5f,0x7e50,0x7e55,0x7e5a,0x7e5f,
	0x8d50,0x8d55,0x8d5a,0x8d5f,0x9c50,0x9c55,0x9c5a,0x9c5f,
	0xbc50,0xbc55,0xbc5a,0xbc5f,0xcb50,0xcb55,0xcb5a,0xcb5f,
	0xea50,0xea55,0xea5a,0xea5f,0xfa50,0xfa55,0xfa5a,0xfa5f,
	0x0950,0x0955,0x095a,0x095f,0x2850,0x2855,0x285a,0x285f,
	0x3750,0x3755,0x375a,0x375f,0x5750,0x5755,0x575a,0x575f,
	0x0170,0x0175,0x017a,0x017f,0x1070,0x1075,0x107a,0x107f,
	0x2070,0x2075,0x207a,0x207f,0x4f70,0x4f75,0x4f7a,0x4f7f,
	0x5e70,0x5e75,0x5e7a,0x5e7f,0x7e70,0x7e75,0x7e7a,0x7e7f,
	0x8d70,0x8d75,0x8d7a,0x8d7f,0x9c70,0x9c75,0x9c7a,0x9c7f,
	0xbb70,0xbb75,0xbb7a,0xbb7f,0xcb70,0xcb75,0xcb7a,0xcb7f,
	0xea70,0xea75,0xea7a,0xea7f,0xf970,0xf975,0xf97a,0xf97f,
	0x0970,0x0975,0x097a,0x097f,0x2870,0x2875,0x287a,0x287f,
	0x3770,0x3775,0x377a,0x377f,0x5670,0x5675,0x567a,0x567f,
	0x0190,0x0195,0x019a,0x019f,0x1090,0x1095,0x109a,0x109f,
	0x2f90,0x2f95,0x2f9a,0x2f9f,0x4f90,0x4f95,0x4f9a,0x4f9f,
	0x5e90,0x5e95,0x5e9a,0x5e9f,0x7d90,0x7d95,0x7d9a,0x7d9f,
	0x8d90,0x8d95,0x8d9a,0x8d9f,0x9c90,0x9c95,0x9c9a,0x9c9f,
	0xbb90,0xbb95,0xbb9a,0xbb9f,0xca90,0xca95,0xca9a,0xca9f,
	0xea90,0xea95,0xea9a,0xea9f,0xf990,0xf995,0xf99a,0xf99f,
	0x0890,0x0895,0x089a,0x089f,0x2890,0x2895,0x289a,0x289f,
	0x3790,0x3795,0x379a,0x379f,0x5690,0x5695,0x569a,0x569f,
	0x00b0,0x00b5,0x00ba,0x00bf,0x10b0,0x10b5,0x10ba,0x10bf,
	0x2fb0,0x2fb5,0x2fba,0x2fbf,0x4eb0,0x4eb5,0x4eba,0x4ebf,
	0x5eb0,0x5eb5,0x5eba,0x5ebf,0x7db0,0x7db5,0x7dba,0x7dbf,
	0x8cb0,0x8cb5,0x8cba,0x8cbf,0x9bb0,0x9bb5,0x9bba,0x9bbf,
	0xbbb0,0xbbb5,0xbbba,0xbbbf,0xcab0,0xcab5,0xcaba,0xcabf,
	0xe9b0,0xe9b5,0xe9ba,0xe9bf,0xf9b0,0xf9b5,0xf9ba,0xf9bf,
	0x08b0,0x08b5,0x08ba,0x08bf,0x27b0,0x27b5,0x27ba,0x27bf,
	0x36b0,0x36b5,0x36ba,0x36bf,0x56b0,0x56b5,0x56ba,0x56bf,
	0x00d0,0x00d5,0x00da,0x00df,0x1fd0,0x1fd5,0x1fda,0x1fdf,
	0x2fd0,0x2fd5,0x2fda,0x2fdf,0x4ed0,0x4ed5,0x4eda,0x4edf,
	0x5dd0,0x5dd5,0x5dda,0x5ddf,0x7dd0,0x7dd5,0x7dda,0x7ddf,
	0x8cd0,0x8cd5,0x8cda,0x8cdf,0x9bd0,0x9bd5,0x9bda,0x9bdf,
	0xbad0,0xbad5,0xbada,0xbadf,0xcad0,0xcad5,0xcada,0xcadf,
	0xe9d0,0xe9d5,0xe9da,0xe9df,0xf8d0,0xf8d5,0xf8da,0xf8df,
	0x08d0,0x08d5,0x08da,0x08df,0x27d0,0x27d5,0x27da,0x27df,
	0x36d0,0x36d5,0x36da,0x36df,0x55d0,0x55d5,0x55da,0x55df,
	0x00e0,0x00e5,0x00ea,0x00ef,0x1fe0,0x1fe5,0x1fea,0x1fef,
	0x2ee0,0x2ee5,0x2eea,0x2eef,0x4ee0,0x4ee5,0x4eea,0x4eef,
	0x5de0,0x5de5,0x5dea,0x5def,0x7ce0,0x7ce5,0x7cea,0x7cef,
	0x8be0,0x8be5,0x8bea,0x8bef,0x9be0,0x9be5,0x9bea,0x9bef,
	0xbae0,0xbae5,0xbaea,0xbaef,0xc9e0,0xc9e5,0xc9ea,0xc9ef,
	0xe9e0,0xe9e5,0xe9ea,0xe9ef,0xf8e0,0xf8e5,0xf8ea,0xf8ef,
	0x07e0,0x07e5,0x07ea,0x07ef,0x26e0,0x26e5,0x26ea,0x26ef,
	0x36e0,0x36e5,0x36ea,0x36ef,0x55e0,0x55e5,0x55ea,0x55ef,
	0x0f00,0x0f05,0x0f0a,0x0f0f,0x1f00,0x1f05,0x1f0a,0x1f0f,
	0x2e00,0x2e05,0x2e0a,0x2e0f,0x4d00,0x4d05,0x4d0a,0x4d0f,
	0x5d00,0x5d05,0x5d0a,0x5d0f,0x7c00,0x7c05,0x7c0a,0x7c0f,
	0x8b00,0x8b05,0x8b0a,0x8b0f,0x9a00,0x9a05,0x9a0a,0x9a0f,
	0xba00,0xba05,0xba0a,0xba0f,0xc900,0xc905,0xc90a,0xc90f,
	0xe800,0xe805,0xe80a,0xe80f,0xf800,0xf805,0xf80a,0xf80f,
	0x0700,0x0705,0x070a,0x070f,0x2600,0x2605,0x260a,0x260f,
	0x3500,0x3505,0x350a,0x350f,0x5500,0x5505,0x550a,0x550f,
	0x0f20,0x0f25,0x0f2a,0x0f2f,0x1e20,0x1e25,0x1e2a,0x1e2f,
	0x2e20,0x2e25,0x2e2a,0x2e2f,0x4d20,0x4d25,0x4d2a,0x4d2f,
	0x5c20,0x5c25,0x5c2a,0x5c2f,0x7c20,0x7c25,0x7c2a,0x7c2f,
	0x8b20,0x8b25,0x8b2a,0x8b2f,0x9a20,0x9a25,0x9a2a,0x9a2f,
	0xb920,0xb925,0xb92a,0xb92f,0xc920,0xc925,0xc92a,0xc92f,
	0xe820,0xe825,0xe82a,0xe82f,0xf720,0xf725,0xf72a,0xf72f,
	0x0720,0x0725,0x072a,0x072f,0x2620,0x2625,0x262a,0x262f,
	0x3520,0x3525,0x352a,0x352f,0x5420,0x5425,0x542a,0x542f,
	0x0f40,0x0f45,0x0f4a,0x0f4f,0x1e40,0x1e45,0x1e4a,0x1e4f,
	0x2d40,0x2d45,0x2d4a,0x2d4f,0x4d40,0x4d45,0x4d4a,0x4d4f,
	0x5c40,0x5c45,0x5c4a,0x5c4f,0x7b40,0x7b45,0x7b4a,0x7b4f,
	0x8a40,0x8a45,0x8a4a,0x8a4f,0x9a40,0x9a45,0x9a4a,0x9a4f,
	0xb940,0xb945,0xb94a,0xb94f,0xc840,0xc845,0xc84a,0xc84f,
	0xe840,0xe845,0xe84a,0xe84f,0xf740,0xf745,0xf74a,0xf74f,
	0x0640,0x0645,0x064a,0x064f,0x2540,0x2545,0x254a,0x254f,
	0x3540,0x3545,0x354a,0x354f,0x5440,0x5445,0x544a,0x544f,
	0x0e50,0x0e55,0x0e5a,0x0e5f,0x1e50,0x1e55,0x1e5a,0x1e5f,
	0x2d50,0x2d55,0x2d5a,0x2d5f,0x4c50,0x4c55,0x4c5a,0x4c5f,
	0x5c50,0x5c55,0x5c5a,0x5c5f,0x7b50,0x7b55,0x7b5a,0x7b5f,
	0x8a50,0x8a55,0x8a5a,0x8a5f,0x9950,0x9955,0x995a,0x995f,
	0xb950,0xb955,0xb95a,0xb95f,0xc850,0xc855,0xc85a,0xc85f,
	0xe750,0xe755,0xe75a,0xe75f,0xf750,0xf755,0xf75a,0xf75f,
	0x0650,0x0655,0x065a,0x065f,0x2550,0x2555,0x255a,0x255f,
	0x3450,0x3455,0x345a,0x345f,0x5450,0x5455,0x545a,0x545f,
	0x0e70,0x0e75,0x0e7a,0x0e7f,0x1d70,0x1d75,0x1d7a,0x1d7f,
	0x2d70,0x2d75,0x2d7a,0x2d7f,0x4c70,0x4c75,0x4c7a,0x4c7f,
	0x5b70,0x5b75,0x5b7a,0x5b7f,0x7a70,0x7a75,0x7a7a,0x7a7f,
	0x8a70,0x8a75,0x8a7a,0x8a7f,0x9970,0x9975,0x997a,0x997f,
	0xb870,0xb875,0xb87a,0xb87f,0xc870,0xc875,0xc87a,0xc87f,
	0xe770,0xe775,0xe77a,0xe77f,0xf670,0xf675,0xf67a,0xf67f,
	0x0570,0x0575,0x057a,0x057f,0x2570,0x2575,0x257a,0x257f,
	0x3470,0x3475,0x347a,0x347f,0x5370,0x5375,0x537a,0x537f,
	0x04d0,0x04d5,0x04da,0x04df,0x13d0,0x13d5,0x13da,0x13df,
	0x32d0,0x32d5,0x32da,0x32df,0x42d0,0x42d5,0x42da,0x42df,
	0x61d0,0x61d5,0x61da,0x61df,0x70d0,0x70d5,0x70da,0x70df,
	0x8fd0,0x8fd5,0x8fda,0x8fdf,0xafd0,0xafd5,0xafda,0xafdf,
	0xbed0,0xbed5,0xbeda,0xbedf,0xddd0,0xddd5,0xddda,0xdddf,
	0xedd0,0xedd5,0xedda,0xeddf,0xfcd0,0xfcd5,0xfcda,0xfcdf,
	0x1bd0,0x1bd5,0x1bda,0x1bdf,0x2ad0,0x2ad5,0x2ada,0x2adf,
	0x4ad0,0x4ad5,0x4ada,0x4adf,0x59d0,0x59d5,0x59da,0x59df,
	0x03f0,0x03f5,0x03fa,0x03ff,0x13f0,0x13f5,0x13fa,0x13ff,
	0x32f0,0x32f5,0x32fa,0x32ff,0x41f0,0x41f5,0x41fa,0x41ff,
	0x61f0,0x61f5,0x61fa,0x61ff,0x70f0,0x70f5,0x70fa,0x70ff,
	0x8ff0,0x8ff5,0x8ffa,0x8fff,0xaef0,0xaef5,0xaefa,0xaeff,
	0xbef0,0xbef5,0xbefa,0xbeff,0xddf0,0xddf5,0xddfa,0xddff,
	0xecf0,0xecf5,0xecfa,0xecff,0xfcf0,0xfcf5,0xfcfa,0xfcff,
	0x1bf0,0x1bf5,0x1bfa,0x1bff,0x2af0,0x2af5,0x2afa,0x2aff,
	0x49f0,0x49f5,0x49fa,0x49ff,0x59f0,0x59f5,0x59fa,0x59ff,
	0x0310,0x0315,0x031a,0x031f,0x1210,0x1215,0x121a,0x121f,
	0x3210,0x3215,0x321a,0x321f,0x4110,0x4115,0x411a,0x411f,
	0x6010,0x6015,0x601a,0x601f,0x7f10,0x7f15,0x7f1a,0x7f1f,
	0x8f10,0x8f15,0x8f1a,0x8f1f,0xae10,0xae15,0xae1a,0xae1f,
	0xbd10,0xbd15,0xbd1a,0xbd1f,0xdd10,0xdd15,0xdd1a,0xdd1f,
	0xec10,0xec15,0xec1a,0xec1f,0xfb10,0xfb15,0xfb1a,0xfb1f,
	0x1a10,0x1a15,0x1a1a,0x1a1f,0x2a10,0x2a15,0x2a1a,0x2a1f,
	0x4910,0x4915,0x491a,0x491f,0x5810,0x5815,0x581a,0x581f,
	0x0320,0x0325,0x032a,0x032f,0x1220,0x1225,0x122a,0x122f,
	0x3120,0x3125,0x312a,0x312f,0x4120,0x4125,0x412a,0x412f,
	0x6020,0x6025,0x602a,0x602f,0x7f20,0x7f25,0x7f2a,0x7f2f,
	0x8e20,0x8e25,0x8e2a,0x8e2f,0xae20,0xae25,0xae2a,0xae2f,
	0xbd20,0xbd25,0xbd2a,0xbd2f,0xdc20,0xdc25,0xdc2a,0xdc2f,
	0xec20,0xec25,0xec2a,0xec2f,0xfb20,0xfb25,0xfb2a,0xfb2f,
	0x1a20,0x1a25,0x1a2a,0x1a2f,0x2920,0x2925,0x292a,0x292f,
	0x4920,0x4925,0x492a,0x492f,0x5820,0x5825,0x582a,0x582f,
	0x0240,0x0245,0x024a,0x024f,0x1240,0x1245,0x124a,0x124f,
	0x3140,0x3145,0x314a,0x314f,0x4040,0x4045,0x404a,0x404f,
	0x6f40,0x6f45,0x6f4a,0x6f4f,0x7f40,0x7f45,0x7f4a,0x7f4f,
	0x8e40,0x8e45,0x8e4a,0x8e4f,0xad40,0xad45,0xad4a,0xad4f,
	0xbd40,0xbd45,0xbd4a,0xbd4f,0xdc40,0xdc45,0xdc4a,0xdc4f,
	0xeb40,0xeb45,0xeb4a,0xeb4f,0xfa40,0xfa45,0xfa4a,0xfa4f,
	0x1a40,0x1a45,0x1a4a,0x1a4f,0x2940,0x2945,0x294a,0x294f,
	0x4840,0x4845,0x484a,0x484f,0x5840,0x5845,0x584a,0x584f,
	0x0260,0x0265,0x026a,0x026f,0x1160,0x1165,0x116a,0x116f,
	0x3160,0x3165,0x316a,0x316f,0x4060,0x4065,0x406a,0x406f,
	0x6f60,0x6f65,0x6f6a,0x6f6f,0x7e60,0x7e65,0x7e6a,0x7e6f,
	0x8e60,0x8e65,0x8e6a,0x8e6f,0xad60,0xad65,0xad6a,0xad6f,
	0xbc60,0xbc65,0xbc6a,0xbc6f,0xdc60,0xdc65,0xdc6a,0xdc6f,
	0xeb60,0xeb65,0xeb6a,0xeb6f,0xfa60,0xfa65,0xfa6a,0xfa6f,
	0x1960,0x1965,0x196a,0x196f,0x2960,0x2965,0x296a,0x296f,
	0x4860,0x4865,0x486a,0x486f,0x5760,0x5765,0x576a,0x576f,
	0x0280,0x0285,0x028a,0x028f,0x1180,0x1185,0x118a,0x118f,
	0x3080,0x3085,0x308a,0x308f,0x4080,0x4085,0x408a,0x408f,
	0x6f80,0x6f85,0x6f8a,0x6f8f,0x7e80,0x7e85,0x7e8a,0x7e8f,
	0x8d80,0x8d85,0x8d8a,0x8d8f,0xad80,0xad85,0xad8a,0xad8f,
	0xbc80,0xbc85,0xbc8a,0xbc8f,0xdb80,0xdb85,0xdb8a,0xdb8f,
	0xeb80,0xeb85,0xeb8a,0xeb8f,0xfa80,0xfa85,0xfa8a,0xfa8f,
	0x1980,0x1985,0x198a,0x198f,0x2880,0x2885,0x288a,0x288f,
	0x4880,0x4885,0x488a,0x488f,0x5780,0x5785,0x578a,0x578f,
	0x0190,0x0195,0x019a,0x019f,0x1190,0x1195,0x119a,0x119f,
	0x3090,0x3095,0x309a,0x309f,0x4f90,0x4f95,0x4f9a,0x4f9f,
	0x6e90,0x6e95,0x6e9a,0x6e9f,0x7e90,0x7e95,0x7e9a,0x7e9f,
	0x8d90,0x8d95,0x8d9a,0x8d9f,0xac90,0xac95,0xac9a,0xac9f,
	0xbc90,0xbc95,0xbc9a,0xbc9f,0xdb90,0xdb95,0xdb9a,0xdb9f,
	0xea90,0xea95,0xea9a,0xea9f,0xf990,0xf995,0xf99a,0xf99f,
	0x1990,0x1995,0x199a,0x199f,0x2890,0x2895,0x289a,0x289f,
	0x4790,0x4795,0x479a,0x479f,0x5790,0x5795,0x579a,0x579f,
	0x01b0,0x01b5,0x01ba,0x01bf,0x10b0,0x10b5,0x10ba,0x10bf,
	0x30b0,0x30b5,0x30ba,0x30bf,0x4fb0,0x4fb5,0x4fba,0x4fbf,
	0x6eb0,0x6eb5,0x6eba,0x6ebf,0x7db0,0x7db5,0x7dba,0x7dbf,
	0x8db0,0x8db5,0x8dba,0x8dbf,0xacb0,0xacb5,0xacba,0xacbf,
	0xbbb0,0xbbb5,0xbbba,0xbbbf,0xdbb0,0xdbb5,0xdbba,0xdbbf,
	0xeab0,0xeab5,0xeaba,0xeabf,0xf9b0,0xf9b5,0xf9ba,0xf9bf,
	0x18b0,0x18b5,0x18ba,0x18bf,0x28b0,0x28b5,0x28ba,0x28bf,
	0x47b0,0x47b5,0x47ba,0x47bf,0x56b0,0x56b5,0x56ba,0x56bf,
	0x01d0,0x01d5,0x01da,0x01df,0x10d0,0x10d5,0x10da,0x10df,
	0x3fd0,0x3fd5,0x3fda,0x3fdf,0x4ed0,0x4ed5,0x4eda,0x4edf,
	0x6ed0,0x6ed5,0x6eda,0x6edf,0x7dd0,0x7dd5,0x7dda,0x7ddf,
	0x8cd0,0x8cd5,0x8cda,0x8cdf,0xacd0,0xacd5,0xacda,0xacdf,
	0xbbd0,0xbbd5,0xbbda,0xbbdf,0xdad0,0xdad5,0xdada,0xdadf,
	0xe9d0,0xe9d5,0xe9da,0xe9df,0xf9d0,0xf9d5,0xf9da,0xf9df,
	0x18d0,0x18d5,0x18da,0x18df,0x27d0,0x27d5,0x27da,0x27df,
	0x47d0,0x47d5,0x47da,0x47df,0x56d0,0x56d5,0x56da,0x56df,
	0x00f0,0x00f5,0x00fa,0x00ff,0x10f0,0x10f5,0x10fa,0x10ff,
	0x3ff0,0x3ff5,0x3ffa,0x3fff,0x4ef0,0x4ef5,0x4efa,0x4eff,
	0x6df0,0x6df5,0x6dfa,0x6dff,0x7df0,0x7df5,0x7dfa,0x7dff,
	0x8cf0,0x8cf5,0x8cfa,0x8cff,0xabf0,0xabf5,0xabfa,0xabff,
	0xbbf0,0xbbf5,0xbbfa,0xbbff,0xdaf0,0xdaf5,0xdafa,0xdaff,
	0xe9f0,0xe9f5,0xe9fa,0xe9ff,0xf8f0,0xf8f5,0xf8fa,0xf8ff,
	0x18f0,0x18f5,0x18fa,0x18ff,0x27f0,0x27f5,0x27fa,0x27ff,
	0x46f0,0x46f5,0x46fa,0x46ff,0x56f0,0x56f5,0x56fa,0x56ff,
	0x0010,0x0015,0x001a,0x001f,0x1f10,0x1f15,0x1f1a,0x1f1f,
	0x3f10,0x3f15,0x3f1a,0x3f1f,0x4e10,0x4e15,0x4e1a,0x4e1f,
	0x6d10,0x6d15,0x6d1a,0x6d1f,0x7c10,0x7c15,0x7c1a,0x7c1f,
	0x8c10,0x8c15,0x8c1a,0x8c1f,0xab10,0xab15,0xab1a,0xab1f,
	0xba10,0xba15,0xba1a,0xba1f,0xda10,0xda15,0xda1a,0xda1f,
	0xe910,0xe915,0xe91a,0xe91f,0xf810,0xf815,0xf81a,0xf81f,
	0x1710,0x1715,0x171a,0x171f,0x2710,0x2715,0x271a,0x271f,
	0x4610,0x4615,0x461a,0x461f,0x5510,0x5515,0x551a,0x551f,
	0x0020,0x0025,0x002a,0x002f,0x1f20,0x1f25,0x1f2a,0x1f2f,
	0x3e20,0x3e25,0x3e2a,0x3e2f,0x4d20,0x4d25,0x4d2a,0x4d2f,
	0x6d20,0x6d25,0x6d2a,0x6d2f,0x7c20,0x7c25,0x7c2a,0x7c2f,
	0x8b20,0x8b25,0x8b2a,0x8b2f,0xab20,0xab25,0xab2a,0xab2f,
	0xba20,0xba25,0xba2a,0xba2f,0xd920,0xd925,0xd92a,0xd92f,
	0xe820,0xe825,0xe82a,0xe82f,0xf820,0xf825,0xf82a,0xf82f,
	0x1720,0x1725,0x172a,0x172f,0x2620,0x2625,0x262a,0x262f,
	0x4620,0x4625,0x462a,0x462f,0x5520,0x5525,0x552a,0x552f,
	0x0f40,0x0f45,0x0f4a,0x0f4f,0x1f40,0x1f45,0x1f4a,0x1f4f,
	0x3e40,0x3e45,0x3e4a,0x3e4f,0x4d40,0x4d45,0x4d4a,0x4d4f,
	0x6c40,0x6c45,0x6c4a,0x6c4f,0x7c40,0x7c45,0x7c4a,0x7c4f,
	0x8b40,0x8b45,0x8b4a,0x8b4f,0xaa40,0xaa45,0xaa4a,0xaa4f,
	0xba40,0xba45,0xba4a,0xba4f,0xd940,0xd945,0xd94a,0xd94f,
	0xe840,0xe845,0xe84a,0xe84f,0xf740,0xf745,0xf74a,0xf74f,
	0x1740,0x1745,0x174a,0x174f,0x2640,0x2645,0x264a,0x264f,
	0x4540,0x4545,0x454a,0x454f,0x5540,0x5545,0x554a,0x554f,
	0x0f60,0x0f65,0x0f6a,0x0f6f,0x1e60,0x1e65,0x1e6a,0x1e6f,
	0x3d60,0x3d65,0x3d6a,0x3d6f,0x4d60,0x4d65,0x4d6a,0x4d6f,
	0x6c60,0x6c65,0x6c6a,0x6c6f,0x7b60,0x7b65,0x7b6a,0x7b6f,
	0x8b60,0x8b65,0x8b6a,0x8b6f,0xaa60,0xaa65,0xaa6a,0xaa6f,
	0xb960,0xb965,0xb96a,0xb96f,0xd860,0xd865,0xd86a,0xd86f,
	0xe860,0xe865,0xe86a,0xe86f,0xf760,0xf765,0xf76a,0xf76f,
	0x1660,0x1665,0x166a,0x166f,0x2660,0x2665,0x266a,0x266f,
	0x4560,0x4565,0x456a,0x456f,0x5460,0x5465,0x546a,0x546f,
	0x0f80,0x0f85,0x0f8a,0x0f8f,0x1e80,0x1e85,0x1e8a,0x1e8f,
	0x3d80,0x3d85,0x3d8a,0x3d8f,0x4c80,0x4c85,0x4c8a,0x4c8f,
	0x6c80,0x6c85,0x6c8a,0x6c8f,0x7b80,0x7b85,0x7b8a,0x7b8f,
	0x8a80,0x8a85,0x8a8a,0x8a8f,0xaa80,0xaa85,0xaa8a,0xaa8f,
	0xb980,0xb985,0xb98a,0xb98f,0xd880,0xd885,0xd88a,0xd88f,
	0xe780,0xe785,0xe78a,0xe78f,0xf780,0xf785,0xf78a,0xf78f,
	0x1680,0x1685,0x168a,0x168f,0x2580,0x2585,0x258a,0x258f,
	0x4580,0x4585,0x458a,0x458f,0x5480,0x5485,0x548a,0x548f,
	0x14e0,0x14e5,0x14ea,0x14ef,0x24e0,0x24e5,0x24ea,0x24ef,
	0x33e0,0x33e5,0x33ea,0x33ef,0x52e0,0x52e5,0x52ea,0x52ef,
	0x61e0,0x61e5,0x61ea,0x61ef,0x81e0,0x81e5,0x81ea,0x81ef,
	0x90e0,0x90e5,0x90ea,0x90ef,0xafe0,0xafe5,0xafea,0xafef,
	0xcfe0,0xcfe5,0xcfea,0xcfef,0xdee0,0xdee5,0xdeea,0xdeef,
	0xfde0,0xfde5,0xfdea,0xfdef,0x0ce0,0x0ce5,0x0cea,0x0cef,
	0x1ce0,0x1ce5,0x1cea,0x1cef,0x3be0,0x3be5,0x3bea,0x3bef,
	0x4ae0,0x4ae5,0x4aea,0x4aef,0x6ae0,0x6ae5,0x6aea,0x6aef,
	0x14f0,0x14f5,0x14fa,0x14ff,0x23f0,0x23f5,0x23fa,0x23ff,
	0x32f0,0x32f5,0x32fa,0x32ff,0x52f0,0x52f5,0x52fa,0x52ff,
	0x61f0,0x61f5,0x61fa,0x61ff,0x80f0,0x80f5,0x80fa,0x80ff,
	0x90f0,0x90f5,0x90fa,0x90ff,0xaff0,0xaff5,0xaffa,0xafff,
	0xcef0,0xcef5,0xcefa,0xceff,0xddf0,0xddf5,0xddfa,0xddff,
	0xfdf0,0xfdf5,0xfdfa,0xfdff,0x0cf0,0x0cf5,0x0cfa,0x0cff,
	0x1bf0,0x1bf5,0x1bfa,0x1bff,0x3bf0,0x3bf5,0x3bfa,0x3bff,
	0x4af0,0x4af5,0x4afa,0x4aff,0x69f0,0x69f5,0x69fa,0x69ff,
	0x1410,0x1415,0x141a,0x141f,0x2310,0x2315,0x231a,0x231f,
	0x3210,0x3215,0x321a,0x321f,0x5110,0x5115,0x511a,0x511f,
	0x6110,0x6115,0x611a,0x611f,0x8010,0x8015,0x801a,0x801f,
	0x9f10,0x9f15,0x9f1a,0x9f1f,0xaf10,0xaf15,0xaf1a,0xaf1f,
	0xce10,0xce15,0xce1a,0xce1f,0xdd10,0xdd15,0xdd1a,0xdd1f,
	0xfc10,0xfc15,0xfc1a,0xfc1f,0x0c10,0x0c15,0x0c1a,0x0c1f,
	0x1b10,0x1b15,0x1b1a,0x1b1f,0x3a10,0x3a15,0x3a1a,0x3a1f,
	0x4a10,0x4a15,0x4a1a,0x4a1f,0x6910,0x6915,0x691a,0x691f,
	0x1330,0x1335,0x133a,0x133f,0x2230,0x2235,0x223a,0x223f,
	0x3230,0x3235,0x323a,0x323f,0x5130,0x5135,0x513a,0x513f,
	0x6030,0x6035,0x603a,0x603f,0x8030,0x8035,0x803a,0x803f,
	0x9f30,0x9f35,0x9f3a,0x9f3f,0xae30,0xae35,0xae3a,0xae3f,
	0xcd30,0xcd35,0xcd3a,0xcd3f,0xdd30,0xdd35,0xdd3a,0xdd3f,
	0xfc30,0xfc35,0xfc3a,0xfc3f,0x0b30,0x0b35,0x0b3a,0x0b3f,
	0x1b30,0x1b35,0x1b3a,0x1b3f,0x3a30,0x3a35,0x3a3a,0x3a3f,
	0x4930,0x4935,0x493a,0x493f,0x6830,0x6835,0x683a,0x683f,
	0x1350,0x1355,0x135a,0x135f,0x2250,0x2255,0x225a,0x225f,
	0x3150,0x3155,0x315a,0x315f,0x5150,0x5155,0x515a,0x515f,
	0x6050,0x6055,0x605a,0x605f,0x8f50,0x8f55,0x8f5a,0x8f5f,
	0x9f50,0x9f55,0x9f5a,0x9f5f,0xae50,0xae55,0xae5a,0xae5f,
	0xcd50,0xcd55,0xcd5a,0xcd5f,0xdc50,0xdc55,0xdc5a,0xdc5f,
	0xfc50,0xfc55,0xfc5a,0xfc5f,0x0b50,0x0b55,0x0b5a,0x0b5f,
	0x1a50,0x1a55,0x1a5a,0x1a5f,0x3a50,0x3a55,0x3a5a,0x3a5f,
	0x4950,0x4955,0x495a,0x495f,0x6850,0x6855,0x685a,0x685f,
	0x1260,0x1265,0x126a,0x126f,0x2260,0x2265,0x226a,0x226f,
	0x3160,0x3165,0x316a,0x316f,0x5060,0x5065,0x506a,0x506f,
	0x6060,0x6065,0x606a,0x606f,0x8f60,0x8f65,0x8f6a,0x8f6f,
	0x9e60,0x9e65,0x9e6a,0x9e6f,0xad60,0xad65,0xad6a,0xad6f,
	0xcd60,0xcd65,0xcd6a,0xcd6f,0xdc60,0xdc65,0xdc6a,0xdc6f,
	0xfb60,0xfb65,0xfb6a,0xfb6f,0x0b60,0x0b65,0x0b6a,0x0b6f,
	0x1a60,0x1a65,0x1a6a,0x1a6f,0x3960,0x3965,0x396a,0x396f,
	0x4860,0x4865,0x486a,0x486f,0x6860,0x6865,0x686a,0x686f,
	0x1280,0x1285,0x128a,0x128f,0x2180,0x2185,0x218a,0x218f,
	0x3180,0x3185,0x318a,0x318f,0x5080,0x5085,0x508a,0x508f,
	0x6f80,0x6f85,0x6f8a,0x6f8f,0x8f80,0x8f85,0x8f8a,0x8f8f,
	0x9e80,0x9e85,0x9e8a,0x9e8f,0xad80,0xad85,0xad8a,0xad8f,
	0xcc80,0xcc85,0xcc8a,0xcc8f,0xdc80,0xdc85,0xdc8a,0xdc8f,
	0xfb80,0xfb85,0xfb8a,0xfb8f,0x0a80,0x0a85,0x0a8a,0x0a8f,
	0x1a80,0x1a85,0x1a8a,0x1a8f,0x3980,0x3985,0x398a,0x398f,
	0x4880,0x4885,0x488a,0x488f,0x6780,0x6785,0x678a,0x678f,
	0x12a0,0x12a5,0x12aa,0x12af,0x21a0,0x21a5,0x21aa,0x21af,
	0x30a0,0x30a5,0x30aa,0x30af,0x50a0,0x50a5,0x50aa,0x50af,
	0x6fa0,0x6fa5,0x6faa,0x6faf,0x8ea0,0x8ea5,0x8eaa,0x8eaf,
	0x9ea0,0x9ea5,0x9eaa,0x9eaf,0xada0,0xada5,0xadaa,0xadaf,
	0xcca0,0xcca5,0xccaa,0xccaf,0xdba0,0xdba5,0xdbaa,0xdbaf,
	0xfba0,0xfba5,0xfbaa,0xfbaf,0x0aa0,0x0aa5,0x0aaa,0x0aaf,
	0x19a0,0x19a5,0x19aa,0x19af,0x39a0,0x39a5,0x39aa,0x39af,
	0x48a0,0x48a5,0x48aa,0x48af,0x67a0,0x67a5,0x67aa,0x67af,
	0x11c0,0x11c5,0x11ca,0x11cf,0x21c0,0x21c5,0x21ca,0x21cf,
	0x30c0,0x30c5,0x30ca,0x30cf,0x5fc0,0x5fc5,0x5fca,0x5fcf,
	0x6fc0,0x6fc5,0x6fca,0x6fcf,0x8ec0,0x8ec5,0x8eca,0x8ecf,
	0x9dc0,0x9dc5,0x9dca,0x9dcf,0xacc0,0xacc5,0xacca,0xaccf,
	0xccc0,0xccc5,0xccca,0xcccf,0xdbc0,0xdbc5,0xdbca,0xdbcf,
	0xfac0,0xfac5,0xfaca,0xfacf,0x0ac0,0x0ac5,0x0aca,0x0acf,
	0x19c0,0x19c5,0x19ca,0x19cf,0x38c0,0x38c5,0x38ca,0x38cf,
	0x47c0,0x47c5,0x47ca,0x47cf,0x67c0,0x67c5,0x67ca,0x67cf,
	0x11e0,0x11e5,0x11ea,0x11ef,0x20e0,0x20e5,0x20ea,0x20ef,
	0x30e0,0x30e5,0x30ea,0x30ef,0x5fe0,0x5fe5,0x5fea,0x5fef,
	0x6ee0,0x6ee5,0x6eea,0x6eef,0x8ee0,0x8ee5,0x8eea,0x8eef,
	0x9de0,0x9de5,0x9dea,0x9def,0xace0,0xace5,0xacea,0xacef,
	0xcbe0,0xcbe5,0xcbea,0xcbef,0xdbe0,0xdbe5,0xdbea,0xdbef,
	0xfae0,0xfae5,0xfaea,0xfaef,0x09e0,0x09e5,0x09ea,0x09ef,
	0x19e0,0x19e5,0x19ea,0x19ef,0x38e0,0x38e5,0x38ea,0x38ef,
	0x47e0,0x47e5,0x47ea,0x47ef,0x66e0,0x66e5,0x66ea,0x66ef,
	0x11f0,0x11f5,0x11fa,0x11ff,0x20f0,0x20f5,0x20fa,0x20ff,
	0x3ff0,0x3ff5,0x3ffa,0x3fff,0x5ff0,0x5ff5,0x5ffa,0x5fff,
	0x6ef0,0x6ef5,0x6efa,0x6eff,0x8df0,0x8df5,0x8dfa,0x8dff,
	0x9cf0,0x9cf5,0x9cfa,0x9cff,0xacf0,0xacf5,0xacfa,0xacff,
	0xcbf0,0xcbf5,0xcbfa,0xcbff,0xdaf0,0xdaf5,0xdafa,0xdaff,
	0xfaf0,0xfaf5,0xfafa,0xfaff,0x09f0,0x09f5,0x09fa,0x09ff,
	0x18f0,0x18f5,0x18fa,0x18ff,0x37f0,0x37f5,0x37fa,0x37ff,
	0x47f0,0x47f5,0x47fa,0x47ff,0x66f0,0x66f5,0x66fa,0x66ff,
	0x1010,0x1015,0x101a,0x101f,0x2010,0x2015,0x201a,0x201f,
	0x3f10,0x3f15,0x3f1a,0x3f1f,0x5e10,0x5e15,0x5e1a,0x5e1f,
	0x6e10,0x6e15,0x6e1a,0x6e1f,0x8d10,0x8d15,0x8d1a,0x8d1f,
	0x9c10,0x9c15,0x9c1a,0x9c1f,0xab10,0xab15,0xab1a,0xab1f,
	0xcb10,0xcb15,0xcb1a,0xcb1f,0xda10,0xda15,0xda1a,0xda1f,
	0xf910,0xf915,0xf91a,0xf91f,0x0910,0x0915,0x091a,0x091f,
	0x1810,0x1815,0x181a,0x181f,0x3710,0x3715,0x371a,0x371f,
	0x4610,0x4615,0x461a,0x461f,0x6610,0x6615,0x661a,0x661f,
	0x1030,0x1035,0x103a,0x103f,0x2f30,0x2f35,0x2f3a,0x2f3f,
	0x3f30,0x3f35,0x3f3a,0x3f3f,0x5e30,0x5e35,0x5e3a,0x5e3f,
	0x6d30,0x6d35,0x6d3a,0x6d3f,0x8d30,0x8d35,0x8d3a,0x8d3f,
	0x9c30,0x9c35,0x9c3a,0x9c3f,0xab30,0xab35,0xab3a,0xab3f,
	0xca30,0xca35,0xca3a,0xca3f,0xda30,0xda35,0xda3a,0xda3f,
	0xf930,0xf935,0xf93a,0xf93f,0x0830,0x0835,0x083a,0x083f,
	0x1830,0x1835,0x183a,0x183f,0x3730,0x3735,0x373a,0x373f,
	0x4630,0x4635,0x463a,0x463f,0x6530,0x6535,0x653a,0x653f,
	0x1050,0x1055,0x105a,0x105f,0x2f50,0x2f55,0x2f5a,0x2f5f,
	0x3e50,0x3e55,0x3e5a,0x3e5f,0x5e50,0x5e55,0x5e5a,0x5e5f,
	0x6d50,0x6d55,0x6d5a,0x6d5f,0x8c50,0x8c55,0x8c5a,0x8c5f,
	0x9b50,0x9b55,0x9b5a,0x9b5f,0xab50,0xab55,0xab5a,0xab5f,
	0xca50,0xca55,0xca5a,0xca5f,0xd950,0xd955,0xd95a,0xd95f,
	0xf950,0xf955,0xf95a,0xf95f,0x0850,0x0855,0x085a,0x085f,
	0x1750,0x1755,0x175a,0x175f,0x3650,0x3655,0x365a,0x365f,
	0x4650,0x4655,0x465a,0x465f,0x6550,0x6555,0x655a,0x655f,
	0x1f60,0x1f65,0x1f6a,0x1f6f,0x2f60,0x2f65,0x2f6a,0x2f6f,
	0x3e60,0x3e65,0x3e6a,0x3e6f,0x5d60,0x5d65,0x5d6a,0x5d6f,
	0x6d60,0x6d65,0x6d6a,0x6d6f,0x8c60,0x8c65,0x8c6a,0x8c6f,
	0x9b60,0x9b65,0x9b6a,0x9b6f,0xaa60,0xaa65,0xaa6a,0xaa6f,
	0xca60,0xca65,0xca6a,0xca6f,0xd960,0xd965,0xd96a,0xd96f,
	0xf860,0xf865,0xf86a,0xf86f,0x0860,0x0865,0x086a,0x086f,
	0x1760,0x1765,0x176a,0x176f,0x3660,0x3665,0x366a,0x366f,
	0x4560,0x4565,0x456a,0x456f,0x6560,0x6565,0x656a,0x656f,
	0x1f80,0x1f85,0x1f8a,0x1f8f,0x2e80,0x2e85,0x2e8a,0x2e8f,
	0x3e80,0x3e85,0x3e8a,0x3e8f,0x5d80,0x5d85,0x5d8a,0x5d8f,
	0x6c80,0x6c85,0x6c8a,0x6c8f,0x8b80,0x8b85,0x8b8a,0x8b8f,
	0x9b80,0x9b85,0x9b8a,0x9b8f,0xaa80,0xaa85,0xaa8a,0xaa8f,
	0xc980,0xc985,0xc98a,0xc98f,0xd980,0xd985,0xd98a,0xd98f,
	0xf880,0xf885,0xf88a,0xf88f,0x0780,0x0785,0x078a,0x078f,
	0x1680,0x1685,0x168a,0x168f,0x3680,0x3685,0x368a,0x368f,
	0x4580,0x4585,0x458a,0x458f,0x6480,0x6485,0x648a,0x648f,
	0x15e0,0x15e5,0x15ea,0x15ef,0x24e0,0x24e5,0x24ea,0x24ef,
	0x43e0,0x43e5,0x43ea,0x43ef,0x53e0,0x53e5,0x53ea,0x53ef,
	0x72e0,0x72e5,0x72ea,0x72ef,0x81e0,0x81e5,0x81ea,0x81ef,
	0x90e0,0x90e5,0x90ea,0x90ef,0xb0e0,0xb0e5,0xb0ea,0xb0ef,
	0xcfe0,0xcfe5,0xcfea,0xcfef,0xeee0,0xeee5,0xeeea,0xeeef,
	0xfee0,0xfee5,0xfeea,0xfeef,0x0de0,0x0de5,0x0dea,0x0def,
	0x2ce0,0x2ce5,0x2cea,0x2cef,0x3be0,0x3be5,0x3bea,0x3bef,
	0x5be0,0x5be5,0x5bea,0x5bef,0x6ae0,0x6ae5,0x6aea,0x6aef,
	0x1400,0x1405,0x140a,0x140f,0x2400,0x2405,0x240a,0x240f,
	0x4300,0x4305,0x430a,0x430f,0x5200,0x5205,0x520a,0x520f,
	0x7200,0x7205,0x720a,0x720f,0x8100,0x8105,0x810a,0x810f,
	0x9000,0x9005,0x900a,0x900f,0xbf00,0xbf05,0xbf0a,0xbf0f,
	0xcf00,0xcf05,0xcf0a,0xcf0f,0xee00,0xee05,0xee0a,0xee0f,
	0xfd00,0xfd05,0xfd0a,0xfd0f,0x0d00,0x0d05,0x0d0a,0x0d0f,
	0x2c00,0x2c05,0x2c0a,0x2c0f,0x3b00,0x3b05,0x3b0a,0x3b0f,
	0x5a00,0x5a05,0x5a0a,0x5a0f,0x6a00,0x6a05,0x6a0a,0x6a0f,
	0x1420,0x1425,0x142a,0x142f,0x2320,0x2325,0x232a,0x232f,
	0x4320,0x4325,0x432a,0x432f,0x5220,0x5225,0x522a,0x522f,
	0x7120,0x7125,0x712a,0x712f,0x8020,0x8025,0x802a,0x802f,
	0x9020,0x9025,0x902a,0x902f,0xbf20,0xbf25,0xbf2a,0xbf2f,
	0xce20,0xce25,0xce2a,0xce2f,0xee20,0xee25,0xee2a,0xee2f,
	0xfd20,0xfd25,0xfd2a,0xfd2f,0x0c20,0x0c25,0x0c2a,0x0c2f,
	0x2b20,0x2b25,0x2b2a,0x2b2f,0x3b20,0x3b25,0x3b2a,0x3b2f,
	0x5a20,0x5a25,0x5a2a,0x5a2f,0x6920,0x6925,0x692a,0x692f,
	0x1430,0x1435,0x143a,0x143f,0x2330,0x2335,0x233a,0x233f,
	0x4230,0x4235,0x423a,0x423f,0x5230,0x5235,0x523a,0x523f,
	0x7130,0x7135,0x713a,0x713f,0x8030,0x8035,0x803a,0x803f,
	0x9f30,0x9f35,0x9f3a,0x9f3f,0xbf30,0xbf35,0xbf3a,0xbf3f,
	0xce30,0xce35,0xce3a,0xce3f,0xed30,0xed35,0xed3a,0xed3f,
	0xfd30,0xfd35,0xfd3a,0xfd3f,0x0c30,0x0c35,0x0c3a,0x0c3f,
	0x2b30,0x2b35,0x2b3a,0x2b3f,0x3a30,0x3a35,0x3a3a,0x3a3f,
	0x5a30,0x5a35,0x5a3a,0x5a3f,0x6930,0x6935,0x693a,0x693f,
	0x1350,0x1355,0x135a,0x135f,0x2350,0x2355,0x235a,0x235f,
	0x4250,0x4255,0x425a,0x425f,0x5150,0x5155,0x515a,0x515f,
	0x7050,0x7055,0x705a,0x705f,0x8050,0x8055,0x805a,0x805f,
	0x9f50,0x9f55,0x9f5a,0x9f5f,0xbe50,0xbe55,0xbe5a,0xbe5f,
	0xce50,0xce55,0xce5a,0xce5f,0xed50,0xed55,0xed5a,0xed5f,
	0xfc50,0xfc55,0xfc5a,0xfc5f,0x0b50,0x0b55,0x0b5a,0x0b5f,
	0x2b50,0x2b55,0x2b5a,0x2b5f,0x3a50,0x3a55,0x3a5a,0x3a5f,
	0x5950,0x5955,0x595a,0x595f,0x6950,0x6955,0x695a,0x695f,
	0x1370,0x1375,0x137a,0x137f,0x2270,0x2275,0x227a,0x227f,
	0x4270,0x4275,0x427a,0x427f,0x5170,0x5175,0x517a,0x517f,
	0x7070,0x7075,0x707a,0x707f,0x8f70,0x8f75,0x8f7a,0x8f7f,
	0x9f70,0x9f75,0x9f7a,0x9f7f,0xbe70,0xbe75,0xbe7a,0xbe7f,
	0xcd70,0xcd75,0xcd7a,0xcd7f,0xed70,0xed75,0xed7a,0xed7f,
	0xfc70,0xfc75,0xfc7a,0xfc7f,0x0b70,0x0b75,0x0b7a,0x0b7f,
	0x2a70,0x2a75,0x2a7a,0x2a7f,0x3a70,0x3a75,0x3a7a,0x3a7f,
	0x5970,0x5975,0x597a,0x597f,0x6870,0x6875,0x687a,0x687f,
	0x1390,0x1395,0x139a,0x139f,0x2290,0x2295,0x229a,0x229f,
	0x4190,0x4195,0x419a,0x419f,0x5190,0x5195,0x519a,0x519f,
	0x7090,0x7095,0x709a,0x709f,0x8f90,0x8f95,0x8f9a,0x8f9f,
	0x9e90,0x9e95,0x9e9a,0x9e9f,0xbe90,0xbe95,0xbe9a,0xbe9f,
	0xcd90,0xcd95,0xcd9a,0xcd9f,0xec90,0xec95,0xec9a,0xec9f,
	0xfc90,0xfc95,0xfc9a,0xfc9f,0x0b90,0x0b95,0x0b9a,0x0b9f,
	0x2a90,0x2a95,0x2a9a,0x2a9f,0x3990,0x3995,0x399a,0x399f,
	0x5990,0x5995,0x599a,0x599f,0x6890,0x6895,0x689a,0x689f,
	0x12a0,0x12a5,0x12aa,0x12af,0x22a0,0x22a5,0x22aa,0x22af,
	0x41a0,0x41a5,0x41aa,0x41af,0x50a0,0x50a5,0x50aa,0x50af,
	0x7fa0,0x7fa5,0x7faa,0x7faf,0x8fa0,0x8fa5,0x8faa,0x8faf,
	0x9ea0,0x9ea5,0x9eaa,0x9eaf,0xbda0,0xbda5,0xbdaa,0xbdaf,
	0xcda0,0xcda5,0xcdaa,0xcdaf,0xeca0,0xeca5,0xecaa,0xecaf,
	0xfba0,0xfba5,0xfbaa,0xfbaf,0x0aa0,0x0aa5,0x0aaa,0x0aaf,
	0x2aa0,0x2aa5,0x2aaa,0x2aaf,0x39a0,0x39a5,0x39aa,0x39af,
	0x58a0,0x58a5,0x58aa,0x58af,0x68a0,0x68a5,0x68aa,0x68af,
	0x12c0,0x12c5,0x12ca,0x12cf,0x21c0,0x21c5,0x21ca,0x21cf,
	0x41c0,0x41c5,0x41ca,0x41cf,0x50c0,0x50c5,0x50ca,0x50cf,
	0x7fc0,0x7fc5,0x7fca,0x7fcf,0x8ec0,0x8ec5,0x8eca,0x8ecf,
	0x9ec0,0x9ec5,0x9eca,0x9ecf,0xbdc0,0xbdc5,0xbdca,0xbdcf,
	0xccc0,0xccc5,0xccca,0xcccf,0xecc0,0xecc5,0xecca,0xeccf,
	0xfbc0,0xfbc5,0xfbca,0xfbcf,0x0ac0,0x0ac5,0x0aca,0x0acf,
	0x29c0,0x29c5,0x29ca,0x29cf,0x39c0,0x39c5,0x39ca,0x39cf,
	0x58c0,0x58c5,0x58ca,0x58cf,0x67c0,0x67c5,0x67ca,0x67cf,
	0x12e0,0x12e5,0x12ea,0x12ef,0x21e0,0x21e5,0x21ea,0x21ef,
	0x40e0,0x40e5,0x40ea,0x40ef,0x5fe0,0x5fe5,0x5fea,0x5fef,
	0x7fe0,0x7fe5,0x7fea,0x7fef,0x8ee0,0x8ee5,0x8eea,0x8eef,
	0x9de0,0x9de5,0x9dea,0x9def,0xbde0,0xbde5,0xbdea,0xbdef,
	0xcce0,0xcce5,0xccea,0xccef,0xebe0,0xebe5,0xebea,0xebef,
	0xfae0,0xfae5,0xfaea,0xfaef,0x0ae0,0x0ae5,0x0aea,0x0aef,
	0x29e0,0x29e5,0x29ea,0x29ef,0x38e0,0x38e5,0x38ea,0x38ef,
	0x58e0,0x58e5,0x58ea,0x58ef,0x67e0,0x67e5,0x67ea,0x67ef,
	0x1100,0x1105,0x110a,0x110f,0x2100,0x2105,0x210a,0x210f,
	0x4000,0x4005,0x400a,0x400f,0x5f00,0x5f05,0x5f0a,0x5f0f,
	0x7e00,0x7e05,0x7e0a,0x7e0f,0x8e00,0x8e05,0x8e0a,0x8e0f,
	0x9d00,0x9d05,0x9d0a,0x9d0f,0xbc00,0xbc05,0xbc0a,0xbc0f,
	0xcc00,0xcc05,0xcc0a,0xcc0f,0xeb00,0xeb05,0xeb0a,0xeb0f,
	0xfa00,0xfa05,0xfa0a,0xfa0f,0x0900,0x0905,0x090a,0x090f,
	0x2900,0x2905,0x290a,0x290f,0x3800,0x3805,0x380a,0x380f,
	0x5700,0x5705,0x570a,0x570f,0x6700,0x6705,0x670a,0x670f,
	0x1120,0x1125,0x112a,0x112f,0x2020,0x2025,0x202a,0x202f,
	0x4020,0x4025,0x402a,0x402f,0x5f20,0x5f25,0x5f2a,0x5f2f,
	0x7e20,0x7e25,0x7e2a,0x7e2f,0x8d20,0x8d25,0x8d2a,0x8d2f,
	0x9d20,0x9d25,0x9d2a,0x9d2f,0xbc20,0xbc25,0xbc2a,0xbc2f,
	0xcb20,0xcb25,0xcb2a,0xcb2f,0xeb20,0xeb25,0xeb2a,0xeb2f,
	0xfa20,0xfa25,0xfa2a,0xfa2f,0x0920,0x0925,0x092a,0x092f,
	0x2820,0x2825,0x282a,0x282f,0x3820,0x3825,0x382a,0x382f,
	0x5720,0x5725,0x572a,0x572f,0x6620,0x6625,0x662a,0x662f,
	0x1130,0x1135,0x113a,0x113f,0x2030,0x2035,0x203a,0x203f,
	0x4f30,0x4f35,0x4f3a,0x4f3f,0x5e30,0x5e35,0x5e3a,0x5e3f,
	0x7e30,0x7e35,0x7e3a,0x7e3f,0x8d30,0x8d35,0x8d3a,0x8d3f,
	0x9c30,0x9c35,0x9c3a,0x9c3f,0xbc30,0xbc35,0xbc3a,0xbc3f,
	0xcb30,0xcb35,0xcb3a,0xcb3f,0xea30,0xea35,0xea3a,0xea3f,
	0xf930,0xf935,0xf93a,0xf93f,0x0930,0x0935,0x093a,0x093f,
	0x2830,0x2835,0x283a,0x283f,0x3730,0x3735,0x373a,0x373f,
	0x5730,0x5735,0x573a,0x573f,0x6630,0x6635,0x663a,0x663f,
	0x1050,0x1055,0x105a,0x105f,0x2050,0x2055,0x205a,0x205f,
	0x4f50,0x4f55,0x4f5a,0x4f5f,0x5e50,0x5e55,0x5e5a,0x5e5f,
	0x7d50,0x7d55,0x7d5a,0x7d5f,0x8d50,0x8d55,0x8d5a,0x8d5f,
	0x9c50,0x9c55,0x9c5a,0x9c5f,0xbb50,0xbb55,0xbb5a,0xbb5f,
	0xcb50,0xcb55,0xcb5a,0xcb5f,0xea50,0xea55,0xea5a,0xea5f,
	0xf950,0xf955,0xf95a,0xf95f,0x0850,0x0855,0x085a,0x085f,
	0x2850,0x2855,0x285a,0x285f,0x3750,0x3755,0x375a,0x375f,
	0x5650,0x5655,0x565a,0x565f,0x6650,0x6655,0x665a,0x665f,
	0x1070,0x1075,0x107a,0x107f,0x2f70,0x2f75,0x2f7a,0x2f7f,
	0x4e70,0x4e75,0x4e7a,0x4e7f,0x5e70,0x5e75,0x5e7a,0x5e7f,
	0x7d70,0x7d75,0x7d7a,0x7d7f,0x8c70,0x8c75,0x8c7a,0x8c7f,
	0x9c70,0x9c75,0x9c7a,0x9c7f,0xbb70,0xbb75,0xbb7a,0xbb7f,
	0xca70,0xca75,0xca7a,0xca7f,0xe970,0xe975,0xe97a,0xe97f,
	0xf970,0xf975,0xf97a,0xf97f,0x0870,0x0875,0x087a,0x087f,
	0x2770,0x2775,0x277a,0x277f,0x3770,0x3775,0x377a,0x377f,
	0x5670,0x5675,0x567a,0x567f,0x6570,0x6575,0x657a,0x657f,
	0x1090,0x1095,0x109a,0x109f,0x2f90,0x2f95,0x2f9a,0x2f9f,
	0x4e90,0x4e95,0x4e9a,0x4e9f,0x5d90,0x5d95,0x5d9a,0x5d9f,
	0x7d90,0x7d95,0x7d9a,0x7d9f,0x8c90,0x8c95,0x8c9a,0x8c9f,
	0x9b90,0x9b95,0x9b9a,0x9b9f,0xbb90,0xbb95,0xbb9a,0xbb9f,
	0xca90,0xca95,0xca9a,0xca9f,0xe990,0xe995,0xe99a,0xe99f,
	0xf890,0xf895,0xf89a,0xf89f,0x0890,0x0895,0x089a,0x089f,
	0x2790,0x2795,0x279a,0x279f,0x3690,0x3695,0x369a,0x369f,
	0x5690,0x5695,0x569a,0x569f,0x6590,0x6595,0x659a,0x659f,
	0x25f0,0x25f5,0x25fa,0x25ff,0x35f0,0x35f5,0x35fa,0x35ff,
	0x44f0,0x44f5,0x44fa,0x44ff,0x63f0,0x63f5,0x63fa,0x63ff,
	0x72f0,0x72f5,0x72fa,0x72ff,0x92f0,0x92f5,0x92fa,0x92ff,
	0xa1f0,0xa1f5,0xa1fa,0xa1ff,0xb0f0,0xb0f5,0xb0fa,0xb0ff,
	0xd0f0,0xd0f5,0xd0fa,0xd0ff,0xeff0,0xeff5,0xeffa,0xefff,
	0x0ef0,0x0ef5,0x0efa,0x0eff,0x1df0,0x1df5,0x1dfa,0x1dff,
	0x2df0,0x2df5,0x2dfa,0x2dff,0x4cf0,0x4cf5,0x4cfa,0x4cff,
	0x5bf0,0x5bf5,0x5bfa,0x5bff,0x7bf0,0x7bf5,0x7bfa,0x7bff,
	0x2500,0x2505,0x250a,0x250f,0x3400,0x3405,0x340a,0x340f,
	0x4300,0x4305,0x430a,0x430f,0x6300,0x6305,0x630a,0x630f,
	0x7200,0x7205,0x720a,0x720f,0x9100,0x9105,0x910a,0x910f,
	0xa100,0xa105,0xa10a,0xa10f,0xb000,0xb005,0xb00a,0xb00f,
	0xdf00,0xdf05,0xdf0a,0xdf0f,0xee00,0xee05,0xee0a,0xee0f,
	0x0e00,0x0e05,0x0e0a,0x0e0f,0x1d00,0x1d05,0x1d0a,0x1d0f,
	0x2c00,0x2c05,0x2c0a,0x2c0f,0x4c00,0x4c05,0x4c0a,0x4c0f,
	0x5b00,0x5b05,0x5b0a,0x5b0f,0x7a00,0x7a05,0x7a0a,0x7a0f,
	0x2520,0x2525,0x252a,0x252f,0x3420,0x3425,0x342a,0x342f,
	0x4320,0x4325,0x432a,0x432f,0x6220,0x6225,0x622a,0x622f,
	0x7220,0x7225,0x722a,0x722f,0x9120,0x9125,0x912a,0x912f,
	0xa020,0xa025,0xa02a,0xa02f,0xb020,0xb025,0xb02a,0xb02f,
	0xdf20,0xdf25,0xdf2a,0xdf2f,0xee20,0xee25,0xee2a,0xee2f,
	0x0d20,0x0d25,0x0d2a,0x0d2f,0x1d20,0x1d25,0x1d2a,0x1d2f,
	0x2c20,0x2c25,0x2c2a,0x2c2f,0x4b20,0x4b25,0x4b2a,0x4b2f,
	0x5b20,0x5b25,0x5b2a,0x5b2f,0x7a20,0x7a25,0x7a2a,0x7a2f,
	0x2440,0x2445,0x244a,0x244f,0x3340,0x3345,0x334a,0x334f,
	0x4340,0x4345,0x434a,0x434f,0x6240,0x6245,0x624a,0x624f,
	0x7140,0x7145,0x714a,0x714f,0x9140,0x9145,0x914a,0x914f,
	0xa040,0xa045,0xa04a,0xa04f,0xbf40,0xbf45,0xbf4a,0xbf4f,
	0xde40,0xde45,0xde4a,0xde4f,0xee40,0xee45,0xee4a,0xee4f,
	0x0d40,0x0d45,0x0d4a,0x0d4f,0x1c40,0x1c45,0x1c4a,0x1c4f,
	0x2c40,0x2c45,0x2c4a,0x2c4f,0x4b40,0x4b45,0x4b4a,0x4b4f,
	0x5a40,0x5a45,0x5a4a,0x5a4f,0x7940,0x7945,0x794a,0x794f,
	0x2460,0x2465,0x246a,0x246f,0x3360,0x3365,0x336a,0x336f,
	0x4260,0x4265,0x426a,0x426f,0x6260,0x6265,0x626a,0x626f,
	0x7160,0x7165,0x716a,0x716f,0x9060,0x9065,0x906a,0x906f,
	0xa060,0xa065,0xa06a,0xa06f,0xbf60,0xbf65,0xbf6a,0xbf6f,
	0xde60,0xde65,0xde6a,0xde6f,0xed60,0xed65,0xed6a,0xed6f,
	0x0d60,0x0d65,0x0d6a,0x0d6f,0x1c60,0x1c65,0x1c6a,0x1c6f,
	0x2b60,0x2b65,0x2b6a,0x2b6f,0x4b60,0x4b65,0x4b6a,0x4b6f,
	0x5a60,0x5a65,0x5a6a,0x5a6f,0x7960,0x7965,0x796a,0x796f,
	0x2370,0x2375,0x237a,0x237f,0x3370,0x3375,0x337a,0x337f,
	0x4270,0x4275,0x427a,0x427f,0x6170,0x6175,0x617a,0x617f,
	0x7170,0x7175,0x717a,0x717f,0x9070,0x9075,0x907a,0x907f,
	0xaf70,0xaf75,0xaf7a,0xaf7f,0xbe70,0xbe75,0xbe7a,0xbe7f,
	0xde70,0xde75,0xde7a,0xde7f,0xed70,0xed75,0xed7a,0xed7f,
	0x0c70,0x0c75,0x0c7a,0x0c7f,0x1c70,0x1c75,0x1c7a,0x1c7f,
	0x2b70,0x2b75,0x2b7a,0x2b7f,0x4a70,0x4a75,0x4a7a,0x4a7f,
	0x5970,0x5975,0x597a,0x597f,0x7970,0x7975,0x797a,0x797f,
	0x2390,0x2395,0x239a,0x239f,0x3290,0x3295,0x329a,0x329f,
	0x4290,0x4295,0x429a,0x429f,0x6190,0x6195,0x619a,0x619f,
	0x7090,0x7095,0x709a,0x709f,0x9090,0x9095,0x909a,0x909f,
	0xaf90,0xaf95,0xaf9a,0xaf9f,0xbe90,0xbe95,0xbe9a,0xbe9f,
	0xdd90,0xdd95,0xdd9a,0xdd9f,0xed90,0xed95,0xed9a,0xed9f,
	0x0c90,0x0c95,0x0c9a,0x0c9f,0x1b90,0x1b95,0x1b9a,0x1b9f,
	0x2b90,0x2b95,0x2b9a,0x2b9f,0x4a90,0x4a95,0x4a9a,0x4a9f,
	0x5990,0x5995,0x599a,0x599f,0x7890,0x7895,0x789a,0x789f,
	0x23b0,0x23b5,0x23ba,0x23bf,0x32b0,0x32b5,0x32ba,0x32bf,
	0x41b0,0x41b5,0x41ba,0x41bf,0x61b0,0x61b5,0x61ba,0x61bf,
	0x70b0,0x70b5,0x70ba,0x70bf,0x9fb0,0x9fb5,0x9fba,0x9fbf,
	0xafb0,0xafb5,0xafba,0xafbf,0xbeb0,0xbeb5,0xbeba,0xbebf,
	0xddb0,0xddb5,0xddba,0xddbf,0xecb0,0xecb5,0xecba,0xecbf,
	0x0cb0,0x0cb5,0x0cba,0x0cbf,0x1bb0,0x1bb5,0x1bba,0x1bbf,
	0x2ab0,0x2ab5,0x2aba,0x2abf,0x4ab0,0x4ab5,0x4aba,0x4abf,
	0x59b0,0x59b5,0x59ba,0x59bf,0x78b0,0x78b5,0x78ba,0x78bf,
	0x22d0,0x22d5,0x22da,0x22df,0x32d0,0x32d5,0x32da,0x32df,
	0x41d0,0x41d5,0x41da,0x41df,0x60d0,0x60d5,0x60da,0x60df,
	0x70d0,0x70d5,0x70da,0x70df,0x9fd0,0x9fd5,0x9fda,0x9fdf,
	0xaed0,0xaed5,0xaeda,0xaedf,0xbdd0,0xbdd5,0xbdda,0xbddf,
	0xddd0,0xddd5,0xddda,0xdddf,0xecd0,0xecd5,0xecda,0xecdf,
	0x0bd0,0x0bd5,0x0bda,0x0bdf,0x1bd0,0x1bd5,0x1bda,0x1bdf,
	0x2ad0,0x2ad5,0x2ada,0x2adf,0x49d0,0x49d5,0x49da,0x49df,
	0x58d0,0x58d5,0x58da,0x58df,0x78d0,0x78d5,0x78da,0x78df,
	0x22f0,0x22f5,0x22fa,0x22ff,0x31f0,0x31f5,0x31fa,0x31ff,
	0x41f0,0x41f5,0x41fa,0x41ff,0x60f0,0x60f5,0x60fa,0x60ff,
	0x7ff0,0x7ff5,0x7ffa,0x7fff,0x9ff0,0x9ff5,0x9ffa,0x9fff,
	0xaef0,0xaef5,0xaefa,0xaeff,0xbdf0,0xbdf5,0xbdfa,0xbdff,
	0xdcf0,0xdcf5,0xdcfa,0xdcff,0xecf0,0xecf5,0xecfa,0xecff,
	0x0bf0,0x0bf5,0x0bfa,0x0bff,0x1af0,0x1af5,0x1afa,0x1aff,
	0x2af0,0x2af5,0x2afa,0x2aff,0x49f0,0x49f5,0x49fa,0x49ff,
	0x58f0,0x58f5,0x58fa,0x58ff,0x77f0,0x77f5,0x77fa,0x77ff,
	0x2200,0x2205,0x220a,0x220f,0x3100,0x3105,0x310a,0x310f,
	0x4000,0x4005,0x400a,0x400f,0x6000,0x6005,0x600a,0x600f,
	0x7f00,0x7f05,0x7f0a,0x7f0f,0x9e00,0x9e05,0x9e0a,0x9e0f,
	0xad00,0xad05,0xad0a,0xad0f,0xbd00,0xbd05,0xbd0a,0xbd0f,
	0xdc00,0xdc05,0xdc0a,0xdc0f,0xeb00,0xeb05,0xeb0a,0xeb0f,
	0x0b00,0x0b05,0x0b0a,0x0b0f,0x1a00,0x1a05,0x1a0a,0x1a0f,
	0x2900,0x2905,0x290a,0x290f,0x4800,0x4805,0x480a,0x480f,
	0x5800,0x5805,0x580a,0x580f,0x7700,0x7705,0x770a,0x770f,
	0x2120,0x2125,0x212a,0x212f,0x3120,0x3125,0x312a,0x312f,
	0x4020,0x4025,0x402a,0x402f,0x6f20,0x6f25,0x6f2a,0x6f2f,
	0x7f20,0x7f25,0x7f2a,0x7f2f,0x9e20,0x9e25,0x9e2a,0x9e2f,
	0xad20,0xad25,0xad2a,0xad2f,0xbc20,0xbc25,0xbc2a,0xbc2f,
	0xdc20,0xdc25,0xdc2a,0xdc2f,0xeb20,0xeb25,0xeb2a,0xeb2f,
	0x0a20,0x0a25,0x0a2a,0x0a2f,0x1a20,0x1a25,0x1a2a,0x1a2f,
	0x2920,0x2925,0x292a,0x292f,0x4820,0x4825,0x482a,0x482f,
	0x5720,0x5725,0x572a,0x572f,0x7720,0x7725,0x772a,0x772f,
	0x2140,0x2145,0x214a,0x214f,0x3040,0x3045,0x304a,0x304f,
	0x4040,0x4045,0x404a,0x404f,0x6f40,0x6f45,0x6f4a,0x6f4f,
	0x7e40,0x7e45,0x7e4a,0x7e4f,0x9e40,0x9e45,0x9e4a,0x9e4f,
	0xad40,0xad45,0xad4a,0xad4f,0xbc40,0xbc45,0xbc4a,0xbc4f,
	0xdb40,0xdb45,0xdb4a,0xdb4f,0xeb40,0xeb45,0xeb4a,0xeb4f,
	0x0a40,0x0a45,0x0a4a,0x0a4f,0x1940,0x1945,0x194a,0x194f,
	0x2940,0x2945,0x294a,0x294f,0x4840,0x4845,0x484a,0x484f,
	0x5740,0x5745,0x574a,0x574f,0x7640,0x7645,0x764a,0x764f,
	0x2160,0x2165,0x216a,0x216f,0x3060,0x3065,0x306a,0x306f,
	0x4f60,0x4f65,0x4f6a,0x4f6f,0x6f60,0x6f65,0x6f6a,0x6f6f,
	0x7e60,0x7e65,0x7e6a,0x7e6f,0x9d60,0x9d65,0x9d6a,0x9d6f,
	0xac60,0xac65,0xac6a,0xac6f,0xbc60,0xbc65,0xbc6a,0xbc6f,
	0xdb60,0xdb65,0xdb6a,0xdb6f,0xea60,0xea65,0xea6a,0xea6f,
	0x0a60,0x0a65,0x0a6a,0x0a6f,0x1960,0x1965,0x196a,0x196f,
	0x2860,0x2865,0x286a,0x286f,0x4760,0x4765,0x476a,0x476f,
	0x5760,0x5765,0x576a,0x576f,0x7660,0x7665,0x766a,0x766f,
	0x2070,0x2075,0x207a,0x207f,0x3070,0x3075,0x307a,0x307f,
	0x4f70,0x4f75,0x4f7a,0x4f7f,0x6e70,0x6e75,0x6e7a,0x6e7f,
	0x7e70,0x7e75,0x7e7a,0x7e7f,0x9d70,0x9d75,0x9d7a,0x9d7f,
	0xac70,0xac75,0xac7a,0xac7f,0xbb70,0xbb75,0xbb7a,0xbb7f,
	0xdb70,0xdb75,0xdb7a,0xdb7f,0xea70,0xea75,0xea7a,0xea7f,
	0x0970,0x0975,0x097a,0x097f,0x1970,0x1975,0x197a,0x197f,
	0x2870,0x2875,0x287a,0x287f,0x4770,0x4775,0x477a,0x477f,
	0x5670,0x5675,0x567a,0x567f,0x7670,0x7675,0x767a,0x767f,
	0x2090,0x2095,0x209a,0x209f,0x3f90,0x3f95,0x3f9a,0x3f9f,
	0x4f90,0x4f95,0x4f9a,0x4f9f,0x6e90,0x6e95,0x6e9a,0x6e9f,
	0x7d90,0x7d95,0x7d9a,0x7d9f,0x9c90,0x9c95,0x9c9a,0x9c9f,
	0xac90,0xac95,0xac9a,0xac9f,0xbb90,0xbb95,0xbb9a,0xbb9f,
	0xda90,0xda95,0xda9a,0xda9f,0xea90,0xea95,0xea9a,0xea9f,
	0x0990,0x0995,0x099a,0x099f,0x1890,0x1895,0x189a,0x189f,
	0x2790,0x2795,0x279a,0x279f,0x4790,0x4795,0x479a,0x479f,
	0x5690,0x5695,0x569a,0x569f,0x7590,0x7595,0x759a,0x759f,
	0x26f0,0x26f5,0x26fa,0x26ff,0x35f0,0x35f5,0x35fa,0x35ff,
	0x54f0,0x54f5,0x54fa,0x54ff,0x64f0,0x64f5,0x64fa,0x64ff,
	0x83f0,0x83f5,0x83fa,0x83ff,0x92f0,0x92f5,0x92fa,0x92ff,
	0xa1f0,0xa1f5,0xa1fa,0xa1ff,0xc1f0,0xc1f5,0xc1fa,0xc1ff,
	0xd0f0,0xd0f5,0xd0fa,0xd0ff,0xfff0,0xfff5,0xfffa,0xffff,
	0x0ff0,0x0ff5,0x0ffa,0x0fff,0x1ef0,0x1ef5,0x1efa,0x1eff,
	0x3df0,0x3df5,0x3dfa,0x3dff,0x4cf0,0x4cf5,0x4cfa,0x4cff,
	0x6cf0,0x6cf5,0x6cfa,0x6cff,0x7bf0,0x7bf5,0x7bfa,0x7bff,
	0x2510,0x2515,0x251a,0x251f,0x3510,0x3515,0x351a,0x351f,
	0x5410,0x5415,0x541a,0x541f,0x6310,0x6315,0x631a,0x631f,
	0x8310,0x8315,0x831a,0x831f,0x9210,0x9215,0x921a,0x921f,
	0xa110,0xa115,0xa11a,0xa11f,0xc010,0xc015,0xc01a,0xc01f,
	0xd010,0xd015,0xd01a,0xd01f,0xff10,0xff15,0xff1a,0xff1f,
	0x0e10,0x0e15,0x0e1a,0x0e1f,0x1e10,0x1e15,0x1e1a,0x1e1f,
	0x3d10,0x3d15,0x3d1a,0x3d1f,0x4c10,0x4c15,0x4c1a,0x4c1f,
	0x6b10,0x6b15,0x6b1a,0x6b1f,0x7b10,0x7b15,0x7b1a,0x7b1f,
	0x2530,0x2535,0x253a,0x253f,0x3430,0x3435,0x343a,0x343f,
	0x5430,0x5435,0x543a,0x543f,0x6330,0x6335,0x633a,0x633f,
	0x8230,0x8235,0x823a,0x823f,0x9130,0x9135,0x913a,0x913f,
	0xa130,0xa135,0xa13a,0xa13f,0xc030,0xc035,0xc03a,0xc03f,
	0xdf30,0xdf35,0xdf3a,0xdf3f,0xff30,0xff35,0xff3a,0xff3f,
	0x0e30,0x0e35,0x0e3a,0x0e3f,0x1d30,0x1d35,0x1d3a,0x1d3f,
	0x3c30,0x3c35,0x3c3a,0x3c3f,0x4c30,0x4c35,0x4c3a,0x4c3f,
	0x6b30,0x6b35,0x6b3a,0x6b3f,0x7a30,0x7a35,0x7a3a,0x7a3f,
	0x2540,0x2545,0x254a,0x254f,0x3440,0x3445,0x344a,0x344f,
	0x5340,0x5345,0x534a,0x534f,0x6340,0x6345,0x634a,0x634f,
	0x8240,0x8245,0x824a,0x824f,0x9140,0x9145,0x914a,0x914f,
	0xa040,0xa045,0xa04a,0xa04f,0xc040,0xc045,0xc04a,0xc04f,
	0xdf40,0xdf45,0xdf4a,0xdf4f,0xfe40,0xfe45,0xfe4a,0xfe4f,
	0x0e40,0x0e45,0x0e4a,0x0e4f,0x1d40,0x1d45,0x1d4a,0x1d4f,
	0x3c40,0x3c45,0x3c4a,0x3c4f,0x4b40,0x4b45,0x4b4a,0x4b4f,
	0x6b40,0x6b45,0x6b4a,0x6b4f,0x7a40,0x7a45,0x7a4a,0x7a4f,
	0x2460,0x2465,0x246a,0x246f,0x3460,0x3465,0x346a,0x346f,
	0x5360,0x5365,0x536a,0x536f,0x6260,0x6265,0x626a,0x626f,
	0x8160,0x8165,0x816a,0x816f,0x9160,0x9165,0x916a,0x916f,
	0xa060,0xa065,0xa06a,0xa06f,0xcf60,0xcf65,0xcf6a,0xcf6f,
	0xdf60,0xdf65,0xdf6a,0xdf6f,0xfe60,0xfe65,0xfe6a,0xfe6f,
	0x0d60,0x0d65,0x0d6a,0x0d6f,0x1c60,0x1c65,0x1c6a,0x1c6f,
	0x3c60,0x3c65,0x3c6a,0x3c6f,0x4b60,0x4b65,0x4b6a,0x4b6f,
	0x6a60,0x6a65,0x6a6a,0x6a6f,0x7a60,0x7a65,0x7a6a,0x7a6f,
	0x2480,0x2485,0x248a,0x248f,0x3380,0x3385,0x338a,0x338f,
	0x5380,0x5385,0x538a,0x538f,0x6280,0x6285,0x628a,0x628f,
	0x8180,0x8185,0x818a,0x818f,0x9080,0x9085,0x908a,0x908f,
	0xa080,0xa085,0xa08a,0xa08f,0xcf80,0xcf85,0xcf8a,0xcf8f,
	0xde80,0xde85,0xde8a,0xde8f,0xfe80,0xfe85,0xfe8a,0xfe8f,
	0x0d80,0x0d85,0x0d8a,0x0d8f,0x1c80,0x1c85,0x1c8a,0x1c8f,
	0x3b80,0x3b85,0x3b8a,0x3b8f,0x4b80,0x4b85,0x4b8a,0x4b8f,
	0x6a80,0x6a85,0x6a8a,0x6a8f,0x7980,0x7985,0x798a,0x798f,
	0x24a0,0x24a5,0x24aa,0x24af,0x33a0,0x33a5,0x33aa,0x33af,
	0x52a0,0x52a5,0x52aa,0x52af,0x62a0,0x62a5,0x62aa,0x62af,
	0x81a0,0x81a5,0x81aa,0x81af,0x90a0,0x90a5,0x90aa,0x90af,
	0xafa0,0xafa5,0xafaa,0xafaf,0xcfa0,0xcfa5,0xcfaa,0xcfaf,
	0xdea0,0xdea5,0xdeaa,0xdeaf,0xfda0,0xfda5,0xfdaa,0xfdaf,
	0x0da0,0x0da5,0x0daa,0x0daf,0x1ca0,0x1ca5,0x1caa,0x1caf,
	0x3ba0,0x3ba5,0x3baa,0x3baf,0x4aa0,0x4aa5,0x4aaa,0x4aaf,
	0x6aa0,0x6aa5,0x6aaa,0x6aaf,0x79a0,0x79a5,0x79aa,0x79af,
	0x23b0,0x23b5,0x23ba,0x23bf,0x33b0,0x33b5,0x33ba,0x33bf,
	0x52b0,0x52b5,0x52ba,0x52bf,0x61b0,0x61b5,0x61ba,0x61bf,
	0x80b0,0x80b5,0x80ba,0x80bf,0x90b0,0x90b5,0x90ba,0x90bf,
	0xafb0,0xafb5,0xafba,0xafbf,0xceb0,0xceb5,0xceba,0xcebf,
	0xdeb0,0xdeb5,0xdeba,0xdebf,0xfdb0,0xfdb5,0xfdba,0xfdbf,
	0x0cb0,0x0cb5,0x0cba,0x0cbf,0x1bb0,0x1bb5,0x1bba,0x1bbf,
	0x3bb0,0x3bb5,0x3bba,0x3bbf,0x4ab0,0x4ab5,0x4aba,0x4abf,
	0x69b0,0x69b5,0x69ba,0x69bf,0x79b0,0x79b5,0x79ba,0x79bf,
	0x23d0,0x23d5,0x23da,0x23df,0x32d0,0x32d5,0x32da,0x32df,
	0x52d0,0x52d5,0x52da,0x52df,0x61d0,0x61d5,0x61da,0x61df,
	0x80d0,0x80d5,0x80da,0x80df,0x9fd0,0x9fd5,0x9fda,0x9fdf,
	0xafd0,0xafd5,0xafda,0xafdf,0xced0,0xced5,0xceda,0xcedf,
	0xddd0,0xddd5,0xddda,0xdddf,0xfdd0,0xfdd5,0xfdda,0xfddf,
	0x0cd0,0x0cd5,0x0cda,0x0cdf,0x1bd0,0x1bd5,0x1bda,0x1bdf,
	0x3ad0,0x3ad5,0x3ada,0x3adf,0x4ad0,0x4ad5,0x4ada,0x4adf,
	0x69d0,0x69d5,0x69da,0x69df,0x78d0,0x78d5,0x78da,0x78df,
	0x23f0,0x23f5,0x23fa,0x23ff,0x32f0,0x32f5,0x32fa,0x32ff,
	0x51f0,0x51f5,0x51fa,0x51ff,0x60f0,0x60f5,0x60fa,0x60ff,
	0x80f0,0x80f5,0x80fa,0x80ff,0x9ff0,0x9ff5,0x9ffa,0x9fff,
	0xaef0,0xaef5,0xaefa,0xaeff,0xcef0,0xcef5,0xcefa,0xceff,
	0xddf0,0xddf5,0xddfa,0xddff,0xfcf0,0xfcf5,0xfcfa,0xfcff,
	0x0bf0,0x0bf5,0x0bfa,0x0bff,0x1bf0,0x1bf5,0x1bfa,0x1bff,
	0x3af0,0x3af5,0x3afa,0x3aff,0x49f0,0x49f5,0x49fa,0x49ff,
	0x69f0,0x69f5,0x69fa,0x69ff,0x78f0,0x78f5,0x78fa,0x78ff,
	0x2210,0x2215,0x221a,0x221f,0x3210,0x3215,0x321a,0x321f,
	0x5110,0x5115,0x511a,0x511f,0x6010,0x6015,0x601a,0x601f,
	0x8f10,0x8f15,0x8f1a,0x8f1f,0x9f10,0x9f15,0x9f1a,0x9f1f,
	0xae10,0xae15,0xae1a,0xae1f,0xcd10,0xcd15,0xcd1a,0xcd1f,
	0xdd10,0xdd15,0xdd1a,0xdd1f,0xfc10,0xfc15,0xfc1a,0xfc1f,
	0x0b10,0x0b15,0x0b1a,0x0b1f,0x1a10,0x1a15,0x1a1a,0x1a1f,
	0x3a10,0x3a15,0x3a1a,0x3a1f,0x4910,0x4915,0x491a,0x491f,
	0x6810,0x6815,0x681a,0x681f,0x7810,0x7815,0x781a,0x781f,
	0x2230,0x2235,0x223a,0x223f,0x3130,0x3135,0x313a,0x313f,
	0x5130,0x5135,0x513a,0x513f,0x6030,0x6035,0x603a,0x603f,
	0x8f30,0x8f35,0x8f3a,0x8f3f,0x9e30,0x9e35,0x9e3a,0x9e3f,
	0xae30,0xae35,0xae3a,0xae3f,0xcd30,0xcd35,0xcd3a,0xcd3f,
	0xdc30,0xdc35,0xdc3a,0xdc3f,0xfc30,0xfc35,0xfc3a,0xfc3f,
	0x0b30,0x0b35,0x0b3a,0x0b3f,0x1a30,0x1a35,0x1a3a,0x1a3f,
	0x3930,0x3935,0x393a,0x393f,0x4930,0x4935,0x493a,0x493f,
	0x6830,0x6835,0x683a,0x683f,0x7730,0x7735,0x773a,0x773f,
	0x2240,0x2245,0x224a,0x224f,0x3140,0x3145,0x314a,0x314f,
	0x5040,0x5045,0x504a,0x504f,0x6f40,0x6f45,0x6f4a,0x6f4f,
	0x8f40,0x8f45,0x8f4a,0x8f4f,0x9e40,0x9e45,0x9e4a,0x9e4f,
	0xad40,0xad45,0xad4a,0xad4f,0xcd40,0xcd45,0xcd4a,0xcd4f,
	0xdc40,0xdc45,0xdc4a,0xdc4f,0xfb40,0xfb45,0xfb4a,0xfb4f,
	0x0a40,0x0a45,0x0a4a,0x0a4f,0x1a40,0x1a45,0x1a4a,0x1a4f,
	0x3940,0x3945,0x394a,0x394f,0x4840,0x4845,0x484a,0x484f,
	0x6840,0x6845,0x684a,0x684f,0x7740,0x7745,0x774a,0x774f,
	0x2160,0x2165,0x216a,0x216f,0x3160,0x3165,0x316a,0x316f,
	0x5060,0x5065,0x506a,0x506f,0x6f60,0x6f65,0x6f6a,0x6f6f,
	0x8e60,0x8e65,0x8e6a,0x8e6f,0x9e60,0x9e65,0x9e6a,0x9e6f,
	0xad60,0xad65,0xad6a,0xad6f,0xcc60,0xcc65,0xcc6a,0xcc6f,
	0xdc60,0xdc65,0xdc6a,0xdc6f,0xfb60,0xfb65,0xfb6a,0xfb6f,
	0x0a60,0x0a65,0x0a6a,0x0a6f,0x1960,0x1965,0x196a,0x196f,
	0x3960,0x3965,0x396a,0x396f,0x4860,0x4865,0x486a,0x486f,
	0x6760,0x6765,0x676a,0x676f,0x7760,0x7765,0x776a,0x776f,
	0x2180,0x2185,0x218a,0x218f,0x3080,0x3085,0x308a,0x308f,
	0x5f80,0x5f85,0x5f8a,0x5f8f,0x6f80,0x6f85,0x6f8a,0x6f8f,
	0x8e80,0x8e85,0x8e8a,0x8e8f,0x9d80,0x9d85,0x9d8a,0x9d8f,
	0xad80,0xad85,0xad8a,0xad8f,0xcc80,0xcc85,0xcc8a,0xcc8f,
	0xdb80,0xdb85,0xdb8a,0xdb8f,0xfa80,0xfa85,0xfa8a,0xfa8f,
	0x0a80,0x0a85,0x0a8a,0x0a8f,0x1980,0x1985,0x198a,0x198f,
	0x3880,0x3885,0x388a,0x388f,0x4880,0x4885,0x488a,0x488f,
	0x6780,0x6785,0x678a,0x678f,0x7680,0x7685,0x768a,0x768f,
	0x21a0,0x21a5,0x21aa,0x21af,0x30a0,0x30a5,0x30aa,0x30af,
	0x5fa0,0x5fa5,0x5faa,0x5faf,0x6ea0,0x6ea5,0x6eaa,0x6eaf,
	0x8ea0,0x8ea5,0x8eaa,0x8eaf,0x9da0,0x9da5,0x9daa,0x9daf,
	0xaca0,0xaca5,0xacaa,0xacaf,0xcca0,0xcca5,0xccaa,0xccaf,
	0xdba0,0xdba5,0xdbaa,0xdbaf,0xfaa0,0xfaa5,0xfaaa,0xfaaf,
	0x09a0,0x09a5,0x09aa,0x09af,0x19a0,0x19a5,0x19aa,0x19af,
	0x38a0,0x38a5,0x38aa,0x38af,0x47a0,0x47a5,0x47aa,0x47af,
	0x67a0,0x67a5,0x67aa,0x67af,0x76a0,0x76a5,0x76aa,0x76af,
	0x3600,0x3605,0x360a,0x360f,0x4600,0x4605,0x460a,0x460f,
	0x5500,0x5505,0x550a,0x550f,0x7400,0x7405,0x740a,0x740f,
	0x8300,0x8305,0x830a,0x830f,0xa300,0xa305,0xa30a,0xa30f,
	0xb200,0xb205,0xb20a,0xb20f,0xc100,0xc105,0xc10a,0xc10f,
	0xe100,0xe105,0xe10a,0xe10f,0xf000,0xf005,0xf00a,0xf00f,
	0x1f00,0x1f05,0x1f0a,0x1f0f,0x2e00,0x2e05,0x2e0a,0x2e0f,
	0x3e00,0x3e05,0x3e0a,0x3e0f,0x5d00,0x5d05,0x5d0a,0x5d0f,
	0x6c00,0x6c05,0x6c0a,0x6c0f,0x8c00,0x8c05,0x8c0a,0x8c0f,
	0x3610,0x3615,0x361a,0x361f,0x4510,0x4515,0x451a,0x451f,
	0x5410,0x5415,0x541a,0x541f,0x7410,0x7415,0x741a,0x741f,
	0x8310,0x8315,0x831a,0x831f,0xa210,0xa215,0xa21a,0xa21f,
	0xb210,0xb215,0xb21a,0xb21f,0xc110,0xc115,0xc11a,0xc11f,
	0xe010,0xe015,0xe01a,0xe01f,0xff10,0xff15,0xff1a,0xff1f,
	0x1f10,0x1f15,0x1f1a,0x1f1f,0x2e10,0x2e15,0x2e1a,0x2e1f,
	0x3d10,0x3d15,0x3d1a,0x3d1f,0x5d10,0x5d15,0x5d1a,0x5d1f,
	0x6c10,0x6c15,0x6c1a,0x6c1f,0x8b10,0x8b15,0x8b1a,0x8b1f,
	0x3630,0x3635,0x363a,0x363f,0x4530,0x4535,0x453a,0x453f,
	0x5430,0x5435,0x543a,0x543f,0x7330,0x7335,0x733a,0x733f,
	0x8330,0x8335,0x833a,0x833f,0xa230,0xa235,0xa23a,0xa23f,
	0xb130,0xb135,0xb13a,0xb13f,0xc130,0xc135,0xc13a,0xc13f,
	0xe030,0xe035,0xe03a,0xe03f,0xff30,0xff35,0xff3a,0xff3f,
	0x1e30,0x1e35,0x1e3a,0x1e3f,0x2e30,0x2e35,0x2e3a,0x2e3f,
	0x3d30,0x3d35,0x3d3a,0x3d3f,0x5c30,0x5c35,0x5c3a,0x5c3f,
	0x6c30,0x6c35,0x6c3a,0x6c3f,0x8b30,0x8b35,0x8b3a,0x8b3f,
	0x3550,0x3555,0x355a,0x355f,0x4450,0x4455,0x445a,0x445f,
	0x5450,0x5455,0x545a,0x545f,0x7350,0x7355,0x735a,0x735f,
	0x8250,0x8255,0x825a,0x825f,0xa250,0xa255,0xa25a,0xa25f,
	0xb150,0xb155,0xb15a,0xb15f,0xc050,0xc055,0xc05a,0xc05f,
	0xef50,0xef55,0xef5a,0xef5f,0xff50,0xff55,0xff5a,0xff5f,
	0x1e50,0x1e55,0x1e5a,0x1e5f,0x2d50,0x2d55,0x2d5a,0x2d5f,
	0x3d50,0x3d55,0x3d5a,0x3d5f,0x5c50,0x5c55,0x5c5a,0x5c5f,
	0x6b50,0x6b55,0x6b5a,0x6b5f,0x8a50,0x8a55,0x8a5a,0x8a5f,
	0x3570,0x3575,0x357a,0x357f,0x4470,0x4475,0x447a,0x447f,
	0x5370,0x5375,0x537a,0x537f,0x7370,0x7375,0x737a,0x737f,
	0x8270,0x8275,0x827a,0x827f,0xa170,0xa175,0xa17a,0xa17f,
	0xb170,0xb175,0xb17a,0xb17f,0xc070,0xc075,0xc07a,0xc07f,
	0xef70,0xef75,0xef7a,0xef7f,0xfe70,0xfe75,0xfe7a,0xfe7f,
	0x1e70,0x1e75,0x1e7a,0x1e7f,0x2d70,0x2d75,0x2d7a,0x2d7f,
	0x3c70,0x3c75,0x3c7a,0x3c7f,0x5c70,0x5c75,0x5c7a,0x5c7f,
	0x6b70,0x6b75,0x6b7a,0x6b7f,0x8a70,0x8a75,0x8a7a,0x8a7f,
	0x3480,0x3485,0x348a,0x348f,0x4480,0x4485,0x448a,0x448f,
	0x5380,0x5385,0x538a,0x538f,0x7280,0x7285,0x728a,0x728f,
	0x8280,0x8285,0x828a,0x828f,0xa180,0xa185,0xa18a,0xa18f,
	0xb080,0xb085,0xb08a,0xb08f,0xcf80,0xcf85,0xcf8a,0xcf8f,
	0xef80,0xef85,0xef8a,0xef8f,0xfe80,0xfe85,0xfe8a,0xfe8f,
	0x1d80,0x1d85,0x1d8a,0x1d8f,0x2d80,0x2d85,0x2d8a,0x2d8f,
	0x3c80,0x3c85,0x3c8a,0x3c8f,0x5b80,0x5b85,0x5b8a,0x5b8f,
	0x6a80,0x6a85,0x6a8a,0x6a8f,0x8a80,0x8a85,0x8a8a,0x8a8f,
	0x34a0,0x34a5,0x34aa,0x34af,0x43a0,0x43a5,0x43aa,0x43af,
	0x53a0,0x53a5,0x53aa,0x53af,0x72a0,0x72a5,0x72aa,0x72af,
	0x81a0,0x81a5,0x81aa,0x81af,0xa1a0,0xa1a5,0xa1aa,0xa1af,
	0xb0a0,0xb0a5,0xb0aa,0xb0af,0xcfa0,0xcfa5,0xcfaa,0xcfaf,
	0xeea0,0xeea5,0xeeaa,0xeeaf,0xfea0,0xfea5,0xfeaa,0xfeaf,
	0x1da0,0x1da5,0x1daa,0x1daf,0x2ca0,0x2ca5,0x2caa,0x2caf,
	0x3ca0,0x3ca5,0x3caa,0x3caf,0x5ba0,0x5ba5,0x5baa,0x5baf,
	0x6aa0,0x6aa5,0x6aaa,0x6aaf,0x89a0,0x89a5,0x89aa,0x89af,
	0x34c0,0x34c5,0x34ca,0x34cf,0x43c0,0x43c5,0x43ca,0x43cf,
	0x52c0,0x52c5,0x52ca,0x52cf,0x72c0,0x72c5,0x72ca,0x72cf,
	0x81c0,0x81c5,0x81ca,0x81cf,0xa0c0,0xa0c5,0xa0ca,0xa0cf,
	0xb0c0,0xb0c5,0xb0ca,0xb0cf,0xcfc0,0xcfc5,0xcfca,0xcfcf,
	0xeec0,0xeec5,0xeeca,0xeecf,0xfdc0,0xfdc5,0xfdca,0xfdcf,
	0x1dc0,0x1dc5,0x1dca,0x1dcf,0x2cc0,0x2cc5,0x2cca,0x2ccf,
	0x3bc0,0x3bc5,0x3bca,0x3bcf,0x5bc0,0x5bc5,0x5bca,0x5bcf,
	0x6ac0,0x6ac5,0x6aca,0x6acf,0x89c0,0x89c5,0x89ca,0x89cf,
	0x33e0,0x33e5,0x33ea,0x33ef,0x43e0,0x43e5,0x43ea,0x43ef,
	0x52e0,0x52e5,0x52ea,0x52ef,0x71e0,0x71e5,0x71ea,0x71ef,
	0x81e0,0x81e5,0x81ea,0x81ef,0xa0e0,0xa0e5,0xa0ea,0xa0ef,
	0xbfe0,0xbfe5,0xbfea,0xbfef,0xcee0,0xcee5,0xceea,0xceef,
	0xeee0,0xeee5,0xeeea,0xeeef,0xfde0,0xfde5,0xfdea,0xfdef,
	0x1ce0,0x1ce5,0x1cea,0x1cef,0x2ce0,0x2ce5,0x2cea,0x2cef,
	0x3be0,0x3be5,0x3bea,0x3bef,0x5ae0,0x5ae5,0x5aea,0x5aef,
	0x69e0,0x69e5,0x69ea,0x69ef,0x89e0,0x89e5,0x89ea,0x89ef,
	0x3300,0x3305,0x330a,0x330f,0x4200,0x4205,0x420a,0x420f,
	0x5200,0x5205,0x520a,0x520f,0x7100,0x7105,0x710a,0x710f,
	0x8000,0x8005,0x800a,0x800f,0xa000,0xa005,0xa00a,0xa00f,
	0xbf00,0xbf05,0xbf0a,0xbf0f,0xce00,0xce05,0xce0a,0xce0f,
	0xed00,0xed05,0xed0a,0xed0f,0xfd00,0xfd05,0xfd0a,0xfd0f,
	0x1c00,0x1c05,0x1c0a,0x1c0f,0x2b00,0x2b05,0x2b0a,0x2b0f,
	0x3b00,0x3b05,0x3b0a,0x3b0f,0x5a00,0x5a05,0x5a0a,0x5a0f,
	0x6900,0x6905,0x690a,0x690f,0x8800,0x8805,0x880a,0x880f,
	0x3310,0x3315,0x331a,0x331f,0x4210,0x4215,0x421a,0x421f,
	0x5110,0x5115,0x511a,0x511f,0x7110,0x7115,0x711a,0x711f,
	0x8010,0x8015,0x801a,0x801f,0xaf10,0xaf15,0xaf1a,0xaf1f,
	0xbe10,0xbe15,0xbe1a,0xbe1f,0xce10,0xce15,0xce1a,0xce1f,
	0xed10,0xed15,0xed1a,0xed1f,0xfc10,0xfc15,0xfc1a,0xfc1f,
	0x1c10,0x1c15,0x1c1a,0x1c1f,0x2b10,0x2b15,0x2b1a,0x2b1f,
	0x3a10,0x3a15,0x3a1a,0x3a1f,0x5910,0x5915,0x591a,0x591f,
	0x6910,0x6915,0x691a,0x691f,0x8810,0x8815,0x881a,0x881f,
	0x3230,0x3235,0x323a,0x323f,0x4230,0x4235,0x423a,0x423f,
	0x5130,0x5135,0x513a,0x513f,0x7030,0x7035,0x703a,0x703f,
	0x8030,0x8035,0x803a,0x803f,0xaf30,0xaf35,0xaf3a,0xaf3f,
	0xbe30,0xbe35,0xbe3a,0xbe3f,0xcd30,0xcd35,0xcd3a,0xcd3f,
	0xed30,0xed35,0xed3a,0xed3f,0xfc30,0xfc35,0xfc3a,0xfc3f,
	0x1b30,0x1b35,0x1b3a,0x1b3f,0x2b30,0x2b35,0x2b3a,0x2b3f,
	0x3a30,0x3a35,0x3a3a,0x3a3f,0x5930,0x5935,0x593a,0x593f,
	0x6830,0x6835,0x683a,0x683f,0x8830,0x8835,0x883a,0x883f,
	0x3250,0x3255,0x325a,0x325f,0x4150,0x4155,0x415a,0x415f,
	0x5150,0x5155,0x515a,0x515f,0x7050,0x7055,0x705a,0x705f,
	0x8f50,0x8f55,0x8f5a,0x8f5f,0xaf50,0xaf55,0xaf5a,0xaf5f,
	0xbe50,0xbe55,0xbe5a,0xbe5f,0xcd50,0xcd55,0xcd5a,0xcd5f,
	0xec50,0xec55,0xec5a,0xec5f,0xfc50,0xfc55,0xfc5a,0xfc5f,
	0x1b50,0x1b55,0x1b5a,0x1b5f,0x2a50,0x2a55,0x2a5a,0x2a5f,
	0x3a50,0x3a55,0x3a5a,0x3a5f,0x5950,0x5955,0x595a,0x595f,
	0x6850,0x6855,0x685a,0x685f,0x8750,0x8755,0x875a,0x875f,
	0x3270,0x3275,0x327a,0x327f,0x4170,0x4175,0x417a,0x417f,
	0x5070,0x5075,0x507a,0x507f,0x7070,0x7075,0x707a,0x707f,
	0x8f70,0x8f75,0x8f7a,0x8f7f,0xae70,0xae75,0xae7a,0xae7f,
	0xbd70,0xbd75,0xbd7a,0xbd7f,0xcd70,0xcd75,0xcd7a,0xcd7f,
	0xec70,0xec75,0xec7a,0xec7f,0xfb70,0xfb75,0xfb7a,0xfb7f,
	0x1b70,0x1b75,0x1b7a,0x1b7f,0x2a70,0x2a75,0x2a7a,0x2a7f,
	0x3970,0x3975,0x397a,0x397f,0x5870,0x5875,0x587a,0x587f,
	0x6870,0x6875,0x687a,0x687f,0x8770,0x8775,0x877a,0x877f,
	0x3180,0x3185,0x318a,0x318f,0x4180,0x4185,0x418a,0x418f,
	0x5080,0x5085,0x508a,0x508f,0x7f80,0x7f85,0x7f8a,0x7f8f,
	0x8f80,0x8f85,0x8f8a,0x8f8f,0xae80,0xae85,0xae8a,0xae8f,
	0xbd80,0xbd85,0xbd8a,0xbd8f,0xcc80,0xcc85,0xcc8a,0xcc8f,
	0xec80,0xec85,0xec8a,0xec8f,0xfb80,0xfb85,0xfb8a,0xfb8f,
	0x1a80,0x1a85,0x1a8a,0x1a8f,0x2a80,0x2a85,0x2a8a,0x2a8f,
	0x3980,0x3985,0x398a,0x398f,0x5880,0x5885,0x588a,0x588f,
	0x6780,0x6785,0x678a,0x678f,0x8780,0x8785,0x878a,0x878f,
	0x31a0,0x31a5,0x31aa,0x31af,0x40a0,0x40a5,0x40aa,0x40af,
	0x50a0,0x50a5,0x50aa,0x50af,0x7fa0,0x7fa5,0x7faa,0x7faf,
	0x8ea0,0x8ea5,0x8eaa,0x8eaf,0xada0,0xada5,0xadaa,0xadaf,
	0xbda0,0xbda5,0xbdaa,0xbdaf,0xcca0,0xcca5,0xccaa,0xccaf,
	0xeba0,0xeba5,0xebaa,0xebaf,0xfba0,0xfba5,0xfbaa,0xfbaf,
	0x1aa0,0x1aa5,0x1aaa,0x1aaf,0x29a0,0x29a5,0x29aa,0x29af,
	0x38a0,0x38a5,0x38aa,0x38af,0x58a0,0x58a5,0x58aa,0x58af,
	0x67a0,0x67a5,0x67aa,0x67af,0x86a0,0x86a5,0x86aa,0x86af,
	0x3700,0x3705,0x370a,0x370f,0x4600,0x4605,0x460a,0x460f,
	0x6500,0x6505,0x650a,0x650f,0x7500,0x7505,0x750a,0x750f,
	0x9400,0x9405,0x940a,0x940f,0xa300,0xa305,0xa30a,0xa30f,
	0xb200,0xb205,0xb20a,0xb20f,0xd200,0xd205,0xd20a,0xd20f,
	0xe100,0xe105,0xe10a,0xe10f,0x0000,0x0005,0x000a,0x000f,
	0x1000,0x1005,0x100a,0x100f,0x2f00,0x2f05,0x2f0a,0x2f0f,
	0x4e00,0x4e05,0x4e0a,0x4e0f,0x5d00,0x5d05,0x5d0a,0x5d0f,
	0x7d00,0x7d05,0x7d0a,0x7d0f,0x8c00,0x8c05,0x8c0a,0x8c0f,
	0x3620,0x3625,0x362a,0x362f,0x4620,0x4625,0x462a,0x462f,
	0x6520,0x6525,0x652a,0x652f,0x7420,0x7425,0x742a,0x742f,
	0x9420,0x9425,0x942a,0x942f,0xa320,0xa325,0xa32a,0xa32f,
	0xb220,0xb225,0xb22a,0xb22f,0xd120,0xd125,0xd12a,0xd12f,
	0xe120,0xe125,0xe12a,0xe12f,0x0020,0x0025,0x002a,0x002f,
	0x1f20,0x1f25,0x1f2a,0x1f2f,0x2f20,0x2f25,0x2f2a,0x2f2f,
	0x4e20,0x4e25,0x4e2a,0x4e2f,0x5d20,0x5d25,0x5d2a,0x5d2f,
	0x7c20,0x7c25,0x7c2a,0x7c2f,0x8c20,0x8c25,0x8c2a,0x8c2f,
	0x3640,0x3645,0x364a,0x364f,0x4540,0x4545,0x454a,0x454f,
	0x6540,0x6545,0x654a,0x654f,0x7440,0x7445,0x744a,0x744f,
	0x9340,0x9345,0x934a,0x934f,0xa240,0xa245,0xa24a,0xa24f,
	0xb240,0xb245,0xb24a,0xb24f,0xd140,0xd145,0xd14a,0xd14f,
	0xe040,0xe045,0xe04a,0xe04f,0x0040,0x0045,0x004a,0x004f,
	0x1f40,0x1f45,0x1f4a,0x1f4f,0x2e40,0x2e45,0x2e4a,0x2e4f,
	0x4d40,0x4d45,0x4d4a,0x4d4f,0x5d40,0x5d45,0x5d4a,0x5d4f,
	0x7c40,0x7c45,0x7c4a,0x7c4f,0x8b40,0x8b45,0x8b4a,0x8b4f,
	0x3650,0x3655,0x365a,0x365f,0x4550,0x4555,0x455a,0x455f,
	0x6450,0x6455,0x645a,0x645f,0x7450,0x7455,0x745a,0x745f,
	0x9350,0x9355,0x935a,0x935f,0xa250,0xa255,0xa25a,0xa25f,
	0xb150,0xb155,0xb15a,0xb15f,0xd150,0xd155,0xd15a,0xd15f,
	0xe050,0xe055,0xe05a,0xe05f,0x0f50,0x0f55,0x0f5a,0x0f5f,
	0x1f50,0x1f55,0x1f5a,0x1f5f,0x2e50,0x2e55,0x2e5a,0x2e5f,
	0x4d50,0x4d55,0x4d5a,0x4d5f,0x5c50,0x5c55,0x5c5a,0x5c5f,
	0x7c50,0x7c55,0x7c5a,0x7c5f,0x8b50,0x8b55,0x8b5a,0x8b5f,
	0x3570,0x3575,0x357a,0x357f,0x4570,0x4575,0x457a,0x457f,
	0x6470,0x6475,0x647a,0x647f,0x7370,0x7375,0x737a,0x737f,
	0x9270,0x9275,0x927a,0x927f,0xa270,0xa275,0xa27a,0xa27f,
	0xb170,0xb175,0xb17a,0xb17f,0xd070,0xd075,0xd07a,0xd07f,
	0xe070,0xe075,0xe07a,0xe07f,0x0f70,0x0f75,0x0f7a,0x0f7f,
	0x1e70,0x1e75,0x1e7a,0x1e7f,0x2d70,0x2d75,0x2d7a,0x2d7f,
	0x4d70,0x4d75,0x4d7a,0x4d7f,0x5c70,0x5c75,0x5c7a,0x5c7f,
	0x7b70,0x7b75,0x7b7a,0x7b7f,0x8b70,0x8b75,0x8b7a,0x8b7f,
	0x3590,0x3595,0x359a,0x359f,0x4490,0x4495,0x449a,0x449f,
	0x6490,0x6495,0x649a,0x649f,0x7390,0x7395,0x739a,0x739f,
	0x9290,0x9295,0x929a,0x929f,0xa190,0xa195,0xa19a,0xa19f,
	0xb190,0xb195,0xb19a,0xb19f,0xd090,0xd095,0xd09a,0xd09f,
	0xef90,0xef95,0xef9a,0xef9f,0x0f90,0x0f95,0x0f9a,0x0f9f,
	0x1e90,0x1e95,0x1e9a,0x1e9f,0x2d90,0x2d95,0x2d9a,0x2d9f,
	0x4c90,0x4c95,0x4c9a,0x4c9f,0x5c90,0x5c95,0x5c9a,0x5c9f,
	0x7b90,0x7b95,0x7b9a,0x7b9f,0x8a90,0x8a95,0x8a9a,0x8a9f,
	0x35b0,0x35b5,0x35ba,0x35bf,0x44b0,0x44b5,0x44ba,0x44bf,
	0x63b0,0x63b5,0x63ba,0x63bf,0x73b0,0x73b5,0x73ba,0x73bf,
	0x92b0,0x92b5,0x92ba,0x92bf,0xa1b0,0xa1b5,0xa1ba,0xa1bf,
	0xb0b0,0xb0b5,0xb0ba,0xb0bf,0xd0b0,0xd0b5,0xd0ba,0xd0bf,
	0xefb0,0xefb5,0xefba,0xefbf,0x0eb0,0x0eb5,0x0eba,0x0ebf,
	0x1eb0,0x1eb5,0x1eba,0x1ebf,0x2db0,0x2db5,0x2dba,0x2dbf,
	0x4cb0,0x4cb5,0x4cba,0x4cbf,0x5bb0,0x5bb5,0x5bba,0x5bbf,
	0x7bb0,0x7bb5,0x7bba,0x7bbf,0x8ab0,0x8ab5,0x8aba,0x8abf,
	0x34c0,0x34c5,0x34ca,0x34cf,0x44c0,0x44c5,0x44ca,0x44cf,
	0x63c0,0x63c5,0x63ca,0x63cf,0x72c0,0x72c5,0x72ca,0x72cf,
	0x91c0,0x91c5,0x91ca,0x91cf,0xa1c0,0xa1c5,0xa1ca,0xa1cf,
	0xb0c0,0xb0c5,0xb0ca,0xb0cf,0xdfc0,0xdfc5,0xdfca,0xdfcf,
	0xefc0,0xefc5,0xefca,0xefcf,0x0ec0,0x0ec5,0x0eca,0x0ecf,
	0x1dc0,0x1dc5,0x1dca,0x1dcf,0x2cc0,0x2cc5,0x2cca,0x2ccf,
	0x4cc0,0x4cc5,0x4cca,0x4ccf,0x5bc0,0x5bc5,0x5bca,0x5bcf,
	0x7ac0,0x7ac5,0x7aca,0x7acf,0x8ac0,0x8ac5,0x8aca,0x8acf,
	0x34e0,0x34e5,0x34ea,0x34ef,0x43e0,0x43e5,0x43ea,0x43ef,
	0x63e0,0x63e5,0x63ea,0x63ef,0x72e0,0x72e5,0x72ea,0x72ef,
	0x91e0,0x91e5,0x91ea,0x91ef,0xa0e0,0xa0e5,0xa0ea,0xa0ef,
	0xb0e0,0xb0e5,0xb0ea,0xb0ef,0xdfe0,0xdfe5,0xdfea,0xdfef,
	0xeee0,0xeee5,0xeeea,0xeeef,0x0ee0,0x0ee5,0x0eea,0x0eef,
	0x1de0,0x1de5,0x1dea,0x1def,0x2ce0,0x2ce5,0x2cea,0x2cef,
	0x4be0,0x4be5,0x4bea,0x4bef,0x5be0,0x5be5,0x5bea,0x5bef,
	0x7ae0,0x7ae5,0x7aea,0x7aef,0x89e0,0x89e5,0x89ea,0x89ef,
	0x3400,0x3405,0x340a,0x340f,0x4300,0x4305,0x430a,0x430f,
	0x6200,0x6205,0x620a,0x620f,0x7100,0x7105,0x710a,0x710f,
	0x9100,0x9105,0x910a,0x910f,0xa000,0xa005,0xa00a,0xa00f,
	0xbf00,0xbf05,0xbf0a,0xbf0f,0xdf00,0xdf05,0xdf0a,0xdf0f,
	0xee00,0xee05,0xee0a,0xee0f,0x0d00,0x0d05,0x0d0a,0x0d0f,
	0x1c00,0x1c05,0x1c0a,0x1c0f,0x2c00,0x2c05,0x2c0a,0x2c0f,
	0x4b00,0x4b05,0x4b0a,0x4b0f,0x5a00,0x5a05,0x5a0a,0x5a0f,
	0x7a00,0x7a05,0x7a0a,0x7a0f,0x8900,0x8905,0x890a,0x890f,
	0x3320,0x3325,0x332a,0x332f,0x4320,0x4325,0x432a,0x432f,
	0x6220,0x6225,0x622a,0x622f,0x7120,0x7125,0x712a,0x712f,
	0x9020,0x9025,0x902a,0x902f,0xa020,0xa025,0xa02a,0xa02f,
	0xbf20,0xbf25,0xbf2a,0xbf2f,0xde20,0xde25,0xde2a,0xde2f,
	0xee20,0xee25,0xee2a,0xee2f,0x0d20,0x0d25,0x0d2a,0x0d2f,
	0x1c20,0x1c25,0x1c2a,0x1c2f,0x2b20,0x2b25,0x2b2a,0x2b2f,
	0x4b20,0x4b25,0x4b2a,0x4b2f,0x5a20,0x5a25,0x5a2a,0x5a2f,
	0x7920,0x7925,0x792a,0x792f,0x8920,0x8925,0x892a,0x892f,
	0x3340,0x3345,0x334a,0x334f,0x4240,0x4245,0x424a,0x424f,
	0x6240,0x6245,0x624a,0x624f,0x7140,0x7145,0x714a,0x714f,
	0x9040,0x9045,0x904a,0x904f,0xaf40,0xaf45,0xaf4a,0xaf4f,
	0xbf40,0xbf45,0xbf4a,0xbf4f,0xde40,0xde45,0xde4a,0xde4f,
	0xed40,0xed45,0xed4a,0xed4f,0x0d40,0x0d45,0x0d4a,0x0d4f,
	0x1c40,0x1c45,0x1c4a,0x1c4f,0x2b40,0x2b45,0x2b4a,0x2b4f,
	0x4a40,0x4a45,0x4a4a,0x4a4f,0x5a40,0x5a45,0x5a4a,0x5a4f,
	0x7940,0x7945,0x794a,0x794f,0x8840,0x8845,0x884a,0x884f,
	0x3350,0x3355,0x335a,0x335f,0x4250,0x4255,0x425a,0x425f,
	0x6150,0x6155,0x615a,0x615f,0x7050,0x7055,0x705a,0x705f,
	0x9050,0x9055,0x905a,0x905f,0xaf50,0xaf55,0xaf5a,0xaf5f,
	0xbe50,0xbe55,0xbe5a,0xbe5f,0xde50,0xde55,0xde5a,0xde5f,
	0xed50,0xed55,0xed5a,0xed5f,0x0c50,0x0c55,0x0c5a,0x0c5f,
	0x1b50,0x1b55,0x1b5a,0x1b5f,0x2b50,0x2b55,0x2b5a,0x2b5f,
	0x4a50,0x4a55,0x4a5a,0x4a5f,0x5950,0x5955,0x595a,0x595f,
	0x7950,0x7955,0x795a,0x795f,0x8850,0x8855,0x885a,0x885f,
	0x3270,0x3275,0x327a,0x327f,0x4270,0x4275,0x427a,0x427f,
	0x6170,0x6175,0x617a,0x617f,0x7070,0x7075,0x707a,0x707f,
	0x9f70,0x9f75,0x9f7a,0x9f7f,0xaf70,0xaf75,0xaf7a,0xaf7f,
	0xbe70,0xbe75,0xbe7a,0xbe7f,0xdd70,0xdd75,0xdd7a,0xdd7f,
	0xed70,0xed75,0xed7a,0xed7f,0x0c70,0x0c75,0x0c7a,0x0c7f,
	0x1b70,0x1b75,0x1b7a,0x1b7f,0x2a70,0x2a75,0x2a7a,0x2a7f,
	0x4a70,0x4a75,0x4a7a,0x4a7f,0x5970,0x5975,0x597a,0x597f,
	0x7870,0x7875,0x787a,0x787f,0x8870,0x8875,0x887a,0x887f,
	0x3290,0x3295,0x329a,0x329f,0x4190,0x4195,0x419a,0x419f,
	0x6090,0x6095,0x609a,0x609f,0x7090,0x7095,0x709a,0x709f,
	0x9f90,0x9f95,0x9f9a,0x9f9f,0xae90,0xae95,0xae9a,0xae9f,
	0xbe90,0xbe95,0xbe9a,0xbe9f,0xdd90,0xdd95,0xdd9a,0xdd9f,
	0xec90,0xec95,0xec9a,0xec9f,0x0b90,0x0b95,0x0b9a,0x0b9f,
	0x1b90,0x1b95,0x1b9a,0x1b9f,0x2a90,0x2a95,0x2a9a,0x2a9f,
	0x4990,0x4995,0x499a,0x499f,0x5990,0x5995,0x599a,0x599f,
	0x7890,0x7895,0x789a,0x789f,0x8790,0x8795,0x879a,0x879f,
	0x32b0,0x32b5,0x32ba,0x32bf,0x41b0,0x41b5,0x41ba,0x41bf,
	0x60b0,0x60b5,0x60ba,0x60bf,0x7fb0,0x7fb5,0x7fba,0x7fbf,
	0x9fb0,0x9fb5,0x9fba,0x9fbf,0xaeb0,0xaeb5,0xaeba,0xaebf,
	0xbdb0,0xbdb5,0xbdba,0xbdbf,0xddb0,0xddb5,0xddba,0xddbf,
	0xecb0,0xecb5,0xecba,0xecbf,0x0bb0,0x0bb5,0x0bba,0x0bbf,
	0x1ab0,0x1ab5,0x1aba,0x1abf,0x2ab0,0x2ab5,0x2aba,0x2abf,
	0x49b0,0x49b5,0x49ba,0x49bf,0x58b0,0x58b5,0x58ba,0x58bf,
	0x78b0,0x78b5,0x78ba,0x78bf,0x87b0,0x87b5,0x87ba,0x87bf,
	0x4710,0x4715,0x471a,0x471f,0x5710,0x5715,0x571a,0x571f,
	0x6610,0x6615,0x661a,0x661f,0x8510,0x8515,0x851a,0x851f,
	0x9410,0x9415,0x941a,0x941f,0xb410,0xb415,0xb41a,0xb41f,
	0xc310,0xc315,0xc31a,0xc31f,0xd210,0xd215,0xd21a,0xd21f,
	0xf210,0xf215,0xf21a,0xf21f,0x0110,0x0115,0x011a,0x011f,
	0x2010,0x2015,0x201a,0x201f,0x3f10,0x3f15,0x3f1a,0x3f1f,
	0x4f10,0x4f15,0x4f1a,0x4f1f,0x6e10,0x6e15,0x6e1a,0x6e1f,
	0x7d10,0x7d15,0x7d1a,0x7d1f,0x9d10,0x9d15,0x9d1a,0x9d1f,
	0x4720,0x4725,0x472a,0x472f,0x5620,0x5625,0x562a,0x562f,
	0x6520,0x6525,0x652a,0x652f,0x8520,0x8525,0x852a,0x852f,
	0x9420,0x9425,0x942a,0x942f,0xb320,0xb325,0xb32a,0xb32f,
	0xc320,0xc325,0xc32a,0xc32f,0xd220,0xd225,0xd22a,0xd22f,
	0xf120,0xf125,0xf12a,0xf12f,0x0020,0x0025,0x002a,0x002f,
	0x2020,0x2025,0x202a,0x202f,0x3f20,0x3f25,0x3f2a,0x3f2f,
	0x4e20,0x4e25,0x4e2a,0x4e2f,0x6e20,0x6e25,0x6e2a,0x6e2f,
	0x7d20,0x7d25,0x7d2a,0x7d2f,0x9c20,0x9c25,0x9c2a,0x9c2f,
	0x4740,0x4745,0x474a,0x474f,0x5640,0x5645,0x564a,0x564f,
	0x6540,0x6545,0x654a,0x654f,0x8440,0x8445,0x844a,0x844f,
	0x9440,0x9445,0x944a,0x944f,0xb340,0xb345,0xb34a,0xb34f,
	0xc240,0xc245,0xc24a,0xc24f,0xd240,0xd245,0xd24a,0xd24f,
	0xf140,0xf145,0xf14a,0xf14f,0x0040,0x0045,0x004a,0x004f,
	0x2f40,0x2f45,0x2f4a,0x2f4f,0x3f40,0x3f45,0x3f4a,0x3f4f,
	0x4e40,0x4e45,0x4e4a,0x4e4f,0x6d40,0x6d45,0x6d4a,0x6d4f,
	0x7d40,0x7d45,0x7d4a,0x7d4f,0x9c40,0x9c45,0x9c4a,0x9c4f,
	0x4660,0x4665,0x466a,0x466f,0x5560,0x5565,0x556a,0x556f,
	0x6560,0x6565,0x656a,0x656f,0x8460,0x8465,0x846a,0x846f,
	0x9360,0x9365,0x936a,0x936f,0xb360,0xb365,0xb36a,0xb36f,
	0xc260,0xc265,0xc26a,0xc26f,0xd160,0xd165,0xd16a,0xd16f,
	0xf060,0xf065,0xf06a,0xf06f,0x0060,0x0065,0x006a,0x006f,
	0x2f60,0x2f65,0x2f6a,0x2f6f,0x3e60,0x3e65,0x3e6a,0x3e6f,
	0x4e60,0x4e65,0x4e6a,0x4e6f,0x6d60,0x6d65,0x6d6a,0x6d6f,
	0x7c60,0x7c65,0x7c6a,0x7c6f,0x9b60,0x9b65,0x9b6a,0x9b6f,
	0x4680,0x4685,0x468a,0x468f,0x5580,0x5585,0x558a,0x558f,
	0x6480,0x6485,0x648a,0x648f,0x8480,0x8485,0x848a,0x848f,
	0x9380,0x9385,0x938a,0x938f,0xb280,0xb285,0xb28a,0xb28f,
	0xc280,0xc285,0xc28a,0xc28f,0xd180,0xd185,0xd18a,0xd18f,
	0xf080,0xf085,0xf08a,0xf08f,0x0f80,0x0f85,0x0f8a,0x0f8f,
	0x2f80,0x2f85,0x2f8a,0x2f8f,0x3e80,0x3e85,0x3e8a,0x3e8f,
	0x4d80,0x4d85,0x4d8a,0x4d8f,0x6d80,0x6d85,0x6d8a,0x6d8f,
	0x7c80,0x7c85,0x7c8a,0x7c8f,0x9b80,0x9b85,0x9b8a,0x9b8f,
	0x4590,0x4595,0x459a,0x459f,0x5590,0x5595,0x559a,0x559f,
	0x6490,0x6495,0x649a,0x649f,0x8390,0x8395,0x839a,0x839f,
	0x9390,0x9395,0x939a,0x939f,0xb290,0xb295,0xb29a,0xb29f,
	0xc190,0xc195,0xc19a,0xc19f,0xd090,0xd095,0xd09a,0xd09f,
	0xf090,0xf095,0xf09a,0xf09f,0x0f90,0x0f95,0x0f9a,0x0f9f,
	0x2e90,0x2e95,0x2e9a,0x2e9f,0x3e90,0x3e95,0x3e9a,0x3e9f,
	0x4d90,0x4d95,0x4d9a,0x4d9f,0x6c90,0x6c95,0x6c9a,0x6c9f,
	0x7b90,0x7b95,0x7b9a,0x7b9f,0x9b90,0x9b95,0x9b9a,0x9b9f,
	0x45b0,0x45b5,0x45ba,0x45bf,0x54b0,0x54b5,0x54ba,0x54bf,
	0x64b0,0x64b5,0x64ba,0x64bf,0x83b0,0x83b5,0x83ba,0x83bf,
	0x92b0,0x92b5,0x92ba,0x92bf,0xb2b0,0xb2b5,0xb2ba,0xb2bf,
	0xc1b0,0xc1b5,0xc1ba,0xc1bf,0xd0b0,0xd0b5,0xd0ba,0xd0bf,
	0xffb0,0xffb5,0xffba,0xffbf,0x0fb0,0x0fb5,0x0fba,0x0fbf,
	0x2eb0,0x2eb5,0x2eba,0x2ebf,0x3db0,0x3db5,0x3dba,0x3dbf,
	0x4db0,0x4db5,0x4dba,0x4dbf,0x6cb0,0x6cb5,0x6cba,0x6cbf,
	0x7bb0,0x7bb5,0x7bba,0x7bbf,0x9ab0,0x9ab5,0x9aba,0x9abf,
	0x45d0,0x45d5,0x45da,0x45df,0x54d0,0x54d5,0x54da,0x54df,
	0x63d0,0x63d5,0x63da,0x63df,0x83d0,0x83d5,0x83da,0x83df,
	0x92d0,0x92d5,0x92da,0x92df,0xb1d0,0xb1d5,0xb1da,0xb1df,
	0xc1d0,0xc1d5,0xc1da,0xc1df,0xd0d0,0xd0d5,0xd0da,0xd0df,
	0xffd0,0xffd5,0xffda,0xffdf,0x0ed0,0x0ed5,0x0eda,0x0edf,
	0x2ed0,0x2ed5,0x2eda,0x2edf,0x3dd0,0x3dd5,0x3dda,0x3ddf,
	0x4cd0,0x4cd5,0x4cda,0x4cdf,0x6cd0,0x6cd5,0x6cda,0x6cdf,
	0x7bd0,0x7bd5,0x7bda,0x7bdf,0x9ad0,0x9ad5,0x9ada,0x9adf,
	0x44f0,0x44f5,0x44fa,0x44ff,0x54f0,0x54f5,0x54fa,0x54ff,
	0x63f0,0x63f5,0x63fa,0x63ff,0x82f0,0x82f5,0x82fa,0x82ff,
	0x92f0,0x92f5,0x92fa,0x92ff,0xb1f0,0xb1f5,0xb1fa,0xb1ff,
	0xc0f0,0xc0f5,0xc0fa,0xc0ff,0xdff0,0xdff5,0xdffa,0xdfff,
	0xfff0,0xfff5,0xfffa,0xffff,0x0ef0,0x0ef5,0x0efa,0x0eff,
	0x2df0,0x2df5,0x2dfa,0x2dff,0x3df0,0x3df5,0x3dfa,0x3dff,
	0x4cf0,0x4cf5,0x4cfa,0x4cff,0x6bf0,0x6bf5,0x6bfa,0x6bff,
	0x7af0,0x7af5,0x7afa,0x7aff,0x9af0,0x9af5,0x9afa,0x9aff,
	0x4410,0x4415,0x441a,0x441f,0x5310,0x5315,0x531a,0x531f,
	0x6310,0x6315,0x631a,0x631f,0x8210,0x8215,0x821a,0x821f,
	0x9110,0x9115,0x911a,0x911f,0xb110,0xb115,0xb11a,0xb11f,
	0xc010,0xc015,0xc01a,0xc01f,0xdf10,0xdf15,0xdf1a,0xdf1f,
	0xfe10,0xfe15,0xfe1a,0xfe1f,0x0e10,0x0e15,0x0e1a,0x0e1f,
	0x2d10,0x2d15,0x2d1a,0x2d1f,0x3c10,0x3c15,0x3c1a,0x3c1f,
	0x4c10,0x4c15,0x4c1a,0x4c1f,0x6b10,0x6b15,0x6b1a,0x6b1f,
	0x7a10,0x7a15,0x7a1a,0x7a1f,0x9910,0x9915,0x991a,0x991f,
	0x4420,0x4425,0x442a,0x442f,0x5320,0x5325,0x532a,0x532f,
	0x6220,0x6225,0x622a,0x622f,0x8220,0x8225,0x822a,0x822f,
	0x9120,0x9125,0x912a,0x912f,0xb020,0xb025,0xb02a,0xb02f,
	0xcf20,0xcf25,0xcf2a,0xcf2f,0xdf20,0xdf25,0xdf2a,0xdf2f,
	0xfe20,0xfe25,0xfe2a,0xfe2f,0x0d20,0x0d25,0x0d2a,0x0d2f,
	0x2d20,0x2d25,0x2d2a,0x2d2f,0x3c20,0x3c25,0x3c2a,0x3c2f,
	0x4b20,0x4b25,0x4b2a,0x4b2f,0x6a20,0x6a25,0x6a2a,0x6a2f,
	0x7a20,0x7a25,0x7a2a,0x7a2f,0x9920,0x9925,0x992a,0x992f,
	0x4340,0x4345,0x434a,0x434f,0x5340,0x5345,0x534a,0x534f,
	0x6240,0x6245,0x624a,0x624f,0x8140,0x8145,0x814a,0x814f,
	0x9140,0x9145,0x914a,0x914f,0xb040,0xb045,0xb04a,0xb04f,
	0xcf40,0xcf45,0xcf4a,0xcf4f,0xde40,0xde45,0xde4a,0xde4f,
	0xfe40,0xfe45,0xfe4a,0xfe4f,0x0d40,0x0d45,0x0d4a,0x0d4f,
	0x2c40,0x2c45,0x2c4a,0x2c4f,0x3c40,0x3c45,0x3c4a,0x3c4f,
	0x4b40,0x4b45,0x4b4a,0x4b4f,0x6a40,0x6a45,0x6a4a,0x6a4f,
	0x7940,0x7945,0x794a,0x794f,0x9940,0x9945,0x994a,0x994f,
	0x4360,0x4365,0x436a,0x436f,0x5260,0x5265,0x526a,0x526f,
	0x6260,0x6265,0x626a,0x626f,0x8160,0x8165,0x816a,0x816f,
	0x9060,0x9065,0x906a,0x906f,0xb060,0xb065,0xb06a,0xb06f,
	0xcf60,0xcf65,0xcf6a,0xcf6f,0xde60,0xde65,0xde6a,0xde6f,
	0xfd60,0xfd65,0xfd6a,0xfd6f,0x0d60,0x0d65,0x0d6a,0x0d6f,
	0x2c60,0x2c65,0x2c6a,0x2c6f,0x3b60,0x3b65,0x3b6a,0x3b6f,
	0x4b60,0x4b65,0x4b6a,0x4b6f,0x6a60,0x6a65,0x6a6a,0x6a6f,
	0x7960,0x7965,0x796a,0x796f,0x9860,0x9865,0x986a,0x986f,
	0x4380,0x4385,0x438a,0x438f,0x5280,0x5285,0x528a,0x528f,
	0x6180,0x6185,0x618a,0x618f,0x8180,0x8185,0x818a,0x818f,
	0x9080,0x9085,0x908a,0x908f,0xbf80,0xbf85,0xbf8a,0xbf8f,
	0xce80,0xce85,0xce8a,0xce8f,0xde80,0xde85,0xde8a,0xde8f,
	0xfd80,0xfd85,0xfd8a,0xfd8f,0x0c80,0x0c85,0x0c8a,0x0c8f,
	0x2c80,0x2c85,0x2c8a,0x2c8f,0x3b80,0x3b85,0x3b8a,0x3b8f,
	0x4a80,0x4a85,0x4a8a,0x4a8f,0x6980,0x6985,0x698a,0x698f,
	0x7980,0x7985,0x798a,0x798f,0x9880,0x9885,0x988a,0x988f,
	0x4290,0x4295,0x429a,0x429f,0x5290,0x5295,0x529a,0x529f,
	0x6190,0x6195,0x619a,0x619f,0x8090,0x8095,0x809a,0x809f,
	0x9090,0x9095,0x909a,0x909f,0xbf90,0xbf95,0xbf9a,0xbf9f,
	0xce90,0xce95,0xce9a,0xce9f,0xdd90,0xdd95,0xdd9a,0xdd9f,
	0xfd90,0xfd95,0xfd9a,0xfd9f,0x0c90,0x0c95,0x0c9a,0x0c9f,
	0x2b90,0x2b95,0x2b9a,0x2b9f,0x3b90,0x3b95,0x3b9a,0x3b9f,
	0x4a90,0x4a95,0x4a9a,0x4a9f,0x6990,0x6995,0x699a,0x699f,
	0x7890,0x7895,0x789a,0x789f,0x9890,0x9895,0x989a,0x989f,
	0x42b0,0x42b5,0x42ba,0x42bf,0x51b0,0x51b5,0x51ba,0x51bf,
	0x61b0,0x61b5,0x61ba,0x61bf,0x80b0,0x80b5,0x80ba,0x80bf,
	0x9fb0,0x9fb5,0x9fba,0x9fbf,0xbeb0,0xbeb5,0xbeba,0xbebf,
	0xceb0,0xceb5,0xceba,0xcebf,0xddb0,0xddb5,0xddba,0xddbf,
	0xfcb0,0xfcb5,0xfcba,0xfcbf,0x0cb0,0x0cb5,0x0cba,0x0cbf,
	0x2bb0,0x2bb5,0x2bba,0x2bbf,0x3ab0,0x3ab5,0x3aba,0x3abf,
	0x49b0,0x49b5,0x49ba,0x49bf,0x69b0,0x69b5,0x69ba,0x69bf,
	0x78b0,0x78b5,0x78ba,0x78bf,0x97b0,0x97b5,0x97ba,0x97bf,
	0x4810,0x4815,0x481a,0x481f,0x5710,0x5715,0x571a,0x571f,
	0x7610,0x7615,0x761a,0x761f,0x8610,0x8615,0x861a,0x861f,
	0xa510,0xa515,0xa51a,0xa51f,0xb410,0xb415,0xb41a,0xb41f,
	0xc310,0xc315,0xc31a,0xc31f,0xe310,0xe315,0xe31a,0xe31f,
	0xf210,0xf215,0xf21a,0xf21f,0x1110,0x1115,0x111a,0x111f,
	0x2110,0x2115,0x211a,0x211f,0x3010,0x3015,0x301a,0x301f,
	0x5f10,0x5f15,0x5f1a,0x5f1f,0x6e10,0x6e15,0x6e1a,0x6e1f,
	0x8e10,0x8e15,0x8e1a,0x8e1f,0x9d10,0x9d15,0x9d1a,0x9d1f,
	0x4730,0x4735,0x473a,0x473f,0x5730,0x5735,0x573a,0x573f,
	0x7630,0x7635,0x763a,0x763f,0x8530,0x8535,0x853a,0x853f,
	0xa530,0xa535,0xa53a,0xa53f,0xb430,0xb435,0xb43a,0xb43f,
	0xc330,0xc335,0xc33a,0xc33f,0xe230,0xe235,0xe23a,0xe23f,
	0xf230,0xf235,0xf23a,0xf23f,0x1130,0x1135,0x113a,0x113f,
	0x2030,0x2035,0x203a,0x203f,0x3030,0x3035,0x303a,0x303f,
	0x5f30,0x5f35,0x5f3a,0x5f3f,0x6e30,0x6e35,0x6e3a,0x6e3f,
	0x8d30,0x8d35,0x8d3a,0x8d3f,0x9d30,0x9d35,0x9d3a,0x9d3f,
	0x4750,0x4755,0x475a,0x475f,0x5650,0x5655,0x565a,0x565f,
	0x7650,0x7655,0x765a,0x765f,0x8550,0x8555,0x855a,0x855f,
	0xa450,0xa455,0xa45a,0xa45f,0xb350,0xb355,0xb35a,0xb35f,
	0xc350,0xc355,0xc35a,0xc35f,0xe250,0xe255,0xe25a,0xe25f,
	0xf150,0xf155,0xf15a,0xf15f,0x1150,0x1155,0x115a,0x115f,
	0x2050,0x2055,0x205a,0x205f,0x3f50,0x3f55,0x3f5a,0x3f5f,
	0x5e50,0x5e55,0x5e5a,0x5e5f,0x6e50,0x6e55,0x6e5a,0x6e5f,
	0x8d50,0x8d55,0x8d5a,0x8d5f,0x9c50,0x9c55,0x9c5a,0x9c5f,
	0x4760,0x4765,0x476a,0x476f,0x5660,0x5665,0x566a,0x566f,
	0x7560,0x7565,0x756a,0x756f,0x8560,0x8565,0x856a,0x856f,
	0xa460,0xa465,0xa46a,0xa46f,0xb360,0xb365,0xb36a,0xb36f,
	0xc260,0xc265,0xc26a,0xc26f,0xe260,0xe265,0xe26a,0xe26f,
	0xf160,0xf165,0xf16a,0xf16f,0x1060,0x1065,0x106a,0x106f,
	0x2060,0x2065,0x206a,0x206f,0x3f60,0x3f65,0x3f6a,0x3f6f,
	0x5e60,0x5e65,0x5e6a,0x5e6f,0x6d60,0x6d65,0x6d6a,0x6d6f,
	0x8d60,0x8d65,0x8d6a,0x8d6f,0x9c60,0x9c65,0x9c6a,0x9c6f,
	0x4680,0x4685,0x468a,0x468f,0x5680,0x5685,0x568a,0x568f,
	0x7580,0x7585,0x758a,0x758f,0x8480,0x8485,0x848a,0x848f,
	0xa380,0xa385,0xa38a,0xa38f,0xb380,0xb385,0xb38a,0xb38f,
	0xc280,0xc285,0xc28a,0xc28f,0xe180,0xe185,0xe18a,0xe18f,
	0xf180,0xf185,0xf18a,0xf18f,0x1080,0x1085,0x108a,0x108f,
	0x2f80,0x2f85,0x2f8a,0x2f8f,0x3e80,0x3e85,0x3e8a,0x3e8f,
	0x5e80,0x5e85,0x5e8a,0x5e8f,0x6d80,0x6d85,0x6d8a,0x6d8f,
	0x8c80,0x8c85,0x8c8a,0x8c8f,0x9c80,0x9c85,0x9c8a,0x9c8f,
	0x46a0,0x46a5,0x46aa,0x46af,0x55a0,0x55a5,0x55aa,0x55af,
	0x75a0,0x75a5,0x75aa,0x75af,0x84a0,0x84a5,0x84aa,0x84af,
	0xa3a0,0xa3a5,0xa3aa,0xa3af,0xb2a0,0xb2a5,0xb2aa,0xb2af,
	0xc2a0,0xc2a5,0xc2aa,0xc2af,0xe1a0,0xe1a5,0xe1aa,0xe1af,
	0xf0a0,0xf0a5,0xf0aa,0xf0af,0x10a0,0x10a5,0x10aa,0x10af,
	0x2fa0,0x2fa5,0x2faa,0x2faf,0x3ea0,0x3ea5,0x3eaa,0x3eaf,
	0x5da0,0x5da5,0x5daa,0x5daf,0x6da0,0x6da5,0x6daa,0x6daf,
	0x8ca0,0x8ca5,0x8caa,0x8caf,0x9ba0,0x9ba5,0x9baa,0x9baf,
	0x46c0,0x46c5,0x46ca,0x46cf,0x55c0,0x55c5,0x55ca,0x55cf,
	0x74c0,0x74c5,0x74ca,0x74cf,0x84c0,0x84c5,0x84ca,0x84cf,
	0xa3c0,0xa3c5,0xa3ca,0xa3cf,0xb2c0,0xb2c5,0xb2ca,0xb2cf,
	0xc1c0,0xc1c5,0xc1ca,0xc1cf,0xe1c0,0xe1c5,0xe1ca,0xe1cf,
	0xf0c0,0xf0c5,0xf0ca,0xf0cf,0x1fc0,0x1fc5,0x1fca,0x1fcf,
	0x2fc0,0x2fc5,0x2fca,0x2fcf,0x3ec0,0x3ec5,0x3eca,0x3ecf,
	0x5dc0,0x5dc5,0x5dca,0x5dcf,0x6cc0,0x6cc5,0x6cca,0x6ccf,
	0x8cc0,0x8cc5,0x8cca,0x8ccf,0x9bc0,0x9bc5,0x9bca,0x9bcf,
	0x45d0,0x45d5,0x45da,0x45df,0x55d0,0x55d5,0x55da,0x55df,
	0x74d0,0x74d5,0x74da,0x74df,0x83d0,0x83d5,0x83da,0x83df,
	0xa2d0,0xa2d5,0xa2da,0xa2df,0xb2d0,0xb2d5,0xb2da,0xb2df,
	0xc1d0,0xc1d5,0xc1da,0xc1df,0xe0d0,0xe0d5,0xe0da,0xe0df,
	0xf0d0,0xf0d5,0xf0da,0xf0df,0x1fd0,0x1fd5,0x1fda,0x1fdf,
	0x2ed0,0x2ed5,0x2eda,0x2edf,0x3dd0,0x3dd5,0x3dda,0x3ddf,
	0x5dd0,0x5dd5,0x5dda,0x5ddf,0x6cd0,0x6cd5,0x6cda,0x6cdf,
	0x8bd0,0x8bd5,0x8bda,0x8bdf,0x9bd0,0x9bd5,0x9bda,0x9bdf,
	0x45f0,0x45f5,0x45fa,0x45ff,0x54f0,0x54f5,0x54fa,0x54ff,
	0x74f0,0x74f5,0x74fa,0x74ff,0x83f0,0x83f5,0x83fa,0x83ff,
	0xa2f0,0xa2f5,0xa2fa,0xa2ff,0xb1f0,0xb1f5,0xb1fa,0xb1ff,
	0xc1f0,0xc1f5,0xc1fa,0xc1ff,0xe0f0,0xe0f5,0xe0fa,0xe0ff,
	0xfff0,0xfff5,0xfffa,0xffff,0x1ff0,0x1ff5,0x1ffa,0x1fff,
	0x2ef0,0x2ef5,0x2efa,0x2eff,0x3df0,0x3df5,0x3dfa,0x3dff,
	0x5cf0,0x5cf5,0x5cfa,0x5cff,0x6cf0,0x6cf5,0x6cfa,0x6cff,
	0x8bf0,0x8bf5,0x8bfa,0x8bff,0x9af0,0x9af5,0x9afa,0x9aff,
	0x4510,0x4515,0x451a,0x451f,0x5410,0x5415,0x541a,0x541f,
	0x7310,0x7315,0x731a,0x731f,0x8210,0x8215,0x821a,0x821f,
	0xa210,0xa215,0xa21a,0xa21f,0xb110,0xb115,0xb11a,0xb11f,
	0xc010,0xc015,0xc01a,0xc01f,0xe010,0xe015,0xe01a,0xe01f,
	0xff10,0xff15,0xff1a,0xff1f,0x1e10,0x1e15,0x1e1a,0x1e1f,
	0x2d10,0x2d15,0x2d1a,0x2d1f,0x3d10,0x3d15,0x3d1a,0x3d1f,
	0x5c10,0x5c15,0x5c1a,0x5c1f,0x6b10,0x6b15,0x6b1a,0x6b1f,
	0x8b10,0x8b15,0x8b1a,0x8b1f,0x9a10,0x9a15,0x9a1a,0x9a1f,
	0x4430,0x4435,0x443a,0x443f,0x5430,0x5435,0x543a,0x543f,
	0x7330,0x7335,0x733a,0x733f,0x8230,0x8235,0x823a,0x823f,
	0xa130,0xa135,0xa13a,0xa13f,0xb130,0xb135,0xb13a,0xb13f,
	0xc030,0xc035,0xc03a,0xc03f,0xef30,0xef35,0xef3a,0xef3f,
	0xff30,0xff35,0xff3a,0xff3f,0x1e30,0x1e35,0x1e3a,0x1e3f,
	0x2d30,0x2d35,0x2d3a,0x2d3f,0x3c30,0x3c35,0x3c3a,0x3c3f,
	0x5c30,0x5c35,0x5c3a,0x5c3f,0x6b30,0x6b35,0x6b3a,0x6b3f,
	0x8a30,0x8a35,0x8a3a,0x8a3f,0x9a30,0x9a35,0x9a3a,0x9a3f,
	0x4450,0x4455,0x445a,0x445f,0x5350,0x5355,0x535a,0x535f,
	0x7350,0x7355,0x735a,0x735f,0x8250,0x8255,0x825a,0x825f,
	0xa150,0xa155,0xa15a,0xa15f,0xb050,0xb055,0xb05a,0xb05f,
	0xc050,0xc055,0xc05a,0xc05f,0xef50,0xef55,0xef5a,0xef5f,
	0xfe50,0xfe55,0xfe5a,0xfe5f,0x1e50,0x1e55,0x1e5a,0x1e5f,
	0x2d50,0x2d55,0x2d5a,0x2d5f,0x3c50,0x3c55,0x3c5a,0x3c5f,
	0x5b50,0x5b55,0x5b5a,0x5b5f,0x6b50,0x6b55,0x6b5a,0x6b5f,
	0x8a50,0x8a55,0x8a5a,0x8a5f,0x9950,0x9955,0x995a,0x995f,
	0x4460,0x4465,0x446a,0x446f,0x5360,0x5365,0x536a,0x536f,
	0x7260,0x7265,0x726a,0x726f,0x8160,0x8165,0x816a,0x816f,
	0xa160,0xa165,0xa16a,0xa16f,0xb060,0xb065,0xb06a,0xb06f,
	0xcf60,0xcf65,0xcf6a,0xcf6f,0xef60,0xef65,0xef6a,0xef6f,
	0xfe60,0xfe65,0xfe6a,0xfe6f,0x1d60,0x1d65,0x1d6a,0x1d6f,
	0x2c60,0x2c65,0x2c6a,0x2c6f,0x3c60,0x3c65,0x3c6a,0x3c6f,
	0x5b60,0x5b65,0x5b6a,0x5b6f,0x6a60,0x6a65,0x6a6a,0x6a6f,
	0x8a60,0x8a65,0x8a6a,0x8a6f,0x9960,0x9965,0x996a,0x996f,
	0x4380,0x4385,0x438a,0x438f,0x5380,0x5385,0x538a,0x538f,
	0x7280,0x7285,0x728a,0x728f,0x8180,0x8185,0x818a,0x818f,
	0xa080,0xa085,0xa08a,0xa08f,0xb080,0xb085,0xb08a,0xb08f,
	0xcf80,0xcf85,0xcf8a,0xcf8f,0xee80,0xee85,0xee8a,0xee8f,
	0xfe80,0xfe85,0xfe8a,0xfe8f,0x1d80,0x1d85,0x1d8a,0x1d8f,
	0x2c80,0x2c85,0x2c8a,0x2c8f,0x3b80,0x3b85,0x3b8a,0x3b8f,
	0x5b80,0x5b85,0x5b8a,0x5b8f,0x6a80,0x6a85,0x6a8a,0x6a8f,
	0x8980,0x8985,0x898a,0x898f,0x9980,0x9985,0x998a,0x998f,
	0x43a0,0x43a5,0x43aa,0x43af,0x52a0,0x52a5,0x52aa,0x52af,
	0x71a0,0x71a5,0x71aa,0x71af,0x81a0,0x81a5,0x81aa,0x81af,
	0xa0a0,0xa0a5,0xa0aa,0xa0af,0xbfa0,0xbfa5,0xbfaa,0xbfaf,
	0xcfa0,0xcfa5,0xcfaa,0xcfaf,0xeea0,0xeea5,0xeeaa,0xeeaf,
	0xfda0,0xfda5,0xfdaa,0xfdaf,0x1ca0,0x1ca5,0x1caa,0x1caf,
	0x2ca0,0x2ca5,0x2caa,0x2caf,0x3ba0,0x3ba5,0x3baa,0x3baf,
	0x5aa0,0x5aa5,0x5aaa,0x5aaf,0x6aa0,0x6aa5,0x6aaa,0x6aaf,
	0x89a0,0x89a5,0x89aa,0x89af,0x98a0,0x98a5,0x98aa,0x98af,
	0x43c0,0x43c5,0x43ca,0x43cf,0x52c0,0x52c5,0x52ca,0x52cf,
	0x71c0,0x71c5,0x71ca,0x71cf,0x80c0,0x80c5,0x80ca,0x80cf,
	0xa0c0,0xa0c5,0xa0ca,0xa0cf,0xbfc0,0xbfc5,0xbfca,0xbfcf,
	0xcec0,0xcec5,0xceca,0xcecf,0xeec0,0xeec5,0xeeca,0xeecf,
	0xfdc0,0xfdc5,0xfdca,0xfdcf,0x1cc0,0x1cc5,0x1cca,0x1ccf,
	0x2bc0,0x2bc5,0x2bca,0x2bcf,0x3bc0,0x3bc5,0x3bca,0x3bcf,
	0x5ac0,0x5ac5,0x5aca,0x5acf,0x69c0,0x69c5,0x69ca,0x69cf,
	0x89c0,0x89c5,0x89ca,0x89cf,0x98c0,0x98c5,0x98ca,0x98cf
};
#endif
#if(YCbCrCount==16)
u16 YCbCr2RGB[64*1024]= {
	0x4810,0x4815,0x481a,0x481f,0x6710,0x6715,0x671a,0x671f,
	0x7710,0x7715,0x771a,0x771f,0x9610,0x9615,0x961a,0x961f,
	0xa510,0xa515,0xa51a,0xa51f,0xb410,0xb415,0xb41a,0xb41f,
	0xd410,0xd415,0xd41a,0xd41f,0xe310,0xe315,0xe31a,0xe31f,
	0x0210,0x0215,0x021a,0x021f,0x1210,0x1215,0x121a,0x121f,
	0x2110,0x2115,0x211a,0x211f,0x4010,0x4015,0x401a,0x401f,
	0x5f10,0x5f15,0x5f1a,0x5f1f,0x7f10,0x7f15,0x7f1a,0x7f1f,
	0x8e10,0x8e15,0x8e1a,0x8e1f,0x9d10,0x9d15,0x9d1a,0x9d1f,
	0x4830,0x4835,0x483a,0x483f,0x6730,0x6735,0x673a,0x673f,
	0x7630,0x7635,0x763a,0x763f,0x9530,0x9535,0x953a,0x953f,
	0xa530,0xa535,0xa53a,0xa53f,0xb430,0xb435,0xb43a,0xb43f,
	0xd330,0xd335,0xd33a,0xd33f,0xe330,0xe335,0xe33a,0xe33f,
	0x0230,0x0235,0x023a,0x023f,0x1130,0x1135,0x113a,0x113f,
	0x2030,0x2035,0x203a,0x203f,0x4030,0x4035,0x403a,0x403f,
	0x5f30,0x5f35,0x5f3a,0x5f3f,0x7e30,0x7e35,0x7e3a,0x7e3f,
	0x8e30,0x8e35,0x8e3a,0x8e3f,0x9d30,0x9d35,0x9d3a,0x9d3f,
	0x4750,0x4755,0x475a,0x475f,0x6750,0x6755,0x675a,0x675f,
	0x7650,0x7655,0x765a,0x765f,0x9550,0x9555,0x955a,0x955f,
	0xa450,0xa455,0xa45a,0xa45f,0xb450,0xb455,0xb45a,0xb45f,
	0xd350,0xd355,0xd35a,0xd35f,0xe250,0xe255,0xe25a,0xe25f,
	0x0250,0x0255,0x025a,0x025f,0x1150,0x1155,0x115a,0x115f,
	0x2050,0x2055,0x205a,0x205f,0x4f50,0x4f55,0x4f5a,0x4f5f,
	0x5f50,0x5f55,0x5f5a,0x5f5f,0x7e50,0x7e55,0x7e5a,0x7e5f,
	0x8d50,0x8d55,0x8d5a,0x8d5f,0x9d50,0x9d55,0x9d5a,0x9d5f,
	0x4770,0x4775,0x477a,0x477f,0x6670,0x6675,0x667a,0x667f,
	0x7670,0x7675,0x767a,0x767f,0x9570,0x9575,0x957a,0x957f,
	0xa470,0xa475,0xa47a,0xa47f,0xb370,0xb375,0xb37a,0xb37f,
	0xd370,0xd375,0xd37a,0xd37f,0xe270,0xe275,0xe27a,0xe27f,
	0x0170,0x0175,0x017a,0x017f,0x1170,0x1175,0x117a,0x117f,
	0x2070,0x2075,0x207a,0x207f,0x4f70,0x4f75,0x4f7a,0x4f7f,
	0x5e70,0x5e75,0x5e7a,0x5e7f,0x7e70,0x7e75,0x7e7a,0x7e7f,
	0x8d70,0x8d75,0x8d7a,0x8d7f,0x9c70,0x9c75,0x9c7a,0x9c7f,
	0x4780,0x4785,0x478a,0x478f,0x6680,0x6685,0x668a,0x668f,
	0x7580,0x7585,0x758a,0x758f,0x9480,0x9485,0x948a,0x948f,
	0xa480,0xa485,0xa48a,0xa48f,0xb380,0xb385,0xb38a,0xb38f,
	0xd280,0xd285,0xd28a,0xd28f,0xe280,0xe285,0xe28a,0xe28f,
	0x0180,0x0185,0x018a,0x018f,0x1080,0x1085,0x108a,0x108f,
	0x2080,0x2085,0x208a,0x208f,0x4f80,0x4f85,0x4f8a,0x4f8f,
	0x5e80,0x5e85,0x5e8a,0x5e8f,0x7d80,0x7d85,0x7d8a,0x7d8f,
	0x8d80,0x8d85,0x8d8a,0x8d8f,0x9c80,0x9c85,0x9c8a,0x9c8f,
	0x46a0,0x46a5,0x46aa,0x46af,0x66a0,0x66a5,0x66aa,0x66af,
	0x75a0,0x75a5,0x75aa,0x75af,0x94a0,0x94a5,0x94aa,0x94af,
	0xa3a0,0xa3a5,0xa3aa,0xa3af,0xb3a0,0xb3a5,0xb3aa,0xb3af,
	0xd2a0,0xd2a5,0xd2aa,0xd2af,0xe1a0,0xe1a5,0xe1aa,0xe1af,
	0x01a0,0x01a5,0x01aa,0x01af,0x10a0,0x10a5,0x10aa,0x10af,
	0x2fa0,0x2fa5,0x2faa,0x2faf,0x4ea0,0x4ea5,0x4eaa,0x4eaf,
	0x5ea0,0x5ea5,0x5eaa,0x5eaf,0x7da0,0x7da5,0x7daa,0x7daf,
	0x8ca0,0x8ca5,0x8caa,0x8caf,0x9ca0,0x9ca5,0x9caa,0x9caf,
	0x46c0,0x46c5,0x46ca,0x46cf,0x65c0,0x65c5,0x65ca,0x65cf,
	0x74c0,0x74c5,0x74ca,0x74cf,0x94c0,0x94c5,0x94ca,0x94cf,
	0xa3c0,0xa3c5,0xa3ca,0xa3cf,0xb2c0,0xb2c5,0xb2ca,0xb2cf,
	0xd2c0,0xd2c5,0xd2ca,0xd2cf,0xe1c0,0xe1c5,0xe1ca,0xe1cf,
	0x00c0,0x00c5,0x00ca,0x00cf,0x10c0,0x10c5,0x10ca,0x10cf,
	0x2fc0,0x2fc5,0x2fca,0x2fcf,0x4ec0,0x4ec5,0x4eca,0x4ecf,
	0x5dc0,0x5dc5,0x5dca,0x5dcf,0x7dc0,0x7dc5,0x7dca,0x7dcf,
	0x8cc0,0x8cc5,0x8cca,0x8ccf,0x9bc0,0x9bc5,0x9bca,0x9bcf,
	0x46e0,0x46e5,0x46ea,0x46ef,0x65e0,0x65e5,0x65ea,0x65ef,
	0x74e0,0x74e5,0x74ea,0x74ef,0x93e0,0x93e5,0x93ea,0x93ef,
	0xa3e0,0xa3e5,0xa3ea,0xa3ef,0xb2e0,0xb2e5,0xb2ea,0xb2ef,
	0xd1e0,0xd1e5,0xd1ea,0xd1ef,0xe1e0,0xe1e5,0xe1ea,0xe1ef,
	0x00e0,0x00e5,0x00ea,0x00ef,0x1fe0,0x1fe5,0x1fea,0x1fef,
	0x2ee0,0x2ee5,0x2eea,0x2eef,0x4ee0,0x4ee5,0x4eea,0x4eef,
	0x5de0,0x5de5,0x5dea,0x5def,0x7ce0,0x7ce5,0x7cea,0x7cef,
	0x8ce0,0x8ce5,0x8cea,0x8cef,0x9be0,0x9be5,0x9bea,0x9bef,
	0x4500,0x4505,0x450a,0x450f,0x6400,0x6405,0x640a,0x640f,
	0x7400,0x7405,0x740a,0x740f,0x9300,0x9305,0x930a,0x930f,
	0xa200,0xa205,0xa20a,0xa20f,0xb200,0xb205,0xb20a,0xb20f,
	0xd100,0xd105,0xd10a,0xd10f,0xe000,0xe005,0xe00a,0xe00f,
	0x0000,0x0005,0x000a,0x000f,0x1f00,0x1f05,0x1f0a,0x1f0f,
	0x2e00,0x2e05,0x2e0a,0x2e0f,0x4d00,0x4d05,0x4d0a,0x4d0f,
	0x5d00,0x5d05,0x5d0a,0x5d0f,0x7c00,0x7c05,0x7c0a,0x7c0f,
	0x8b00,0x8b05,0x8b0a,0x8b0f,0x9b00,0x9b05,0x9b0a,0x9b0f,
	0x4510,0x4515,0x451a,0x451f,0x6410,0x6415,0x641a,0x641f,
	0x7310,0x7315,0x731a,0x731f,0x9310,0x9315,0x931a,0x931f,
	0xa210,0xa215,0xa21a,0xa21f,0xb110,0xb115,0xb11a,0xb11f,
	0xd110,0xd115,0xd11a,0xd11f,0xe010,0xe015,0xe01a,0xe01f,
	0x0f10,0x0f15,0x0f1a,0x0f1f,0x1f10,0x1f15,0x1f1a,0x1f1f,
	0x2e10,0x2e15,0x2e1a,0x2e1f,0x4d10,0x4d15,0x4d1a,0x4d1f,
	0x5c10,0x5c15,0x5c1a,0x5c1f,0x7c10,0x7c15,0x7c1a,0x7c1f,
	0x8b10,0x8b15,0x8b1a,0x8b1f,0x9a10,0x9a15,0x9a1a,0x9a1f,
	0x4530,0x4535,0x453a,0x453f,0x6430,0x6435,0x643a,0x643f,
	0x7330,0x7335,0x733a,0x733f,0x9230,0x9235,0x923a,0x923f,
	0xa230,0xa235,0xa23a,0xa23f,0xb130,0xb135,0xb13a,0xb13f,
	0xd030,0xd035,0xd03a,0xd03f,0xe030,0xe035,0xe03a,0xe03f,
	0x0f30,0x0f35,0x0f3a,0x0f3f,0x1e30,0x1e35,0x1e3a,0x1e3f,
	0x2d30,0x2d35,0x2d3a,0x2d3f,0x4d30,0x4d35,0x4d3a,0x4d3f,
	0x5c30,0x5c35,0x5c3a,0x5c3f,0x7b30,0x7b35,0x7b3a,0x7b3f,
	0x8b30,0x8b35,0x8b3a,0x8b3f,0x9a30,0x9a35,0x9a3a,0x9a3f,
	0x4450,0x4455,0x445a,0x445f,0x6350,0x6355,0x635a,0x635f,
	0x7350,0x7355,0x735a,0x735f,0x9250,0x9255,0x925a,0x925f,
	0xa150,0xa155,0xa15a,0xa15f,0xb150,0xb155,0xb15a,0xb15f,
	0xd050,0xd055,0xd05a,0xd05f,0xef50,0xef55,0xef5a,0xef5f,
	0x0f50,0x0f55,0x0f5a,0x0f5f,0x1e50,0x1e55,0x1e5a,0x1e5f,
	0x2d50,0x2d55,0x2d5a,0x2d5f,0x4c50,0x4c55,0x4c5a,0x4c5f,
	0x5c50,0x5c55,0x5c5a,0x5c5f,0x7b50,0x7b55,0x7b5a,0x7b5f,
	0x8a50,0x8a55,0x8a5a,0x8a5f,0x9a50,0x9a55,0x9a5a,0x9a5f,
	0x4470,0x4475,0x447a,0x447f,0x6370,0x6375,0x637a,0x637f,
	0x7270,0x7275,0x727a,0x727f,0x9270,0x9275,0x927a,0x927f,
	0xa170,0xa175,0xa17a,0xa17f,0xb070,0xb075,0xb07a,0xb07f,
	0xd070,0xd075,0xd07a,0xd07f,0xef70,0xef75,0xef7a,0xef7f,
	0x0e70,0x0e75,0x0e7a,0x0e7f,0x1d70,0x1d75,0x1d7a,0x1d7f,
	0x2d70,0x2d75,0x2d7a,0x2d7f,0x4c70,0x4c75,0x4c7a,0x4c7f,
	0x5b70,0x5b75,0x5b7a,0x5b7f,0x7b70,0x7b75,0x7b7a,0x7b7f,
	0x8a70,0x8a75,0x8a7a,0x8a7f,0x9970,0x9975,0x997a,0x997f,
	0x4380,0x4385,0x438a,0x438f,0x6380,0x6385,0x638a,0x638f,
	0x7280,0x7285,0x728a,0x728f,0x9180,0x9185,0x918a,0x918f,
	0xa180,0xa185,0xa18a,0xa18f,0xb080,0xb085,0xb08a,0xb08f,
	0xdf80,0xdf85,0xdf8a,0xdf8f,0xef80,0xef85,0xef8a,0xef8f,
	0x0e80,0x0e85,0x0e8a,0x0e8f,0x1d80,0x1d85,0x1d8a,0x1d8f,
	0x2c80,0x2c85,0x2c8a,0x2c8f,0x4c80,0x4c85,0x4c8a,0x4c8f,
	0x5b80,0x5b85,0x5b8a,0x5b8f,0x7a80,0x7a85,0x7a8a,0x7a8f,
	0x8a80,0x8a85,0x8a8a,0x8a8f,0x9980,0x9985,0x998a,0x998f,
	0x43a0,0x43a5,0x43aa,0x43af,0x62a0,0x62a5,0x62aa,0x62af,
	0x72a0,0x72a5,0x72aa,0x72af,0x91a0,0x91a5,0x91aa,0x91af,
	0xa0a0,0xa0a5,0xa0aa,0xa0af,0xb0a0,0xb0a5,0xb0aa,0xb0af,
	0xdfa0,0xdfa5,0xdfaa,0xdfaf,0xeea0,0xeea5,0xeeaa,0xeeaf,
	0x0da0,0x0da5,0x0daa,0x0daf,0x1da0,0x1da5,0x1daa,0x1daf,
	0x2ca0,0x2ca5,0x2caa,0x2caf,0x4ba0,0x4ba5,0x4baa,0x4baf,
	0x5ba0,0x5ba5,0x5baa,0x5baf,0x7aa0,0x7aa5,0x7aaa,0x7aaf,
	0x89a0,0x89a5,0x89aa,0x89af,0x98a0,0x98a5,0x98aa,0x98af,
	0x43c0,0x43c5,0x43ca,0x43cf,0x62c0,0x62c5,0x62ca,0x62cf,
	0x71c0,0x71c5,0x71ca,0x71cf,0x91c0,0x91c5,0x91ca,0x91cf,
	0xa0c0,0xa0c5,0xa0ca,0xa0cf,0xbfc0,0xbfc5,0xbfca,0xbfcf,
	0xdfc0,0xdfc5,0xdfca,0xdfcf,0xeec0,0xeec5,0xeeca,0xeecf,
	0x0dc0,0x0dc5,0x0dca,0x0dcf,0x1cc0,0x1cc5,0x1cca,0x1ccf,
	0x2cc0,0x2cc5,0x2cca,0x2ccf,0x4bc0,0x4bc5,0x4bca,0x4bcf,
	0x5ac0,0x5ac5,0x5aca,0x5acf,0x7ac0,0x7ac5,0x7aca,0x7acf,
	0x89c0,0x89c5,0x89ca,0x89cf,0x98c0,0x98c5,0x98ca,0x98cf,
	0x5820,0x5825,0x582a,0x582f,0x6820,0x6825,0x682a,0x682f,
	0x7720,0x7725,0x772a,0x772f,0x9620,0x9625,0x962a,0x962f,
	0xa520,0xa525,0xa52a,0xa52f,0xc520,0xc525,0xc52a,0xc52f,
	0xd420,0xd425,0xd42a,0xd42f,0xe320,0xe325,0xe32a,0xe32f,
	0x0320,0x0325,0x032a,0x032f,0x1220,0x1225,0x122a,0x122f,
	0x3120,0x3125,0x312a,0x312f,0x4020,0x4025,0x402a,0x402f,
	0x5020,0x5025,0x502a,0x502f,0x7f20,0x7f25,0x7f2a,0x7f2f,
	0x8e20,0x8e25,0x8e2a,0x8e2f,0xae20,0xae25,0xae2a,0xae2f,
	0x5830,0x5835,0x583a,0x583f,0x6730,0x6735,0x673a,0x673f,
	0x7630,0x7635,0x763a,0x763f,0x9630,0x9635,0x963a,0x963f,
	0xa530,0xa535,0xa53a,0xa53f,0xc430,0xc435,0xc43a,0xc43f,
	0xd430,0xd435,0xd43a,0xd43f,0xe330,0xe335,0xe33a,0xe33f,
	0x0230,0x0235,0x023a,0x023f,0x1130,0x1135,0x113a,0x113f,
	0x3130,0x3135,0x313a,0x313f,0x4030,0x4035,0x403a,0x403f,
	0x5f30,0x5f35,0x5f3a,0x5f3f,0x7f30,0x7f35,0x7f3a,0x7f3f,
	0x8e30,0x8e35,0x8e3a,0x8e3f,0xad30,0xad35,0xad3a,0xad3f,
	0x5850,0x5855,0x585a,0x585f,0x6750,0x6755,0x675a,0x675f,
	0x7650,0x7655,0x765a,0x765f,0x9550,0x9555,0x955a,0x955f,
	0xa550,0xa555,0xa55a,0xa55f,0xc450,0xc455,0xc45a,0xc45f,
	0xd350,0xd355,0xd35a,0xd35f,0xe350,0xe355,0xe35a,0xe35f,
	0x0250,0x0255,0x025a,0x025f,0x1150,0x1155,0x115a,0x115f,
	0x3050,0x3055,0x305a,0x305f,0x4050,0x4055,0x405a,0x405f,
	0x5f50,0x5f55,0x5f5a,0x5f5f,0x7e50,0x7e55,0x7e5a,0x7e5f,
	0x8e50,0x8e55,0x8e5a,0x8e5f,0xad50,0xad55,0xad5a,0xad5f,
	0x5770,0x5775,0x577a,0x577f,0x6670,0x6675,0x667a,0x667f,
	0x7670,0x7675,0x767a,0x767f,0x9570,0x9575,0x957a,0x957f,
	0xa470,0xa475,0xa47a,0xa47f,0xc470,0xc475,0xc47a,0xc47f,
	0xd370,0xd375,0xd37a,0xd37f,0xe270,0xe275,0xe27a,0xe27f,
	0x0170,0x0175,0x017a,0x017f,0x1170,0x1175,0x117a,0x117f,
	0x3070,0x3075,0x307a,0x307f,0x4f70,0x4f75,0x4f7a,0x4f7f,
	0x5f70,0x5f75,0x5f7a,0x5f7f,0x7e70,0x7e75,0x7e7a,0x7e7f,
	0x8d70,0x8d75,0x8d7a,0x8d7f,0xad70,0xad75,0xad7a,0xad7f,
	0x5790,0x5795,0x579a,0x579f,0x6690,0x6695,0x669a,0x669f,
	0x7590,0x7595,0x759a,0x759f,0x9590,0x9595,0x959a,0x959f,
	0xa490,0xa495,0xa49a,0xa49f,0xc390,0xc395,0xc39a,0xc39f,
	0xd390,0xd395,0xd39a,0xd39f,0xe290,0xe295,0xe29a,0xe29f,
	0x0190,0x0195,0x019a,0x019f,0x1090,0x1095,0x109a,0x109f,
	0x3090,0x3095,0x309a,0x309f,0x4f90,0x4f95,0x4f9a,0x4f9f,
	0x5e90,0x5e95,0x5e9a,0x5e9f,0x7e90,0x7e95,0x7e9a,0x7e9f,
	0x8d90,0x8d95,0x8d9a,0x8d9f,0xac90,0xac95,0xac9a,0xac9f,
	0x56a0,0x56a5,0x56aa,0x56af,0x66a0,0x66a5,0x66aa,0x66af,
	0x75a0,0x75a5,0x75aa,0x75af,0x94a0,0x94a5,0x94aa,0x94af,
	0xa4a0,0xa4a5,0xa4aa,0xa4af,0xc3a0,0xc3a5,0xc3aa,0xc3af,
	0xd2a0,0xd2a5,0xd2aa,0xd2af,0xe1a0,0xe1a5,0xe1aa,0xe1af,
	0x01a0,0x01a5,0x01aa,0x01af,0x10a0,0x10a5,0x10aa,0x10af,
	0x3fa0,0x3fa5,0x3faa,0x3faf,0x4fa0,0x4fa5,0x4faa,0x4faf,
	0x5ea0,0x5ea5,0x5eaa,0x5eaf,0x7da0,0x7da5,0x7daa,0x7daf,
	0x8da0,0x8da5,0x8daa,0x8daf,0xaca0,0xaca5,0xacaa,0xacaf,
	0x56c0,0x56c5,0x56ca,0x56cf,0x65c0,0x65c5,0x65ca,0x65cf,
	0x75c0,0x75c5,0x75ca,0x75cf,0x94c0,0x94c5,0x94ca,0x94cf,
	0xa3c0,0xa3c5,0xa3ca,0xa3cf,0xc3c0,0xc3c5,0xc3ca,0xc3cf,
	0xd2c0,0xd2c5,0xd2ca,0xd2cf,0xe1c0,0xe1c5,0xe1ca,0xe1cf,
	0x00c0,0x00c5,0x00ca,0x00cf,0x10c0,0x10c5,0x10ca,0x10cf,
	0x3fc0,0x3fc5,0x3fca,0x3fcf,0x4ec0,0x4ec5,0x4eca,0x4ecf,
	0x5ec0,0x5ec5,0x5eca,0x5ecf,0x7dc0,0x7dc5,0x7dca,0x7dcf,
	0x8cc0,0x8cc5,0x8cca,0x8ccf,0xacc0,0xacc5,0xacca,0xaccf,
	0x56e0,0x56e5,0x56ea,0x56ef,0x65e0,0x65e5,0x65ea,0x65ef,
	0x74e0,0x74e5,0x74ea,0x74ef,0x94e0,0x94e5,0x94ea,0x94ef,
	0xa3e0,0xa3e5,0xa3ea,0xa3ef,0xc2e0,0xc2e5,0xc2ea,0xc2ef,
	0xd2e0,0xd2e5,0xd2ea,0xd2ef,0xe1e0,0xe1e5,0xe1ea,0xe1ef,
	0x00e0,0x00e5,0x00ea,0x00ef,0x1fe0,0x1fe5,0x1fea,0x1fef,
	0x3fe0,0x3fe5,0x3fea,0x3fef,0x4ee0,0x4ee5,0x4eea,0x4eef,
	0x5de0,0x5de5,0x5dea,0x5def,0x7de0,0x7de5,0x7dea,0x7def,
	0x8ce0,0x8ce5,0x8cea,0x8cef,0xabe0,0xabe5,0xabea,0xabef,
	0x5500,0x5505,0x550a,0x550f,0x6500,0x6505,0x650a,0x650f,
	0x7400,0x7405,0x740a,0x740f,0x9300,0x9305,0x930a,0x930f,
	0xa300,0xa305,0xa30a,0xa30f,0xc200,0xc205,0xc20a,0xc20f,
	0xd100,0xd105,0xd10a,0xd10f,0xe000,0xe005,0xe00a,0xe00f,
	0x0000,0x0005,0x000a,0x000f,0x1f00,0x1f05,0x1f0a,0x1f0f,
	0x3e00,0x3e05,0x3e0a,0x3e0f,0x4e00,0x4e05,0x4e0a,0x4e0f,
	0x5d00,0x5d05,0x5d0a,0x5d0f,0x7c00,0x7c05,0x7c0a,0x7c0f,
	0x8c00,0x8c05,0x8c0a,0x8c0f,0xab00,0xab05,0xab0a,0xab0f,
	0x5520,0x5525,0x552a,0x552f,0x6420,0x6425,0x642a,0x642f,
	0x7420,0x7425,0x742a,0x742f,0x9320,0x9325,0x932a,0x932f,
	0xa220,0xa225,0xa22a,0xa22f,0xc220,0xc225,0xc22a,0xc22f,
	0xd120,0xd125,0xd12a,0xd12f,0xe020,0xe025,0xe02a,0xe02f,
	0x0f20,0x0f25,0x0f2a,0x0f2f,0x1f20,0x1f25,0x1f2a,0x1f2f,
	0x3e20,0x3e25,0x3e2a,0x3e2f,0x4d20,0x4d25,0x4d2a,0x4d2f,
	0x5d20,0x5d25,0x5d2a,0x5d2f,0x7c20,0x7c25,0x7c2a,0x7c2f,
	0x8b20,0x8b25,0x8b2a,0x8b2f,0xaa20,0xaa25,0xaa2a,0xaa2f,
	0x5530,0x5535,0x553a,0x553f,0x6430,0x6435,0x643a,0x643f,
	0x7330,0x7335,0x733a,0x733f,0x9330,0x9335,0x933a,0x933f,
	0xa230,0xa235,0xa23a,0xa23f,0xc130,0xc135,0xc13a,0xc13f,
	0xd030,0xd035,0xd03a,0xd03f,0xe030,0xe035,0xe03a,0xe03f,
	0x0f30,0x0f35,0x0f3a,0x0f3f,0x1e30,0x1e35,0x1e3a,0x1e3f,
	0x3e30,0x3e35,0x3e3a,0x3e3f,0x4d30,0x4d35,0x4d3a,0x4d3f,
	0x5c30,0x5c35,0x5c3a,0x5c3f,0x7c30,0x7c35,0x7c3a,0x7c3f,
	0x8b30,0x8b35,0x8b3a,0x8b3f,0xaa30,0xaa35,0xaa3a,0xaa3f,
	0x5450,0x5455,0x545a,0x545f,0x6450,0x6455,0x645a,0x645f,
	0x7350,0x7355,0x735a,0x735f,0x9250,0x9255,0x925a,0x925f,
	0xa250,0xa255,0xa25a,0xa25f,0xc150,0xc155,0xc15a,0xc15f,
	0xd050,0xd055,0xd05a,0xd05f,0xef50,0xef55,0xef5a,0xef5f,
	0x0f50,0x0f55,0x0f5a,0x0f5f,0x1e50,0x1e55,0x1e5a,0x1e5f,
	0x3d50,0x3d55,0x3d5a,0x3d5f,0x4d50,0x4d55,0x4d5a,0x4d5f,
	0x5c50,0x5c55,0x5c5a,0x5c5f,0x7b50,0x7b55,0x7b5a,0x7b5f,
	0x8a50,0x8a55,0x8a5a,0x8a5f,0xaa50,0xaa55,0xaa5a,0xaa5f,
	0x5470,0x5475,0x547a,0x547f,0x6370,0x6375,0x637a,0x637f,
	0x7370,0x7375,0x737a,0x737f,0x9270,0x9275,0x927a,0x927f,
	0xa170,0xa175,0xa17a,0xa17f,0xc170,0xc175,0xc17a,0xc17f,
	0xd070,0xd075,0xd07a,0xd07f,0xef70,0xef75,0xef7a,0xef7f,
	0x0e70,0x0e75,0x0e7a,0x0e7f,0x1e70,0x1e75,0x1e7a,0x1e7f,
	0x3d70,0x3d75,0x3d7a,0x3d7f,0x4c70,0x4c75,0x4c7a,0x4c7f,
	0x5c70,0x5c75,0x5c7a,0x5c7f,0x7b70,0x7b75,0x7b7a,0x7b7f,
	0x8a70,0x8a75,0x8a7a,0x8a7f,0xa970,0xa975,0xa97a,0xa97f,
	0x5490,0x5495,0x549a,0x549f,0x6390,0x6395,0x639a,0x639f,
	0x7290,0x7295,0x729a,0x729f,0x9290,0x9295,0x929a,0x929f,
	0xa190,0xa195,0xa19a,0xa19f,0xc090,0xc095,0xc09a,0xc09f,
	0xd090,0xd095,0xd09a,0xd09f,0xef90,0xef95,0xef9a,0xef9f,
	0x0e90,0x0e95,0x0e9a,0x0e9f,0x1d90,0x1d95,0x1d9a,0x1d9f,
	0x3d90,0x3d95,0x3d9a,0x3d9f,0x4c90,0x4c95,0x4c9a,0x4c9f,
	0x5b90,0x5b95,0x5b9a,0x5b9f,0x7b90,0x7b95,0x7b9a,0x7b9f,
	0x8a90,0x8a95,0x8a9a,0x8a9f,0xa990,0xa995,0xa99a,0xa99f,
	0x53a0,0x53a5,0x53aa,0x53af,0x63a0,0x63a5,0x63aa,0x63af,
	0x72a0,0x72a5,0x72aa,0x72af,0x91a0,0x91a5,0x91aa,0x91af,
	0xa1a0,0xa1a5,0xa1aa,0xa1af,0xc0a0,0xc0a5,0xc0aa,0xc0af,
	0xdfa0,0xdfa5,0xdfaa,0xdfaf,0xeea0,0xeea5,0xeeaa,0xeeaf,
	0x0ea0,0x0ea5,0x0eaa,0x0eaf,0x1da0,0x1da5,0x1daa,0x1daf,
	0x3ca0,0x3ca5,0x3caa,0x3caf,0x4ca0,0x4ca5,0x4caa,0x4caf,
	0x5ba0,0x5ba5,0x5baa,0x5baf,0x7aa0,0x7aa5,0x7aaa,0x7aaf,
	0x89a0,0x89a5,0x89aa,0x89af,0xa9a0,0xa9a5,0xa9aa,0xa9af,
	0x53c0,0x53c5,0x53ca,0x53cf,0x62c0,0x62c5,0x62ca,0x62cf,
	0x72c0,0x72c5,0x72ca,0x72cf,0x91c0,0x91c5,0x91ca,0x91cf,
	0xa0c0,0xa0c5,0xa0ca,0xa0cf,0xc0c0,0xc0c5,0xc0ca,0xc0cf,
	0xdfc0,0xdfc5,0xdfca,0xdfcf,0xeec0,0xeec5,0xeeca,0xeecf,
	0x0dc0,0x0dc5,0x0dca,0x0dcf,0x1dc0,0x1dc5,0x1dca,0x1dcf,
	0x3cc0,0x3cc5,0x3cca,0x3ccf,0x4bc0,0x4bc5,0x4bca,0x4bcf,
	0x5bc0,0x5bc5,0x5bca,0x5bcf,0x7ac0,0x7ac5,0x7aca,0x7acf,
	0x89c0,0x89c5,0x89ca,0x89cf,0xa8c0,0xa8c5,0xa8ca,0xa8cf,
	0x5820,0x5825,0x582a,0x582f,0x6820,0x6825,0x682a,0x682f,
	0x8720,0x8725,0x872a,0x872f,0x9620,0x9625,0x962a,0x962f,
	0xa620,0xa625,0xa62a,0xa62f,0xc520,0xc525,0xc52a,0xc52f,
	0xd420,0xd425,0xd42a,0xd42f,0xf320,0xf325,0xf32a,0xf32f,
	0x0320,0x0325,0x032a,0x032f,0x1220,0x1225,0x122a,0x122f,
	0x3120,0x3125,0x312a,0x312f,0x4120,0x4125,0x412a,0x412f,
	0x6020,0x6025,0x602a,0x602f,0x7f20,0x7f25,0x7f2a,0x7f2f,
	0x8f20,0x8f25,0x8f2a,0x8f2f,0xae20,0xae25,0xae2a,0xae2f,
	0x5840,0x5845,0x584a,0x584f,0x6740,0x6745,0x674a,0x674f,
	0x8740,0x8745,0x874a,0x874f,0x9640,0x9645,0x964a,0x964f,
	0xa540,0xa545,0xa54a,0xa54f,0xc540,0xc545,0xc54a,0xc54f,
	0xd440,0xd445,0xd44a,0xd44f,0xf340,0xf345,0xf34a,0xf34f,
	0x0240,0x0245,0x024a,0x024f,0x1240,0x1245,0x124a,0x124f,
	0x3140,0x3145,0x314a,0x314f,0x4040,0x4045,0x404a,0x404f,
	0x6040,0x6045,0x604a,0x604f,0x7f40,0x7f45,0x7f4a,0x7f4f,
	0x8e40,0x8e45,0x8e4a,0x8e4f,0xad40,0xad45,0xad4a,0xad4f,
	0x5850,0x5855,0x585a,0x585f,0x6750,0x6755,0x675a,0x675f,
	0x8650,0x8655,0x865a,0x865f,0x9650,0x9655,0x965a,0x965f,
	0xa550,0xa555,0xa55a,0xa55f,0xc450,0xc455,0xc45a,0xc45f,
	0xd350,0xd355,0xd35a,0xd35f,0xf350,0xf355,0xf35a,0xf35f,
	0x0250,0x0255,0x025a,0x025f,0x1150,0x1155,0x115a,0x115f,
	0x3150,0x3155,0x315a,0x315f,0x4050,0x4055,0x405a,0x405f,
	0x6f50,0x6f55,0x6f5a,0x6f5f,0x7f50,0x7f55,0x7f5a,0x7f5f,
	0x8e50,0x8e55,0x8e5a,0x8e5f,0xad50,0xad55,0xad5a,0xad5f,
	0x5770,0x5775,0x577a,0x577f,0x6770,0x6775,0x677a,0x677f,
	0x8670,0x8675,0x867a,0x867f,0x9570,0x9575,0x957a,0x957f,
	0xa570,0xa575,0xa57a,0xa57f,0xc470,0xc475,0xc47a,0xc47f,
	0xd370,0xd375,0xd37a,0xd37f,0xf270,0xf275,0xf27a,0xf27f,
	0x0270,0x0275,0x027a,0x027f,0x1170,0x1175,0x117a,0x117f,
	0x3070,0x3075,0x307a,0x307f,0x4070,0x4075,0x407a,0x407f,
	0x6f70,0x6f75,0x6f7a,0x6f7f,0x7e70,0x7e75,0x7e7a,0x7e7f,
	0x8d70,0x8d75,0x8d7a,0x8d7f,0xad70,0xad75,0xad7a,0xad7f,
	0x5790,0x5795,0x579a,0x579f,0x6690,0x6695,0x669a,0x669f,
	0x8690,0x8695,0x869a,0x869f,0x9590,0x9595,0x959a,0x959f,
	0xa490,0xa495,0xa49a,0xa49f,0xc490,0xc495,0xc49a,0xc49f,
	0xd390,0xd395,0xd39a,0xd39f,0xf290,0xf295,0xf29a,0xf29f,
	0x0190,0x0195,0x019a,0x019f,0x1190,0x1195,0x119a,0x119f,
	0x3090,0x3095,0x309a,0x309f,0x4f90,0x4f95,0x4f9a,0x4f9f,
	0x6f90,0x6f95,0x6f9a,0x6f9f,0x7e90,0x7e95,0x7e9a,0x7e9f,
	0x8d90,0x8d95,0x8d9a,0x8d9f,0xac90,0xac95,0xac9a,0xac9f,
	0x57b0,0x57b5,0x57ba,0x57bf,0x66b0,0x66b5,0x66ba,0x66bf,
	0x85b0,0x85b5,0x85ba,0x85bf,0x95b0,0x95b5,0x95ba,0x95bf,
	0xa4b0,0xa4b5,0xa4ba,0xa4bf,0xc3b0,0xc3b5,0xc3ba,0xc3bf,
	0xd2b0,0xd2b5,0xd2ba,0xd2bf,0xf2b0,0xf2b5,0xf2ba,0xf2bf,
	0x01b0,0x01b5,0x01ba,0x01bf,0x10b0,0x10b5,0x10ba,0x10bf,
	0x30b0,0x30b5,0x30ba,0x30bf,0x4fb0,0x4fb5,0x4fba,0x4fbf,
	0x6eb0,0x6eb5,0x6eba,0x6ebf,0x7eb0,0x7eb5,0x7eba,0x7ebf,
	0x8db0,0x8db5,0x8dba,0x8dbf,0xacb0,0xacb5,0xacba,0xacbf,
	0x56d0,0x56d5,0x56da,0x56df,0x66d0,0x66d5,0x66da,0x66df,
	0x85d0,0x85d5,0x85da,0x85df,0x94d0,0x94d5,0x94da,0x94df,
	0xa4d0,0xa4d5,0xa4da,0xa4df,0xc3d0,0xc3d5,0xc3da,0xc3df,
	0xd2d0,0xd2d5,0xd2da,0xd2df,0xf1d0,0xf1d5,0xf1da,0xf1df,
	0x01d0,0x01d5,0x01da,0x01df,0x10d0,0x10d5,0x10da,0x10df,
	0x3fd0,0x3fd5,0x3fda,0x3fdf,0x4fd0,0x4fd5,0x4fda,0x4fdf,
	0x6ed0,0x6ed5,0x6eda,0x6edf,0x7dd0,0x7dd5,0x7dda,0x7ddf,
	0x8cd0,0x8cd5,0x8cda,0x8cdf,0xacd0,0xacd5,0xacda,0xacdf,
	0x56e0,0x56e5,0x56ea,0x56ef,0x65e0,0x65e5,0x65ea,0x65ef,
	0x85e0,0x85e5,0x85ea,0x85ef,0x94e0,0x94e5,0x94ea,0x94ef,
	0xa3e0,0xa3e5,0xa3ea,0xa3ef,0xc2e0,0xc2e5,0xc2ea,0xc2ef,
	0xd2e0,0xd2e5,0xd2ea,0xd2ef,0xf1e0,0xf1e5,0xf1ea,0xf1ef,
	0x00e0,0x00e5,0x00ea,0x00ef,0x10e0,0x10e5,0x10ea,0x10ef,
	0x3fe0,0x3fe5,0x3fea,0x3fef,0x4ee0,0x4ee5,0x4eea,0x4eef,
	0x6ee0,0x6ee5,0x6eea,0x6eef,0x7de0,0x7de5,0x7dea,0x7def,
	0x8ce0,0x8ce5,0x8cea,0x8cef,0xabe0,0xabe5,0xabea,0xabef,
	0x5600,0x5605,0x560a,0x560f,0x6500,0x6505,0x650a,0x650f,
	0x8400,0x8405,0x840a,0x840f,0x9400,0x9405,0x940a,0x940f,
	0xa300,0xa305,0xa30a,0xa30f,0xc200,0xc205,0xc20a,0xc20f,
	0xd100,0xd105,0xd10a,0xd10f,0xf100,0xf105,0xf10a,0xf10f,
	0x0000,0x0005,0x000a,0x000f,0x1f00,0x1f05,0x1f0a,0x1f0f,
	0x3f00,0x3f05,0x3f0a,0x3f0f,0x4e00,0x4e05,0x4e0a,0x4e0f,
	0x6d00,0x6d05,0x6d0a,0x6d0f,0x7c00,0x7c05,0x7c0a,0x7c0f,
	0x8c00,0x8c05,0x8c0a,0x8c0f,0xab00,0xab05,0xab0a,0xab0f,
	0x5520,0x5525,0x552a,0x552f,0x6520,0x6525,0x652a,0x652f,
	0x8420,0x8425,0x842a,0x842f,0x9320,0x9325,0x932a,0x932f,
	0xa320,0xa325,0xa32a,0xa32f,0xc220,0xc225,0xc22a,0xc22f,
	0xd120,0xd125,0xd12a,0xd12f,0xf020,0xf025,0xf02a,0xf02f,
	0x0020,0x0025,0x002a,0x002f,0x1f20,0x1f25,0x1f2a,0x1f2f,
	0x3e20,0x3e25,0x3e2a,0x3e2f,0x4e20,0x4e25,0x4e2a,0x4e2f,
	0x6d20,0x6d25,0x6d2a,0x6d2f,0x7c20,0x7c25,0x7c2a,0x7c2f,
	0x8b20,0x8b25,0x8b2a,0x8b2f,0xab20,0xab25,0xab2a,0xab2f,
	0x5540,0x5545,0x554a,0x554f,0x6440,0x6445,0x644a,0x644f,
	0x8440,0x8445,0x844a,0x844f,0x9340,0x9345,0x934a,0x934f,
	0xa240,0xa245,0xa24a,0xa24f,0xc140,0xc145,0xc14a,0xc14f,
	0xd140,0xd145,0xd14a,0xd14f,0xf040,0xf045,0xf04a,0xf04f,
	0x0f40,0x0f45,0x0f4a,0x0f4f,0x1f40,0x1f45,0x1f4a,0x1f4f,
	0x3e40,0x3e45,0x3e4a,0x3e4f,0x4d40,0x4d45,0x4d4a,0x4d4f,
	0x6d40,0x6d45,0x6d4a,0x6d4f,0x7c40,0x7c45,0x7c4a,0x7c4f,
	0x8b40,0x8b45,0x8b4a,0x8b4f,0xaa40,0xaa45,0xaa4a,0xaa4f,
	0x5550,0x5555,0x555a,0x555f,0x6450,0x6455,0x645a,0x645f,
	0x8350,0x8355,0x835a,0x835f,0x9350,0x9355,0x935a,0x935f,
	0xa250,0xa255,0xa25a,0xa25f,0xc150,0xc155,0xc15a,0xc15f,
	0xd050,0xd055,0xd05a,0xd05f,0xf050,0xf055,0xf05a,0xf05f,
	0x0f50,0x0f55,0x0f5a,0x0f5f,0x1e50,0x1e55,0x1e5a,0x1e5f,
	0x3e50,0x3e55,0x3e5a,0x3e5f,0x4d50,0x4d55,0x4d5a,0x4d5f,
	0x6c50,0x6c55,0x6c5a,0x6c5f,0x7b50,0x7b55,0x7b5a,0x7b5f,
	0x8b50,0x8b55,0x8b5a,0x8b5f,0xaa50,0xaa55,0xaa5a,0xaa5f,
	0x5470,0x5475,0x547a,0x547f,0x6470,0x6475,0x647a,0x647f,
	0x8370,0x8375,0x837a,0x837f,0x9270,0x9275,0x927a,0x927f,
	0xa170,0xa175,0xa17a,0xa17f,0xc170,0xc175,0xc17a,0xc17f,
	0xd070,0xd075,0xd07a,0xd07f,0xff70,0xff75,0xff7a,0xff7f,
	0x0f70,0x0f75,0x0f7a,0x0f7f,0x1e70,0x1e75,0x1e7a,0x1e7f,
	0x3d70,0x3d75,0x3d7a,0x3d7f,0x4d70,0x4d75,0x4d7a,0x4d7f,
	0x6c70,0x6c75,0x6c7a,0x6c7f,0x7b70,0x7b75,0x7b7a,0x7b7f,
	0x8a70,0x8a75,0x8a7a,0x8a7f,0xaa70,0xaa75,0xaa7a,0xaa7f,
	0x5490,0x5495,0x549a,0x549f,0x6390,0x6395,0x639a,0x639f,
	0x8390,0x8395,0x839a,0x839f,0x9290,0x9295,0x929a,0x929f,
	0xa190,0xa195,0xa19a,0xa19f,0xc090,0xc095,0xc09a,0xc09f,
	0xd090,0xd095,0xd09a,0xd09f,0xff90,0xff95,0xff9a,0xff9f,
	0x0e90,0x0e95,0x0e9a,0x0e9f,0x1e90,0x1e95,0x1e9a,0x1e9f,
	0x3d90,0x3d95,0x3d9a,0x3d9f,0x4c90,0x4c95,0x4c9a,0x4c9f,
	0x6b90,0x6b95,0x6b9a,0x6b9f,0x7b90,0x7b95,0x7b9a,0x7b9f,
	0x8a90,0x8a95,0x8a9a,0x8a9f,0xa990,0xa995,0xa99a,0xa99f,
	0x54b0,0x54b5,0x54ba,0x54bf,0x63b0,0x63b5,0x63ba,0x63bf,
	0x82b0,0x82b5,0x82ba,0x82bf,0x92b0,0x92b5,0x92ba,0x92bf,
	0xa1b0,0xa1b5,0xa1ba,0xa1bf,0xc0b0,0xc0b5,0xc0ba,0xc0bf,
	0xdfb0,0xdfb5,0xdfba,0xdfbf,0xffb0,0xffb5,0xffba,0xffbf,
	0x0eb0,0x0eb5,0x0eba,0x0ebf,0x1db0,0x1db5,0x1dba,0x1dbf,
	0x3db0,0x3db5,0x3dba,0x3dbf,0x4cb0,0x4cb5,0x4cba,0x4cbf,
	0x6bb0,0x6bb5,0x6bba,0x6bbf,0x7ab0,0x7ab5,0x7aba,0x7abf,
	0x8ab0,0x8ab5,0x8aba,0x8abf,0xa9b0,0xa9b5,0xa9ba,0xa9bf,
	0x53c0,0x53c5,0x53ca,0x53cf,0x63c0,0x63c5,0x63ca,0x63cf,
	0x82c0,0x82c5,0x82ca,0x82cf,0x91c0,0x91c5,0x91ca,0x91cf,
	0xa0c0,0xa0c5,0xa0ca,0xa0cf,0xc0c0,0xc0c5,0xc0ca,0xc0cf,
	0xdfc0,0xdfc5,0xdfca,0xdfcf,0xfec0,0xfec5,0xfeca,0xfecf,
	0x0ec0,0x0ec5,0x0eca,0x0ecf,0x1dc0,0x1dc5,0x1dca,0x1dcf,
	0x3cc0,0x3cc5,0x3cca,0x3ccf,0x4cc0,0x4cc5,0x4cca,0x4ccf,
	0x6bc0,0x6bc5,0x6bca,0x6bcf,0x7ac0,0x7ac5,0x7aca,0x7acf,
	0x89c0,0x89c5,0x89ca,0x89cf,0xa9c0,0xa9c5,0xa9ca,0xa9cf,
	0x5920,0x5925,0x592a,0x592f,0x6820,0x6825,0x682a,0x682f,
	0x8720,0x8725,0x872a,0x872f,0x9720,0x9725,0x972a,0x972f,
	0xb620,0xb625,0xb62a,0xb62f,0xc520,0xc525,0xc52a,0xc52f,
	0xe420,0xe425,0xe42a,0xe42f,0xf420,0xf425,0xf42a,0xf42f,
	0x0320,0x0325,0x032a,0x032f,0x2220,0x2225,0x222a,0x222f,
	0x3220,0x3225,0x322a,0x322f,0x4120,0x4125,0x412a,0x412f,
	0x6020,0x6025,0x602a,0x602f,0x7f20,0x7f25,0x7f2a,0x7f2f,
	0x9f20,0x9f25,0x9f2a,0x9f2f,0xae20,0xae25,0xae2a,0xae2f,
	0x5840,0x5845,0x584a,0x584f,0x6840,0x6845,0x684a,0x684f,
	0x8740,0x8745,0x874a,0x874f,0x9640,0x9645,0x964a,0x964f,
	0xb640,0xb645,0xb64a,0xb64f,0xc540,0xc545,0xc54a,0xc54f,
	0xe440,0xe445,0xe44a,0xe44f,0xf340,0xf345,0xf34a,0xf34f,
	0x0340,0x0345,0x034a,0x034f,0x2240,0x2245,0x224a,0x224f,
	0x3140,0x3145,0x314a,0x314f,0x4140,0x4145,0x414a,0x414f,
	0x6040,0x6045,0x604a,0x604f,0x7f40,0x7f45,0x7f4a,0x7f4f,
	0x9e40,0x9e45,0x9e4a,0x9e4f,0xae40,0xae45,0xae4a,0xae4f,
	0x5860,0x5865,0x586a,0x586f,0x6760,0x6765,0x676a,0x676f,
	0x8760,0x8765,0x876a,0x876f,0x9660,0x9665,0x966a,0x966f,
	0xb560,0xb565,0xb56a,0xb56f,0xc460,0xc465,0xc46a,0xc46f,
	0xe460,0xe465,0xe46a,0xe46f,0xf360,0xf365,0xf36a,0xf36f,
	0x0260,0x0265,0x026a,0x026f,0x2260,0x2265,0x226a,0x226f,
	0x3160,0x3165,0x316a,0x316f,0x4060,0x4065,0x406a,0x406f,
	0x6060,0x6065,0x606a,0x606f,0x7f60,0x7f65,0x7f6a,0x7f6f,
	0x9e60,0x9e65,0x9e6a,0x9e6f,0xad60,0xad65,0xad6a,0xad6f,
	0x5870,0x5875,0x587a,0x587f,0x6770,0x6775,0x677a,0x677f,
	0x8670,0x8675,0x867a,0x867f,0x9670,0x9675,0x967a,0x967f,
	0xb570,0xb575,0xb57a,0xb57f,0xc470,0xc475,0xc47a,0xc47f,
	0xe370,0xe375,0xe37a,0xe37f,0xf370,0xf375,0xf37a,0xf37f,
	0x0270,0x0275,0x027a,0x027f,0x2170,0x2175,0x217a,0x217f,
	0x3170,0x3175,0x317a,0x317f,0x4070,0x4075,0x407a,0x407f,
	0x6f70,0x6f75,0x6f7a,0x6f7f,0x7e70,0x7e75,0x7e7a,0x7e7f,
	0x9e70,0x9e75,0x9e7a,0x9e7f,0xad70,0xad75,0xad7a,0xad7f,
	0x5790,0x5795,0x579a,0x579f,0x6790,0x6795,0x679a,0x679f,
	0x8690,0x8695,0x869a,0x869f,0x9590,0x9595,0x959a,0x959f,
	0xb490,0xb495,0xb49a,0xb49f,0xc490,0xc495,0xc49a,0xc49f,
	0xe390,0xe395,0xe39a,0xe39f,0xf290,0xf295,0xf29a,0xf29f,
	0x0290,0x0295,0x029a,0x029f,0x2190,0x2195,0x219a,0x219f,
	0x3090,0x3095,0x309a,0x309f,0x4090,0x4095,0x409a,0x409f,
	0x6f90,0x6f95,0x6f9a,0x6f9f,0x7e90,0x7e95,0x7e9a,0x7e9f,
	0x9d90,0x9d95,0x9d9a,0x9d9f,0xad90,0xad95,0xad9a,0xad9f,
	0x57b0,0x57b5,0x57ba,0x57bf,0x66b0,0x66b5,0x66ba,0x66bf,
	0x86b0,0x86b5,0x86ba,0x86bf,0x95b0,0x95b5,0x95ba,0x95bf,
	0xb4b0,0xb4b5,0xb4ba,0xb4bf,0xc3b0,0xc3b5,0xc3ba,0xc3bf,
	0xe3b0,0xe3b5,0xe3ba,0xe3bf,0xf2b0,0xf2b5,0xf2ba,0xf2bf,
	0x01b0,0x01b5,0x01ba,0x01bf,0x21b0,0x21b5,0x21ba,0x21bf,
	0x30b0,0x30b5,0x30ba,0x30bf,0x4fb0,0x4fb5,0x4fba,0x4fbf,
	0x6eb0,0x6eb5,0x6eba,0x6ebf,0x7eb0,0x7eb5,0x7eba,0x7ebf,
	0x9db0,0x9db5,0x9dba,0x9dbf,0xacb0,0xacb5,0xacba,0xacbf,
	0x57d0,0x57d5,0x57da,0x57df,0x66d0,0x66d5,0x66da,0x66df,
	0x85d0,0x85d5,0x85da,0x85df,0x95d0,0x95d5,0x95da,0x95df,
	0xb4d0,0xb4d5,0xb4da,0xb4df,0xc3d0,0xc3d5,0xc3da,0xc3df,
	0xe2d0,0xe2d5,0xe2da,0xe2df,0xf2d0,0xf2d5,0xf2da,0xf2df,
	0x01d0,0x01d5,0x01da,0x01df,0x20d0,0x20d5,0x20da,0x20df,
	0x30d0,0x30d5,0x30da,0x30df,0x4fd0,0x4fd5,0x4fda,0x4fdf,
	0x6ed0,0x6ed5,0x6eda,0x6edf,0x7dd0,0x7dd5,0x7dda,0x7ddf,
	0x9dd0,0x9dd5,0x9dda,0x9ddf,0xacd0,0xacd5,0xacda,0xacdf,
	0x56f0,0x56f5,0x56fa,0x56ff,0x66f0,0x66f5,0x66fa,0x66ff,
	0x85f0,0x85f5,0x85fa,0x85ff,0x94f0,0x94f5,0x94fa,0x94ff,
	0xb3f0,0xb3f5,0xb3fa,0xb3ff,0xc3f0,0xc3f5,0xc3fa,0xc3ff,
	0xe2f0,0xe2f5,0xe2fa,0xe2ff,0xf1f0,0xf1f5,0xf1fa,0xf1ff,
	0x01f0,0x01f5,0x01fa,0x01ff,0x20f0,0x20f5,0x20fa,0x20ff,
	0x3ff0,0x3ff5,0x3ffa,0x3fff,0x4ff0,0x4ff5,0x4ffa,0x4fff,
	0x6ef0,0x6ef5,0x6efa,0x6eff,0x7df0,0x7df5,0x7dfa,0x7dff,
	0x9cf0,0x9cf5,0x9cfa,0x9cff,0xacf0,0xacf5,0xacfa,0xacff,
	0x5600,0x5605,0x560a,0x560f,0x6500,0x6505,0x650a,0x650f,
	0x8500,0x8505,0x850a,0x850f,0x9400,0x9405,0x940a,0x940f,
	0xb300,0xb305,0xb30a,0xb30f,0xc200,0xc205,0xc20a,0xc20f,
	0xe200,0xe205,0xe20a,0xe20f,0xf100,0xf105,0xf10a,0xf10f,
	0x0000,0x0005,0x000a,0x000f,0x2000,0x2005,0x200a,0x200f,
	0x3f00,0x3f05,0x3f0a,0x3f0f,0x4e00,0x4e05,0x4e0a,0x4e0f,
	0x6d00,0x6d05,0x6d0a,0x6d0f,0x7d00,0x7d05,0x7d0a,0x7d0f,
	0x9c00,0x9c05,0x9c0a,0x9c0f,0xab00,0xab05,0xab0a,0xab0f,
	0x5620,0x5625,0x562a,0x562f,0x6520,0x6525,0x652a,0x652f,
	0x8420,0x8425,0x842a,0x842f,0x9320,0x9325,0x932a,0x932f,
	0xb320,0xb325,0xb32a,0xb32f,0xc220,0xc225,0xc22a,0xc22f,
	0xe120,0xe125,0xe12a,0xe12f,0xf120,0xf125,0xf12a,0xf12f,
	0x0020,0x0025,0x002a,0x002f,0x2f20,0x2f25,0x2f2a,0x2f2f,
	0x3f20,0x3f25,0x3f2a,0x3f2f,0x4e20,0x4e25,0x4e2a,0x4e2f,
	0x6d20,0x6d25,0x6d2a,0x6d2f,0x7c20,0x7c25,0x7c2a,0x7c2f,
	0x9c20,0x9c25,0x9c2a,0x9c2f,0xab20,0xab25,0xab2a,0xab2f,
	0x5540,0x5545,0x554a,0x554f,0x6540,0x6545,0x654a,0x654f,
	0x8440,0x8445,0x844a,0x844f,0x9340,0x9345,0x934a,0x934f,
	0xb240,0xb245,0xb24a,0xb24f,0xc240,0xc245,0xc24a,0xc24f,
	0xe140,0xe145,0xe14a,0xe14f,0xf040,0xf045,0xf04a,0xf04f,
	0x0040,0x0045,0x004a,0x004f,0x2f40,0x2f45,0x2f4a,0x2f4f,
	0x3e40,0x3e45,0x3e4a,0x3e4f,0x4d40,0x4d45,0x4d4a,0x4d4f,
	0x6d40,0x6d45,0x6d4a,0x6d4f,0x7c40,0x7c45,0x7c4a,0x7c4f,
	0x9b40,0x9b45,0x9b4a,0x9b4f,0xab40,0xab45,0xab4a,0xab4f,
	0x5560,0x5565,0x556a,0x556f,0x6460,0x6465,0x646a,0x646f,
	0x8460,0x8465,0x846a,0x846f,0x9360,0x9365,0x936a,0x936f,
	0xb260,0xb265,0xb26a,0xb26f,0xc160,0xc165,0xc16a,0xc16f,
	0xe160,0xe165,0xe16a,0xe16f,0xf060,0xf065,0xf06a,0xf06f,
	0x0f60,0x0f65,0x0f6a,0x0f6f,0x2f60,0x2f65,0x2f6a,0x2f6f,
	0x3e60,0x3e65,0x3e6a,0x3e6f,0x4d60,0x4d65,0x4d6a,0x4d6f,
	0x6c60,0x6c65,0x6c6a,0x6c6f,0x7c60,0x7c65,0x7c6a,0x7c6f,
	0x9b60,0x9b65,0x9b6a,0x9b6f,0xaa60,0xaa65,0xaa6a,0xaa6f,
	0x5570,0x5575,0x557a,0x557f,0x6470,0x6475,0x647a,0x647f,
	0x8370,0x8375,0x837a,0x837f,0x9270,0x9275,0x927a,0x927f,
	0xb270,0xb275,0xb27a,0xb27f,0xc170,0xc175,0xc17a,0xc17f,
	0xe070,0xe075,0xe07a,0xe07f,0xf070,0xf075,0xf07a,0xf07f,
	0x0f70,0x0f75,0x0f7a,0x0f7f,0x2e70,0x2e75,0x2e7a,0x2e7f,
	0x3e70,0x3e75,0x3e7a,0x3e7f,0x4d70,0x4d75,0x4d7a,0x4d7f,
	0x6c70,0x6c75,0x6c7a,0x6c7f,0x7b70,0x7b75,0x7b7a,0x7b7f,
	0x9b70,0x9b75,0x9b7a,0x9b7f,0xaa70,0xaa75,0xaa7a,0xaa7f,
	0x5490,0x5495,0x549a,0x549f,0x6490,0x6495,0x649a,0x649f,
	0x8390,0x8395,0x839a,0x839f,0x9290,0x9295,0x929a,0x929f,
	0xb190,0xb195,0xb19a,0xb19f,0xc190,0xc195,0xc19a,0xc19f,
	0xe090,0xe095,0xe09a,0xe09f,0xff90,0xff95,0xff9a,0xff9f,
	0x0f90,0x0f95,0x0f9a,0x0f9f,0x2e90,0x2e95,0x2e9a,0x2e9f,
	0x3d90,0x3d95,0x3d9a,0x3d9f,0x4c90,0x4c95,0x4c9a,0x4c9f,
	0x6c90,0x6c95,0x6c9a,0x6c9f,0x7b90,0x7b95,0x7b9a,0x7b9f,
	0x9a90,0x9a95,0x9a9a,0x9a9f,0xaa90,0xaa95,0xaa9a,0xaa9f,
	0x54b0,0x54b5,0x54ba,0x54bf,0x63b0,0x63b5,0x63ba,0x63bf,
	0x82b0,0x82b5,0x82ba,0x82bf,0x92b0,0x92b5,0x92ba,0x92bf,
	0xb1b0,0xb1b5,0xb1ba,0xb1bf,0xc0b0,0xc0b5,0xc0ba,0xc0bf,
	0xe0b0,0xe0b5,0xe0ba,0xe0bf,0xffb0,0xffb5,0xffba,0xffbf,
	0x0eb0,0x0eb5,0x0eba,0x0ebf,0x2eb0,0x2eb5,0x2eba,0x2ebf,
	0x3db0,0x3db5,0x3dba,0x3dbf,0x4cb0,0x4cb5,0x4cba,0x4cbf,
	0x6bb0,0x6bb5,0x6bba,0x6bbf,0x7bb0,0x7bb5,0x7bba,0x7bbf,
	0x9ab0,0x9ab5,0x9aba,0x9abf,0xa9b0,0xa9b5,0xa9ba,0xa9bf,
	0x54d0,0x54d5,0x54da,0x54df,0x63d0,0x63d5,0x63da,0x63df,
	0x82d0,0x82d5,0x82da,0x82df,0x91d0,0x91d5,0x91da,0x91df,
	0xb1d0,0xb1d5,0xb1da,0xb1df,0xc0d0,0xc0d5,0xc0da,0xc0df,
	0xefd0,0xefd5,0xefda,0xefdf,0xffd0,0xffd5,0xffda,0xffdf,
	0x0ed0,0x0ed5,0x0eda,0x0edf,0x2dd0,0x2dd5,0x2dda,0x2ddf,
	0x3cd0,0x3cd5,0x3cda,0x3cdf,0x4cd0,0x4cd5,0x4cda,0x4cdf,
	0x6bd0,0x6bd5,0x6bda,0x6bdf,0x7ad0,0x7ad5,0x7ada,0x7adf,
	0x9ad0,0x9ad5,0x9ada,0x9adf,0xa9d0,0xa9d5,0xa9da,0xa9df,
	0x5920,0x5925,0x592a,0x592f,0x7820,0x7825,0x782a,0x782f,
	0x8820,0x8825,0x882a,0x882f,0xa720,0xa725,0xa72a,0xa72f,
	0xb620,0xb625,0xb62a,0xb62f,0xc520,0xc525,0xc52a,0xc52f,
	0xe520,0xe525,0xe52a,0xe52f,0xf420,0xf425,0xf42a,0xf42f,
	0x1320,0x1325,0x132a,0x132f,0x2320,0x2325,0x232a,0x232f,
	0x3220,0x3225,0x322a,0x322f,0x5120,0x5125,0x512a,0x512f,
	0x6020,0x6025,0x602a,0x602f,0x8020,0x8025,0x802a,0x802f,
	0x9f20,0x9f25,0x9f2a,0x9f2f,0xae20,0xae25,0xae2a,0xae2f,
	0x5940,0x5945,0x594a,0x594f,0x7840,0x7845,0x784a,0x784f,
	0x8740,0x8745,0x874a,0x874f,0xa640,0xa645,0xa64a,0xa64f,
	0xb640,0xb645,0xb64a,0xb64f,0xc540,0xc545,0xc54a,0xc54f,
	0xe440,0xe445,0xe44a,0xe44f,0xf440,0xf445,0xf44a,0xf44f,
	0x1340,0x1345,0x134a,0x134f,0x2240,0x2245,0x224a,0x224f,
	0x3140,0x3145,0x314a,0x314f,0x5140,0x5145,0x514a,0x514f,
	0x6040,0x6045,0x604a,0x604f,0x8f40,0x8f45,0x8f4a,0x8f4f,
	0x9f40,0x9f45,0x9f4a,0x9f4f,0xae40,0xae45,0xae4a,0xae4f,
	0x5860,0x5865,0x586a,0x586f,0x7860,0x7865,0x786a,0x786f,
	0x8760,0x8765,0x876a,0x876f,0xa660,0xa665,0xa66a,0xa66f,
	0xb560,0xb565,0xb56a,0xb56f,0xc560,0xc565,0xc56a,0xc56f,
	0xe460,0xe465,0xe46a,0xe46f,0xf360,0xf365,0xf36a,0xf36f,
	0x1360,0x1365,0x136a,0x136f,0x2260,0x2265,0x226a,0x226f,
	0x3160,0x3165,0x316a,0x316f,0x5060,0x5065,0x506a,0x506f,
	0x6060,0x6065,0x606a,0x606f,0x8f60,0x8f65,0x8f6a,0x8f6f,
	0x9e60,0x9e65,0x9e6a,0x9e6f,0xae60,0xae65,0xae6a,0xae6f,
	0x5880,0x5885,0x588a,0x588f,0x7780,0x7785,0x778a,0x778f,
	0x8780,0x8785,0x878a,0x878f,0xa680,0xa685,0xa68a,0xa68f,
	0xb580,0xb585,0xb58a,0xb58f,0xc480,0xc485,0xc48a,0xc48f,
	0xe480,0xe485,0xe48a,0xe48f,0xf380,0xf385,0xf38a,0xf38f,
	0x1280,0x1285,0x128a,0x128f,0x2280,0x2285,0x228a,0x228f,
	0x3180,0x3185,0x318a,0x318f,0x5080,0x5085,0x508a,0x508f,
	0x6f80,0x6f85,0x6f8a,0x6f8f,0x8f80,0x8f85,0x8f8a,0x8f8f,
	0x9e80,0x9e85,0x9e8a,0x9e8f,0xad80,0xad85,0xad8a,0xad8f,
	0x5890,0x5895,0x589a,0x589f,0x7790,0x7795,0x779a,0x779f,
	0x8690,0x8695,0x869a,0x869f,0xa590,0xa595,0xa59a,0xa59f,
	0xb590,0xb595,0xb59a,0xb59f,0xc490,0xc495,0xc49a,0xc49f,
	0xe390,0xe395,0xe39a,0xe39f,0xf390,0xf395,0xf39a,0xf39f,
	0x1290,0x1295,0x129a,0x129f,0x2190,0x2195,0x219a,0x219f,
	0x3090,0x3095,0x309a,0x309f,0x5090,0x5095,0x509a,0x509f,
	0x6f90,0x6f95,0x6f9a,0x6f9f,0x8e90,0x8e95,0x8e9a,0x8e9f,
	0x9e90,0x9e95,0x9e9a,0x9e9f,0xad90,0xad95,0xad9a,0xad9f,
	0x57b0,0x57b5,0x57ba,0x57bf,0x77b0,0x77b5,0x77ba,0x77bf,
	0x86b0,0x86b5,0x86ba,0x86bf,0xa5b0,0xa5b5,0xa5ba,0xa5bf,
	0xb4b0,0xb4b5,0xb4ba,0xb4bf,0xc4b0,0xc4b5,0xc4ba,0xc4bf,
	0xe3b0,0xe3b5,0xe3ba,0xe3bf,0xf2b0,0xf2b5,0xf2ba,0xf2bf,
	0x12b0,0x12b5,0x12ba,0x12bf,0x21b0,0x21b5,0x21ba,0x21bf,
	0x30b0,0x30b5,0x30ba,0x30bf,0x5fb0,0x5fb5,0x5fba,0x5fbf,
	0x6fb0,0x6fb5,0x6fba,0x6fbf,0x8eb0,0x8eb5,0x8eba,0x8ebf,
	0x9db0,0x9db5,0x9dba,0x9dbf,0xadb0,0xadb5,0xadba,0xadbf,
	0x57d0,0x57d5,0x57da,0x57df,0x76d0,0x76d5,0x76da,0x76df,
	0x85d0,0x85d5,0x85da,0x85df,0xa5d0,0xa5d5,0xa5da,0xa5df,
	0xb4d0,0xb4d5,0xb4da,0xb4df,0xc3d0,0xc3d5,0xc3da,0xc3df,
	0xe3d0,0xe3d5,0xe3da,0xe3df,0xf2d0,0xf2d5,0xf2da,0xf2df,
	0x11d0,0x11d5,0x11da,0x11df,0x20d0,0x20d5,0x20da,0x20df,
	0x30d0,0x30d5,0x30da,0x30df,0x5fd0,0x5fd5,0x5fda,0x5fdf,
	0x6ed0,0x6ed5,0x6eda,0x6edf,0x8ed0,0x8ed5,0x8eda,0x8edf,
	0x9dd0,0x9dd5,0x9dda,0x9ddf,0xacd0,0xacd5,0xacda,0xacdf,
	0x57f0,0x57f5,0x57fa,0x57ff,0x76f0,0x76f5,0x76fa,0x76ff,
	0x85f0,0x85f5,0x85fa,0x85ff,0xa4f0,0xa4f5,0xa4fa,0xa4ff,
	0xb4f0,0xb4f5,0xb4fa,0xb4ff,0xc3f0,0xc3f5,0xc3fa,0xc3ff,
	0xe2f0,0xe2f5,0xe2fa,0xe2ff,0xf2f0,0xf2f5,0xf2fa,0xf2ff,
	0x11f0,0x11f5,0x11fa,0x11ff,0x20f0,0x20f5,0x20fa,0x20ff,
	0x3ff0,0x3ff5,0x3ffa,0x3fff,0x5ff0,0x5ff5,0x5ffa,0x5fff,
	0x6ef0,0x6ef5,0x6efa,0x6eff,0x8df0,0x8df5,0x8dfa,0x8dff,
	0x9df0,0x9df5,0x9dfa,0x9dff,0xacf0,0xacf5,0xacfa,0xacff,
	0x5610,0x5615,0x561a,0x561f,0x7510,0x7515,0x751a,0x751f,
	0x8510,0x8515,0x851a,0x851f,0xa410,0xa415,0xa41a,0xa41f,
	0xb310,0xb315,0xb31a,0xb31f,0xc310,0xc315,0xc31a,0xc31f,
	0xe210,0xe215,0xe21a,0xe21f,0xf110,0xf115,0xf11a,0xf11f,
	0x1110,0x1115,0x111a,0x111f,0x2010,0x2015,0x201a,0x201f,
	0x3f10,0x3f15,0x3f1a,0x3f1f,0x5e10,0x5e15,0x5e1a,0x5e1f,
	0x6e10,0x6e15,0x6e1a,0x6e1f,0x8d10,0x8d15,0x8d1a,0x8d1f,
	0x9c10,0x9c15,0x9c1a,0x9c1f,0xac10,0xac15,0xac1a,0xac1f,
	0x5620,0x5625,0x562a,0x562f,0x7520,0x7525,0x752a,0x752f,
	0x8420,0x8425,0x842a,0x842f,0xa420,0xa425,0xa42a,0xa42f,
	0xb320,0xb325,0xb32a,0xb32f,0xc220,0xc225,0xc22a,0xc22f,
	0xe220,0xe225,0xe22a,0xe22f,0xf120,0xf125,0xf12a,0xf12f,
	0x1020,0x1025,0x102a,0x102f,0x2020,0x2025,0x202a,0x202f,
	0x3f20,0x3f25,0x3f2a,0x3f2f,0x5e20,0x5e25,0x5e2a,0x5e2f,
	0x6d20,0x6d25,0x6d2a,0x6d2f,0x8d20,0x8d25,0x8d2a,0x8d2f,
	0x9c20,0x9c25,0x9c2a,0x9c2f,0xab20,0xab25,0xab2a,0xab2f,
	0x5640,0x5645,0x564a,0x564f,0x7540,0x7545,0x754a,0x754f,
	0x8440,0x8445,0x844a,0x844f,0xa340,0xa345,0xa34a,0xa34f,
	0xb340,0xb345,0xb34a,0xb34f,0xc240,0xc245,0xc24a,0xc24f,
	0xe140,0xe145,0xe14a,0xe14f,0xf140,0xf145,0xf14a,0xf14f,
	0x1040,0x1045,0x104a,0x104f,0x2f40,0x2f45,0x2f4a,0x2f4f,
	0x3e40,0x3e45,0x3e4a,0x3e4f,0x5e40,0x5e45,0x5e4a,0x5e4f,
	0x6d40,0x6d45,0x6d4a,0x6d4f,0x8c40,0x8c45,0x8c4a,0x8c4f,
	0x9c40,0x9c45,0x9c4a,0x9c4f,0xab40,0xab45,0xab4a,0xab4f,
	0x5560,0x5565,0x556a,0x556f,0x7460,0x7465,0x746a,0x746f,
	0x8460,0x8465,0x846a,0x846f,0xa360,0xa365,0xa36a,0xa36f,
	0xb260,0xb265,0xb26a,0xb26f,0xc260,0xc265,0xc26a,0xc26f,
	0xe160,0xe165,0xe16a,0xe16f,0xf060,0xf065,0xf06a,0xf06f,
	0x1060,0x1065,0x106a,0x106f,0x2f60,0x2f65,0x2f6a,0x2f6f,
	0x3e60,0x3e65,0x3e6a,0x3e6f,0x5d60,0x5d65,0x5d6a,0x5d6f,
	0x6d60,0x6d65,0x6d6a,0x6d6f,0x8c60,0x8c65,0x8c6a,0x8c6f,
	0x9b60,0x9b65,0x9b6a,0x9b6f,0xab60,0xab65,0xab6a,0xab6f,
	0x5580,0x5585,0x558a,0x558f,0x7480,0x7485,0x748a,0x748f,
	0x8380,0x8385,0x838a,0x838f,0xa380,0xa385,0xa38a,0xa38f,
	0xb280,0xb285,0xb28a,0xb28f,0xc180,0xc185,0xc18a,0xc18f,
	0xe180,0xe185,0xe18a,0xe18f,0xf080,0xf085,0xf08a,0xf08f,
	0x1f80,0x1f85,0x1f8a,0x1f8f,0x2e80,0x2e85,0x2e8a,0x2e8f,
	0x3e80,0x3e85,0x3e8a,0x3e8f,0x5d80,0x5d85,0x5d8a,0x5d8f,
	0x6c80,0x6c85,0x6c8a,0x6c8f,0x8c80,0x8c85,0x8c8a,0x8c8f,
	0x9b80,0x9b85,0x9b8a,0x9b8f,0xaa80,0xaa85,0xaa8a,0xaa8f,
	0x5490,0x5495,0x549a,0x549f,0x7490,0x7495,0x749a,0x749f,
	0x8390,0x8395,0x839a,0x839f,0xa290,0xa295,0xa29a,0xa29f,
	0xb290,0xb295,0xb29a,0xb29f,0xc190,0xc195,0xc19a,0xc19f,
	0xe090,0xe095,0xe09a,0xe09f,0xf090,0xf095,0xf09a,0xf09f,
	0x1f90,0x1f95,0x1f9a,0x1f9f,0x2e90,0x2e95,0x2e9a,0x2e9f,
	0x3d90,0x3d95,0x3d9a,0x3d9f,0x5d90,0x5d95,0x5d9a,0x5d9f,
	0x6c90,0x6c95,0x6c9a,0x6c9f,0x8b90,0x8b95,0x8b9a,0x8b9f,
	0x9b90,0x9b95,0x9b9a,0x9b9f,0xaa90,0xaa95,0xaa9a,0xaa9f,
	0x54b0,0x54b5,0x54ba,0x54bf,0x73b0,0x73b5,0x73ba,0x73bf,
	0x83b0,0x83b5,0x83ba,0x83bf,0xa2b0,0xa2b5,0xa2ba,0xa2bf,
	0xb1b0,0xb1b5,0xb1ba,0xb1bf,0xc1b0,0xc1b5,0xc1ba,0xc1bf,
	0xe0b0,0xe0b5,0xe0ba,0xe0bf,0xffb0,0xffb5,0xffba,0xffbf,
	0x1eb0,0x1eb5,0x1eba,0x1ebf,0x2eb0,0x2eb5,0x2eba,0x2ebf,
	0x3db0,0x3db5,0x3dba,0x3dbf,0x5cb0,0x5cb5,0x5cba,0x5cbf,
	0x6cb0,0x6cb5,0x6cba,0x6cbf,0x8bb0,0x8bb5,0x8bba,0x8bbf,
	0x9ab0,0x9ab5,0x9aba,0x9abf,0xa9b0,0xa9b5,0xa9ba,0xa9bf,
	0x54d0,0x54d5,0x54da,0x54df,0x73d0,0x73d5,0x73da,0x73df,
	0x82d0,0x82d5,0x82da,0x82df,0xa2d0,0xa2d5,0xa2da,0xa2df,
	0xb1d0,0xb1d5,0xb1da,0xb1df,0xc0d0,0xc0d5,0xc0da,0xc0df,
	0xe0d0,0xe0d5,0xe0da,0xe0df,0xffd0,0xffd5,0xffda,0xffdf,
	0x1ed0,0x1ed5,0x1eda,0x1edf,0x2dd0,0x2dd5,0x2dda,0x2ddf,
	0x3dd0,0x3dd5,0x3dda,0x3ddf,0x5cd0,0x5cd5,0x5cda,0x5cdf,
	0x6bd0,0x6bd5,0x6bda,0x6bdf,0x8bd0,0x8bd5,0x8bda,0x8bdf,
	0x9ad0,0x9ad5,0x9ada,0x9adf,0xa9d0,0xa9d5,0xa9da,0xa9df,
	0x6930,0x6935,0x693a,0x693f,0x7930,0x7935,0x793a,0x793f,
	0x8830,0x8835,0x883a,0x883f,0xa730,0xa735,0xa73a,0xa73f,
	0xb630,0xb635,0xb63a,0xb63f,0xd630,0xd635,0xd63a,0xd63f,
	0xe530,0xe535,0xe53a,0xe53f,0xf430,0xf435,0xf43a,0xf43f,
	0x1430,0x1435,0x143a,0x143f,0x2330,0x2335,0x233a,0x233f,
	0x4230,0x4235,0x423a,0x423f,0x5130,0x5135,0x513a,0x513f,
	0x6130,0x6135,0x613a,0x613f,0x8030,0x8035,0x803a,0x803f,
	0x9f30,0x9f35,0x9f3a,0x9f3f,0xbf30,0xbf35,0xbf3a,0xbf3f,
	0x6940,0x6945,0x694a,0x694f,0x7840,0x7845,0x784a,0x784f,
	0x8740,0x8745,0x874a,0x874f,0xa740,0xa745,0xa74a,0xa74f,
	0xb640,0xb645,0xb64a,0xb64f,0xd540,0xd545,0xd54a,0xd54f,
	0xe540,0xe545,0xe54a,0xe54f,0xf440,0xf445,0xf44a,0xf44f,
	0x1340,0x1345,0x134a,0x134f,0x2240,0x2245,0x224a,0x224f,
	0x4240,0x4245,0x424a,0x424f,0x5140,0x5145,0x514a,0x514f,
	0x6040,0x6045,0x604a,0x604f,0x8040,0x8045,0x804a,0x804f,
	0x9f40,0x9f45,0x9f4a,0x9f4f,0xbe40,0xbe45,0xbe4a,0xbe4f,
	0x6960,0x6965,0x696a,0x696f,0x7860,0x7865,0x786a,0x786f,
	0x8760,0x8765,0x876a,0x876f,0xa660,0xa665,0xa66a,0xa66f,
	0xb660,0xb665,0xb66a,0xb66f,0xd560,0xd565,0xd56a,0xd56f,
	0xe460,0xe465,0xe46a,0xe46f,0xf460,0xf465,0xf46a,0xf46f,
	0x1360,0x1365,0x136a,0x136f,0x2260,0x2265,0x226a,0x226f,
	0x4160,0x4165,0x416a,0x416f,0x5160,0x5165,0x516a,0x516f,
	0x6060,0x6065,0x606a,0x606f,0x8f60,0x8f65,0x8f6a,0x8f6f,
	0x9f60,0x9f65,0x9f6a,0x9f6f,0xbe60,0xbe65,0xbe6a,0xbe6f,
	0x6880,0x6885,0x688a,0x688f,0x7780,0x7785,0x778a,0x778f,
	0x8780,0x8785,0x878a,0x878f,0xa680,0xa685,0xa68a,0xa68f,
	0xb580,0xb585,0xb58a,0xb58f,0xd580,0xd585,0xd58a,0xd58f,
	0xe480,0xe485,0xe48a,0xe48f,0xf380,0xf385,0xf38a,0xf38f,
	0x1280,0x1285,0x128a,0x128f,0x2280,0x2285,0x228a,0x228f,
	0x4180,0x4185,0x418a,0x418f,0x5080,0x5085,0x508a,0x508f,
	0x6080,0x6085,0x608a,0x608f,0x8f80,0x8f85,0x8f8a,0x8f8f,
	0x9e80,0x9e85,0x9e8a,0x9e8f,0xbe80,0xbe85,0xbe8a,0xbe8f,
	0x68a0,0x68a5,0x68aa,0x68af,0x77a0,0x77a5,0x77aa,0x77af,
	0x86a0,0x86a5,0x86aa,0x86af,0xa6a0,0xa6a5,0xa6aa,0xa6af,
	0xb5a0,0xb5a5,0xb5aa,0xb5af,0xd4a0,0xd4a5,0xd4aa,0xd4af,
	0xe4a0,0xe4a5,0xe4aa,0xe4af,0xf3a0,0xf3a5,0xf3aa,0xf3af,
	0x12a0,0x12a5,0x12aa,0x12af,0x21a0,0x21a5,0x21aa,0x21af,
	0x41a0,0x41a5,0x41aa,0x41af,0x50a0,0x50a5,0x50aa,0x50af,
	0x6fa0,0x6fa5,0x6faa,0x6faf,0x8fa0,0x8fa5,0x8faa,0x8faf,
	0x9ea0,0x9ea5,0x9eaa,0x9eaf,0xbda0,0xbda5,0xbdaa,0xbdaf,
	0x67b0,0x67b5,0x67ba,0x67bf,0x77b0,0x77b5,0x77ba,0x77bf,
	0x86b0,0x86b5,0x86ba,0x86bf,0xa5b0,0xa5b5,0xa5ba,0xa5bf,
	0xb5b0,0xb5b5,0xb5ba,0xb5bf,0xd4b0,0xd4b5,0xd4ba,0xd4bf,
	0xe3b0,0xe3b5,0xe3ba,0xe3bf,0xf2b0,0xf2b5,0xf2ba,0xf2bf,
	0x12b0,0x12b5,0x12ba,0x12bf,0x21b0,0x21b5,0x21ba,0x21bf,
	0x40b0,0x40b5,0x40ba,0x40bf,0x50b0,0x50b5,0x50ba,0x50bf,
	0x6fb0,0x6fb5,0x6fba,0x6fbf,0x8eb0,0x8eb5,0x8eba,0x8ebf,
	0x9eb0,0x9eb5,0x9eba,0x9ebf,0xbdb0,0xbdb5,0xbdba,0xbdbf,
	0x67d0,0x67d5,0x67da,0x67df,0x76d0,0x76d5,0x76da,0x76df,
	0x86d0,0x86d5,0x86da,0x86df,0xa5d0,0xa5d5,0xa5da,0xa5df,
	0xb4d0,0xb4d5,0xb4da,0xb4df,0xd4d0,0xd4d5,0xd4da,0xd4df,
	0xe3d0,0xe3d5,0xe3da,0xe3df,0xf2d0,0xf2d5,0xf2da,0xf2df,
	0x11d0,0x11d5,0x11da,0x11df,0x21d0,0x21d5,0x21da,0x21df,
	0x40d0,0x40d5,0x40da,0x40df,0x5fd0,0x5fd5,0x5fda,0x5fdf,
	0x6fd0,0x6fd5,0x6fda,0x6fdf,0x8ed0,0x8ed5,0x8eda,0x8edf,
	0x9dd0,0x9dd5,0x9dda,0x9ddf,0xbdd0,0xbdd5,0xbdda,0xbddf,
	0x67f0,0x67f5,0x67fa,0x67ff,0x76f0,0x76f5,0x76fa,0x76ff,
	0x85f0,0x85f5,0x85fa,0x85ff,0xa5f0,0xa5f5,0xa5fa,0xa5ff,
	0xb4f0,0xb4f5,0xb4fa,0xb4ff,0xd3f0,0xd3f5,0xd3fa,0xd3ff,
	0xe3f0,0xe3f5,0xe3fa,0xe3ff,0xf2f0,0xf2f5,0xf2fa,0xf2ff,
	0x11f0,0x11f5,0x11fa,0x11ff,0x20f0,0x20f5,0x20fa,0x20ff,
	0x40f0,0x40f5,0x40fa,0x40ff,0x5ff0,0x5ff5,0x5ffa,0x5fff,
	0x6ef0,0x6ef5,0x6efa,0x6eff,0x8ef0,0x8ef5,0x8efa,0x8eff,
	0x9df0,0x9df5,0x9dfa,0x9dff,0xbcf0,0xbcf5,0xbcfa,0xbcff,
	0x6610,0x6615,0x661a,0x661f,0x7610,0x7615,0x761a,0x761f,
	0x8510,0x8515,0x851a,0x851f,0xa410,0xa415,0xa41a,0xa41f,
	0xb410,0xb415,0xb41a,0xb41f,0xd310,0xd315,0xd31a,0xd31f,
	0xe210,0xe215,0xe21a,0xe21f,0xf110,0xf115,0xf11a,0xf11f,
	0x1110,0x1115,0x111a,0x111f,0x2010,0x2015,0x201a,0x201f,
	0x4f10,0x4f15,0x4f1a,0x4f1f,0x5f10,0x5f15,0x5f1a,0x5f1f,
	0x6e10,0x6e15,0x6e1a,0x6e1f,0x8d10,0x8d15,0x8d1a,0x8d1f,
	0x9d10,0x9d15,0x9d1a,0x9d1f,0xbc10,0xbc15,0xbc1a,0xbc1f,
	0x6630,0x6635,0x663a,0x663f,0x7530,0x7535,0x753a,0x753f,
	0x8530,0x8535,0x853a,0x853f,0xa430,0xa435,0xa43a,0xa43f,
	0xb330,0xb335,0xb33a,0xb33f,0xd330,0xd335,0xd33a,0xd33f,
	0xe230,0xe235,0xe23a,0xe23f,0xf130,0xf135,0xf13a,0xf13f,
	0x1030,0x1035,0x103a,0x103f,0x2030,0x2035,0x203a,0x203f,
	0x4f30,0x4f35,0x4f3a,0x4f3f,0x5e30,0x5e35,0x5e3a,0x5e3f,
	0x6e30,0x6e35,0x6e3a,0x6e3f,0x8d30,0x8d35,0x8d3a,0x8d3f,
	0x9c30,0x9c35,0x9c3a,0x9c3f,0xbb30,0xbb35,0xbb3a,0xbb3f,
	0x6640,0x6645,0x664a,0x664f,0x7540,0x7545,0x754a,0x754f,
	0x8440,0x8445,0x844a,0x844f,0xa440,0xa445,0xa44a,0xa44f,
	0xb340,0xb345,0xb34a,0xb34f,0xd240,0xd245,0xd24a,0xd24f,
	0xe140,0xe145,0xe14a,0xe14f,0xf140,0xf145,0xf14a,0xf14f,
	0x1040,0x1045,0x104a,0x104f,0x2f40,0x2f45,0x2f4a,0x2f4f,
	0x4f40,0x4f45,0x4f4a,0x4f4f,0x5e40,0x5e45,0x5e4a,0x5e4f,
	0x6d40,0x6d45,0x6d4a,0x6d4f,0x8d40,0x8d45,0x8d4a,0x8d4f,
	0x9c40,0x9c45,0x9c4a,0x9c4f,0xbb40,0xbb45,0xbb4a,0xbb4f,
	0x6560,0x6565,0x656a,0x656f,0x7560,0x7565,0x756a,0x756f,
	0x8460,0x8465,0x846a,0x846f,0xa360,0xa365,0xa36a,0xa36f,
	0xb360,0xb365,0xb36a,0xb36f,0xd260,0xd265,0xd26a,0xd26f,
	0xe160,0xe165,0xe16a,0xe16f,0xf060,0xf065,0xf06a,0xf06f,
	0x1060,0x1065,0x106a,0x106f,0x2f60,0x2f65,0x2f6a,0x2f6f,
	0x4e60,0x4e65,0x4e6a,0x4e6f,0x5e60,0x5e65,0x5e6a,0x5e6f,
	0x6d60,0x6d65,0x6d6a,0x6d6f,0x8c60,0x8c65,0x8c6a,0x8c6f,
	0x9b60,0x9b65,0x9b6a,0x9b6f,0xbb60,0xbb65,0xbb6a,0xbb6f,
	0x6580,0x6585,0x658a,0x658f,0x7480,0x7485,0x748a,0x748f,
	0x8480,0x8485,0x848a,0x848f,0xa380,0xa385,0xa38a,0xa38f,
	0xb280,0xb285,0xb28a,0xb28f,0xd280,0xd285,0xd28a,0xd28f,
	0xe180,0xe185,0xe18a,0xe18f,0xf080,0xf085,0xf08a,0xf08f,
	0x1f80,0x1f85,0x1f8a,0x1f8f,0x2f80,0x2f85,0x2f8a,0x2f8f,
	0x4e80,0x4e85,0x4e8a,0x4e8f,0x5d80,0x5d85,0x5d8a,0x5d8f,
	0x6d80,0x6d85,0x6d8a,0x6d8f,0x8c80,0x8c85,0x8c8a,0x8c8f,
	0x9b80,0x9b85,0x9b8a,0x9b8f,0xba80,0xba85,0xba8a,0xba8f,
	0x65a0,0x65a5,0x65aa,0x65af,0x74a0,0x74a5,0x74aa,0x74af,
	0x83a0,0x83a5,0x83aa,0x83af,0xa3a0,0xa3a5,0xa3aa,0xa3af,
	0xb2a0,0xb2a5,0xb2aa,0xb2af,0xd1a0,0xd1a5,0xd1aa,0xd1af,
	0xe0a0,0xe0a5,0xe0aa,0xe0af,0xf0a0,0xf0a5,0xf0aa,0xf0af,
	0x1fa0,0x1fa5,0x1faa,0x1faf,0x2ea0,0x2ea5,0x2eaa,0x2eaf,
	0x4ea0,0x4ea5,0x4eaa,0x4eaf,0x5da0,0x5da5,0x5daa,0x5daf,
	0x6ca0,0x6ca5,0x6caa,0x6caf,0x8ca0,0x8ca5,0x8caa,0x8caf,
	0x9ba0,0x9ba5,0x9baa,0x9baf,0xbaa0,0xbaa5,0xbaaa,0xbaaf,
	0x64b0,0x64b5,0x64ba,0x64bf,0x74b0,0x74b5,0x74ba,0x74bf,
	0x83b0,0x83b5,0x83ba,0x83bf,0xa2b0,0xa2b5,0xa2ba,0xa2bf,
	0xb2b0,0xb2b5,0xb2ba,0xb2bf,0xd1b0,0xd1b5,0xd1ba,0xd1bf,
	0xe0b0,0xe0b5,0xe0ba,0xe0bf,0xffb0,0xffb5,0xffba,0xffbf,
	0x1fb0,0x1fb5,0x1fba,0x1fbf,0x2eb0,0x2eb5,0x2eba,0x2ebf,
	0x4db0,0x4db5,0x4dba,0x4dbf,0x5db0,0x5db5,0x5dba,0x5dbf,
	0x6cb0,0x6cb5,0x6cba,0x6cbf,0x8bb0,0x8bb5,0x8bba,0x8bbf,
	0x9ab0,0x9ab5,0x9aba,0x9abf,0xbab0,0xbab5,0xbaba,0xbabf,
	0x64d0,0x64d5,0x64da,0x64df,0x73d0,0x73d5,0x73da,0x73df,
	0x83d0,0x83d5,0x83da,0x83df,0xa2d0,0xa2d5,0xa2da,0xa2df,
	0xb1d0,0xb1d5,0xb1da,0xb1df,0xd0d0,0xd0d5,0xd0da,0xd0df,
	0xe0d0,0xe0d5,0xe0da,0xe0df,0xffd0,0xffd5,0xffda,0xffdf,
	0x1ed0,0x1ed5,0x1eda,0x1edf,0x2ed0,0x2ed5,0x2eda,0x2edf,
	0x4dd0,0x4dd5,0x4dda,0x4ddf,0x5cd0,0x5cd5,0x5cda,0x5cdf,
	0x6cd0,0x6cd5,0x6cda,0x6cdf,0x8bd0,0x8bd5,0x8bda,0x8bdf,
	0x9ad0,0x9ad5,0x9ada,0x9adf,0xb9d0,0xb9d5,0xb9da,0xb9df,
	0x6930,0x6935,0x693a,0x693f,0x7930,0x7935,0x793a,0x793f,
	0x9830,0x9835,0x983a,0x983f,0xa730,0xa735,0xa73a,0xa73f,
	0xb730,0xb735,0xb73a,0xb73f,0xd630,0xd635,0xd63a,0xd63f,
	0xe530,0xe535,0xe53a,0xe53f,0x0430,0x0435,0x043a,0x043f,
	0x1430,0x1435,0x143a,0x143f,0x2330,0x2335,0x233a,0x233f,
	0x4230,0x4235,0x423a,0x423f,0x5230,0x5235,0x523a,0x523f,
	0x7130,0x7135,0x713a,0x713f,0x8030,0x8035,0x803a,0x803f,
	0x9030,0x9035,0x903a,0x903f,0xbf30,0xbf35,0xbf3a,0xbf3f,
	0x6950,0x6955,0x695a,0x695f,0x7850,0x7855,0x785a,0x785f,
	0x9850,0x9855,0x985a,0x985f,0xa750,0xa755,0xa75a,0xa75f,
	0xb650,0xb655,0xb65a,0xb65f,0xd650,0xd655,0xd65a,0xd65f,
	0xe550,0xe555,0xe55a,0xe55f,0x0450,0x0455,0x045a,0x045f,
	0x1350,0x1355,0x135a,0x135f,0x2350,0x2355,0x235a,0x235f,
	0x4250,0x4255,0x425a,0x425f,0x5150,0x5155,0x515a,0x515f,
	0x7150,0x7155,0x715a,0x715f,0x8050,0x8055,0x805a,0x805f,
	0x9f50,0x9f55,0x9f5a,0x9f5f,0xbe50,0xbe55,0xbe5a,0xbe5f,
	0x6960,0x6965,0x696a,0x696f,0x7860,0x7865,0x786a,0x786f,
	0x9760,0x9765,0x976a,0x976f,0xa760,0xa765,0xa76a,0xa76f,
	0xb660,0xb665,0xb66a,0xb66f,0xd560,0xd565,0xd56a,0xd56f,
	0xe460,0xe465,0xe46a,0xe46f,0x0460,0x0465,0x046a,0x046f,
	0x1360,0x1365,0x136a,0x136f,0x2260,0x2265,0x226a,0x226f,
	0x4260,0x4265,0x426a,0x426f,0x5160,0x5165,0x516a,0x516f,
	0x7060,0x7065,0x706a,0x706f,0x8060,0x8065,0x806a,0x806f,
	0x9f60,0x9f65,0x9f6a,0x9f6f,0xbe60,0xbe65,0xbe6a,0xbe6f,
	0x6880,0x6885,0x688a,0x688f,0x7880,0x7885,0x788a,0x788f,
	0x9780,0x9785,0x978a,0x978f,0xa680,0xa685,0xa68a,0xa68f,
	0xb680,0xb685,0xb68a,0xb68f,0xd580,0xd585,0xd58a,0xd58f,
	0xe480,0xe485,0xe48a,0xe48f,0x0380,0x0385,0x038a,0x038f,
	0x1380,0x1385,0x138a,0x138f,0x2280,0x2285,0x228a,0x228f,
	0x4180,0x4185,0x418a,0x418f,0x5180,0x5185,0x518a,0x518f,
	0x7080,0x7085,0x708a,0x708f,0x8f80,0x8f85,0x8f8a,0x8f8f,
	0x9e80,0x9e85,0x9e8a,0x9e8f,0xbe80,0xbe85,0xbe8a,0xbe8f,
	0x68a0,0x68a5,0x68aa,0x68af,0x77a0,0x77a5,0x77aa,0x77af,
	0x97a0,0x97a5,0x97aa,0x97af,0xa6a0,0xa6a5,0xa6aa,0xa6af,
	0xb5a0,0xb5a5,0xb5aa,0xb5af,0xd5a0,0xd5a5,0xd5aa,0xd5af,
	0xe4a0,0xe4a5,0xe4aa,0xe4af,0x03a0,0x03a5,0x03aa,0x03af,
	0x12a0,0x12a5,0x12aa,0x12af,0x22a0,0x22a5,0x22aa,0x22af,
	0x41a0,0x41a5,0x41aa,0x41af,0x50a0,0x50a5,0x50aa,0x50af,
	0x70a0,0x70a5,0x70aa,0x70af,0x8fa0,0x8fa5,0x8faa,0x8faf,
	0x9ea0,0x9ea5,0x9eaa,0x9eaf,0xbda0,0xbda5,0xbdaa,0xbdaf,
	0x68c0,0x68c5,0x68ca,0x68cf,0x77c0,0x77c5,0x77ca,0x77cf,
	0x96c0,0x96c5,0x96ca,0x96cf,0xa6c0,0xa6c5,0xa6ca,0xa6cf,
	0xb5c0,0xb5c5,0xb5ca,0xb5cf,0xd4c0,0xd4c5,0xd4ca,0xd4cf,
	0xe3c0,0xe3c5,0xe3ca,0xe3cf,0x03c0,0x03c5,0x03ca,0x03cf,
	0x12c0,0x12c5,0x12ca,0x12cf,0x21c0,0x21c5,0x21ca,0x21cf,
	0x41c0,0x41c5,0x41ca,0x41cf,0x50c0,0x50c5,0x50ca,0x50cf,
	0x7fc0,0x7fc5,0x7fca,0x7fcf,0x8fc0,0x8fc5,0x8fca,0x8fcf,
	0x9ec0,0x9ec5,0x9eca,0x9ecf,0xbdc0,0xbdc5,0xbdca,0xbdcf,
	0x67e0,0x67e5,0x67ea,0x67ef,0x77e0,0x77e5,0x77ea,0x77ef,
	0x96e0,0x96e5,0x96ea,0x96ef,0xa5e0,0xa5e5,0xa5ea,0xa5ef,
	0xb5e0,0xb5e5,0xb5ea,0xb5ef,0xd4e0,0xd4e5,0xd4ea,0xd4ef,
	0xe3e0,0xe3e5,0xe3ea,0xe3ef,0x02e0,0x02e5,0x02ea,0x02ef,
	0x12e0,0x12e5,0x12ea,0x12ef,0x21e0,0x21e5,0x21ea,0x21ef,
	0x40e0,0x40e5,0x40ea,0x40ef,0x50e0,0x50e5,0x50ea,0x50ef,
	0x7fe0,0x7fe5,0x7fea,0x7fef,0x8ee0,0x8ee5,0x8eea,0x8eef,
	0x9de0,0x9de5,0x9dea,0x9def,0xbde0,0xbde5,0xbdea,0xbdef,
	0x67f0,0x67f5,0x67fa,0x67ff,0x76f0,0x76f5,0x76fa,0x76ff,
	0x96f0,0x96f5,0x96fa,0x96ff,0xa5f0,0xa5f5,0xa5fa,0xa5ff,
	0xb4f0,0xb4f5,0xb4fa,0xb4ff,0xd3f0,0xd3f5,0xd3fa,0xd3ff,
	0xe3f0,0xe3f5,0xe3fa,0xe3ff,0x02f0,0x02f5,0x02fa,0x02ff,
	0x11f0,0x11f5,0x11fa,0x11ff,0x21f0,0x21f5,0x21fa,0x21ff,
	0x40f0,0x40f5,0x40fa,0x40ff,0x5ff0,0x5ff5,0x5ffa,0x5fff,
	0x7ff0,0x7ff5,0x7ffa,0x7fff,0x8ef0,0x8ef5,0x8efa,0x8eff,
	0x9df0,0x9df5,0x9dfa,0x9dff,0xbcf0,0xbcf5,0xbcfa,0xbcff,
	0x6710,0x6715,0x671a,0x671f,0x7610,0x7615,0x761a,0x761f,
	0x9510,0x9515,0x951a,0x951f,0xa510,0xa515,0xa51a,0xa51f,
	0xb410,0xb415,0xb41a,0xb41f,0xd310,0xd315,0xd31a,0xd31f,
	0xe210,0xe215,0xe21a,0xe21f,0x0210,0x0215,0x021a,0x021f,
	0x1110,0x1115,0x111a,0x111f,0x2010,0x2015,0x201a,0x201f,
	0x4010,0x4015,0x401a,0x401f,0x5f10,0x5f15,0x5f1a,0x5f1f,
	0x7e10,0x7e15,0x7e1a,0x7e1f,0x8d10,0x8d15,0x8d1a,0x8d1f,
	0x9d10,0x9d15,0x9d1a,0x9d1f,0xbc10,0xbc15,0xbc1a,0xbc1f,
	0x6630,0x6635,0x663a,0x663f,0x7630,0x7635,0x763a,0x763f,
	0x9530,0x9535,0x953a,0x953f,0xa430,0xa435,0xa43a,0xa43f,
	0xb430,0xb435,0xb43a,0xb43f,0xd330,0xd335,0xd33a,0xd33f,
	0xe230,0xe235,0xe23a,0xe23f,0x0130,0x0135,0x013a,0x013f,
	0x1130,0x1135,0x113a,0x113f,0x2030,0x2035,0x203a,0x203f,
	0x4f30,0x4f35,0x4f3a,0x4f3f,0x5f30,0x5f35,0x5f3a,0x5f3f,
	0x7e30,0x7e35,0x7e3a,0x7e3f,0x8d30,0x8d35,0x8d3a,0x8d3f,
	0x9c30,0x9c35,0x9c3a,0x9c3f,0xbc30,0xbc35,0xbc3a,0xbc3f,
	0x6650,0x6655,0x665a,0x665f,0x7550,0x7555,0x755a,0x755f,
	0x9550,0x9555,0x955a,0x955f,0xa450,0xa455,0xa45a,0xa45f,
	0xb350,0xb355,0xb35a,0xb35f,0xd250,0xd255,0xd25a,0xd25f,
	0xe250,0xe255,0xe25a,0xe25f,0x0150,0x0155,0x015a,0x015f,
	0x1050,0x1055,0x105a,0x105f,0x2050,0x2055,0x205a,0x205f,
	0x4f50,0x4f55,0x4f5a,0x4f5f,0x5e50,0x5e55,0x5e5a,0x5e5f,
	0x7e50,0x7e55,0x7e5a,0x7e5f,0x8d50,0x8d55,0x8d5a,0x8d5f,
	0x9c50,0x9c55,0x9c5a,0x9c5f,0xbb50,0xbb55,0xbb5a,0xbb5f,
	0x6660,0x6665,0x666a,0x666f,0x7560,0x7565,0x756a,0x756f,
	0x9460,0x9465,0x946a,0x946f,0xa460,0xa465,0xa46a,0xa46f,
	0xb360,0xb365,0xb36a,0xb36f,0xd260,0xd265,0xd26a,0xd26f,
	0xe160,0xe165,0xe16a,0xe16f,0x0160,0x0165,0x016a,0x016f,
	0x1060,0x1065,0x106a,0x106f,0x2f60,0x2f65,0x2f6a,0x2f6f,
	0x4f60,0x4f65,0x4f6a,0x4f6f,0x5e60,0x5e65,0x5e6a,0x5e6f,
	0x7d60,0x7d65,0x7d6a,0x7d6f,0x8c60,0x8c65,0x8c6a,0x8c6f,
	0x9c60,0x9c65,0x9c6a,0x9c6f,0xbb60,0xbb65,0xbb6a,0xbb6f,
	0x6580,0x6585,0x658a,0x658f,0x7580,0x7585,0x758a,0x758f,
	0x9480,0x9485,0x948a,0x948f,0xa380,0xa385,0xa38a,0xa38f,
	0xb280,0xb285,0xb28a,0xb28f,0xd280,0xd285,0xd28a,0xd28f,
	0xe180,0xe185,0xe18a,0xe18f,0x0080,0x0085,0x008a,0x008f,
	0x1080,0x1085,0x108a,0x108f,0x2f80,0x2f85,0x2f8a,0x2f8f,
	0x4e80,0x4e85,0x4e8a,0x4e8f,0x5e80,0x5e85,0x5e8a,0x5e8f,
	0x7d80,0x7d85,0x7d8a,0x7d8f,0x8c80,0x8c85,0x8c8a,0x8c8f,
	0x9b80,0x9b85,0x9b8a,0x9b8f,0xbb80,0xbb85,0xbb8a,0xbb8f,
	0x65a0,0x65a5,0x65aa,0x65af,0x74a0,0x74a5,0x74aa,0x74af,
	0x94a0,0x94a5,0x94aa,0x94af,0xa3a0,0xa3a5,0xa3aa,0xa3af,
	0xb2a0,0xb2a5,0xb2aa,0xb2af,0xd1a0,0xd1a5,0xd1aa,0xd1af,
	0xe1a0,0xe1a5,0xe1aa,0xe1af,0x00a0,0x00a5,0x00aa,0x00af,
	0x1fa0,0x1fa5,0x1faa,0x1faf,0x2fa0,0x2fa5,0x2faa,0x2faf,
	0x4ea0,0x4ea5,0x4eaa,0x4eaf,0x5da0,0x5da5,0x5daa,0x5daf,
	0x7ca0,0x7ca5,0x7caa,0x7caf,0x8ca0,0x8ca5,0x8caa,0x8caf,
	0x9ba0,0x9ba5,0x9baa,0x9baf,0xbaa0,0xbaa5,0xbaaa,0xbaaf,
	0x65c0,0x65c5,0x65ca,0x65cf,0x74c0,0x74c5,0x74ca,0x74cf,
	0x93c0,0x93c5,0x93ca,0x93cf,0xa3c0,0xa3c5,0xa3ca,0xa3cf,
	0xb2c0,0xb2c5,0xb2ca,0xb2cf,0xd1c0,0xd1c5,0xd1ca,0xd1cf,
	0xe0c0,0xe0c5,0xe0ca,0xe0cf,0x00c0,0x00c5,0x00ca,0x00cf,
	0x1fc0,0x1fc5,0x1fca,0x1fcf,0x2ec0,0x2ec5,0x2eca,0x2ecf,
	0x4ec0,0x4ec5,0x4eca,0x4ecf,0x5dc0,0x5dc5,0x5dca,0x5dcf,
	0x7cc0,0x7cc5,0x7cca,0x7ccf,0x8bc0,0x8bc5,0x8bca,0x8bcf,
	0x9bc0,0x9bc5,0x9bca,0x9bcf,0xbac0,0xbac5,0xbaca,0xbacf,
	0x64d0,0x64d5,0x64da,0x64df,0x74d0,0x74d5,0x74da,0x74df,
	0x93d0,0x93d5,0x93da,0x93df,0xa2d0,0xa2d5,0xa2da,0xa2df,
	0xb1d0,0xb1d5,0xb1da,0xb1df,0xd1d0,0xd1d5,0xd1da,0xd1df,
	0xe0d0,0xe0d5,0xe0da,0xe0df,0x0fd0,0x0fd5,0x0fda,0x0fdf,
	0x1fd0,0x1fd5,0x1fda,0x1fdf,0x2ed0,0x2ed5,0x2eda,0x2edf,
	0x4dd0,0x4dd5,0x4dda,0x4ddf,0x5dd0,0x5dd5,0x5dda,0x5ddf,
	0x7cd0,0x7cd5,0x7cda,0x7cdf,0x8bd0,0x8bd5,0x8bda,0x8bdf,
	0x9ad0,0x9ad5,0x9ada,0x9adf,0xbad0,0xbad5,0xbada,0xbadf,
	0x6a30,0x6a35,0x6a3a,0x6a3f,0x7930,0x7935,0x793a,0x793f,
	0x9830,0x9835,0x983a,0x983f,0xa830,0xa835,0xa83a,0xa83f,
	0xc730,0xc735,0xc73a,0xc73f,0xd630,0xd635,0xd63a,0xd63f,
	0xf530,0xf535,0xf53a,0xf53f,0x0530,0x0535,0x053a,0x053f,
	0x1430,0x1435,0x143a,0x143f,0x3330,0x3335,0x333a,0x333f,
	0x4330,0x4335,0x433a,0x433f,0x5230,0x5235,0x523a,0x523f,
	0x7130,0x7135,0x713a,0x713f,0x8030,0x8035,0x803a,0x803f,
	0xa030,0xa035,0xa03a,0xa03f,0xbf30,0xbf35,0xbf3a,0xbf3f,
	0x6950,0x6955,0x695a,0x695f,0x7950,0x7955,0x795a,0x795f,
	0x9850,0x9855,0x985a,0x985f,0xa750,0xa755,0xa75a,0xa75f,
	0xc750,0xc755,0xc75a,0xc75f,0xd650,0xd655,0xd65a,0xd65f,
	0xf550,0xf555,0xf55a,0xf55f,0x0450,0x0455,0x045a,0x045f,
	0x1450,0x1455,0x145a,0x145f,0x3350,0x3355,0x335a,0x335f,
	0x4250,0x4255,0x425a,0x425f,0x5250,0x5255,0x525a,0x525f,
	0x7150,0x7155,0x715a,0x715f,0x8050,0x8055,0x805a,0x805f,
	0xaf50,0xaf55,0xaf5a,0xaf5f,0xbf50,0xbf55,0xbf5a,0xbf5f,
	0x6970,0x6975,0x697a,0x697f,0x7870,0x7875,0x787a,0x787f,
	0x9870,0x9875,0x987a,0x987f,0xa770,0xa775,0xa77a,0xa77f,
	0xc670,0xc675,0xc67a,0xc67f,0xd570,0xd575,0xd57a,0xd57f,
	0xf570,0xf575,0xf57a,0xf57f,0x0470,0x0475,0x047a,0x047f,
	0x1370,0x1375,0x137a,0x137f,0x3370,0x3375,0x337a,0x337f,
	0x4270,0x4275,0x427a,0x427f,0x5170,0x5175,0x517a,0x517f,
	0x7070,0x7075,0x707a,0x707f,0x8070,0x8075,0x807a,0x807f,
	0xaf70,0xaf75,0xaf7a,0xaf7f,0xbe70,0xbe75,0xbe7a,0xbe7f,
	0x6980,0x6985,0x698a,0x698f,0x7880,0x7885,0x788a,0x788f,
	0x9780,0x9785,0x978a,0x978f,0xa780,0xa785,0xa78a,0xa78f,
	0xc680,0xc685,0xc68a,0xc68f,0xd580,0xd585,0xd58a,0xd58f,
	0xf480,0xf485,0xf48a,0xf48f,0x0480,0x0485,0x048a,0x048f,
	0x1380,0x1385,0x138a,0x138f,0x3280,0x3285,0x328a,0x328f,
	0x4280,0x4285,0x428a,0x428f,0x5180,0x5185,0x518a,0x518f,
	0x7080,0x7085,0x708a,0x708f,0x8f80,0x8f85,0x8f8a,0x8f8f,
	0xaf80,0xaf85,0xaf8a,0xaf8f,0xbe80,0xbe85,0xbe8a,0xbe8f,
	0x68a0,0x68a5,0x68aa,0x68af,0x78a0,0x78a5,0x78aa,0x78af,
	0x97a0,0x97a5,0x97aa,0x97af,0xa6a0,0xa6a5,0xa6aa,0xa6af,
	0xc5a0,0xc5a5,0xc5aa,0xc5af,0xd5a0,0xd5a5,0xd5aa,0xd5af,
	0xf4a0,0xf4a5,0xf4aa,0xf4af,0x03a0,0x03a5,0x03aa,0x03af,
	0x13a0,0x13a5,0x13aa,0x13af,0x32a0,0x32a5,0x32aa,0x32af,
	0x41a0,0x41a5,0x41aa,0x41af,0x50a0,0x50a5,0x50aa,0x50af,
	0x70a0,0x70a5,0x70aa,0x70af,0x8fa0,0x8fa5,0x8faa,0x8faf,
	0xaea0,0xaea5,0xaeaa,0xaeaf,0xbea0,0xbea5,0xbeaa,0xbeaf,
	0x68c0,0x68c5,0x68ca,0x68cf,0x77c0,0x77c5,0x77ca,0x77cf,
	0x97c0,0x97c5,0x97ca,0x97cf,0xa6c0,0xa6c5,0xa6ca,0xa6cf,
	0xc5c0,0xc5c5,0xc5ca,0xc5cf,0xd4c0,0xd4c5,0xd4ca,0xd4cf,
	0xf4c0,0xf4c5,0xf4ca,0xf4cf,0x03c0,0x03c5,0x03ca,0x03cf,
	0x12c0,0x12c5,0x12ca,0x12cf,0x32c0,0x32c5,0x32ca,0x32cf,
	0x41c0,0x41c5,0x41ca,0x41cf,0x50c0,0x50c5,0x50ca,0x50cf,
	0x7fc0,0x7fc5,0x7fca,0x7fcf,0x8fc0,0x8fc5,0x8fca,0x8fcf,
	0xaec0,0xaec5,0xaeca,0xaecf,0xbdc0,0xbdc5,0xbdca,0xbdcf,
	0x68e0,0x68e5,0x68ea,0x68ef,0x77e0,0x77e5,0x77ea,0x77ef,
	0x96e0,0x96e5,0x96ea,0x96ef,0xa6e0,0xa6e5,0xa6ea,0xa6ef,
	0xc5e0,0xc5e5,0xc5ea,0xc5ef,0xd4e0,0xd4e5,0xd4ea,0xd4ef,
	0xf3e0,0xf3e5,0xf3ea,0xf3ef,0x03e0,0x03e5,0x03ea,0x03ef,
	0x12e0,0x12e5,0x12ea,0x12ef,0x31e0,0x31e5,0x31ea,0x31ef,
	0x41e0,0x41e5,0x41ea,0x41ef,0x50e0,0x50e5,0x50ea,0x50ef,
	0x7fe0,0x7fe5,0x7fea,0x7fef,0x8ee0,0x8ee5,0x8eea,0x8eef,
	0xaee0,0xaee5,0xaeea,0xaeef,0xbde0,0xbde5,0xbdea,0xbdef,
	0x6700,0x6705,0x670a,0x670f,0x7700,0x7705,0x770a,0x770f,
	0x9600,0x9605,0x960a,0x960f,0xa500,0xa505,0xa50a,0xa50f,
	0xc400,0xc405,0xc40a,0xc40f,0xd400,0xd405,0xd40a,0xd40f,
	0xf300,0xf305,0xf30a,0xf30f,0x0200,0x0205,0x020a,0x020f,
	0x1200,0x1205,0x120a,0x120f,0x3100,0x3105,0x310a,0x310f,
	0x4000,0x4005,0x400a,0x400f,0x5000,0x5005,0x500a,0x500f,
	0x7f00,0x7f05,0x7f0a,0x7f0f,0x8e00,0x8e05,0x8e0a,0x8e0f,
	0xad00,0xad05,0xad0a,0xad0f,0xbd00,0xbd05,0xbd0a,0xbd0f,
	0x6710,0x6715,0x671a,0x671f,0x7610,0x7615,0x761a,0x761f,
	0x9610,0x9615,0x961a,0x961f,0xa510,0xa515,0xa51a,0xa51f,
	0xc410,0xc415,0xc41a,0xc41f,0xd310,0xd315,0xd31a,0xd31f,
	0xf310,0xf315,0xf31a,0xf31f,0x0210,0x0215,0x021a,0x021f,
	0x1110,0x1115,0x111a,0x111f,0x3110,0x3115,0x311a,0x311f,
	0x4010,0x4015,0x401a,0x401f,0x5f10,0x5f15,0x5f1a,0x5f1f,
	0x7e10,0x7e15,0x7e1a,0x7e1f,0x8e10,0x8e15,0x8e1a,0x8e1f,
	0xad10,0xad15,0xad1a,0xad1f,0xbc10,0xbc15,0xbc1a,0xbc1f,
	0x6730,0x6735,0x673a,0x673f,0x7630,0x7635,0x763a,0x763f,
	0x9530,0x9535,0x953a,0x953f,0xa430,0xa435,0xa43a,0xa43f,
	0xc430,0xc435,0xc43a,0xc43f,0xd330,0xd335,0xd33a,0xd33f,
	0xf230,0xf235,0xf23a,0xf23f,0x0230,0x0235,0x023a,0x023f,
	0x1130,0x1135,0x113a,0x113f,0x3030,0x3035,0x303a,0x303f,
	0x4030,0x4035,0x403a,0x403f,0x5f30,0x5f35,0x5f3a,0x5f3f,
	0x7e30,0x7e35,0x7e3a,0x7e3f,0x8d30,0x8d35,0x8d3a,0x8d3f,
	0xad30,0xad35,0xad3a,0xad3f,0xbc30,0xbc35,0xbc3a,0xbc3f,
	0x6650,0x6655,0x665a,0x665f,0x7650,0x7655,0x765a,0x765f,
	0x9550,0x9555,0x955a,0x955f,0xa450,0xa455,0xa45a,0xa45f,
	0xc350,0xc355,0xc35a,0xc35f,0xd350,0xd355,0xd35a,0xd35f,
	0xf250,0xf255,0xf25a,0xf25f,0x0150,0x0155,0x015a,0x015f,
	0x1150,0x1155,0x115a,0x115f,0x3050,0x3055,0x305a,0x305f,
	0x4f50,0x4f55,0x4f5a,0x4f5f,0x5e50,0x5e55,0x5e5a,0x5e5f,
	0x7e50,0x7e55,0x7e5a,0x7e5f,0x8d50,0x8d55,0x8d5a,0x8d5f,
	0xac50,0xac55,0xac5a,0xac5f,0xbc50,0xbc55,0xbc5a,0xbc5f,
	0x6670,0x6675,0x667a,0x667f,0x7570,0x7575,0x757a,0x757f,
	0x9570,0x9575,0x957a,0x957f,0xa470,0xa475,0xa47a,0xa47f,
	0xc370,0xc375,0xc37a,0xc37f,0xd270,0xd275,0xd27a,0xd27f,
	0xf270,0xf275,0xf27a,0xf27f,0x0170,0x0175,0x017a,0x017f,
	0x1070,0x1075,0x107a,0x107f,0x3070,0x3075,0x307a,0x307f,
	0x4f70,0x4f75,0x4f7a,0x4f7f,0x5e70,0x5e75,0x5e7a,0x5e7f,
	0x7d70,0x7d75,0x7d7a,0x7d7f,0x8d70,0x8d75,0x8d7a,0x8d7f,
	0xac70,0xac75,0xac7a,0xac7f,0xbb70,0xbb75,0xbb7a,0xbb7f,
	0x6680,0x6685,0x668a,0x668f,0x7580,0x7585,0x758a,0x758f,
	0x9480,0x9485,0x948a,0x948f,0xa380,0xa385,0xa38a,0xa38f,
	0xc380,0xc385,0xc38a,0xc38f,0xd280,0xd285,0xd28a,0xd28f,
	0xf180,0xf185,0xf18a,0xf18f,0x0180,0x0185,0x018a,0x018f,
	0x1080,0x1085,0x108a,0x108f,0x3f80,0x3f85,0x3f8a,0x3f8f,
	0x4f80,0x4f85,0x4f8a,0x4f8f,0x5e80,0x5e85,0x5e8a,0x5e8f,
	0x7d80,0x7d85,0x7d8a,0x7d8f,0x8c80,0x8c85,0x8c8a,0x8c8f,
	0xac80,0xac85,0xac8a,0xac8f,0xbb80,0xbb85,0xbb8a,0xbb8f,
	0x65a0,0x65a5,0x65aa,0x65af,0x75a0,0x75a5,0x75aa,0x75af,
	0x94a0,0x94a5,0x94aa,0x94af,0xa3a0,0xa3a5,0xa3aa,0xa3af,
	0xc2a0,0xc2a5,0xc2aa,0xc2af,0xd2a0,0xd2a5,0xd2aa,0xd2af,
	0xf1a0,0xf1a5,0xf1aa,0xf1af,0x00a0,0x00a5,0x00aa,0x00af,
	0x10a0,0x10a5,0x10aa,0x10af,0x3fa0,0x3fa5,0x3faa,0x3faf,
	0x4ea0,0x4ea5,0x4eaa,0x4eaf,0x5da0,0x5da5,0x5daa,0x5daf,
	0x7da0,0x7da5,0x7daa,0x7daf,0x8ca0,0x8ca5,0x8caa,0x8caf,
	0xaba0,0xaba5,0xabaa,0xabaf,0xbba0,0xbba5,0xbbaa,0xbbaf,
	0x65c0,0x65c5,0x65ca,0x65cf,0x74c0,0x74c5,0x74ca,0x74cf,
	0x93c0,0x93c5,0x93ca,0x93cf,0xa3c0,0xa3c5,0xa3ca,0xa3cf,
	0xc2c0,0xc2c5,0xc2ca,0xc2cf,0xd1c0,0xd1c5,0xd1ca,0xd1cf,
	0xf1c0,0xf1c5,0xf1ca,0xf1cf,0x00c0,0x00c5,0x00ca,0x00cf,
	0x1fc0,0x1fc5,0x1fca,0x1fcf,0x3fc0,0x3fc5,0x3fca,0x3fcf,
	0x4ec0,0x4ec5,0x4eca,0x4ecf,0x5dc0,0x5dc5,0x5dca,0x5dcf,
	0x7cc0,0x7cc5,0x7cca,0x7ccf,0x8cc0,0x8cc5,0x8cca,0x8ccf,
	0xabc0,0xabc5,0xabca,0xabcf,0xbac0,0xbac5,0xbaca,0xbacf,
	0x65e0,0x65e5,0x65ea,0x65ef,0x74e0,0x74e5,0x74ea,0x74ef,
	0x93e0,0x93e5,0x93ea,0x93ef,0xa2e0,0xa2e5,0xa2ea,0xa2ef,
	0xc2e0,0xc2e5,0xc2ea,0xc2ef,0xd1e0,0xd1e5,0xd1ea,0xd1ef,
	0xf0e0,0xf0e5,0xf0ea,0xf0ef,0x00e0,0x00e5,0x00ea,0x00ef,
	0x1fe0,0x1fe5,0x1fea,0x1fef,0x3ee0,0x3ee5,0x3eea,0x3eef,
	0x4de0,0x4de5,0x4dea,0x4def,0x5de0,0x5de5,0x5dea,0x5def,
	0x7ce0,0x7ce5,0x7cea,0x7cef,0x8be0,0x8be5,0x8bea,0x8bef,
	0xabe0,0xabe5,0xabea,0xabef,0xbae0,0xbae5,0xbaea,0xbaef,
	0x6a30,0x6a35,0x6a3a,0x6a3f,0x8930,0x8935,0x893a,0x893f,
	0x9930,0x9935,0x993a,0x993f,0xb830,0xb835,0xb83a,0xb83f,
	0xc730,0xc735,0xc73a,0xc73f,0xd630,0xd635,0xd63a,0xd63f,
	0xf630,0xf635,0xf63a,0xf63f,0x0530,0x0535,0x053a,0x053f,
	0x2430,0x2435,0x243a,0x243f,0x3430,0x3435,0x343a,0x343f,
	0x4330,0x4335,0x433a,0x433f,0x6230,0x6235,0x623a,0x623f,
	0x7130,0x7135,0x713a,0x713f,0x9130,0x9135,0x913a,0x913f,
	0xa030,0xa035,0xa03a,0xa03f,0xbf30,0xbf35,0xbf3a,0xbf3f,
	0x6a50,0x6a55,0x6a5a,0x6a5f,0x8950,0x8955,0x895a,0x895f,
	0x9850,0x9855,0x985a,0x985f,0xb750,0xb755,0xb75a,0xb75f,
	0xc750,0xc755,0xc75a,0xc75f,0xd650,0xd655,0xd65a,0xd65f,
	0xf550,0xf555,0xf55a,0xf55f,0x0550,0x0555,0x055a,0x055f,
	0x2450,0x2455,0x245a,0x245f,0x3350,0x3355,0x335a,0x335f,
	0x4250,0x4255,0x425a,0x425f,0x6250,0x6255,0x625a,0x625f,
	0x7150,0x7155,0x715a,0x715f,0x9050,0x9055,0x905a,0x905f,
	0xa050,0xa055,0xa05a,0xa05f,0xbf50,0xbf55,0xbf5a,0xbf5f,
	0x6970,0x6975,0x697a,0x697f,0x8970,0x8975,0x897a,0x897f,
	0x9870,0x9875,0x987a,0x987f,0xb770,0xb775,0xb77a,0xb77f,
	0xc670,0xc675,0xc67a,0xc67f,0xd670,0xd675,0xd67a,0xd67f,
	0xf570,0xf575,0xf57a,0xf57f,0x0470,0x0475,0x047a,0x047f,
	0x2470,0x2475,0x247a,0x247f,0x3370,0x3375,0x337a,0x337f,
	0x4270,0x4275,0x427a,0x427f,0x6170,0x6175,0x617a,0x617f,
	0x7170,0x7175,0x717a,0x717f,0x9070,0x9075,0x907a,0x907f,
	0xaf70,0xaf75,0xaf7a,0xaf7f,0xbf70,0xbf75,0xbf7a,0xbf7f,
	0x6990,0x6995,0x699a,0x699f,0x8890,0x8895,0x889a,0x889f,
	0x9890,0x9895,0x989a,0x989f,0xb790,0xb795,0xb79a,0xb79f,
	0xc690,0xc695,0xc69a,0xc69f,0xd590,0xd595,0xd59a,0xd59f,
	0xf590,0xf595,0xf59a,0xf59f,0x0490,0x0495,0x049a,0x049f,
	0x2390,0x2395,0x239a,0x239f,0x3390,0x3395,0x339a,0x339f,
	0x4290,0x4295,0x429a,0x429f,0x6190,0x6195,0x619a,0x619f,
	0x7090,0x7095,0x709a,0x709f,0x9090,0x9095,0x909a,0x909f,
	0xaf90,0xaf95,0xaf9a,0xaf9f,0xbe90,0xbe95,0xbe9a,0xbe9f,
	0x69a0,0x69a5,0x69aa,0x69af,0x88a0,0x88a5,0x88aa,0x88af,
	0x97a0,0x97a5,0x97aa,0x97af,0xb6a0,0xb6a5,0xb6aa,0xb6af,
	0xc6a0,0xc6a5,0xc6aa,0xc6af,0xd5a0,0xd5a5,0xd5aa,0xd5af,
	0xf4a0,0xf4a5,0xf4aa,0xf4af,0x04a0,0x04a5,0x04aa,0x04af,
	0x23a0,0x23a5,0x23aa,0x23af,0x32a0,0x32a5,0x32aa,0x32af,
	0x41a0,0x41a5,0x41aa,0x41af,0x61a0,0x61a5,0x61aa,0x61af,
	0x70a0,0x70a5,0x70aa,0x70af,0x9fa0,0x9fa5,0x9faa,0x9faf,
	0xafa0,0xafa5,0xafaa,0xafaf,0xbea0,0xbea5,0xbeaa,0xbeaf,
	0x68c0,0x68c5,0x68ca,0x68cf,0x88c0,0x88c5,0x88ca,0x88cf,
	0x97c0,0x97c5,0x97ca,0x97cf,0xb6c0,0xb6c5,0xb6ca,0xb6cf,
	0xc5c0,0xc5c5,0xc5ca,0xc5cf,0xd5c0,0xd5c5,0xd5ca,0xd5cf,
	0xf4c0,0xf4c5,0xf4ca,0xf4cf,0x03c0,0x03c5,0x03ca,0x03cf,
	0x23c0,0x23c5,0x23ca,0x23cf,0x32c0,0x32c5,0x32ca,0x32cf,
	0x41c0,0x41c5,0x41ca,0x41cf,0x60c0,0x60c5,0x60ca,0x60cf,
	0x70c0,0x70c5,0x70ca,0x70cf,0x9fc0,0x9fc5,0x9fca,0x9fcf,
	0xaec0,0xaec5,0xaeca,0xaecf,0xbec0,0xbec5,0xbeca,0xbecf,
	0x68e0,0x68e5,0x68ea,0x68ef,0x87e0,0x87e5,0x87ea,0x87ef,
	0x96e0,0x96e5,0x96ea,0x96ef,0xb6e0,0xb6e5,0xb6ea,0xb6ef,
	0xc5e0,0xc5e5,0xc5ea,0xc5ef,0xd4e0,0xd4e5,0xd4ea,0xd4ef,
	0xf4e0,0xf4e5,0xf4ea,0xf4ef,0x03e0,0x03e5,0x03ea,0x03ef,
	0x22e0,0x22e5,0x22ea,0x22ef,0x31e0,0x31e5,0x31ea,0x31ef,
	0x41e0,0x41e5,0x41ea,0x41ef,0x60e0,0x60e5,0x60ea,0x60ef,
	0x7fe0,0x7fe5,0x7fea,0x7fef,0x9fe0,0x9fe5,0x9fea,0x9fef,
	0xaee0,0xaee5,0xaeea,0xaeef,0xbde0,0xbde5,0xbdea,0xbdef,
	0x6800,0x6805,0x680a,0x680f,0x8700,0x8705,0x870a,0x870f,
	0x9600,0x9605,0x960a,0x960f,0xb500,0xb505,0xb50a,0xb50f,
	0xc500,0xc505,0xc50a,0xc50f,0xd400,0xd405,0xd40a,0xd40f,
	0xf300,0xf305,0xf30a,0xf30f,0x0300,0x0305,0x030a,0x030f,
	0x2200,0x2205,0x220a,0x220f,0x3100,0x3105,0x310a,0x310f,
	0x4000,0x4005,0x400a,0x400f,0x6000,0x6005,0x600a,0x600f,
	0x7f00,0x7f05,0x7f0a,0x7f0f,0x9e00,0x9e05,0x9e0a,0x9e0f,
	0xae00,0xae05,0xae0a,0xae0f,0xbd00,0xbd05,0xbd0a,0xbd0f,
	0x6720,0x6725,0x672a,0x672f,0x8620,0x8625,0x862a,0x862f,
	0x9620,0x9625,0x962a,0x962f,0xb520,0xb525,0xb52a,0xb52f,
	0xc420,0xc425,0xc42a,0xc42f,0xd420,0xd425,0xd42a,0xd42f,
	0xf320,0xf325,0xf32a,0xf32f,0x0220,0x0225,0x022a,0x022f,
	0x2220,0x2225,0x222a,0x222f,0x3120,0x3125,0x312a,0x312f,
	0x4020,0x4025,0x402a,0x402f,0x6f20,0x6f25,0x6f2a,0x6f2f,
	0x7f20,0x7f25,0x7f2a,0x7f2f,0x9e20,0x9e25,0x9e2a,0x9e2f,
	0xad20,0xad25,0xad2a,0xad2f,0xbd20,0xbd25,0xbd2a,0xbd2f,
	0x6730,0x6735,0x673a,0x673f,0x8630,0x8635,0x863a,0x863f,
	0x9530,0x9535,0x953a,0x953f,0xb530,0xb535,0xb53a,0xb53f,
	0xc430,0xc435,0xc43a,0xc43f,0xd330,0xd335,0xd33a,0xd33f,
	0xf330,0xf335,0xf33a,0xf33f,0x0230,0x0235,0x023a,0x023f,
	0x2130,0x2135,0x213a,0x213f,0x3030,0x3035,0x303a,0x303f,
	0x4030,0x4035,0x403a,0x403f,0x6f30,0x6f35,0x6f3a,0x6f3f,
	0x7e30,0x7e35,0x7e3a,0x7e3f,0x9e30,0x9e35,0x9e3a,0x9e3f,
	0xad30,0xad35,0xad3a,0xad3f,0xbc30,0xbc35,0xbc3a,0xbc3f,
	0x6750,0x6755,0x675a,0x675f,0x8650,0x8655,0x865a,0x865f,
	0x9550,0x9555,0x955a,0x955f,0xb450,0xb455,0xb45a,0xb45f,
	0xc450,0xc455,0xc45a,0xc45f,0xd350,0xd355,0xd35a,0xd35f,
	0xf250,0xf255,0xf25a,0xf25f,0x0250,0x0255,0x025a,0x025f,
	0x2150,0x2155,0x215a,0x215f,0x3050,0x3055,0x305a,0x305f,
	0x4f50,0x4f55,0x4f5a,0x4f5f,0x6f50,0x6f55,0x6f5a,0x6f5f,
	0x7e50,0x7e55,0x7e5a,0x7e5f,0x9d50,0x9d55,0x9d5a,0x9d5f,
	0xad50,0xad55,0xad5a,0xad5f,0xbc50,0xbc55,0xbc5a,0xbc5f,
	0x6670,0x6675,0x667a,0x667f,0x8570,0x8575,0x857a,0x857f,
	0x9570,0x9575,0x957a,0x957f,0xb470,0xb475,0xb47a,0xb47f,
	0xc370,0xc375,0xc37a,0xc37f,0xd370,0xd375,0xd37a,0xd37f,
	0xf270,0xf275,0xf27a,0xf27f,0x0170,0x0175,0x017a,0x017f,
	0x2070,0x2075,0x207a,0x207f,0x3070,0x3075,0x307a,0x307f,
	0x4f70,0x4f75,0x4f7a,0x4f7f,0x6e70,0x6e75,0x6e7a,0x6e7f,
	0x7e70,0x7e75,0x7e7a,0x7e7f,0x9d70,0x9d75,0x9d7a,0x9d7f,
	0xac70,0xac75,0xac7a,0xac7f,0xbc70,0xbc75,0xbc7a,0xbc7f,
	0x6690,0x6695,0x669a,0x669f,0x8590,0x8595,0x859a,0x859f,
	0x9490,0x9495,0x949a,0x949f,0xb490,0xb495,0xb49a,0xb49f,
	0xc390,0xc395,0xc39a,0xc39f,0xd290,0xd295,0xd29a,0xd29f,
	0xf290,0xf295,0xf29a,0xf29f,0x0190,0x0195,0x019a,0x019f,
	0x2090,0x2095,0x209a,0x209f,0x3f90,0x3f95,0x3f9a,0x3f9f,
	0x4f90,0x4f95,0x4f9a,0x4f9f,0x6e90,0x6e95,0x6e9a,0x6e9f,
	0x7d90,0x7d95,0x7d9a,0x7d9f,0x9d90,0x9d95,0x9d9a,0x9d9f,
	0xac90,0xac95,0xac9a,0xac9f,0xbb90,0xbb95,0xbb9a,0xbb9f,
	0x65a0,0x65a5,0x65aa,0x65af,0x85a0,0x85a5,0x85aa,0x85af,
	0x94a0,0x94a5,0x94aa,0x94af,0xb3a0,0xb3a5,0xb3aa,0xb3af,
	0xc3a0,0xc3a5,0xc3aa,0xc3af,0xd2a0,0xd2a5,0xd2aa,0xd2af,
	0xf1a0,0xf1a5,0xf1aa,0xf1af,0x00a0,0x00a5,0x00aa,0x00af,
	0x20a0,0x20a5,0x20aa,0x20af,0x3fa0,0x3fa5,0x3faa,0x3faf,
	0x4ea0,0x4ea5,0x4eaa,0x4eaf,0x6ea0,0x6ea5,0x6eaa,0x6eaf,
	0x7da0,0x7da5,0x7daa,0x7daf,0x9ca0,0x9ca5,0x9caa,0x9caf,
	0xaca0,0xaca5,0xacaa,0xacaf,0xbba0,0xbba5,0xbbaa,0xbbaf,
	0x65c0,0x65c5,0x65ca,0x65cf,0x84c0,0x84c5,0x84ca,0x84cf,
	0x94c0,0x94c5,0x94ca,0x94cf,0xb3c0,0xb3c5,0xb3ca,0xb3cf,
	0xc2c0,0xc2c5,0xc2ca,0xc2cf,0xd2c0,0xd2c5,0xd2ca,0xd2cf,
	0xf1c0,0xf1c5,0xf1ca,0xf1cf,0x00c0,0x00c5,0x00ca,0x00cf,
	0x2fc0,0x2fc5,0x2fca,0x2fcf,0x3fc0,0x3fc5,0x3fca,0x3fcf,
	0x4ec0,0x4ec5,0x4eca,0x4ecf,0x6dc0,0x6dc5,0x6dca,0x6dcf,
	0x7dc0,0x7dc5,0x7dca,0x7dcf,0x9cc0,0x9cc5,0x9cca,0x9ccf,
	0xabc0,0xabc5,0xabca,0xabcf,0xbac0,0xbac5,0xbaca,0xbacf,
	0x65e0,0x65e5,0x65ea,0x65ef,0x84e0,0x84e5,0x84ea,0x84ef,
	0x93e0,0x93e5,0x93ea,0x93ef,0xb3e0,0xb3e5,0xb3ea,0xb3ef,
	0xc2e0,0xc2e5,0xc2ea,0xc2ef,0xd1e0,0xd1e5,0xd1ea,0xd1ef,
	0xf1e0,0xf1e5,0xf1ea,0xf1ef,0x00e0,0x00e5,0x00ea,0x00ef,
	0x2fe0,0x2fe5,0x2fea,0x2fef,0x3ee0,0x3ee5,0x3eea,0x3eef,
	0x4ee0,0x4ee5,0x4eea,0x4eef,0x6de0,0x6de5,0x6dea,0x6def,
	0x7ce0,0x7ce5,0x7cea,0x7cef,0x9ce0,0x9ce5,0x9cea,0x9cef,
	0xabe0,0xabe5,0xabea,0xabef,0xbae0,0xbae5,0xbaea,0xbaef,
	0x7a40,0x7a45,0x7a4a,0x7a4f,0x8a40,0x8a45,0x8a4a,0x8a4f,
	0x9940,0x9945,0x994a,0x994f,0xb840,0xb845,0xb84a,0xb84f,
	0xc740,0xc745,0xc74a,0xc74f,0xe740,0xe745,0xe74a,0xe74f,
	0xf640,0xf645,0xf64a,0xf64f,0x0540,0x0545,0x054a,0x054f,
	0x2540,0x2545,0x254a,0x254f,0x3440,0x3445,0x344a,0x344f,
	0x5340,0x5345,0x534a,0x534f,0x6240,0x6245,0x624a,0x624f,
	0x7240,0x7245,0x724a,0x724f,0x9140,0x9145,0x914a,0x914f,
	0xa040,0xa045,0xa04a,0xa04f,0xc040,0xc045,0xc04a,0xc04f,
	0x7a50,0x7a55,0x7a5a,0x7a5f,0x8950,0x8955,0x895a,0x895f,
	0x9850,0x9855,0x985a,0x985f,0xb850,0xb855,0xb85a,0xb85f,
	0xc750,0xc755,0xc75a,0xc75f,0xe650,0xe655,0xe65a,0xe65f,
	0xf650,0xf655,0xf65a,0xf65f,0x0550,0x0555,0x055a,0x055f,
	0x2450,0x2455,0x245a,0x245f,0x3350,0x3355,0x335a,0x335f,
	0x5350,0x5355,0x535a,0x535f,0x6250,0x6255,0x625a,0x625f,
	0x7150,0x7155,0x715a,0x715f,0x9150,0x9155,0x915a,0x915f,
	0xa050,0xa055,0xa05a,0xa05f,0xcf50,0xcf55,0xcf5a,0xcf5f,
	0x7a70,0x7a75,0x7a7a,0x7a7f,0x8970,0x8975,0x897a,0x897f,
	0x9870,0x9875,0x987a,0x987f,0xb770,0xb775,0xb77a,0xb77f,
	0xc770,0xc775,0xc77a,0xc77f,0xe670,0xe675,0xe67a,0xe67f,
	0xf570,0xf575,0xf57a,0xf57f,0x0570,0x0575,0x057a,0x057f,
	0x2470,0x2475,0x247a,0x247f,0x3370,0x3375,0x337a,0x337f,
	0x5270,0x5275,0x527a,0x527f,0x6270,0x6275,0x627a,0x627f,
	0x7170,0x7175,0x717a,0x717f,0x9070,0x9075,0x907a,0x907f,
	0xa070,0xa075,0xa07a,0xa07f,0xcf70,0xcf75,0xcf7a,0xcf7f,
	0x7990,0x7995,0x799a,0x799f,0x8890,0x8895,0x889a,0x889f,
	0x9890,0x9895,0x989a,0x989f,0xb790,0xb795,0xb79a,0xb79f,
	0xc690,0xc695,0xc69a,0xc69f,0xe690,0xe695,0xe69a,0xe69f,
	0xf590,0xf595,0xf59a,0xf59f,0x0490,0x0495,0x049a,0x049f,
	0x2390,0x2395,0x239a,0x239f,0x3390,0x3395,0x339a,0x339f,
	0x5290,0x5295,0x529a,0x529f,0x6190,0x6195,0x619a,0x619f,
	0x7190,0x7195,0x719a,0x719f,0x9090,0x9095,0x909a,0x909f,
	0xaf90,0xaf95,0xaf9a,0xaf9f,0xcf90,0xcf95,0xcf9a,0xcf9f,
	0x79b0,0x79b5,0x79ba,0x79bf,0x88b0,0x88b5,0x88ba,0x88bf,
	0x97b0,0x97b5,0x97ba,0x97bf,0xb7b0,0xb7b5,0xb7ba,0xb7bf,
	0xc6b0,0xc6b5,0xc6ba,0xc6bf,0xe5b0,0xe5b5,0xe5ba,0xe5bf,
	0xf5b0,0xf5b5,0xf5ba,0xf5bf,0x04b0,0x04b5,0x04ba,0x04bf,
	0x23b0,0x23b5,0x23ba,0x23bf,0x32b0,0x32b5,0x32ba,0x32bf,
	0x52b0,0x52b5,0x52ba,0x52bf,0x61b0,0x61b5,0x61ba,0x61bf,
	0x70b0,0x70b5,0x70ba,0x70bf,0x90b0,0x90b5,0x90ba,0x90bf,
	0xafb0,0xafb5,0xafba,0xafbf,0xceb0,0xceb5,0xceba,0xcebf,
	0x78c0,0x78c5,0x78ca,0x78cf,0x88c0,0x88c5,0x88ca,0x88cf,
	0x97c0,0x97c5,0x97ca,0x97cf,0xb6c0,0xb6c5,0xb6ca,0xb6cf,
	0xc6c0,0xc6c5,0xc6ca,0xc6cf,0xe5c0,0xe5c5,0xe5ca,0xe5cf,
	0xf4c0,0xf4c5,0xf4ca,0xf4cf,0x03c0,0x03c5,0x03ca,0x03cf,
	0x23c0,0x23c5,0x23ca,0x23cf,0x32c0,0x32c5,0x32ca,0x32cf,
	0x51c0,0x51c5,0x51ca,0x51cf,0x61c0,0x61c5,0x61ca,0x61cf,
	0x70c0,0x70c5,0x70ca,0x70cf,0x9fc0,0x9fc5,0x9fca,0x9fcf,
	0xafc0,0xafc5,0xafca,0xafcf,0xcec0,0xcec5,0xceca,0xcecf,
	0x78e0,0x78e5,0x78ea,0x78ef,0x87e0,0x87e5,0x87ea,0x87ef,
	0x97e0,0x97e5,0x97ea,0x97ef,0xb6e0,0xb6e5,0xb6ea,0xb6ef,
	0xc5e0,0xc5e5,0xc5ea,0xc5ef,0xe5e0,0xe5e5,0xe5ea,0xe5ef,
	0xf4e0,0xf4e5,0xf4ea,0xf4ef,0x03e0,0x03e5,0x03ea,0x03ef,
	0x22e0,0x22e5,0x22ea,0x22ef,0x32e0,0x32e5,0x32ea,0x32ef,
	0x51e0,0x51e5,0x51ea,0x51ef,0x60e0,0x60e5,0x60ea,0x60ef,
	0x70e0,0x70e5,0x70ea,0x70ef,0x9fe0,0x9fe5,0x9fea,0x9fef,
	0xaee0,0xaee5,0xaeea,0xaeef,0xcee0,0xcee5,0xceea,0xceef,
	0x7800,0x7805,0x780a,0x780f,0x8700,0x8705,0x870a,0x870f,
	0x9600,0x9605,0x960a,0x960f,0xb600,0xb605,0xb60a,0xb60f,
	0xc500,0xc505,0xc50a,0xc50f,0xe400,0xe405,0xe40a,0xe40f,
	0xf400,0xf405,0xf40a,0xf40f,0x0300,0x0305,0x030a,0x030f,
	0x2200,0x2205,0x220a,0x220f,0x3100,0x3105,0x310a,0x310f,
	0x5100,0x5105,0x510a,0x510f,0x6000,0x6005,0x600a,0x600f,
	0x7f00,0x7f05,0x7f0a,0x7f0f,0x9f00,0x9f05,0x9f0a,0x9f0f,
	0xae00,0xae05,0xae0a,0xae0f,0xcd00,0xcd05,0xcd0a,0xcd0f,
	0x7720,0x7725,0x772a,0x772f,0x8720,0x8725,0x872a,0x872f,
	0x9620,0x9625,0x962a,0x962f,0xb520,0xb525,0xb52a,0xb52f,
	0xc520,0xc525,0xc52a,0xc52f,0xe420,0xe425,0xe42a,0xe42f,
	0xf320,0xf325,0xf32a,0xf32f,0x0220,0x0225,0x022a,0x022f,
	0x2220,0x2225,0x222a,0x222f,0x3120,0x3125,0x312a,0x312f,
	0x5020,0x5025,0x502a,0x502f,0x6020,0x6025,0x602a,0x602f,
	0x7f20,0x7f25,0x7f2a,0x7f2f,0x9e20,0x9e25,0x9e2a,0x9e2f,
	0xae20,0xae25,0xae2a,0xae2f,0xcd20,0xcd25,0xcd2a,0xcd2f,
	0x7740,0x7745,0x774a,0x774f,0x8640,0x8645,0x864a,0x864f,
	0x9640,0x9645,0x964a,0x964f,0xb540,0xb545,0xb54a,0xb54f,
	0xc440,0xc445,0xc44a,0xc44f,0xe440,0xe445,0xe44a,0xe44f,
	0xf340,0xf345,0xf34a,0xf34f,0x0240,0x0245,0x024a,0x024f,
	0x2140,0x2145,0x214a,0x214f,0x3140,0x3145,0x314a,0x314f,
	0x5040,0x5045,0x504a,0x504f,0x6f40,0x6f45,0x6f4a,0x6f4f,
	0x7f40,0x7f45,0x7f4a,0x7f4f,0x9e40,0x9e45,0x9e4a,0x9e4f,
	0xad40,0xad45,0xad4a,0xad4f,0xcc40,0xcc45,0xcc4a,0xcc4f,
	0x7750,0x7755,0x775a,0x775f,0x8650,0x8655,0x865a,0x865f,
	0x9550,0x9555,0x955a,0x955f,0xb550,0xb555,0xb55a,0xb55f,
	0xc450,0xc455,0xc45a,0xc45f,0xe350,0xe355,0xe35a,0xe35f,
	0xf250,0xf255,0xf25a,0xf25f,0x0250,0x0255,0x025a,0x025f,
	0x2150,0x2155,0x215a,0x215f,0x3050,0x3055,0x305a,0x305f,
	0x5050,0x5055,0x505a,0x505f,0x6f50,0x6f55,0x6f5a,0x6f5f,
	0x7e50,0x7e55,0x7e5a,0x7e5f,0x9e50,0x9e55,0x9e5a,0x9e5f,
	0xad50,0xad55,0xad5a,0xad5f,0xcc50,0xcc55,0xcc5a,0xcc5f,
	0x7670,0x7675,0x767a,0x767f,0x8670,0x8675,0x867a,0x867f,
	0x9570,0x9575,0x957a,0x957f,0xb470,0xb475,0xb47a,0xb47f,
	0xc470,0xc475,0xc47a,0xc47f,0xe370,0xe375,0xe37a,0xe37f,
	0xf270,0xf275,0xf27a,0xf27f,0x0170,0x0175,0x017a,0x017f,
	0x2170,0x2175,0x217a,0x217f,0x3070,0x3075,0x307a,0x307f,
	0x5f70,0x5f75,0x5f7a,0x5f7f,0x6f70,0x6f75,0x6f7a,0x6f7f,
	0x7e70,0x7e75,0x7e7a,0x7e7f,0x9d70,0x9d75,0x9d7a,0x9d7f,
	0xac70,0xac75,0xac7a,0xac7f,0xcc70,0xcc75,0xcc7a,0xcc7f,
	0x7690,0x7695,0x769a,0x769f,0x8590,0x8595,0x859a,0x859f,
	0x9590,0x9595,0x959a,0x959f,0xb490,0xb495,0xb49a,0xb49f,
	0xc390,0xc395,0xc39a,0xc39f,0xe390,0xe395,0xe39a,0xe39f,
	0xf290,0xf295,0xf29a,0xf29f,0x0190,0x0195,0x019a,0x019f,
	0x2090,0x2095,0x209a,0x209f,0x3090,0x3095,0x309a,0x309f,
	0x5f90,0x5f95,0x5f9a,0x5f9f,0x6e90,0x6e95,0x6e9a,0x6e9f,
	0x7e90,0x7e95,0x7e9a,0x7e9f,0x9d90,0x9d95,0x9d9a,0x9d9f,
	0xac90,0xac95,0xac9a,0xac9f,0xcb90,0xcb95,0xcb9a,0xcb9f,
	0x76b0,0x76b5,0x76ba,0x76bf,0x85b0,0x85b5,0x85ba,0x85bf,
	0x94b0,0x94b5,0x94ba,0x94bf,0xb4b0,0xb4b5,0xb4ba,0xb4bf,
	0xc3b0,0xc3b5,0xc3ba,0xc3bf,0xe2b0,0xe2b5,0xe2ba,0xe2bf,
	0xf1b0,0xf1b5,0xf1ba,0xf1bf,0x01b0,0x01b5,0x01ba,0x01bf,
	0x20b0,0x20b5,0x20ba,0x20bf,0x3fb0,0x3fb5,0x3fba,0x3fbf,
	0x5fb0,0x5fb5,0x5fba,0x5fbf,0x6eb0,0x6eb5,0x6eba,0x6ebf,
	0x7db0,0x7db5,0x7dba,0x7dbf,0x9db0,0x9db5,0x9dba,0x9dbf,
	0xacb0,0xacb5,0xacba,0xacbf,0xcbb0,0xcbb5,0xcbba,0xcbbf,
	0x75c0,0x75c5,0x75ca,0x75cf,0x85c0,0x85c5,0x85ca,0x85cf,
	0x94c0,0x94c5,0x94ca,0x94cf,0xb3c0,0xb3c5,0xb3ca,0xb3cf,
	0xc3c0,0xc3c5,0xc3ca,0xc3cf,0xe2c0,0xe2c5,0xe2ca,0xe2cf,
	0xf1c0,0xf1c5,0xf1ca,0xf1cf,0x00c0,0x00c5,0x00ca,0x00cf,
	0x20c0,0x20c5,0x20ca,0x20cf,0x3fc0,0x3fc5,0x3fca,0x3fcf,
	0x5ec0,0x5ec5,0x5eca,0x5ecf,0x6ec0,0x6ec5,0x6eca,0x6ecf,
	0x7dc0,0x7dc5,0x7dca,0x7dcf,0x9cc0,0x9cc5,0x9cca,0x9ccf,
	0xabc0,0xabc5,0xabca,0xabcf,0xcbc0,0xcbc5,0xcbca,0xcbcf,
	0x75e0,0x75e5,0x75ea,0x75ef,0x84e0,0x84e5,0x84ea,0x84ef,
	0x94e0,0x94e5,0x94ea,0x94ef,0xb3e0,0xb3e5,0xb3ea,0xb3ef,
	0xc2e0,0xc2e5,0xc2ea,0xc2ef,0xe1e0,0xe1e5,0xe1ea,0xe1ef,
	0xf1e0,0xf1e5,0xf1ea,0xf1ef,0x00e0,0x00e5,0x00ea,0x00ef,
	0x2fe0,0x2fe5,0x2fea,0x2fef,0x3fe0,0x3fe5,0x3fea,0x3fef,
	0x5ee0,0x5ee5,0x5eea,0x5eef,0x6de0,0x6de5,0x6dea,0x6def,
	0x7de0,0x7de5,0x7dea,0x7def,0x9ce0,0x9ce5,0x9cea,0x9cef,
	0xabe0,0xabe5,0xabea,0xabef,0xcae0,0xcae5,0xcaea,0xcaef,
	0x7a40,0x7a45,0x7a4a,0x7a4f,0x8a40,0x8a45,0x8a4a,0x8a4f,
	0xa940,0xa945,0xa94a,0xa94f,0xb840,0xb845,0xb84a,0xb84f,
	0xc840,0xc845,0xc84a,0xc84f,0xe740,0xe745,0xe74a,0xe74f,
	0xf640,0xf645,0xf64a,0xf64f,0x1540,0x1545,0x154a,0x154f,
	0x2540,0x2545,0x254a,0x254f,0x3440,0x3445,0x344a,0x344f,
	0x5340,0x5345,0x534a,0x534f,0x6340,0x6345,0x634a,0x634f,
	0x8240,0x8245,0x824a,0x824f,0x9140,0x9145,0x914a,0x914f,
	0xa040,0xa045,0xa04a,0xa04f,0xc040,0xc045,0xc04a,0xc04f,
	0x7a60,0x7a65,0x7a6a,0x7a6f,0x8960,0x8965,0x896a,0x896f,
	0xa960,0xa965,0xa96a,0xa96f,0xb860,0xb865,0xb86a,0xb86f,
	0xc760,0xc765,0xc76a,0xc76f,0xe760,0xe765,0xe76a,0xe76f,
	0xf660,0xf665,0xf66a,0xf66f,0x1560,0x1565,0x156a,0x156f,
	0x2460,0x2465,0x246a,0x246f,0x3460,0x3465,0x346a,0x346f,
	0x5360,0x5365,0x536a,0x536f,0x6260,0x6265,0x626a,0x626f,
	0x8260,0x8265,0x826a,0x826f,0x9160,0x9165,0x916a,0x916f,
	0xa060,0xa065,0xa06a,0xa06f,0xcf60,0xcf65,0xcf6a,0xcf6f,
	0x7a70,0x7a75,0x7a7a,0x7a7f,0x8970,0x8975,0x897a,0x897f,
	0xa870,0xa875,0xa87a,0xa87f,0xb870,0xb875,0xb87a,0xb87f,
	0xc770,0xc775,0xc77a,0xc77f,0xe670,0xe675,0xe67a,0xe67f,
	0xf570,0xf575,0xf57a,0xf57f,0x1570,0x1575,0x157a,0x157f,
	0x2470,0x2475,0x247a,0x247f,0x3370,0x3375,0x337a,0x337f,
	0x5370,0x5375,0x537a,0x537f,0x6270,0x6275,0x627a,0x627f,
	0x8170,0x8175,0x817a,0x817f,0x9070,0x9075,0x907a,0x907f,
	0xa070,0xa075,0xa07a,0xa07f,0xcf70,0xcf75,0xcf7a,0xcf7f,
	0x7990,0x7995,0x799a,0x799f,0x8990,0x8995,0x899a,0x899f,
	0xa890,0xa895,0xa89a,0xa89f,0xb790,0xb795,0xb79a,0xb79f,
	0xc790,0xc795,0xc79a,0xc79f,0xe690,0xe695,0xe69a,0xe69f,
	0xf590,0xf595,0xf59a,0xf59f,0x1490,0x1495,0x149a,0x149f,
	0x2490,0x2495,0x249a,0x249f,0x3390,0x3395,0x339a,0x339f,
	0x5290,0x5295,0x529a,0x529f,0x6290,0x6295,0x629a,0x629f,
	0x8190,0x8195,0x819a,0x819f,0x9090,0x9095,0x909a,0x909f,
	0xaf90,0xaf95,0xaf9a,0xaf9f,0xcf90,0xcf95,0xcf9a,0xcf9f,
	0x79b0,0x79b5,0x79ba,0x79bf,0x88b0,0x88b5,0x88ba,0x88bf,
	0xa8b0,0xa8b5,0xa8ba,0xa8bf,0xb7b0,0xb7b5,0xb7ba,0xb7bf,
	0xc6b0,0xc6b5,0xc6ba,0xc6bf,0xe6b0,0xe6b5,0xe6ba,0xe6bf,
	0xf5b0,0xf5b5,0xf5ba,0xf5bf,0x14b0,0x14b5,0x14ba,0x14bf,
	0x23b0,0x23b5,0x23ba,0x23bf,0x33b0,0x33b5,0x33ba,0x33bf,
	0x52b0,0x52b5,0x52ba,0x52bf,0x61b0,0x61b5,0x61ba,0x61bf,
	0x81b0,0x81b5,0x81ba,0x81bf,0x90b0,0x90b5,0x90ba,0x90bf,
	0xafb0,0xafb5,0xafba,0xafbf,0xceb0,0xceb5,0xceba,0xcebf,
	0x79d0,0x79d5,0x79da,0x79df,0x88d0,0x88d5,0x88da,0x88df,
	0xa7d0,0xa7d5,0xa7da,0xa7df,0xb7d0,0xb7d5,0xb7da,0xb7df,
	0xc6d0,0xc6d5,0xc6da,0xc6df,0xe5d0,0xe5d5,0xe5da,0xe5df,
	0xf4d0,0xf4d5,0xf4da,0xf4df,0x14d0,0x14d5,0x14da,0x14df,
	0x23d0,0x23d5,0x23da,0x23df,0x32d0,0x32d5,0x32da,0x32df,
	0x52d0,0x52d5,0x52da,0x52df,0x61d0,0x61d5,0x61da,0x61df,
	0x80d0,0x80d5,0x80da,0x80df,0x90d0,0x90d5,0x90da,0x90df,
	0xafd0,0xafd5,0xafda,0xafdf,0xced0,0xced5,0xceda,0xcedf,
	0x78f0,0x78f5,0x78fa,0x78ff,0x88f0,0x88f5,0x88fa,0x88ff,
	0xa7f0,0xa7f5,0xa7fa,0xa7ff,0xb6f0,0xb6f5,0xb6fa,0xb6ff,
	0xc6f0,0xc6f5,0xc6fa,0xc6ff,0xe5f0,0xe5f5,0xe5fa,0xe5ff,
	0xf4f0,0xf4f5,0xf4fa,0xf4ff,0x13f0,0x13f5,0x13fa,0x13ff,
	0x23f0,0x23f5,0x23fa,0x23ff,0x32f0,0x32f5,0x32fa,0x32ff,
	0x51f0,0x51f5,0x51fa,0x51ff,0x61f0,0x61f5,0x61fa,0x61ff,
	0x80f0,0x80f5,0x80fa,0x80ff,0x9ff0,0x9ff5,0x9ffa,0x9fff,
	0xaef0,0xaef5,0xaefa,0xaeff,0xcef0,0xcef5,0xcefa,0xceff,
	0x7800,0x7805,0x780a,0x780f,0x8700,0x8705,0x870a,0x870f,
	0xa700,0xa705,0xa70a,0xa70f,0xb600,0xb605,0xb60a,0xb60f,
	0xc500,0xc505,0xc50a,0xc50f,0xe400,0xe405,0xe40a,0xe40f,
	0xf400,0xf405,0xf40a,0xf40f,0x1300,0x1305,0x130a,0x130f,
	0x2200,0x2205,0x220a,0x220f,0x3200,0x3205,0x320a,0x320f,
	0x5100,0x5105,0x510a,0x510f,0x6000,0x6005,0x600a,0x600f,
	0x8000,0x8005,0x800a,0x800f,0x9f00,0x9f05,0x9f0a,0x9f0f,
	0xae00,0xae05,0xae0a,0xae0f,0xcd00,0xcd05,0xcd0a,0xcd0f,
	0x7820,0x7825,0x782a,0x782f,0x8720,0x8725,0x872a,0x872f,
	0xa620,0xa625,0xa62a,0xa62f,0xb620,0xb625,0xb62a,0xb62f,
	0xc520,0xc525,0xc52a,0xc52f,0xe420,0xe425,0xe42a,0xe42f,
	0xf320,0xf325,0xf32a,0xf32f,0x1320,0x1325,0x132a,0x132f,
	0x2220,0x2225,0x222a,0x222f,0x3120,0x3125,0x312a,0x312f,
	0x5120,0x5125,0x512a,0x512f,0x6020,0x6025,0x602a,0x602f,
	0x8f20,0x8f25,0x8f2a,0x8f2f,0x9e20,0x9e25,0x9e2a,0x9e2f,
	0xae20,0xae25,0xae2a,0xae2f,0xcd20,0xcd25,0xcd2a,0xcd2f,
	0x7740,0x7745,0x774a,0x774f,0x8740,0x8745,0x874a,0x874f,
	0xa640,0xa645,0xa64a,0xa64f,0xb540,0xb545,0xb54a,0xb54f,
	0xc540,0xc545,0xc54a,0xc54f,0xe440,0xe445,0xe44a,0xe44f,
	0xf340,0xf345,0xf34a,0xf34f,0x1240,0x1245,0x124a,0x124f,
	0x2240,0x2245,0x224a,0x224f,0x3140,0x3145,0x314a,0x314f,
	0x5040,0x5045,0x504a,0x504f,0x6040,0x6045,0x604a,0x604f,
	0x8f40,0x8f45,0x8f4a,0x8f4f,0x9e40,0x9e45,0x9e4a,0x9e4f,
	0xad40,0xad45,0xad4a,0xad4f,0xcd40,0xcd45,0xcd4a,0xcd4f,
	0x7760,0x7765,0x776a,0x776f,0x8660,0x8665,0x866a,0x866f,
	0xa660,0xa665,0xa66a,0xa66f,0xb560,0xb565,0xb56a,0xb56f,
	0xc460,0xc465,0xc46a,0xc46f,0xe360,0xe365,0xe36a,0xe36f,
	0xf360,0xf365,0xf36a,0xf36f,0x1260,0x1265,0x126a,0x126f,
	0x2160,0x2165,0x216a,0x216f,0x3160,0x3165,0x316a,0x316f,
	0x5060,0x5065,0x506a,0x506f,0x6f60,0x6f65,0x6f6a,0x6f6f,
	0x8f60,0x8f65,0x8f6a,0x8f6f,0x9e60,0x9e65,0x9e6a,0x9e6f,
	0xad60,0xad65,0xad6a,0xad6f,0xcc60,0xcc65,0xcc6a,0xcc6f,
	0x7770,0x7775,0x777a,0x777f,0x8670,0x8675,0x867a,0x867f,
	0xa570,0xa575,0xa57a,0xa57f,0xb570,0xb575,0xb57a,0xb57f,
	0xc470,0xc475,0xc47a,0xc47f,0xe370,0xe375,0xe37a,0xe37f,
	0xf270,0xf275,0xf27a,0xf27f,0x1270,0x1275,0x127a,0x127f,
	0x2170,0x2175,0x217a,0x217f,0x3070,0x3075,0x307a,0x307f,
	0x5070,0x5075,0x507a,0x507f,0x6f70,0x6f75,0x6f7a,0x6f7f,
	0x8e70,0x8e75,0x8e7a,0x8e7f,0x9d70,0x9d75,0x9d7a,0x9d7f,
	0xad70,0xad75,0xad7a,0xad7f,0xcc70,0xcc75,0xcc7a,0xcc7f,
	0x7690,0x7695,0x769a,0x769f,0x8690,0x8695,0x869a,0x869f,
	0xa590,0xa595,0xa59a,0xa59f,0xb490,0xb495,0xb49a,0xb49f,
	0xc390,0xc395,0xc39a,0xc39f,0xe390,0xe395,0xe39a,0xe39f,
	0xf290,0xf295,0xf29a,0xf29f,0x1190,0x1195,0x119a,0x119f,
	0x2190,0x2195,0x219a,0x219f,0x3090,0x3095,0x309a,0x309f,
	0x5f90,0x5f95,0x5f9a,0x5f9f,0x6f90,0x6f95,0x6f9a,0x6f9f,
	0x8e90,0x8e95,0x8e9a,0x8e9f,0x9d90,0x9d95,0x9d9a,0x9d9f,
	0xac90,0xac95,0xac9a,0xac9f,0xcc90,0xcc95,0xcc9a,0xcc9f,
	0x76b0,0x76b5,0x76ba,0x76bf,0x85b0,0x85b5,0x85ba,0x85bf,
	0xa5b0,0xa5b5,0xa5ba,0xa5bf,0xb4b0,0xb4b5,0xb4ba,0xb4bf,
	0xc3b0,0xc3b5,0xc3ba,0xc3bf,0xe2b0,0xe2b5,0xe2ba,0xe2bf,
	0xf2b0,0xf2b5,0xf2ba,0xf2bf,0x11b0,0x11b5,0x11ba,0x11bf,
	0x20b0,0x20b5,0x20ba,0x20bf,0x30b0,0x30b5,0x30ba,0x30bf,
	0x5fb0,0x5fb5,0x5fba,0x5fbf,0x6eb0,0x6eb5,0x6eba,0x6ebf,
	0x8db0,0x8db5,0x8dba,0x8dbf,0x9db0,0x9db5,0x9dba,0x9dbf,
	0xacb0,0xacb5,0xacba,0xacbf,0xcbb0,0xcbb5,0xcbba,0xcbbf,
	0x76d0,0x76d5,0x76da,0x76df,0x85d0,0x85d5,0x85da,0x85df,
	0xa4d0,0xa4d5,0xa4da,0xa4df,0xb4d0,0xb4d5,0xb4da,0xb4df,
	0xc3d0,0xc3d5,0xc3da,0xc3df,0xe2d0,0xe2d5,0xe2da,0xe2df,
	0xf1d0,0xf1d5,0xf1da,0xf1df,0x11d0,0x11d5,0x11da,0x11df,
	0x20d0,0x20d5,0x20da,0x20df,0x3fd0,0x3fd5,0x3fda,0x3fdf,
	0x5fd0,0x5fd5,0x5fda,0x5fdf,0x6ed0,0x6ed5,0x6eda,0x6edf,
	0x8dd0,0x8dd5,0x8dda,0x8ddf,0x9cd0,0x9cd5,0x9cda,0x9cdf,
	0xacd0,0xacd5,0xacda,0xacdf,0xcbd0,0xcbd5,0xcbda,0xcbdf,
	0x75e0,0x75e5,0x75ea,0x75ef,0x85e0,0x85e5,0x85ea,0x85ef,
	0xa4e0,0xa4e5,0xa4ea,0xa4ef,0xb3e0,0xb3e5,0xb3ea,0xb3ef,
	0xc2e0,0xc2e5,0xc2ea,0xc2ef,0xe2e0,0xe2e5,0xe2ea,0xe2ef,
	0xf1e0,0xf1e5,0xf1ea,0xf1ef,0x10e0,0x10e5,0x10ea,0x10ef,
	0x20e0,0x20e5,0x20ea,0x20ef,0x3fe0,0x3fe5,0x3fea,0x3fef,
	0x5ee0,0x5ee5,0x5eea,0x5eef,0x6ee0,0x6ee5,0x6eea,0x6eef,
	0x8de0,0x8de5,0x8dea,0x8def,0x9ce0,0x9ce5,0x9cea,0x9cef,
	0xabe0,0xabe5,0xabea,0xabef,0xcbe0,0xcbe5,0xcbea,0xcbef,
	0x7b40,0x7b45,0x7b4a,0x7b4f,0x8a40,0x8a45,0x8a4a,0x8a4f,
	0xa940,0xa945,0xa94a,0xa94f,0xb940,0xb945,0xb94a,0xb94f,
	0xd840,0xd845,0xd84a,0xd84f,0xe740,0xe745,0xe74a,0xe74f,
	0x0640,0x0645,0x064a,0x064f,0x1640,0x1645,0x164a,0x164f,
	0x2540,0x2545,0x254a,0x254f,0x4440,0x4445,0x444a,0x444f,
	0x5440,0x5445,0x544a,0x544f,0x6340,0x6345,0x634a,0x634f,
	0x8240,0x8245,0x824a,0x824f,0x9140,0x9145,0x914a,0x914f,
	0xb140,0xb145,0xb14a,0xb14f,0xc040,0xc045,0xc04a,0xc04f,
	0x7a60,0x7a65,0x7a6a,0x7a6f,0x8a60,0x8a65,0x8a6a,0x8a6f,
	0xa960,0xa965,0xa96a,0xa96f,0xb860,0xb865,0xb86a,0xb86f,
	0xd860,0xd865,0xd86a,0xd86f,0xe760,0xe765,0xe76a,0xe76f,
	0x0660,0x0665,0x066a,0x066f,0x1560,0x1565,0x156a,0x156f,
	0x2560,0x2565,0x256a,0x256f,0x4460,0x4465,0x446a,0x446f,
	0x5360,0x5365,0x536a,0x536f,0x6360,0x6365,0x636a,0x636f,
	0x8260,0x8265,0x826a,0x826f,0x9160,0x9165,0x916a,0x916f,
	0xb060,0xb065,0xb06a,0xb06f,0xc060,0xc065,0xc06a,0xc06f,
	0x7a80,0x7a85,0x7a8a,0x7a8f,0x8980,0x8985,0x898a,0x898f,
	0xa980,0xa985,0xa98a,0xa98f,0xb880,0xb885,0xb88a,0xb88f,
	0xd780,0xd785,0xd78a,0xd78f,0xe680,0xe685,0xe68a,0xe68f,
	0x0680,0x0685,0x068a,0x068f,0x1580,0x1585,0x158a,0x158f,
	0x2480,0x2485,0x248a,0x248f,0x4480,0x4485,0x448a,0x448f,
	0x5380,0x5385,0x538a,0x538f,0x6280,0x6285,0x628a,0x628f,
	0x8180,0x8185,0x818a,0x818f,0x9180,0x9185,0x918a,0x918f,
	0xb080,0xb085,0xb08a,0xb08f,0xcf80,0xcf85,0xcf8a,0xcf8f,
	0x7a90,0x7a95,0x7a9a,0x7a9f,0x8990,0x8995,0x899a,0x899f,
	0xa890,0xa895,0xa89a,0xa89f,0xb890,0xb895,0xb89a,0xb89f,
	0xd790,0xd795,0xd79a,0xd79f,0xe690,0xe695,0xe69a,0xe69f,
	0x0590,0x0595,0x059a,0x059f,0x1590,0x1595,0x159a,0x159f,
	0x2490,0x2495,0x249a,0x249f,0x4390,0x4395,0x439a,0x439f,
	0x5390,0x5395,0x539a,0x539f,0x6290,0x6295,0x629a,0x629f,
	0x8190,0x8195,0x819a,0x819f,0x9090,0x9095,0x909a,0x909f,
	0xb090,0xb095,0xb09a,0xb09f,0xcf90,0xcf95,0xcf9a,0xcf9f,
	0x79b0,0x79b5,0x79ba,0x79bf,0x89b0,0x89b5,0x89ba,0x89bf,
	0xa8b0,0xa8b5,0xa8ba,0xa8bf,0xb7b0,0xb7b5,0xb7ba,0xb7bf,
	0xd6b0,0xd6b5,0xd6ba,0xd6bf,0xe6b0,0xe6b5,0xe6ba,0xe6bf,
	0x05b0,0x05b5,0x05ba,0x05bf,0x14b0,0x14b5,0x14ba,0x14bf,
	0x24b0,0x24b5,0x24ba,0x24bf,0x43b0,0x43b5,0x43ba,0x43bf,
	0x52b0,0x52b5,0x52ba,0x52bf,0x61b0,0x61b5,0x61ba,0x61bf,
	0x81b0,0x81b5,0x81ba,0x81bf,0x90b0,0x90b5,0x90ba,0x90bf,
	0xbfb0,0xbfb5,0xbfba,0xbfbf,0xcfb0,0xcfb5,0xcfba,0xcfbf,
	0x79d0,0x79d5,0x79da,0x79df,0x88d0,0x88d5,0x88da,0x88df,
	0xa8d0,0xa8d5,0xa8da,0xa8df,0xb7d0,0xb7d5,0xb7da,0xb7df,
	0xd6d0,0xd6d5,0xd6da,0xd6df,0xe5d0,0xe5d5,0xe5da,0xe5df,
	0x05d0,0x05d5,0x05da,0x05df,0x14d0,0x14d5,0x14da,0x14df,
	0x23d0,0x23d5,0x23da,0x23df,0x43d0,0x43d5,0x43da,0x43df,
	0x52d0,0x52d5,0x52da,0x52df,0x61d0,0x61d5,0x61da,0x61df,
	0x80d0,0x80d5,0x80da,0x80df,0x90d0,0x90d5,0x90da,0x90df,
	0xbfd0,0xbfd5,0xbfda,0xbfdf,0xced0,0xced5,0xceda,0xcedf,
	0x79f0,0x79f5,0x79fa,0x79ff,0x88f0,0x88f5,0x88fa,0x88ff,
	0xa7f0,0xa7f5,0xa7fa,0xa7ff,0xb7f0,0xb7f5,0xb7fa,0xb7ff,
	0xd6f0,0xd6f5,0xd6fa,0xd6ff,0xe5f0,0xe5f5,0xe5fa,0xe5ff,
	0x04f0,0x04f5,0x04fa,0x04ff,0x14f0,0x14f5,0x14fa,0x14ff,
	0x23f0,0x23f5,0x23fa,0x23ff,0x42f0,0x42f5,0x42fa,0x42ff,
	0x52f0,0x52f5,0x52fa,0x52ff,0x61f0,0x61f5,0x61fa,0x61ff,
	0x80f0,0x80f5,0x80fa,0x80ff,0x9ff0,0x9ff5,0x9ffa,0x9fff,
	0xbff0,0xbff5,0xbffa,0xbfff,0xcef0,0xcef5,0xcefa,0xceff,
	0x7800,0x7805,0x780a,0x780f,0x8800,0x8805,0x880a,0x880f,
	0xa700,0xa705,0xa70a,0xa70f,0xb600,0xb605,0xb60a,0xb60f,
	0xd500,0xd505,0xd50a,0xd50f,0xe500,0xe505,0xe50a,0xe50f,
	0x0400,0x0405,0x040a,0x040f,0x1300,0x1305,0x130a,0x130f,
	0x2300,0x2305,0x230a,0x230f,0x4200,0x4205,0x420a,0x420f,
	0x5100,0x5105,0x510a,0x510f,0x6000,0x6005,0x600a,0x600f,
	0x8000,0x8005,0x800a,0x800f,0x9f00,0x9f05,0x9f0a,0x9f0f,
	0xbe00,0xbe05,0xbe0a,0xbe0f,0xce00,0xce05,0xce0a,0xce0f,
	0x7820,0x7825,0x782a,0x782f,0x8720,0x8725,0x872a,0x872f,
	0xa720,0xa725,0xa72a,0xa72f,0xb620,0xb625,0xb62a,0xb62f,
	0xd520,0xd525,0xd52a,0xd52f,0xe420,0xe425,0xe42a,0xe42f,
	0x0420,0x0425,0x042a,0x042f,0x1320,0x1325,0x132a,0x132f,
	0x2220,0x2225,0x222a,0x222f,0x4220,0x4225,0x422a,0x422f,
	0x5120,0x5125,0x512a,0x512f,0x6020,0x6025,0x602a,0x602f,
	0x8f20,0x8f25,0x8f2a,0x8f2f,0x9f20,0x9f25,0x9f2a,0x9f2f,
	0xbe20,0xbe25,0xbe2a,0xbe2f,0xcd20,0xcd25,0xcd2a,0xcd2f,
	0x7840,0x7845,0x784a,0x784f,0x8740,0x8745,0x874a,0x874f,
	0xa640,0xa645,0xa64a,0xa64f,0xb540,0xb545,0xb54a,0xb54f,
	0xd540,0xd545,0xd54a,0xd54f,0xe440,0xe445,0xe44a,0xe44f,
	0x0340,0x0345,0x034a,0x034f,0x1340,0x1345,0x134a,0x134f,
	0x2240,0x2245,0x224a,0x224f,0x4140,0x4145,0x414a,0x414f,
	0x5040,0x5045,0x504a,0x504f,0x6040,0x6045,0x604a,0x604f,
	0x8f40,0x8f45,0x8f4a,0x8f4f,0x9e40,0x9e45,0x9e4a,0x9e4f,
	0xbe40,0xbe45,0xbe4a,0xbe4f,0xcd40,0xcd45,0xcd4a,0xcd4f,
	0x7760,0x7765,0x776a,0x776f,0x8760,0x8765,0x876a,0x876f,
	0xa660,0xa665,0xa66a,0xa66f,0xb560,0xb565,0xb56a,0xb56f,
	0xd460,0xd465,0xd46a,0xd46f,0xe460,0xe465,0xe46a,0xe46f,
	0x0360,0x0365,0x036a,0x036f,0x1260,0x1265,0x126a,0x126f,
	0x2260,0x2265,0x226a,0x226f,0x4160,0x4165,0x416a,0x416f,
	0x5060,0x5065,0x506a,0x506f,0x6f60,0x6f65,0x6f6a,0x6f6f,
	0x8f60,0x8f65,0x8f6a,0x8f6f,0x9e60,0x9e65,0x9e6a,0x9e6f,
	0xbd60,0xbd65,0xbd6a,0xbd6f,0xcd60,0xcd65,0xcd6a,0xcd6f,
	0x7780,0x7785,0x778a,0x778f,0x8680,0x8685,0x868a,0x868f,
	0xa680,0xa685,0xa68a,0xa68f,0xb580,0xb585,0xb58a,0xb58f,
	0xd480,0xd485,0xd48a,0xd48f,0xe380,0xe385,0xe38a,0xe38f,
	0x0380,0x0385,0x038a,0x038f,0x1280,0x1285,0x128a,0x128f,
	0x2180,0x2185,0x218a,0x218f,0x4180,0x4185,0x418a,0x418f,
	0x5080,0x5085,0x508a,0x508f,0x6f80,0x6f85,0x6f8a,0x6f8f,
	0x8e80,0x8e85,0x8e8a,0x8e8f,0x9e80,0x9e85,0x9e8a,0x9e8f,
	0xbd80,0xbd85,0xbd8a,0xbd8f,0xcc80,0xcc85,0xcc8a,0xcc8f,
	0x7790,0x7795,0x779a,0x779f,0x8690,0x8695,0x869a,0x869f,
	0xa590,0xa595,0xa59a,0xa59f,0xb490,0xb495,0xb49a,0xb49f,
	0xd490,0xd495,0xd49a,0xd49f,0xe390,0xe395,0xe39a,0xe39f,
	0x0290,0x0295,0x029a,0x029f,0x1290,0x1295,0x129a,0x129f,
	0x2190,0x2195,0x219a,0x219f,0x4090,0x4095,0x409a,0x409f,
	0x5090,0x5095,0x509a,0x509f,0x6f90,0x6f95,0x6f9a,0x6f9f,
	0x8e90,0x8e95,0x8e9a,0x8e9f,0x9d90,0x9d95,0x9d9a,0x9d9f,
	0xbd90,0xbd95,0xbd9a,0xbd9f,0xcc90,0xcc95,0xcc9a,0xcc9f,
	0x76b0,0x76b5,0x76ba,0x76bf,0x86b0,0x86b5,0x86ba,0x86bf,
	0xa5b0,0xa5b5,0xa5ba,0xa5bf,0xb4b0,0xb4b5,0xb4ba,0xb4bf,
	0xd3b0,0xd3b5,0xd3ba,0xd3bf,0xe3b0,0xe3b5,0xe3ba,0xe3bf,
	0x02b0,0x02b5,0x02ba,0x02bf,0x11b0,0x11b5,0x11ba,0x11bf,
	0x21b0,0x21b5,0x21ba,0x21bf,0x40b0,0x40b5,0x40ba,0x40bf,
	0x5fb0,0x5fb5,0x5fba,0x5fbf,0x6eb0,0x6eb5,0x6eba,0x6ebf,
	0x8eb0,0x8eb5,0x8eba,0x8ebf,0x9db0,0x9db5,0x9dba,0x9dbf,
	0xbcb0,0xbcb5,0xbcba,0xbcbf,0xccb0,0xccb5,0xccba,0xccbf,
	0x76d0,0x76d5,0x76da,0x76df,0x85d0,0x85d5,0x85da,0x85df,
	0xa4d0,0xa4d5,0xa4da,0xa4df,0xb4d0,0xb4d5,0xb4da,0xb4df,
	0xd3d0,0xd3d5,0xd3da,0xd3df,0xe2d0,0xe2d5,0xe2da,0xe2df,
	0x02d0,0x02d5,0x02da,0x02df,0x11d0,0x11d5,0x11da,0x11df,
	0x20d0,0x20d5,0x20da,0x20df,0x40d0,0x40d5,0x40da,0x40df,
	0x5fd0,0x5fd5,0x5fda,0x5fdf,0x6ed0,0x6ed5,0x6eda,0x6edf,
	0x8dd0,0x8dd5,0x8dda,0x8ddf,0x9dd0,0x9dd5,0x9dda,0x9ddf,
	0xbcd0,0xbcd5,0xbcda,0xbcdf,0xcbd0,0xcbd5,0xcbda,0xcbdf,
	0x76f0,0x76f5,0x76fa,0x76ff,0x85f0,0x85f5,0x85fa,0x85ff,
	0xa4f0,0xa4f5,0xa4fa,0xa4ff,0xb3f0,0xb3f5,0xb3fa,0xb3ff,
	0xd3f0,0xd3f5,0xd3fa,0xd3ff,0xe2f0,0xe2f5,0xe2fa,0xe2ff,
	0x01f0,0x01f5,0x01fa,0x01ff,0x11f0,0x11f5,0x11fa,0x11ff,
	0x20f0,0x20f5,0x20fa,0x20ff,0x4ff0,0x4ff5,0x4ffa,0x4fff,
	0x5ef0,0x5ef5,0x5efa,0x5eff,0x6ef0,0x6ef5,0x6efa,0x6eff,
	0x8df0,0x8df5,0x8dfa,0x8dff,0x9cf0,0x9cf5,0x9cfa,0x9cff,
	0xbcf0,0xbcf5,0xbcfa,0xbcff,0xcbf0,0xcbf5,0xcbfa,0xcbff,
	0x7b40,0x7b45,0x7b4a,0x7b4f,0x9a40,0x9a45,0x9a4a,0x9a4f,
	0xaa40,0xaa45,0xaa4a,0xaa4f,0xc940,0xc945,0xc94a,0xc94f,
	0xd840,0xd845,0xd84a,0xd84f,0xe740,0xe745,0xe74a,0xe74f,
	0x0740,0x0745,0x074a,0x074f,0x1640,0x1645,0x164a,0x164f,
	0x3540,0x3545,0x354a,0x354f,0x4540,0x4545,0x454a,0x454f,
	0x5440,0x5445,0x544a,0x544f,0x7340,0x7345,0x734a,0x734f,
	0x8240,0x8245,0x824a,0x824f,0xa240,0xa245,0xa24a,0xa24f,
	0xb140,0xb145,0xb14a,0xb14f,0xc040,0xc045,0xc04a,0xc04f,
	0x7b60,0x7b65,0x7b6a,0x7b6f,0x9a60,0x9a65,0x9a6a,0x9a6f,
	0xa960,0xa965,0xa96a,0xa96f,0xc860,0xc865,0xc86a,0xc86f,
	0xd860,0xd865,0xd86a,0xd86f,0xe760,0xe765,0xe76a,0xe76f,
	0x0660,0x0665,0x066a,0x066f,0x1660,0x1665,0x166a,0x166f,
	0x3560,0x3565,0x356a,0x356f,0x4460,0x4465,0x446a,0x446f,
	0x5360,0x5365,0x536a,0x536f,0x7360,0x7365,0x736a,0x736f,
	0x8260,0x8265,0x826a,0x826f,0xa160,0xa165,0xa16a,0xa16f,
	0xb160,0xb165,0xb16a,0xb16f,0xc060,0xc065,0xc06a,0xc06f,
	0x7a80,0x7a85,0x7a8a,0x7a8f,0x9a80,0x9a85,0x9a8a,0x9a8f,
	0xa980,0xa985,0xa98a,0xa98f,0xc880,0xc885,0xc88a,0xc88f,
	0xd780,0xd785,0xd78a,0xd78f,0xe780,0xe785,0xe78a,0xe78f,
	0x0680,0x0685,0x068a,0x068f,0x1580,0x1585,0x158a,0x158f,
	0x3580,0x3585,0x358a,0x358f,0x4480,0x4485,0x448a,0x448f,
	0x5380,0x5385,0x538a,0x538f,0x7280,0x7285,0x728a,0x728f,
	0x8280,0x8285,0x828a,0x828f,0xa180,0xa185,0xa18a,0xa18f,
	0xb080,0xb085,0xb08a,0xb08f,0xc080,0xc085,0xc08a,0xc08f,
	0x7aa0,0x7aa5,0x7aaa,0x7aaf,0x99a0,0x99a5,0x99aa,0x99af,
	0xa9a0,0xa9a5,0xa9aa,0xa9af,0xc8a0,0xc8a5,0xc8aa,0xc8af,
	0xd7a0,0xd7a5,0xd7aa,0xd7af,0xe6a0,0xe6a5,0xe6aa,0xe6af,
	0x06a0,0x06a5,0x06aa,0x06af,0x15a0,0x15a5,0x15aa,0x15af,
	0x34a0,0x34a5,0x34aa,0x34af,0x44a0,0x44a5,0x44aa,0x44af,
	0x53a0,0x53a5,0x53aa,0x53af,0x72a0,0x72a5,0x72aa,0x72af,
	0x81a0,0x81a5,0x81aa,0x81af,0xa1a0,0xa1a5,0xa1aa,0xa1af,
	0xb0a0,0xb0a5,0xb0aa,0xb0af,0xcfa0,0xcfa5,0xcfaa,0xcfaf,
	0x7ab0,0x7ab5,0x7aba,0x7abf,0x99b0,0x99b5,0x99ba,0x99bf,
	0xa8b0,0xa8b5,0xa8ba,0xa8bf,0xc7b0,0xc7b5,0xc7ba,0xc7bf,
	0xd7b0,0xd7b5,0xd7ba,0xd7bf,0xe6b0,0xe6b5,0xe6ba,0xe6bf,
	0x05b0,0x05b5,0x05ba,0x05bf,0x15b0,0x15b5,0x15ba,0x15bf,
	0x34b0,0x34b5,0x34ba,0x34bf,0x43b0,0x43b5,0x43ba,0x43bf,
	0x52b0,0x52b5,0x52ba,0x52bf,0x72b0,0x72b5,0x72ba,0x72bf,
	0x81b0,0x81b5,0x81ba,0x81bf,0xa0b0,0xa0b5,0xa0ba,0xa0bf,
	0xb0b0,0xb0b5,0xb0ba,0xb0bf,0xcfb0,0xcfb5,0xcfba,0xcfbf,
	0x79d0,0x79d5,0x79da,0x79df,0x99d0,0x99d5,0x99da,0x99df,
	0xa8d0,0xa8d5,0xa8da,0xa8df,0xc7d0,0xc7d5,0xc7da,0xc7df,
	0xd6d0,0xd6d5,0xd6da,0xd6df,0xe6d0,0xe6d5,0xe6da,0xe6df,
	0x05d0,0x05d5,0x05da,0x05df,0x14d0,0x14d5,0x14da,0x14df,
	0x34d0,0x34d5,0x34da,0x34df,0x43d0,0x43d5,0x43da,0x43df,
	0x52d0,0x52d5,0x52da,0x52df,0x71d0,0x71d5,0x71da,0x71df,
	0x81d0,0x81d5,0x81da,0x81df,0xa0d0,0xa0d5,0xa0da,0xa0df,
	0xbfd0,0xbfd5,0xbfda,0xbfdf,0xcfd0,0xcfd5,0xcfda,0xcfdf,
	0x79f0,0x79f5,0x79fa,0x79ff,0x98f0,0x98f5,0x98fa,0x98ff,
	0xa7f0,0xa7f5,0xa7fa,0xa7ff,0xc7f0,0xc7f5,0xc7fa,0xc7ff,
	0xd6f0,0xd6f5,0xd6fa,0xd6ff,0xe5f0,0xe5f5,0xe5fa,0xe5ff,
	0x05f0,0x05f5,0x05fa,0x05ff,0x14f0,0x14f5,0x14fa,0x14ff,
	0x33f0,0x33f5,0x33fa,0x33ff,0x42f0,0x42f5,0x42fa,0x42ff,
	0x52f0,0x52f5,0x52fa,0x52ff,0x71f0,0x71f5,0x71fa,0x71ff,
	0x80f0,0x80f5,0x80fa,0x80ff,0xa0f0,0xa0f5,0xa0fa,0xa0ff,
	0xbff0,0xbff5,0xbffa,0xbfff,0xcef0,0xcef5,0xcefa,0xceff,
	0x7910,0x7915,0x791a,0x791f,0x9810,0x9815,0x981a,0x981f,
	0xa710,0xa715,0xa71a,0xa71f,0xc610,0xc615,0xc61a,0xc61f,
	0xd610,0xd615,0xd61a,0xd61f,0xe510,0xe515,0xe51a,0xe51f,
	0x0410,0x0415,0x041a,0x041f,0x1410,0x1415,0x141a,0x141f,
	0x3310,0x3315,0x331a,0x331f,0x4210,0x4215,0x421a,0x421f,
	0x5110,0x5115,0x511a,0x511f,0x7110,0x7115,0x711a,0x711f,
	0x8010,0x8015,0x801a,0x801f,0xaf10,0xaf15,0xaf1a,0xaf1f,
	0xbf10,0xbf15,0xbf1a,0xbf1f,0xce10,0xce15,0xce1a,0xce1f,
	0x7830,0x7835,0x783a,0x783f,0x9730,0x9735,0x973a,0x973f,
	0xa730,0xa735,0xa73a,0xa73f,0xc630,0xc635,0xc63a,0xc63f,
	0xd530,0xd535,0xd53a,0xd53f,0xe530,0xe535,0xe53a,0xe53f,
	0x0430,0x0435,0x043a,0x043f,0x1330,0x1335,0x133a,0x133f,
	0x3330,0x3335,0x333a,0x333f,0x4230,0x4235,0x423a,0x423f,
	0x5130,0x5135,0x513a,0x513f,0x7030,0x7035,0x703a,0x703f,
	0x8030,0x8035,0x803a,0x803f,0xaf30,0xaf35,0xaf3a,0xaf3f,
	0xbe30,0xbe35,0xbe3a,0xbe3f,0xce30,0xce35,0xce3a,0xce3f,
	0x7840,0x7845,0x784a,0x784f,0x9740,0x9745,0x974a,0x974f,
	0xa640,0xa645,0xa64a,0xa64f,0xc640,0xc645,0xc64a,0xc64f,
	0xd540,0xd545,0xd54a,0xd54f,0xe440,0xe445,0xe44a,0xe44f,
	0x0440,0x0445,0x044a,0x044f,0x1340,0x1345,0x134a,0x134f,
	0x3240,0x3245,0x324a,0x324f,0x4140,0x4145,0x414a,0x414f,
	0x5140,0x5145,0x514a,0x514f,0x7040,0x7045,0x704a,0x704f,
	0x8f40,0x8f45,0x8f4a,0x8f4f,0xaf40,0xaf45,0xaf4a,0xaf4f,
	0xbe40,0xbe45,0xbe4a,0xbe4f,0xcd40,0xcd45,0xcd4a,0xcd4f,
	0x7860,0x7865,0x786a,0x786f,0x9760,0x9765,0x976a,0x976f,
	0xa660,0xa665,0xa66a,0xa66f,0xc560,0xc565,0xc56a,0xc56f,
	0xd560,0xd565,0xd56a,0xd56f,0xe460,0xe465,0xe46a,0xe46f,
	0x0360,0x0365,0x036a,0x036f,0x1360,0x1365,0x136a,0x136f,
	0x3260,0x3265,0x326a,0x326f,0x4160,0x4165,0x416a,0x416f,
	0x5060,0x5065,0x506a,0x506f,0x7060,0x7065,0x706a,0x706f,
	0x8f60,0x8f65,0x8f6a,0x8f6f,0xae60,0xae65,0xae6a,0xae6f,
	0xbe60,0xbe65,0xbe6a,0xbe6f,0xcd60,0xcd65,0xcd6a,0xcd6f,
	0x7780,0x7785,0x778a,0x778f,0x9680,0x9685,0x968a,0x968f,
	0xa680,0xa685,0xa68a,0xa68f,0xc580,0xc585,0xc58a,0xc58f,
	0xd480,0xd485,0xd48a,0xd48f,0xe480,0xe485,0xe48a,0xe48f,
	0x0380,0x0385,0x038a,0x038f,0x1280,0x1285,0x128a,0x128f,
	0x3180,0x3185,0x318a,0x318f,0x4180,0x4185,0x418a,0x418f,
	0x5080,0x5085,0x508a,0x508f,0x7f80,0x7f85,0x7f8a,0x7f8f,
	0x8f80,0x8f85,0x8f8a,0x8f8f,0xae80,0xae85,0xae8a,0xae8f,
	0xbd80,0xbd85,0xbd8a,0xbd8f,0xcd80,0xcd85,0xcd8a,0xcd8f,
	0x77a0,0x77a5,0x77aa,0x77af,0x96a0,0x96a5,0x96aa,0x96af,
	0xa5a0,0xa5a5,0xa5aa,0xa5af,0xc5a0,0xc5a5,0xc5aa,0xc5af,
	0xd4a0,0xd4a5,0xd4aa,0xd4af,0xe3a0,0xe3a5,0xe3aa,0xe3af,
	0x03a0,0x03a5,0x03aa,0x03af,0x12a0,0x12a5,0x12aa,0x12af,
	0x31a0,0x31a5,0x31aa,0x31af,0x40a0,0x40a5,0x40aa,0x40af,
	0x50a0,0x50a5,0x50aa,0x50af,0x7fa0,0x7fa5,0x7faa,0x7faf,
	0x8ea0,0x8ea5,0x8eaa,0x8eaf,0xaea0,0xaea5,0xaeaa,0xaeaf,
	0xbda0,0xbda5,0xbdaa,0xbdaf,0xcca0,0xcca5,0xccaa,0xccaf,
	0x76b0,0x76b5,0x76ba,0x76bf,0x96b0,0x96b5,0x96ba,0x96bf,
	0xa5b0,0xa5b5,0xa5ba,0xa5bf,0xc4b0,0xc4b5,0xc4ba,0xc4bf,
	0xd4b0,0xd4b5,0xd4ba,0xd4bf,0xe3b0,0xe3b5,0xe3ba,0xe3bf,
	0x02b0,0x02b5,0x02ba,0x02bf,0x11b0,0x11b5,0x11ba,0x11bf,
	0x31b0,0x31b5,0x31ba,0x31bf,0x40b0,0x40b5,0x40ba,0x40bf,
	0x5fb0,0x5fb5,0x5fba,0x5fbf,0x7fb0,0x7fb5,0x7fba,0x7fbf,
	0x8eb0,0x8eb5,0x8eba,0x8ebf,0xadb0,0xadb5,0xadba,0xadbf,
	0xbdb0,0xbdb5,0xbdba,0xbdbf,0xccb0,0xccb5,0xccba,0xccbf,
	0x76d0,0x76d5,0x76da,0x76df,0x95d0,0x95d5,0x95da,0x95df,
	0xa5d0,0xa5d5,0xa5da,0xa5df,0xc4d0,0xc4d5,0xc4da,0xc4df,
	0xd3d0,0xd3d5,0xd3da,0xd3df,0xe3d0,0xe3d5,0xe3da,0xe3df,
	0x02d0,0x02d5,0x02da,0x02df,0x11d0,0x11d5,0x11da,0x11df,
	0x30d0,0x30d5,0x30da,0x30df,0x40d0,0x40d5,0x40da,0x40df,
	0x5fd0,0x5fd5,0x5fda,0x5fdf,0x7ed0,0x7ed5,0x7eda,0x7edf,
	0x8ed0,0x8ed5,0x8eda,0x8edf,0xadd0,0xadd5,0xadda,0xaddf,
	0xbcd0,0xbcd5,0xbcda,0xbcdf,0xcbd0,0xcbd5,0xcbda,0xcbdf,
	0x76f0,0x76f5,0x76fa,0x76ff,0x95f0,0x95f5,0x95fa,0x95ff,
	0xa4f0,0xa4f5,0xa4fa,0xa4ff,0xc4f0,0xc4f5,0xc4fa,0xc4ff,
	0xd3f0,0xd3f5,0xd3fa,0xd3ff,0xe2f0,0xe2f5,0xe2fa,0xe2ff,
	0x02f0,0x02f5,0x02fa,0x02ff,0x11f0,0x11f5,0x11fa,0x11ff,
	0x30f0,0x30f5,0x30fa,0x30ff,0x4ff0,0x4ff5,0x4ffa,0x4fff,
	0x5ff0,0x5ff5,0x5ffa,0x5fff,0x7ef0,0x7ef5,0x7efa,0x7eff,
	0x8df0,0x8df5,0x8dfa,0x8dff,0xadf0,0xadf5,0xadfa,0xadff,
	0xbcf0,0xbcf5,0xbcfa,0xbcff,0xcbf0,0xcbf5,0xcbfa,0xcbff,
	0x8b50,0x8b55,0x8b5a,0x8b5f,0x9b50,0x9b55,0x9b5a,0x9b5f,
	0xaa50,0xaa55,0xaa5a,0xaa5f,0xc950,0xc955,0xc95a,0xc95f,
	0xd850,0xd855,0xd85a,0xd85f,0xf850,0xf855,0xf85a,0xf85f,
	0x0750,0x0755,0x075a,0x075f,0x1650,0x1655,0x165a,0x165f,
	0x3650,0x3655,0x365a,0x365f,0x4550,0x4555,0x455a,0x455f,
	0x6450,0x6455,0x645a,0x645f,0x7350,0x7355,0x735a,0x735f,
	0x8350,0x8355,0x835a,0x835f,0xa250,0xa255,0xa25a,0xa25f,
	0xb150,0xb155,0xb15a,0xb15f,0xd150,0xd155,0xd15a,0xd15f,
	0x8b60,0x8b65,0x8b6a,0x8b6f,0x9a60,0x9a65,0x9a6a,0x9a6f,
	0xa960,0xa965,0xa96a,0xa96f,0xc960,0xc965,0xc96a,0xc96f,
	0xd860,0xd865,0xd86a,0xd86f,0xf760,0xf765,0xf76a,0xf76f,
	0x0760,0x0765,0x076a,0x076f,0x1660,0x1665,0x166a,0x166f,
	0x3560,0x3565,0x356a,0x356f,0x4460,0x4465,0x446a,0x446f,
	0x6460,0x6465,0x646a,0x646f,0x7360,0x7365,0x736a,0x736f,
	0x8260,0x8265,0x826a,0x826f,0xa260,0xa265,0xa26a,0xa26f,
	0xb160,0xb165,0xb16a,0xb16f,0xd060,0xd065,0xd06a,0xd06f,
	0x8b80,0x8b85,0x8b8a,0x8b8f,0x9a80,0x9a85,0x9a8a,0x9a8f,
	0xa980,0xa985,0xa98a,0xa98f,0xc880,0xc885,0xc88a,0xc88f,
	0xd880,0xd885,0xd88a,0xd88f,0xf780,0xf785,0xf78a,0xf78f,
	0x0680,0x0685,0x068a,0x068f,0x1680,0x1685,0x168a,0x168f,
	0x3580,0x3585,0x358a,0x358f,0x4480,0x4485,0x448a,0x448f,
	0x6380,0x6385,0x638a,0x638f,0x7380,0x7385,0x738a,0x738f,
	0x8280,0x8285,0x828a,0x828f,0xa180,0xa185,0xa18a,0xa18f,
	0xb180,0xb185,0xb18a,0xb18f,0xd080,0xd085,0xd08a,0xd08f,
	0x8aa0,0x8aa5,0x8aaa,0x8aaf,0x99a0,0x99a5,0x99aa,0x99af,
	0xa9a0,0xa9a5,0xa9aa,0xa9af,0xc8a0,0xc8a5,0xc8aa,0xc8af,
	0xd7a0,0xd7a5,0xd7aa,0xd7af,0xf7a0,0xf7a5,0xf7aa,0xf7af,
	0x06a0,0x06a5,0x06aa,0x06af,0x15a0,0x15a5,0x15aa,0x15af,
	0x34a0,0x34a5,0x34aa,0x34af,0x44a0,0x44a5,0x44aa,0x44af,
	0x63a0,0x63a5,0x63aa,0x63af,0x72a0,0x72a5,0x72aa,0x72af,
	0x82a0,0x82a5,0x82aa,0x82af,0xa1a0,0xa1a5,0xa1aa,0xa1af,
	0xb0a0,0xb0a5,0xb0aa,0xb0af,0xd0a0,0xd0a5,0xd0aa,0xd0af,
	0x8ac0,0x8ac5,0x8aca,0x8acf,0x99c0,0x99c5,0x99ca,0x99cf,
	0xa8c0,0xa8c5,0xa8ca,0xa8cf,0xc8c0,0xc8c5,0xc8ca,0xc8cf,
	0xd7c0,0xd7c5,0xd7ca,0xd7cf,0xf6c0,0xf6c5,0xf6ca,0xf6cf,
	0x06c0,0x06c5,0x06ca,0x06cf,0x15c0,0x15c5,0x15ca,0x15cf,
	0x34c0,0x34c5,0x34ca,0x34cf,0x43c0,0x43c5,0x43ca,0x43cf,
	0x63c0,0x63c5,0x63ca,0x63cf,0x72c0,0x72c5,0x72ca,0x72cf,
	0x81c0,0x81c5,0x81ca,0x81cf,0xa1c0,0xa1c5,0xa1ca,0xa1cf,
	0xb0c0,0xb0c5,0xb0ca,0xb0cf,0xdfc0,0xdfc5,0xdfca,0xdfcf,
	0x89d0,0x89d5,0x89da,0x89df,0x99d0,0x99d5,0x99da,0x99df,
	0xa8d0,0xa8d5,0xa8da,0xa8df,0xc7d0,0xc7d5,0xc7da,0xc7df,
	0xd7d0,0xd7d5,0xd7da,0xd7df,0xf6d0,0xf6d5,0xf6da,0xf6df,
	0x05d0,0x05d5,0x05da,0x05df,0x14d0,0x14d5,0x14da,0x14df,
	0x34d0,0x34d5,0x34da,0x34df,0x43d0,0x43d5,0x43da,0x43df,
	0x62d0,0x62d5,0x62da,0x62df,0x72d0,0x72d5,0x72da,0x72df,
	0x81d0,0x81d5,0x81da,0x81df,0xa0d0,0xa0d5,0xa0da,0xa0df,
	0xb0d0,0xb0d5,0xb0da,0xb0df,0xdfd0,0xdfd5,0xdfda,0xdfdf,
	0x89f0,0x89f5,0x89fa,0x89ff,0x98f0,0x98f5,0x98fa,0x98ff,
	0xa8f0,0xa8f5,0xa8fa,0xa8ff,0xc7f0,0xc7f5,0xc7fa,0xc7ff,
	0xd6f0,0xd6f5,0xd6fa,0xd6ff,0xf6f0,0xf6f5,0xf6fa,0xf6ff,
	0x05f0,0x05f5,0x05fa,0x05ff,0x14f0,0x14f5,0x14fa,0x14ff,
	0x33f0,0x33f5,0x33fa,0x33ff,0x43f0,0x43f5,0x43fa,0x43ff,
	0x62f0,0x62f5,0x62fa,0x62ff,0x71f0,0x71f5,0x71fa,0x71ff,
	0x81f0,0x81f5,0x81fa,0x81ff,0xa0f0,0xa0f5,0xa0fa,0xa0ff,
	0xbff0,0xbff5,0xbffa,0xbfff,0xdff0,0xdff5,0xdffa,0xdfff,
	0x8910,0x8915,0x891a,0x891f,0x9810,0x9815,0x981a,0x981f,
	0xa710,0xa715,0xa71a,0xa71f,0xc710,0xc715,0xc71a,0xc71f,
	0xd610,0xd615,0xd61a,0xd61f,0xf510,0xf515,0xf51a,0xf51f,
	0x0510,0x0515,0x051a,0x051f,0x1410,0x1415,0x141a,0x141f,
	0x3310,0x3315,0x331a,0x331f,0x4210,0x4215,0x421a,0x421f,
	0x6210,0x6215,0x621a,0x621f,0x7110,0x7115,0x711a,0x711f,
	0x8010,0x8015,0x801a,0x801f,0xa010,0xa015,0xa01a,0xa01f,
	0xbf10,0xbf15,0xbf1a,0xbf1f,0xde10,0xde15,0xde1a,0xde1f,
	0x8830,0x8835,0x883a,0x883f,0x9830,0x9835,0x983a,0x983f,
	0xa730,0xa735,0xa73a,0xa73f,0xc630,0xc635,0xc63a,0xc63f,
	0xd630,0xd635,0xd63a,0xd63f,0xf530,0xf535,0xf53a,0xf53f,
	0x0430,0x0435,0x043a,0x043f,0x1330,0x1335,0x133a,0x133f,
	0x3330,0x3335,0x333a,0x333f,0x4230,0x4235,0x423a,0x423f,
	0x6130,0x6135,0x613a,0x613f,0x7130,0x7135,0x713a,0x713f,
	0x8030,0x8035,0x803a,0x803f,0xaf30,0xaf35,0xaf3a,0xaf3f,
	0xbf30,0xbf35,0xbf3a,0xbf3f,0xde30,0xde35,0xde3a,0xde3f,
	0x8850,0x8855,0x885a,0x885f,0x9750,0x9755,0x975a,0x975f,
	0xa750,0xa755,0xa75a,0xa75f,0xc650,0xc655,0xc65a,0xc65f,
	0xd550,0xd555,0xd55a,0xd55f,0xf550,0xf555,0xf55a,0xf55f,
	0x0450,0x0455,0x045a,0x045f,0x1350,0x1355,0x135a,0x135f,
	0x3250,0x3255,0x325a,0x325f,0x4250,0x4255,0x425a,0x425f,
	0x6150,0x6155,0x615a,0x615f,0x7050,0x7055,0x705a,0x705f,
	0x8050,0x8055,0x805a,0x805f,0xaf50,0xaf55,0xaf5a,0xaf5f,
	0xbe50,0xbe55,0xbe5a,0xbe5f,0xdd50,0xdd55,0xdd5a,0xdd5f,
	0x8860,0x8865,0x886a,0x886f,0x9760,0x9765,0x976a,0x976f,
	0xa660,0xa665,0xa66a,0xa66f,0xc660,0xc665,0xc66a,0xc66f,
	0xd560,0xd565,0xd56a,0xd56f,0xf460,0xf465,0xf46a,0xf46f,
	0x0360,0x0365,0x036a,0x036f,0x1360,0x1365,0x136a,0x136f,
	0x3260,0x3265,0x326a,0x326f,0x4160,0x4165,0x416a,0x416f,
	0x6160,0x6165,0x616a,0x616f,0x7060,0x7065,0x706a,0x706f,
	0x8f60,0x8f65,0x8f6a,0x8f6f,0xaf60,0xaf65,0xaf6a,0xaf6f,
	0xbe60,0xbe65,0xbe6a,0xbe6f,0xdd60,0xdd65,0xdd6a,0xdd6f,
	0x8780,0x8785,0x878a,0x878f,0x9780,0x9785,0x978a,0x978f,
	0xa680,0xa685,0xa68a,0xa68f,0xc580,0xc585,0xc58a,0xc58f,
	0xd580,0xd585,0xd58a,0xd58f,0xf480,0xf485,0xf48a,0xf48f,
	0x0380,0x0385,0x038a,0x038f,0x1280,0x1285,0x128a,0x128f,
	0x3280,0x3285,0x328a,0x328f,0x4180,0x4185,0x418a,0x418f,
	0x6080,0x6085,0x608a,0x608f,0x7080,0x7085,0x708a,0x708f,
	0x8f80,0x8f85,0x8f8a,0x8f8f,0xae80,0xae85,0xae8a,0xae8f,
	0xbd80,0xbd85,0xbd8a,0xbd8f,0xdd80,0xdd85,0xdd8a,0xdd8f,
	0x87a0,0x87a5,0x87aa,0x87af,0x96a0,0x96a5,0x96aa,0x96af,
	0xa6a0,0xa6a5,0xa6aa,0xa6af,0xc5a0,0xc5a5,0xc5aa,0xc5af,
	0xd4a0,0xd4a5,0xd4aa,0xd4af,0xf4a0,0xf4a5,0xf4aa,0xf4af,
	0x03a0,0x03a5,0x03aa,0x03af,0x12a0,0x12a5,0x12aa,0x12af,
	0x31a0,0x31a5,0x31aa,0x31af,0x41a0,0x41a5,0x41aa,0x41af,
	0x60a0,0x60a5,0x60aa,0x60af,0x7fa0,0x7fa5,0x7faa,0x7faf,
	0x8fa0,0x8fa5,0x8faa,0x8faf,0xaea0,0xaea5,0xaeaa,0xaeaf,
	0xbda0,0xbda5,0xbdaa,0xbdaf,0xdca0,0xdca5,0xdcaa,0xdcaf,
	0x87c0,0x87c5,0x87ca,0x87cf,0x96c0,0x96c5,0x96ca,0x96cf,
	0xa5c0,0xa5c5,0xa5ca,0xa5cf,0xc5c0,0xc5c5,0xc5ca,0xc5cf,
	0xd4c0,0xd4c5,0xd4ca,0xd4cf,0xf3c0,0xf3c5,0xf3ca,0xf3cf,
	0x02c0,0x02c5,0x02ca,0x02cf,0x12c0,0x12c5,0x12ca,0x12cf,
	0x31c0,0x31c5,0x31ca,0x31cf,0x40c0,0x40c5,0x40ca,0x40cf,
	0x60c0,0x60c5,0x60ca,0x60cf,0x7fc0,0x7fc5,0x7fca,0x7fcf,
	0x8ec0,0x8ec5,0x8eca,0x8ecf,0xaec0,0xaec5,0xaeca,0xaecf,
	0xbdc0,0xbdc5,0xbdca,0xbdcf,0xdcc0,0xdcc5,0xdcca,0xdccf,
	0x86d0,0x86d5,0x86da,0x86df,0x96d0,0x96d5,0x96da,0x96df,
	0xa5d0,0xa5d5,0xa5da,0xa5df,0xc4d0,0xc4d5,0xc4da,0xc4df,
	0xd4d0,0xd4d5,0xd4da,0xd4df,0xf3d0,0xf3d5,0xf3da,0xf3df,
	0x02d0,0x02d5,0x02da,0x02df,0x11d0,0x11d5,0x11da,0x11df,
	0x31d0,0x31d5,0x31da,0x31df,0x40d0,0x40d5,0x40da,0x40df,
	0x6fd0,0x6fd5,0x6fda,0x6fdf,0x7fd0,0x7fd5,0x7fda,0x7fdf,
	0x8ed0,0x8ed5,0x8eda,0x8edf,0xadd0,0xadd5,0xadda,0xaddf,
	0xbcd0,0xbcd5,0xbcda,0xbcdf,0xdcd0,0xdcd5,0xdcda,0xdcdf,
	0x86f0,0x86f5,0x86fa,0x86ff,0x95f0,0x95f5,0x95fa,0x95ff,
	0xa5f0,0xa5f5,0xa5fa,0xa5ff,0xc4f0,0xc4f5,0xc4fa,0xc4ff,
	0xd3f0,0xd3f5,0xd3fa,0xd3ff,0xf2f0,0xf2f5,0xf2fa,0xf2ff,
	0x02f0,0x02f5,0x02fa,0x02ff,0x11f0,0x11f5,0x11fa,0x11ff,
	0x30f0,0x30f5,0x30fa,0x30ff,0x40f0,0x40f5,0x40fa,0x40ff,
	0x6ff0,0x6ff5,0x6ffa,0x6fff,0x7ef0,0x7ef5,0x7efa,0x7eff,
	0x8ef0,0x8ef5,0x8efa,0x8eff,0xadf0,0xadf5,0xadfa,0xadff,
	0xbcf0,0xbcf5,0xbcfa,0xbcff,0xdbf0,0xdbf5,0xdbfa,0xdbff,
	0x8b50,0x8b55,0x8b5a,0x8b5f,0x9b50,0x9b55,0x9b5a,0x9b5f,
	0xba50,0xba55,0xba5a,0xba5f,0xc950,0xc955,0xc95a,0xc95f,
	0xd950,0xd955,0xd95a,0xd95f,0xf850,0xf855,0xf85a,0xf85f,
	0x0750,0x0755,0x075a,0x075f,0x2650,0x2655,0x265a,0x265f,
	0x3650,0x3655,0x365a,0x365f,0x4550,0x4555,0x455a,0x455f,
	0x6450,0x6455,0x645a,0x645f,0x7450,0x7455,0x745a,0x745f,
	0x9350,0x9355,0x935a,0x935f,0xa250,0xa255,0xa25a,0xa25f,
	0xb150,0xb155,0xb15a,0xb15f,0xd150,0xd155,0xd15a,0xd15f,
	0x8b70,0x8b75,0x8b7a,0x8b7f,0x9a70,0x9a75,0x9a7a,0x9a7f,
	0xba70,0xba75,0xba7a,0xba7f,0xc970,0xc975,0xc97a,0xc97f,
	0xd870,0xd875,0xd87a,0xd87f,0xf870,0xf875,0xf87a,0xf87f,
	0x0770,0x0775,0x077a,0x077f,0x2670,0x2675,0x267a,0x267f,
	0x3570,0x3575,0x357a,0x357f,0x4570,0x4575,0x457a,0x457f,
	0x6470,0x6475,0x647a,0x647f,0x7370,0x7375,0x737a,0x737f,
	0x9370,0x9375,0x937a,0x937f,0xa270,0xa275,0xa27a,0xa27f,
	0xb170,0xb175,0xb17a,0xb17f,0xd070,0xd075,0xd07a,0xd07f,
	0x8b80,0x8b85,0x8b8a,0x8b8f,0x9a80,0x9a85,0x9a8a,0x9a8f,
	0xb980,0xb985,0xb98a,0xb98f,0xc980,0xc985,0xc98a,0xc98f,
	0xd880,0xd885,0xd88a,0xd88f,0xf780,0xf785,0xf78a,0xf78f,
	0x0680,0x0685,0x068a,0x068f,0x2680,0x2685,0x268a,0x268f,
	0x3580,0x3585,0x358a,0x358f,0x4480,0x4485,0x448a,0x448f,
	0x6480,0x6485,0x648a,0x648f,0x7380,0x7385,0x738a,0x738f,
	0x9280,0x9285,0x928a,0x928f,0xa180,0xa185,0xa18a,0xa18f,
	0xb180,0xb185,0xb18a,0xb18f,0xd080,0xd085,0xd08a,0xd08f,
	0x8aa0,0x8aa5,0x8aaa,0x8aaf,0x9aa0,0x9aa5,0x9aaa,0x9aaf,
	0xb9a0,0xb9a5,0xb9aa,0xb9af,0xc8a0,0xc8a5,0xc8aa,0xc8af,
	0xd8a0,0xd8a5,0xd8aa,0xd8af,0xf7a0,0xf7a5,0xf7aa,0xf7af,
	0x06a0,0x06a5,0x06aa,0x06af,0x25a0,0x25a5,0x25aa,0x25af,
	0x35a0,0x35a5,0x35aa,0x35af,0x44a0,0x44a5,0x44aa,0x44af,
	0x63a0,0x63a5,0x63aa,0x63af,0x73a0,0x73a5,0x73aa,0x73af,
	0x92a0,0x92a5,0x92aa,0x92af,0xa1a0,0xa1a5,0xa1aa,0xa1af,
	0xb0a0,0xb0a5,0xb0aa,0xb0af,0xd0a0,0xd0a5,0xd0aa,0xd0af,
	0x8ac0,0x8ac5,0x8aca,0x8acf,0x99c0,0x99c5,0x99ca,0x99cf,
	0xb9c0,0xb9c5,0xb9ca,0xb9cf,0xc8c0,0xc8c5,0xc8ca,0xc8cf,
	0xd7c0,0xd7c5,0xd7ca,0xd7cf,0xf7c0,0xf7c5,0xf7ca,0xf7cf,
	0x06c0,0x06c5,0x06ca,0x06cf,0x25c0,0x25c5,0x25ca,0x25cf,
	0x34c0,0x34c5,0x34ca,0x34cf,0x44c0,0x44c5,0x44ca,0x44cf,
	0x63c0,0x63c5,0x63ca,0x63cf,0x72c0,0x72c5,0x72ca,0x72cf,
	0x92c0,0x92c5,0x92ca,0x92cf,0xa1c0,0xa1c5,0xa1ca,0xa1cf,
	0xb0c0,0xb0c5,0xb0ca,0xb0cf,0xdfc0,0xdfc5,0xdfca,0xdfcf,
	0x8ae0,0x8ae5,0x8aea,0x8aef,0x99e0,0x99e5,0x99ea,0x99ef,
	0xb8e0,0xb8e5,0xb8ea,0xb8ef,0xc8e0,0xc8e5,0xc8ea,0xc8ef,
	0xd7e0,0xd7e5,0xd7ea,0xd7ef,0xf6e0,0xf6e5,0xf6ea,0xf6ef,
	0x05e0,0x05e5,0x05ea,0x05ef,0x25e0,0x25e5,0x25ea,0x25ef,
	0x34e0,0x34e5,0x34ea,0x34ef,0x43e0,0x43e5,0x43ea,0x43ef,
	0x63e0,0x63e5,0x63ea,0x63ef,0x72e0,0x72e5,0x72ea,0x72ef,
	0x91e0,0x91e5,0x91ea,0x91ef,0xa0e0,0xa0e5,0xa0ea,0xa0ef,
	0xb0e0,0xb0e5,0xb0ea,0xb0ef,0xdfe0,0xdfe5,0xdfea,0xdfef,
	0x8900,0x8905,0x890a,0x890f,0x9900,0x9905,0x990a,0x990f,
	0xb800,0xb805,0xb80a,0xb80f,0xc700,0xc705,0xc70a,0xc70f,
	0xd700,0xd705,0xd70a,0xd70f,0xf600,0xf605,0xf60a,0xf60f,
	0x0500,0x0505,0x050a,0x050f,0x2400,0x2405,0x240a,0x240f,
	0x3400,0x3405,0x340a,0x340f,0x4300,0x4305,0x430a,0x430f,
	0x6200,0x6205,0x620a,0x620f,0x7200,0x7205,0x720a,0x720f,
	0x9100,0x9105,0x910a,0x910f,0xa000,0xa005,0xa00a,0xa00f,
	0xbf00,0xbf05,0xbf0a,0xbf0f,0xdf00,0xdf05,0xdf0a,0xdf0f,
	0x8910,0x8915,0x891a,0x891f,0x9810,0x9815,0x981a,0x981f,
	0xb810,0xb815,0xb81a,0xb81f,0xc710,0xc715,0xc71a,0xc71f,
	0xd610,0xd615,0xd61a,0xd61f,0xf510,0xf515,0xf51a,0xf51f,
	0x0510,0x0515,0x051a,0x051f,0x2410,0x2415,0x241a,0x241f,
	0x3310,0x3315,0x331a,0x331f,0x4310,0x4315,0x431a,0x431f,
	0x6210,0x6215,0x621a,0x621f,0x7110,0x7115,0x711a,0x711f,
	0x9010,0x9015,0x901a,0x901f,0xa010,0xa015,0xa01a,0xa01f,
	0xbf10,0xbf15,0xbf1a,0xbf1f,0xde10,0xde15,0xde1a,0xde1f,
	0x8930,0x8935,0x893a,0x893f,0x9830,0x9835,0x983a,0x983f,
	0xb730,0xb735,0xb73a,0xb73f,0xc730,0xc735,0xc73a,0xc73f,
	0xd630,0xd635,0xd63a,0xd63f,0xf530,0xf535,0xf53a,0xf53f,
	0x0430,0x0435,0x043a,0x043f,0x2430,0x2435,0x243a,0x243f,
	0x3330,0x3335,0x333a,0x333f,0x4230,0x4235,0x423a,0x423f,
	0x6230,0x6235,0x623a,0x623f,0x7130,0x7135,0x713a,0x713f,
	0x9030,0x9035,0x903a,0x903f,0xaf30,0xaf35,0xaf3a,0xaf3f,
	0xbf30,0xbf35,0xbf3a,0xbf3f,0xde30,0xde35,0xde3a,0xde3f,
	0x8850,0x8855,0x885a,0x885f,0x9850,0x9855,0x985a,0x985f,
	0xb750,0xb755,0xb75a,0xb75f,0xc650,0xc655,0xc65a,0xc65f,
	0xd650,0xd655,0xd65a,0xd65f,0xf550,0xf555,0xf55a,0xf55f,
	0x0450,0x0455,0x045a,0x045f,0x2350,0x2355,0x235a,0x235f,
	0x3350,0x3355,0x335a,0x335f,0x4250,0x4255,0x425a,0x425f,
	0x6150,0x6155,0x615a,0x615f,0x7150,0x7155,0x715a,0x715f,
	0x9050,0x9055,0x905a,0x905f,0xaf50,0xaf55,0xaf5a,0xaf5f,
	0xbe50,0xbe55,0xbe5a,0xbe5f,0xde50,0xde55,0xde5a,0xde5f,
	0x8870,0x8875,0x887a,0x887f,0x9770,0x9775,0x977a,0x977f,
	0xb770,0xb775,0xb77a,0xb77f,0xc670,0xc675,0xc67a,0xc67f,
	0xd570,0xd575,0xd57a,0xd57f,0xf470,0xf475,0xf47a,0xf47f,
	0x0470,0x0475,0x047a,0x047f,0x2370,0x2375,0x237a,0x237f,
	0x3270,0x3275,0x327a,0x327f,0x4270,0x4275,0x427a,0x427f,
	0x6170,0x6175,0x617a,0x617f,0x7070,0x7075,0x707a,0x707f,
	0x9070,0x9075,0x907a,0x907f,0xaf70,0xaf75,0xaf7a,0xaf7f,
	0xbe70,0xbe75,0xbe7a,0xbe7f,0xdd70,0xdd75,0xdd7a,0xdd7f,
	0x8880,0x8885,0x888a,0x888f,0x9780,0x9785,0x978a,0x978f,
	0xb680,0xb685,0xb68a,0xb68f,0xc680,0xc685,0xc68a,0xc68f,
	0xd580,0xd585,0xd58a,0xd58f,0xf480,0xf485,0xf48a,0xf48f,
	0x0380,0x0385,0x038a,0x038f,0x2380,0x2385,0x238a,0x238f,
	0x3280,0x3285,0x328a,0x328f,0x4180,0x4185,0x418a,0x418f,
	0x6180,0x6185,0x618a,0x618f,0x7080,0x7085,0x708a,0x708f,
	0x9f80,0x9f85,0x9f8a,0x9f8f,0xae80,0xae85,0xae8a,0xae8f,
	0xbe80,0xbe85,0xbe8a,0xbe8f,0xdd80,0xdd85,0xdd8a,0xdd8f,
	0x87a0,0x87a5,0x87aa,0x87af,0x97a0,0x97a5,0x97aa,0x97af,
	0xb6a0,0xb6a5,0xb6aa,0xb6af,0xc5a0,0xc5a5,0xc5aa,0xc5af,
	0xd4a0,0xd4a5,0xd4aa,0xd4af,0xf4a0,0xf4a5,0xf4aa,0xf4af,
	0x03a0,0x03a5,0x03aa,0x03af,0x22a0,0x22a5,0x22aa,0x22af,
	0x32a0,0x32a5,0x32aa,0x32af,0x41a0,0x41a5,0x41aa,0x41af,
	0x60a0,0x60a5,0x60aa,0x60af,0x70a0,0x70a5,0x70aa,0x70af,
	0x9fa0,0x9fa5,0x9faa,0x9faf,0xaea0,0xaea5,0xaeaa,0xaeaf,
	0xbda0,0xbda5,0xbdaa,0xbdaf,0xdda0,0xdda5,0xddaa,0xddaf,
	0x87c0,0x87c5,0x87ca,0x87cf,0x96c0,0x96c5,0x96ca,0x96cf,
	0xb6c0,0xb6c5,0xb6ca,0xb6cf,0xc5c0,0xc5c5,0xc5ca,0xc5cf,
	0xd4c0,0xd4c5,0xd4ca,0xd4cf,0xf3c0,0xf3c5,0xf3ca,0xf3cf,
	0x03c0,0x03c5,0x03ca,0x03cf,0x22c0,0x22c5,0x22ca,0x22cf,
	0x31c0,0x31c5,0x31ca,0x31cf,0x41c0,0x41c5,0x41ca,0x41cf,
	0x60c0,0x60c5,0x60ca,0x60cf,0x7fc0,0x7fc5,0x7fca,0x7fcf,
	0x9ec0,0x9ec5,0x9eca,0x9ecf,0xaec0,0xaec5,0xaeca,0xaecf,
	0xbdc0,0xbdc5,0xbdca,0xbdcf,0xdcc0,0xdcc5,0xdcca,0xdccf,
	0x87e0,0x87e5,0x87ea,0x87ef,0x96e0,0x96e5,0x96ea,0x96ef,
	0xb5e0,0xb5e5,0xb5ea,0xb5ef,0xc5e0,0xc5e5,0xc5ea,0xc5ef,
	0xd4e0,0xd4e5,0xd4ea,0xd4ef,0xf3e0,0xf3e5,0xf3ea,0xf3ef,
	0x02e0,0x02e5,0x02ea,0x02ef,0x22e0,0x22e5,0x22ea,0x22ef,
	0x31e0,0x31e5,0x31ea,0x31ef,0x40e0,0x40e5,0x40ea,0x40ef,
	0x60e0,0x60e5,0x60ea,0x60ef,0x7fe0,0x7fe5,0x7fea,0x7fef,
	0x9ee0,0x9ee5,0x9eea,0x9eef,0xade0,0xade5,0xadea,0xadef,
	0xbde0,0xbde5,0xbdea,0xbdef,0xdce0,0xdce5,0xdcea,0xdcef,
	0x86f0,0x86f5,0x86fa,0x86ff,0x96f0,0x96f5,0x96fa,0x96ff,
	0xb5f0,0xb5f5,0xb5fa,0xb5ff,0xc4f0,0xc4f5,0xc4fa,0xc4ff,
	0xd3f0,0xd3f5,0xd3fa,0xd3ff,0xf3f0,0xf3f5,0xf3fa,0xf3ff,
	0x02f0,0x02f5,0x02fa,0x02ff,0x21f0,0x21f5,0x21fa,0x21ff,
	0x31f0,0x31f5,0x31fa,0x31ff,0x40f0,0x40f5,0x40fa,0x40ff,
	0x6ff0,0x6ff5,0x6ffa,0x6fff,0x7ff0,0x7ff5,0x7ffa,0x7fff,
	0x9ef0,0x9ef5,0x9efa,0x9eff,0xadf0,0xadf5,0xadfa,0xadff,
	0xbcf0,0xbcf5,0xbcfa,0xbcff,0xdcf0,0xdcf5,0xdcfa,0xdcff,
	0x8c50,0x8c55,0x8c5a,0x8c5f,0x9b50,0x9b55,0x9b5a,0x9b5f,
	0xba50,0xba55,0xba5a,0xba5f,0xca50,0xca55,0xca5a,0xca5f,
	0xe950,0xe955,0xe95a,0xe95f,0xf850,0xf855,0xf85a,0xf85f,
	0x0750,0x0755,0x075a,0x075f,0x2750,0x2755,0x275a,0x275f,
	0x3650,0x3655,0x365a,0x365f,0x5550,0x5555,0x555a,0x555f,
	0x6550,0x6555,0x655a,0x655f,0x7450,0x7455,0x745a,0x745f,
	0x9350,0x9355,0x935a,0x935f,0xa250,0xa255,0xa25a,0xa25f,
	0xc250,0xc255,0xc25a,0xc25f,0xd150,0xd155,0xd15a,0xd15f,
	0x8b70,0x8b75,0x8b7a,0x8b7f,0x9b70,0x9b75,0x9b7a,0x9b7f,
	0xba70,0xba75,0xba7a,0xba7f,0xc970,0xc975,0xc97a,0xc97f,
	0xe970,0xe975,0xe97a,0xe97f,0xf870,0xf875,0xf87a,0xf87f,
	0x0770,0x0775,0x077a,0x077f,0x2670,0x2675,0x267a,0x267f,
	0x3670,0x3675,0x367a,0x367f,0x5570,0x5575,0x557a,0x557f,
	0x6470,0x6475,0x647a,0x647f,0x7470,0x7475,0x747a,0x747f,
	0x9370,0x9375,0x937a,0x937f,0xa270,0xa275,0xa27a,0xa27f,
	0xc170,0xc175,0xc17a,0xc17f,0xd170,0xd175,0xd17a,0xd17f,
	0x8b90,0x8b95,0x8b9a,0x8b9f,0x9a90,0x9a95,0x9a9a,0x9a9f,
	0xba90,0xba95,0xba9a,0xba9f,0xc990,0xc995,0xc99a,0xc99f,
	0xe890,0xe895,0xe89a,0xe89f,0xf790,0xf795,0xf79a,0xf79f,
	0x0790,0x0795,0x079a,0x079f,0x2690,0x2695,0x269a,0x269f,
	0x3590,0x3595,0x359a,0x359f,0x5590,0x5595,0x559a,0x559f,
	0x6490,0x6495,0x649a,0x649f,0x7390,0x7395,0x739a,0x739f,
	0x9290,0x9295,0x929a,0x929f,0xa290,0xa295,0xa29a,0xa29f,
	0xc190,0xc195,0xc19a,0xc19f,0xd090,0xd095,0xd09a,0xd09f,
	0x8ba0,0x8ba5,0x8baa,0x8baf,0x9aa0,0x9aa5,0x9aaa,0x9aaf,
	0xb9a0,0xb9a5,0xb9aa,0xb9af,0xc9a0,0xc9a5,0xc9aa,0xc9af,
	0xe8a0,0xe8a5,0xe8aa,0xe8af,0xf7a0,0xf7a5,0xf7aa,0xf7af,
	0x06a0,0x06a5,0x06aa,0x06af,0x26a0,0x26a5,0x26aa,0x26af,
	0x35a0,0x35a5,0x35aa,0x35af,0x54a0,0x54a5,0x54aa,0x54af,
	0x64a0,0x64a5,0x64aa,0x64af,0x73a0,0x73a5,0x73aa,0x73af,
	0x92a0,0x92a5,0x92aa,0x92af,0xa1a0,0xa1a5,0xa1aa,0xa1af,
	0xc1a0,0xc1a5,0xc1aa,0xc1af,0xd0a0,0xd0a5,0xd0aa,0xd0af,
	0x8ac0,0x8ac5,0x8aca,0x8acf,0x9ac0,0x9ac5,0x9aca,0x9acf,
	0xb9c0,0xb9c5,0xb9ca,0xb9cf,0xc8c0,0xc8c5,0xc8ca,0xc8cf,
	0xe7c0,0xe7c5,0xe7ca,0xe7cf,0xf7c0,0xf7c5,0xf7ca,0xf7cf,
	0x06c0,0x06c5,0x06ca,0x06cf,0x25c0,0x25c5,0x25ca,0x25cf,
	0x35c0,0x35c5,0x35ca,0x35cf,0x54c0,0x54c5,0x54ca,0x54cf,
	0x63c0,0x63c5,0x63ca,0x63cf,0x72c0,0x72c5,0x72ca,0x72cf,
	0x92c0,0x92c5,0x92ca,0x92cf,0xa1c0,0xa1c5,0xa1ca,0xa1cf,
	0xc0c0,0xc0c5,0xc0ca,0xc0cf,0xd0c0,0xd0c5,0xd0ca,0xd0cf,
	0x8ae0,0x8ae5,0x8aea,0x8aef,0x99e0,0x99e5,0x99ea,0x99ef,
	0xb9e0,0xb9e5,0xb9ea,0xb9ef,0xc8e0,0xc8e5,0xc8ea,0xc8ef,
	0xe7e0,0xe7e5,0xe7ea,0xe7ef,0xf6e0,0xf6e5,0xf6ea,0xf6ef,
	0x06e0,0x06e5,0x06ea,0x06ef,0x25e0,0x25e5,0x25ea,0x25ef,
	0x34e0,0x34e5,0x34ea,0x34ef,0x54e0,0x54e5,0x54ea,0x54ef,
	0x63e0,0x63e5,0x63ea,0x63ef,0x72e0,0x72e5,0x72ea,0x72ef,
	0x91e0,0x91e5,0x91ea,0x91ef,0xa1e0,0xa1e5,0xa1ea,0xa1ef,
	0xc0e0,0xc0e5,0xc0ea,0xc0ef,0xdfe0,0xdfe5,0xdfea,0xdfef,
	0x8a00,0x8a05,0x8a0a,0x8a0f,0x9900,0x9905,0x990a,0x990f,
	0xb800,0xb805,0xb80a,0xb80f,0xc800,0xc805,0xc80a,0xc80f,
	0xe700,0xe705,0xe70a,0xe70f,0xf600,0xf605,0xf60a,0xf60f,
	0x0500,0x0505,0x050a,0x050f,0x2500,0x2505,0x250a,0x250f,
	0x3400,0x3405,0x340a,0x340f,0x5300,0x5305,0x530a,0x530f,
	0x6300,0x6305,0x630a,0x630f,0x7200,0x7205,0x720a,0x720f,
	0x9100,0x9105,0x910a,0x910f,0xa000,0xa005,0xa00a,0xa00f,
	0xc000,0xc005,0xc00a,0xc00f,0xdf00,0xdf05,0xdf0a,0xdf0f,
	0x8910,0x8915,0x891a,0x891f,0x9910,0x9915,0x991a,0x991f,
	0xb810,0xb815,0xb81a,0xb81f,0xc710,0xc715,0xc71a,0xc71f,
	0xe610,0xe615,0xe61a,0xe61f,0xf610,0xf615,0xf61a,0xf61f,
	0x0510,0x0515,0x051a,0x051f,0x2410,0x2415,0x241a,0x241f,
	0x3410,0x3415,0x341a,0x341f,0x5310,0x5315,0x531a,0x531f,
	0x6210,0x6215,0x621a,0x621f,0x7110,0x7115,0x711a,0x711f,
	0x9110,0x9115,0x911a,0x911f,0xa010,0xa015,0xa01a,0xa01f,
	0xcf10,0xcf15,0xcf1a,0xcf1f,0xdf10,0xdf15,0xdf1a,0xdf1f,
	0x8930,0x8935,0x893a,0x893f,0x9830,0x9835,0x983a,0x983f,
	0xb830,0xb835,0xb83a,0xb83f,0xc730,0xc735,0xc73a,0xc73f,
	0xe630,0xe635,0xe63a,0xe63f,0xf530,0xf535,0xf53a,0xf53f,
	0x0530,0x0535,0x053a,0x053f,0x2430,0x2435,0x243a,0x243f,
	0x3330,0x3335,0x333a,0x333f,0x5330,0x5335,0x533a,0x533f,
	0x6230,0x6235,0x623a,0x623f,0x7130,0x7135,0x713a,0x713f,
	0x9030,0x9035,0x903a,0x903f,0xa030,0xa035,0xa03a,0xa03f,
	0xcf30,0xcf35,0xcf3a,0xcf3f,0xde30,0xde35,0xde3a,0xde3f,
	0x8950,0x8955,0x895a,0x895f,0x9850,0x9855,0x985a,0x985f,
	0xb750,0xb755,0xb75a,0xb75f,0xc650,0xc655,0xc65a,0xc65f,
	0xe650,0xe655,0xe65a,0xe65f,0xf550,0xf555,0xf55a,0xf55f,
	0x0450,0x0455,0x045a,0x045f,0x2450,0x2455,0x245a,0x245f,
	0x3350,0x3355,0x335a,0x335f,0x5250,0x5255,0x525a,0x525f,
	0x6150,0x6155,0x615a,0x615f,0x7150,0x7155,0x715a,0x715f,
	0x9050,0x9055,0x905a,0x905f,0xaf50,0xaf55,0xaf5a,0xaf5f,
	0xcf50,0xcf55,0xcf5a,0xcf5f,0xde50,0xde55,0xde5a,0xde5f,
	0x8870,0x8875,0x887a,0x887f,0x9870,0x9875,0x987a,0x987f,
	0xb770,0xb775,0xb77a,0xb77f,0xc670,0xc675,0xc67a,0xc67f,
	0xe570,0xe575,0xe57a,0xe57f,0xf570,0xf575,0xf57a,0xf57f,
	0x0470,0x0475,0x047a,0x047f,0x2370,0x2375,0x237a,0x237f,
	0x3370,0x3375,0x337a,0x337f,0x5270,0x5275,0x527a,0x527f,
	0x6170,0x6175,0x617a,0x617f,0x7070,0x7075,0x707a,0x707f,
	0x9070,0x9075,0x907a,0x907f,0xaf70,0xaf75,0xaf7a,0xaf7f,
	0xce70,0xce75,0xce7a,0xce7f,0xde70,0xde75,0xde7a,0xde7f,
	0x8890,0x8895,0x889a,0x889f,0x9790,0x9795,0x979a,0x979f,
	0xb790,0xb795,0xb79a,0xb79f,0xc690,0xc695,0xc69a,0xc69f,
	0xe590,0xe595,0xe59a,0xe59f,0xf490,0xf495,0xf49a,0xf49f,
	0x0490,0x0495,0x049a,0x049f,0x2390,0x2395,0x239a,0x239f,
	0x3290,0x3295,0x329a,0x329f,0x5290,0x5295,0x529a,0x529f,
	0x6190,0x6195,0x619a,0x619f,0x7090,0x7095,0x709a,0x709f,
	0x9f90,0x9f95,0x9f9a,0x9f9f,0xaf90,0xaf95,0xaf9a,0xaf9f,
	0xce90,0xce95,0xce9a,0xce9f,0xdd90,0xdd95,0xdd9a,0xdd9f,
	0x88a0,0x88a5,0x88aa,0x88af,0x97a0,0x97a5,0x97aa,0x97af,
	0xb6a0,0xb6a5,0xb6aa,0xb6af,0xc5a0,0xc5a5,0xc5aa,0xc5af,
	0xe5a0,0xe5a5,0xe5aa,0xe5af,0xf4a0,0xf4a5,0xf4aa,0xf4af,
	0x03a0,0x03a5,0x03aa,0x03af,0x23a0,0x23a5,0x23aa,0x23af,
	0x32a0,0x32a5,0x32aa,0x32af,0x51a0,0x51a5,0x51aa,0x51af,
	0x60a0,0x60a5,0x60aa,0x60af,0x70a0,0x70a5,0x70aa,0x70af,
	0x9fa0,0x9fa5,0x9faa,0x9faf,0xaea0,0xaea5,0xaeaa,0xaeaf,
	0xcea0,0xcea5,0xceaa,0xceaf,0xdda0,0xdda5,0xddaa,0xddaf,
	0x87c0,0x87c5,0x87ca,0x87cf,0x97c0,0x97c5,0x97ca,0x97cf,
	0xb6c0,0xb6c5,0xb6ca,0xb6cf,0xc5c0,0xc5c5,0xc5ca,0xc5cf,
	0xe4c0,0xe4c5,0xe4ca,0xe4cf,0xf4c0,0xf4c5,0xf4ca,0xf4cf,
	0x03c0,0x03c5,0x03ca,0x03cf,0x22c0,0x22c5,0x22ca,0x22cf,
	0x32c0,0x32c5,0x32ca,0x32cf,0x51c0,0x51c5,0x51ca,0x51cf,
	0x60c0,0x60c5,0x60ca,0x60cf,0x7fc0,0x7fc5,0x7fca,0x7fcf,
	0x9fc0,0x9fc5,0x9fca,0x9fcf,0xaec0,0xaec5,0xaeca,0xaecf,
	0xcdc0,0xcdc5,0xcdca,0xcdcf,0xddc0,0xddc5,0xddca,0xddcf,
	0x87e0,0x87e5,0x87ea,0x87ef,0x96e0,0x96e5,0x96ea,0x96ef,
	0xb5e0,0xb5e5,0xb5ea,0xb5ef,0xc5e0,0xc5e5,0xc5ea,0xc5ef,
	0xe4e0,0xe4e5,0xe4ea,0xe4ef,0xf3e0,0xf3e5,0xf3ea,0xf3ef,
	0x03e0,0x03e5,0x03ea,0x03ef,0x22e0,0x22e5,0x22ea,0x22ef,
	0x31e0,0x31e5,0x31ea,0x31ef,0x50e0,0x50e5,0x50ea,0x50ef,
	0x60e0,0x60e5,0x60ea,0x60ef,0x7fe0,0x7fe5,0x7fea,0x7fef,
	0x9ee0,0x9ee5,0x9eea,0x9eef,0xaee0,0xaee5,0xaeea,0xaeef,
	0xcde0,0xcde5,0xcdea,0xcdef,0xdce0,0xdce5,0xdcea,0xdcef,
	0x8700,0x8705,0x870a,0x870f,0x9600,0x9605,0x960a,0x960f,
	0xb500,0xb505,0xb50a,0xb50f,0xc400,0xc405,0xc40a,0xc40f,
	0xe400,0xe405,0xe40a,0xe40f,0xf300,0xf305,0xf30a,0xf30f,
	0x0200,0x0205,0x020a,0x020f,0x2200,0x2205,0x220a,0x220f,
	0x3100,0x3105,0x310a,0x310f,0x5000,0x5005,0x500a,0x500f,
	0x6f00,0x6f05,0x6f0a,0x6f0f,0x7f00,0x7f05,0x7f0a,0x7f0f,
	0x9e00,0x9e05,0x9e0a,0x9e0f,0xad00,0xad05,0xad0a,0xad0f,
	0xcd00,0xcd05,0xcd0a,0xcd0f,0xdc00,0xdc05,0xdc0a,0xdc0f,
	0x8c50,0x8c55,0x8c5a,0x8c5f,0xab50,0xab55,0xab5a,0xab5f,
	0xbb50,0xbb55,0xbb5a,0xbb5f,0xda50,0xda55,0xda5a,0xda5f,
	0xe950,0xe955,0xe95a,0xe95f,0xf850,0xf855,0xf85a,0xf85f,
	0x1850,0x1855,0x185a,0x185f,0x2750,0x2755,0x275a,0x275f,
	0x4650,0x4655,0x465a,0x465f,0x5650,0x5655,0x565a,0x565f,
	0x6550,0x6555,0x655a,0x655f,0x8450,0x8455,0x845a,0x845f,
	0x9350,0x9355,0x935a,0x935f,0xb350,0xb355,0xb35a,0xb35f,
	0xc250,0xc255,0xc25a,0xc25f,0xd150,0xd155,0xd15a,0xd15f,
	0x8c70,0x8c75,0x8c7a,0x8c7f,0xab70,0xab75,0xab7a,0xab7f,
	0xba70,0xba75,0xba7a,0xba7f,0xd970,0xd975,0xd97a,0xd97f,
	0xe970,0xe975,0xe97a,0xe97f,0xf870,0xf875,0xf87a,0xf87f,
	0x1770,0x1775,0x177a,0x177f,0x2770,0x2775,0x277a,0x277f,
	0x4670,0x4675,0x467a,0x467f,0x5570,0x5575,0x557a,0x557f,
	0x6470,0x6475,0x647a,0x647f,0x8470,0x8475,0x847a,0x847f,
	0x9370,0x9375,0x937a,0x937f,0xb270,0xb275,0xb27a,0xb27f,
	0xc270,0xc275,0xc27a,0xc27f,0xd170,0xd175,0xd17a,0xd17f,
	0x8b90,0x8b95,0x8b9a,0x8b9f,0xab90,0xab95,0xab9a,0xab9f,
	0xba90,0xba95,0xba9a,0xba9f,0xd990,0xd995,0xd99a,0xd99f,
	0xe890,0xe895,0xe89a,0xe89f,0xf890,0xf895,0xf89a,0xf89f,
	0x1790,0x1795,0x179a,0x179f,0x2690,0x2695,0x269a,0x269f,
	0x4690,0x4695,0x469a,0x469f,0x5590,0x5595,0x559a,0x559f,
	0x6490,0x6495,0x649a,0x649f,0x8390,0x8395,0x839a,0x839f,
	0x9390,0x9395,0x939a,0x939f,0xb290,0xb295,0xb29a,0xb29f,
	0xc190,0xc195,0xc19a,0xc19f,0xd190,0xd195,0xd19a,0xd19f,
	0x8bb0,0x8bb5,0x8bba,0x8bbf,0xaab0,0xaab5,0xaaba,0xaabf,
	0xbab0,0xbab5,0xbaba,0xbabf,0xd9b0,0xd9b5,0xd9ba,0xd9bf,
	0xe8b0,0xe8b5,0xe8ba,0xe8bf,0xf7b0,0xf7b5,0xf7ba,0xf7bf,
	0x17b0,0x17b5,0x17ba,0x17bf,0x26b0,0x26b5,0x26ba,0x26bf,
	0x45b0,0x45b5,0x45ba,0x45bf,0x55b0,0x55b5,0x55ba,0x55bf,
	0x64b0,0x64b5,0x64ba,0x64bf,0x83b0,0x83b5,0x83ba,0x83bf,
	0x92b0,0x92b5,0x92ba,0x92bf,0xb2b0,0xb2b5,0xb2ba,0xb2bf,
	0xc1b0,0xc1b5,0xc1ba,0xc1bf,0xd0b0,0xd0b5,0xd0ba,0xd0bf,
	0x8bc0,0x8bc5,0x8bca,0x8bcf,0xaac0,0xaac5,0xaaca,0xaacf,
	0xb9c0,0xb9c5,0xb9ca,0xb9cf,0xd8c0,0xd8c5,0xd8ca,0xd8cf,
	0xe8c0,0xe8c5,0xe8ca,0xe8cf,0xf7c0,0xf7c5,0xf7ca,0xf7cf,
	0x16c0,0x16c5,0x16ca,0x16cf,0x26c0,0x26c5,0x26ca,0x26cf,
	0x45c0,0x45c5,0x45ca,0x45cf,0x54c0,0x54c5,0x54ca,0x54cf,
	0x63c0,0x63c5,0x63ca,0x63cf,0x83c0,0x83c5,0x83ca,0x83cf,
	0x92c0,0x92c5,0x92ca,0x92cf,0xb1c0,0xb1c5,0xb1ca,0xb1cf,
	0xc1c0,0xc1c5,0xc1ca,0xc1cf,0xd0c0,0xd0c5,0xd0ca,0xd0cf,
	0x8ae0,0x8ae5,0x8aea,0x8aef,0xaae0,0xaae5,0xaaea,0xaaef,
	0xb9e0,0xb9e5,0xb9ea,0xb9ef,0xd8e0,0xd8e5,0xd8ea,0xd8ef,
	0xe7e0,0xe7e5,0xe7ea,0xe7ef,0xf7e0,0xf7e5,0xf7ea,0xf7ef,
	0x16e0,0x16e5,0x16ea,0x16ef,0x25e0,0x25e5,0x25ea,0x25ef,
	0x45e0,0x45e5,0x45ea,0x45ef,0x54e0,0x54e5,0x54ea,0x54ef,
	0x63e0,0x63e5,0x63ea,0x63ef,0x82e0,0x82e5,0x82ea,0x82ef,
	0x92e0,0x92e5,0x92ea,0x92ef,0xb1e0,0xb1e5,0xb1ea,0xb1ef,
	0xc0e0,0xc0e5,0xc0ea,0xc0ef,0xd0e0,0xd0e5,0xd0ea,0xd0ef,
	0x8a00,0x8a05,0x8a0a,0x8a0f,0xa900,0xa905,0xa90a,0xa90f,
	0xb800,0xb805,0xb80a,0xb80f,0xd800,0xd805,0xd80a,0xd80f,
	0xe700,0xe705,0xe70a,0xe70f,0xf600,0xf605,0xf60a,0xf60f,
	0x1600,0x1605,0x160a,0x160f,0x2500,0x2505,0x250a,0x250f,
	0x4400,0x4405,0x440a,0x440f,0x5300,0x5305,0x530a,0x530f,
	0x6300,0x6305,0x630a,0x630f,0x8200,0x8205,0x820a,0x820f,
	0x9100,0x9105,0x910a,0x910f,0xb100,0xb105,0xb10a,0xb10f,
	0xc000,0xc005,0xc00a,0xc00f,0xdf00,0xdf05,0xdf0a,0xdf0f,
	0x8a20,0x8a25,0x8a2a,0x8a2f,0xa920,0xa925,0xa92a,0xa92f,
	0xb820,0xb825,0xb82a,0xb82f,0xd720,0xd725,0xd72a,0xd72f,
	0xe720,0xe725,0xe72a,0xe72f,0xf620,0xf625,0xf62a,0xf62f,
	0x1520,0x1525,0x152a,0x152f,0x2520,0x2525,0x252a,0x252f,
	0x4420,0x4425,0x442a,0x442f,0x5320,0x5325,0x532a,0x532f,
	0x6220,0x6225,0x622a,0x622f,0x8220,0x8225,0x822a,0x822f,
	0x9120,0x9125,0x912a,0x912f,0xb020,0xb025,0xb02a,0xb02f,
	0xc020,0xc025,0xc02a,0xc02f,0xdf20,0xdf25,0xdf2a,0xdf2f,
	0x8940,0x8945,0x894a,0x894f,0xa840,0xa845,0xa84a,0xa84f,
	0xb840,0xb845,0xb84a,0xb84f,0xd740,0xd745,0xd74a,0xd74f,
	0xe640,0xe645,0xe64a,0xe64f,0xf640,0xf645,0xf64a,0xf64f,
	0x1540,0x1545,0x154a,0x154f,0x2440,0x2445,0x244a,0x244f,
	0x4440,0x4445,0x444a,0x444f,0x5340,0x5345,0x534a,0x534f,
	0x6240,0x6245,0x624a,0x624f,0x8140,0x8145,0x814a,0x814f,
	0x9140,0x9145,0x914a,0x914f,0xb040,0xb045,0xb04a,0xb04f,
	0xcf40,0xcf45,0xcf4a,0xcf4f,0xdf40,0xdf45,0xdf4a,0xdf4f,
	0x8950,0x8955,0x895a,0x895f,0xa850,0xa855,0xa85a,0xa85f,
	0xb750,0xb755,0xb75a,0xb75f,0xd750,0xd755,0xd75a,0xd75f,
	0xe650,0xe655,0xe65a,0xe65f,0xf550,0xf555,0xf55a,0xf55f,
	0x1550,0x1555,0x155a,0x155f,0x2450,0x2455,0x245a,0x245f,
	0x4350,0x4355,0x435a,0x435f,0x5250,0x5255,0x525a,0x525f,
	0x6250,0x6255,0x625a,0x625f,0x8150,0x8155,0x815a,0x815f,
	0x9050,0x9055,0x905a,0x905f,0xb050,0xb055,0xb05a,0xb05f,
	0xcf50,0xcf55,0xcf5a,0xcf5f,0xde50,0xde55,0xde5a,0xde5f,
	0x8970,0x8975,0x897a,0x897f,0xa870,0xa875,0xa87a,0xa87f,
	0xb770,0xb775,0xb77a,0xb77f,0xd670,0xd675,0xd67a,0xd67f,
	0xe670,0xe675,0xe67a,0xe67f,0xf570,0xf575,0xf57a,0xf57f,
	0x1470,0x1475,0x147a,0x147f,0x2470,0x2475,0x247a,0x247f,
	0x4370,0x4375,0x437a,0x437f,0x5270,0x5275,0x527a,0x527f,
	0x6170,0x6175,0x617a,0x617f,0x8170,0x8175,0x817a,0x817f,
	0x9070,0x9075,0x907a,0x907f,0xbf70,0xbf75,0xbf7a,0xbf7f,
	0xcf70,0xcf75,0xcf7a,0xcf7f,0xde70,0xde75,0xde7a,0xde7f,
	0x8890,0x8895,0x889a,0x889f,0xa790,0xa795,0xa79a,0xa79f,
	0xb790,0xb795,0xb79a,0xb79f,0xd690,0xd695,0xd69a,0xd69f,
	0xe590,0xe595,0xe59a,0xe59f,0xf590,0xf595,0xf59a,0xf59f,
	0x1490,0x1495,0x149a,0x149f,0x2390,0x2395,0x239a,0x239f,
	0x4290,0x4295,0x429a,0x429f,0x5290,0x5295,0x529a,0x529f,
	0x6190,0x6195,0x619a,0x619f,0x8090,0x8095,0x809a,0x809f,
	0x9090,0x9095,0x909a,0x909f,0xbf90,0xbf95,0xbf9a,0xbf9f,
	0xce90,0xce95,0xce9a,0xce9f,0xde90,0xde95,0xde9a,0xde9f,
	0x88b0,0x88b5,0x88ba,0x88bf,0xa7b0,0xa7b5,0xa7ba,0xa7bf,
	0xb6b0,0xb6b5,0xb6ba,0xb6bf,0xd6b0,0xd6b5,0xd6ba,0xd6bf,
	0xe5b0,0xe5b5,0xe5ba,0xe5bf,0xf4b0,0xf4b5,0xf4ba,0xf4bf,
	0x14b0,0x14b5,0x14ba,0x14bf,0x23b0,0x23b5,0x23ba,0x23bf,
	0x42b0,0x42b5,0x42ba,0x42bf,0x51b0,0x51b5,0x51ba,0x51bf,
	0x61b0,0x61b5,0x61ba,0x61bf,0x80b0,0x80b5,0x80ba,0x80bf,
	0x9fb0,0x9fb5,0x9fba,0x9fbf,0xbfb0,0xbfb5,0xbfba,0xbfbf,
	0xceb0,0xceb5,0xceba,0xcebf,0xddb0,0xddb5,0xddba,0xddbf,
	0x87c0,0x87c5,0x87ca,0x87cf,0xa7c0,0xa7c5,0xa7ca,0xa7cf,
	0xb6c0,0xb6c5,0xb6ca,0xb6cf,0xd5c0,0xd5c5,0xd5ca,0xd5cf,
	0xe5c0,0xe5c5,0xe5ca,0xe5cf,0xf4c0,0xf4c5,0xf4ca,0xf4cf,
	0x13c0,0x13c5,0x13ca,0x13cf,0x22c0,0x22c5,0x22ca,0x22cf,
	0x42c0,0x42c5,0x42ca,0x42cf,0x51c0,0x51c5,0x51ca,0x51cf,
	0x60c0,0x60c5,0x60ca,0x60cf,0x80c0,0x80c5,0x80ca,0x80cf,
	0x9fc0,0x9fc5,0x9fca,0x9fcf,0xbec0,0xbec5,0xbeca,0xbecf,
	0xcec0,0xcec5,0xceca,0xcecf,0xddc0,0xddc5,0xddca,0xddcf,
	0x87e0,0x87e5,0x87ea,0x87ef,0xa6e0,0xa6e5,0xa6ea,0xa6ef,
	0xb6e0,0xb6e5,0xb6ea,0xb6ef,0xd5e0,0xd5e5,0xd5ea,0xd5ef,
	0xe4e0,0xe4e5,0xe4ea,0xe4ef,0xf4e0,0xf4e5,0xf4ea,0xf4ef,
	0x13e0,0x13e5,0x13ea,0x13ef,0x22e0,0x22e5,0x22ea,0x22ef,
	0x41e0,0x41e5,0x41ea,0x41ef,0x51e0,0x51e5,0x51ea,0x51ef,
	0x60e0,0x60e5,0x60ea,0x60ef,0x8fe0,0x8fe5,0x8fea,0x8fef,
	0x9fe0,0x9fe5,0x9fea,0x9fef,0xbee0,0xbee5,0xbeea,0xbeef,
	0xcde0,0xcde5,0xcdea,0xcdef,0xdce0,0xdce5,0xdcea,0xdcef,
	0x8700,0x8705,0x870a,0x870f,0xa600,0xa605,0xa60a,0xa60f,
	0xb500,0xb505,0xb50a,0xb50f,0xd500,0xd505,0xd50a,0xd50f,
	0xe400,0xe405,0xe40a,0xe40f,0xf300,0xf305,0xf30a,0xf30f,
	0x1300,0x1305,0x130a,0x130f,0x2200,0x2205,0x220a,0x220f,
	0x4100,0x4105,0x410a,0x410f,0x5000,0x5005,0x500a,0x500f,
	0x6000,0x6005,0x600a,0x600f,0x8f00,0x8f05,0x8f0a,0x8f0f,
	0x9e00,0x9e05,0x9e0a,0x9e0f,0xbe00,0xbe05,0xbe0a,0xbe0f,
	0xcd00,0xcd05,0xcd0a,0xcd0f,0xdc00,0xdc05,0xdc0a,0xdc0f,
	0x9c60,0x9c65,0x9c6a,0x9c6f,0xac60,0xac65,0xac6a,0xac6f,
	0xbb60,0xbb65,0xbb6a,0xbb6f,0xda60,0xda65,0xda6a,0xda6f,
	0xe960,0xe965,0xe96a,0xe96f,0x0960,0x0965,0x096a,0x096f,
	0x1860,0x1865,0x186a,0x186f,0x2760,0x2765,0x276a,0x276f,
	0x4760,0x4765,0x476a,0x476f,0x5660,0x5665,0x566a,0x566f,
	0x7560,0x7565,0x756a,0x756f,0x8460,0x8465,0x846a,0x846f,
	0x9460,0x9465,0x946a,0x946f,0xb360,0xb365,0xb36a,0xb36f,
	0xc260,0xc265,0xc26a,0xc26f,0xe260,0xe265,0xe26a,0xe26f,
	0x9c70,0x9c75,0x9c7a,0x9c7f,0xab70,0xab75,0xab7a,0xab7f,
	0xba70,0xba75,0xba7a,0xba7f,0xda70,0xda75,0xda7a,0xda7f,
	0xe970,0xe975,0xe97a,0xe97f,0x0870,0x0875,0x087a,0x087f,
	0x1870,0x1875,0x187a,0x187f,0x2770,0x2775,0x277a,0x277f,
	0x4670,0x4675,0x467a,0x467f,0x5570,0x5575,0x557a,0x557f,
	0x7570,0x7575,0x757a,0x757f,0x8470,0x8475,0x847a,0x847f,
	0x9370,0x9375,0x937a,0x937f,0xb370,0xb375,0xb37a,0xb37f,
	0xc270,0xc275,0xc27a,0xc27f,0xe170,0xe175,0xe17a,0xe17f,
	0x9c90,0x9c95,0x9c9a,0x9c9f,0xab90,0xab95,0xab9a,0xab9f,
	0xba90,0xba95,0xba9a,0xba9f,0xd990,0xd995,0xd99a,0xd99f,
	0xe990,0xe995,0xe99a,0xe99f,0x0890,0x0895,0x089a,0x089f,
	0x1790,0x1795,0x179a,0x179f,0x2790,0x2795,0x279a,0x279f,
	0x4690,0x4695,0x469a,0x469f,0x5590,0x5595,0x559a,0x559f,
	0x7490,0x7495,0x749a,0x749f,0x8490,0x8495,0x849a,0x849f,
	0x9390,0x9395,0x939a,0x939f,0xb290,0xb295,0xb29a,0xb29f,
	0xc290,0xc295,0xc29a,0xc29f,0xe190,0xe195,0xe19a,0xe19f,
	0x9bb0,0x9bb5,0x9bba,0x9bbf,0xaab0,0xaab5,0xaaba,0xaabf,
	0xbab0,0xbab5,0xbaba,0xbabf,0xd9b0,0xd9b5,0xd9ba,0xd9bf,
	0xe8b0,0xe8b5,0xe8ba,0xe8bf,0x08b0,0x08b5,0x08ba,0x08bf,
	0x17b0,0x17b5,0x17ba,0x17bf,0x26b0,0x26b5,0x26ba,0x26bf,
	0x45b0,0x45b5,0x45ba,0x45bf,0x55b0,0x55b5,0x55ba,0x55bf,
	0x74b0,0x74b5,0x74ba,0x74bf,0x83b0,0x83b5,0x83ba,0x83bf,
	0x93b0,0x93b5,0x93ba,0x93bf,0xb2b0,0xb2b5,0xb2ba,0xb2bf,
	0xc1b0,0xc1b5,0xc1ba,0xc1bf,0xe0b0,0xe0b5,0xe0ba,0xe0bf,
	0x9bd0,0x9bd5,0x9bda,0x9bdf,0xaad0,0xaad5,0xaada,0xaadf,
	0xb9d0,0xb9d5,0xb9da,0xb9df,0xd9d0,0xd9d5,0xd9da,0xd9df,
	0xe8d0,0xe8d5,0xe8da,0xe8df,0x07d0,0x07d5,0x07da,0x07df,
	0x17d0,0x17d5,0x17da,0x17df,0x26d0,0x26d5,0x26da,0x26df,
	0x45d0,0x45d5,0x45da,0x45df,0x54d0,0x54d5,0x54da,0x54df,
	0x74d0,0x74d5,0x74da,0x74df,0x83d0,0x83d5,0x83da,0x83df,
	0x92d0,0x92d5,0x92da,0x92df,0xb2d0,0xb2d5,0xb2da,0xb2df,
	0xc1d0,0xc1d5,0xc1da,0xc1df,0xe0d0,0xe0d5,0xe0da,0xe0df,
	0x9ae0,0x9ae5,0x9aea,0x9aef,0xaae0,0xaae5,0xaaea,0xaaef,
	0xb9e0,0xb9e5,0xb9ea,0xb9ef,0xd8e0,0xd8e5,0xd8ea,0xd8ef,
	0xe8e0,0xe8e5,0xe8ea,0xe8ef,0x07e0,0x07e5,0x07ea,0x07ef,
	0x16e0,0x16e5,0x16ea,0x16ef,0x25e0,0x25e5,0x25ea,0x25ef,
	0x45e0,0x45e5,0x45ea,0x45ef,0x54e0,0x54e5,0x54ea,0x54ef,
	0x73e0,0x73e5,0x73ea,0x73ef,0x83e0,0x83e5,0x83ea,0x83ef,
	0x92e0,0x92e5,0x92ea,0x92ef,0xb1e0,0xb1e5,0xb1ea,0xb1ef,
	0xc0e0,0xc0e5,0xc0ea,0xc0ef,0xe0e0,0xe0e5,0xe0ea,0xe0ef,
	0x9a00,0x9a05,0x9a0a,0x9a0f,0xa900,0xa905,0xa90a,0xa90f,
	0xb900,0xb905,0xb90a,0xb90f,0xd800,0xd805,0xd80a,0xd80f,
	0xe700,0xe705,0xe70a,0xe70f,0x0700,0x0705,0x070a,0x070f,
	0x1600,0x1605,0x160a,0x160f,0x2500,0x2505,0x250a,0x250f,
	0x4400,0x4405,0x440a,0x440f,0x5400,0x5405,0x540a,0x540f,
	0x7300,0x7305,0x730a,0x730f,0x8200,0x8205,0x820a,0x820f,
	0x9200,0x9205,0x920a,0x920f,0xb100,0xb105,0xb10a,0xb10f,
	0xc000,0xc005,0xc00a,0xc00f,0xe000,0xe005,0xe00a,0xe00f,
	0x9a20,0x9a25,0x9a2a,0x9a2f,0xa920,0xa925,0xa92a,0xa92f,
	0xb820,0xb825,0xb82a,0xb82f,0xd820,0xd825,0xd82a,0xd82f,
	0xe720,0xe725,0xe72a,0xe72f,0x0620,0x0625,0x062a,0x062f,
	0x1620,0x1625,0x162a,0x162f,0x2520,0x2525,0x252a,0x252f,
	0x4420,0x4425,0x442a,0x442f,0x5320,0x5325,0x532a,0x532f,
	0x7320,0x7325,0x732a,0x732f,0x8220,0x8225,0x822a,0x822f,
	0x9120,0x9125,0x912a,0x912f,0xb120,0xb125,0xb12a,0xb12f,
	0xc020,0xc025,0xc02a,0xc02f,0xef20,0xef25,0xef2a,0xef2f,
	0x9940,0x9945,0x994a,0x994f,0xa940,0xa945,0xa94a,0xa94f,
	0xb840,0xb845,0xb84a,0xb84f,0xd740,0xd745,0xd74a,0xd74f,
	0xe740,0xe745,0xe74a,0xe74f,0x0640,0x0645,0x064a,0x064f,
	0x1540,0x1545,0x154a,0x154f,0x2440,0x2445,0x244a,0x244f,
	0x4440,0x4445,0x444a,0x444f,0x5340,0x5345,0x534a,0x534f,
	0x7240,0x7245,0x724a,0x724f,0x8240,0x8245,0x824a,0x824f,
	0x9140,0x9145,0x914a,0x914f,0xb040,0xb045,0xb04a,0xb04f,
	0xc040,0xc045,0xc04a,0xc04f,0xef40,0xef45,0xef4a,0xef4f,
	0x9960,0x9965,0x996a,0x996f,0xa860,0xa865,0xa86a,0xa86f,
	0xb860,0xb865,0xb86a,0xb86f,0xd760,0xd765,0xd76a,0xd76f,
	0xe660,0xe665,0xe66a,0xe66f,0x0660,0x0665,0x066a,0x066f,
	0x1560,0x1565,0x156a,0x156f,0x2460,0x2465,0x246a,0x246f,
	0x4360,0x4365,0x436a,0x436f,0x5360,0x5365,0x536a,0x536f,
	0x7260,0x7265,0x726a,0x726f,0x8160,0x8165,0x816a,0x816f,
	0x9160,0x9165,0x916a,0x916f,0xb060,0xb065,0xb06a,0xb06f,
	0xcf60,0xcf65,0xcf6a,0xcf6f,0xee60,0xee65,0xee6a,0xee6f,
	0x9970,0x9975,0x997a,0x997f,0xa870,0xa875,0xa87a,0xa87f,
	0xb770,0xb775,0xb77a,0xb77f,0xd770,0xd775,0xd77a,0xd77f,
	0xe670,0xe675,0xe67a,0xe67f,0x0570,0x0575,0x057a,0x057f,
	0x1470,0x1475,0x147a,0x147f,0x2470,0x2475,0x247a,0x247f,
	0x4370,0x4375,0x437a,0x437f,0x5270,0x5275,0x527a,0x527f,
	0x7270,0x7275,0x727a,0x727f,0x8170,0x8175,0x817a,0x817f,
	0x9070,0x9075,0x907a,0x907f,0xb070,0xb075,0xb07a,0xb07f,
	0xcf70,0xcf75,0xcf7a,0xcf7f,0xee70,0xee75,0xee7a,0xee7f,
	0x9890,0x9895,0x989a,0x989f,0xa890,0xa895,0xa89a,0xa89f,
	0xb790,0xb795,0xb79a,0xb79f,0xd690,0xd695,0xd69a,0xd69f,
	0xe690,0xe695,0xe69a,0xe69f,0x0590,0x0595,0x059a,0x059f,
	0x1490,0x1495,0x149a,0x149f,0x2390,0x2395,0x239a,0x239f,
	0x4390,0x4395,0x439a,0x439f,0x5290,0x5295,0x529a,0x529f,
	0x7190,0x7195,0x719a,0x719f,0x8190,0x8195,0x819a,0x819f,
	0x9090,0x9095,0x909a,0x909f,0xbf90,0xbf95,0xbf9a,0xbf9f,
	0xce90,0xce95,0xce9a,0xce9f,0xee90,0xee95,0xee9a,0xee9f,
	0x98b0,0x98b5,0x98ba,0x98bf,0xa7b0,0xa7b5,0xa7ba,0xa7bf,
	0xb7b0,0xb7b5,0xb7ba,0xb7bf,0xd6b0,0xd6b5,0xd6ba,0xd6bf,
	0xe5b0,0xe5b5,0xe5ba,0xe5bf,0x05b0,0x05b5,0x05ba,0x05bf,
	0x14b0,0x14b5,0x14ba,0x14bf,0x23b0,0x23b5,0x23ba,0x23bf,
	0x42b0,0x42b5,0x42ba,0x42bf,0x52b0,0x52b5,0x52ba,0x52bf,
	0x71b0,0x71b5,0x71ba,0x71bf,0x80b0,0x80b5,0x80ba,0x80bf,
	0x90b0,0x90b5,0x90ba,0x90bf,0xbfb0,0xbfb5,0xbfba,0xbfbf,
	0xceb0,0xceb5,0xceba,0xcebf,0xedb0,0xedb5,0xedba,0xedbf,
	0x98d0,0x98d5,0x98da,0x98df,0xa7d0,0xa7d5,0xa7da,0xa7df,
	0xb6d0,0xb6d5,0xb6da,0xb6df,0xd6d0,0xd6d5,0xd6da,0xd6df,
	0xe5d0,0xe5d5,0xe5da,0xe5df,0x04d0,0x04d5,0x04da,0x04df,
	0x13d0,0x13d5,0x13da,0x13df,0x23d0,0x23d5,0x23da,0x23df,
	0x42d0,0x42d5,0x42da,0x42df,0x51d0,0x51d5,0x51da,0x51df,
	0x71d0,0x71d5,0x71da,0x71df,0x80d0,0x80d5,0x80da,0x80df,
	0x9fd0,0x9fd5,0x9fda,0x9fdf,0xbfd0,0xbfd5,0xbfda,0xbfdf,
	0xced0,0xced5,0xceda,0xcedf,0xedd0,0xedd5,0xedda,0xeddf,
	0x97e0,0x97e5,0x97ea,0x97ef,0xa7e0,0xa7e5,0xa7ea,0xa7ef,
	0xb6e0,0xb6e5,0xb6ea,0xb6ef,0xd5e0,0xd5e5,0xd5ea,0xd5ef,
	0xe5e0,0xe5e5,0xe5ea,0xe5ef,0x04e0,0x04e5,0x04ea,0x04ef,
	0x13e0,0x13e5,0x13ea,0x13ef,0x22e0,0x22e5,0x22ea,0x22ef,
	0x42e0,0x42e5,0x42ea,0x42ef,0x51e0,0x51e5,0x51ea,0x51ef,
	0x70e0,0x70e5,0x70ea,0x70ef,0x80e0,0x80e5,0x80ea,0x80ef,
	0x9fe0,0x9fe5,0x9fea,0x9fef,0xbee0,0xbee5,0xbeea,0xbeef,
	0xcde0,0xcde5,0xcdea,0xcdef,0xede0,0xede5,0xedea,0xedef,
	0x9700,0x9705,0x970a,0x970f,0xa600,0xa605,0xa60a,0xa60f,
	0xb600,0xb605,0xb60a,0xb60f,0xd500,0xd505,0xd50a,0xd50f,
	0xe400,0xe405,0xe40a,0xe40f,0x0300,0x0305,0x030a,0x030f,
	0x1300,0x1305,0x130a,0x130f,0x2200,0x2205,0x220a,0x220f,
	0x4100,0x4105,0x410a,0x410f,0x5100,0x5105,0x510a,0x510f,
	0x7000,0x7005,0x700a,0x700f,0x8f00,0x8f05,0x8f0a,0x8f0f,
	0x9f00,0x9f05,0x9f0a,0x9f0f,0xbe00,0xbe05,0xbe0a,0xbe0f,
	0xcd00,0xcd05,0xcd0a,0xcd0f,0xec00,0xec05,0xec0a,0xec0f,
	0x9c60,0x9c65,0x9c6a,0x9c6f,0xac60,0xac65,0xac6a,0xac6f,
	0xcb60,0xcb65,0xcb6a,0xcb6f,0xda60,0xda65,0xda6a,0xda6f,
	0xea60,0xea65,0xea6a,0xea6f,0x0960,0x0965,0x096a,0x096f,
	0x1860,0x1865,0x186a,0x186f,0x3760,0x3765,0x376a,0x376f,
	0x4760,0x4765,0x476a,0x476f,0x5660,0x5665,0x566a,0x566f,
	0x7560,0x7565,0x756a,0x756f,0x8560,0x8565,0x856a,0x856f,
	0xa460,0xa465,0xa46a,0xa46f,0xb360,0xb365,0xb36a,0xb36f,
	0xc260,0xc265,0xc26a,0xc26f,0xe260,0xe265,0xe26a,0xe26f,
	0x9c80,0x9c85,0x9c8a,0x9c8f,0xab80,0xab85,0xab8a,0xab8f,
	0xcb80,0xcb85,0xcb8a,0xcb8f,0xda80,0xda85,0xda8a,0xda8f,
	0xe980,0xe985,0xe98a,0xe98f,0x0980,0x0985,0x098a,0x098f,
	0x1880,0x1885,0x188a,0x188f,0x3780,0x3785,0x378a,0x378f,
	0x4680,0x4685,0x468a,0x468f,0x5680,0x5685,0x568a,0x568f,
	0x7580,0x7585,0x758a,0x758f,0x8480,0x8485,0x848a,0x848f,
	0xa480,0xa485,0xa48a,0xa48f,0xb380,0xb385,0xb38a,0xb38f,
	0xc280,0xc285,0xc28a,0xc28f,0xe180,0xe185,0xe18a,0xe18f,
	0x9c90,0x9c95,0x9c9a,0x9c9f,0xab90,0xab95,0xab9a,0xab9f,
	0xca90,0xca95,0xca9a,0xca9f,0xda90,0xda95,0xda9a,0xda9f,
	0xe990,0xe995,0xe99a,0xe99f,0x0890,0x0895,0x089a,0x089f,
	0x1790,0x1795,0x179a,0x179f,0x3790,0x3795,0x379a,0x379f,
	0x4690,0x4695,0x469a,0x469f,0x5590,0x5595,0x559a,0x559f,
	0x7590,0x7595,0x759a,0x759f,0x8490,0x8495,0x849a,0x849f,
	0xa390,0xa395,0xa39a,0xa39f,0xb290,0xb295,0xb29a,0xb29f,
	0xc290,0xc295,0xc29a,0xc29f,0xe190,0xe195,0xe19a,0xe19f,
	0x9bb0,0x9bb5,0x9bba,0x9bbf,0xabb0,0xabb5,0xabba,0xabbf,
	0xcab0,0xcab5,0xcaba,0xcabf,0xd9b0,0xd9b5,0xd9ba,0xd9bf,
	0xe9b0,0xe9b5,0xe9ba,0xe9bf,0x08b0,0x08b5,0x08ba,0x08bf,
	0x17b0,0x17b5,0x17ba,0x17bf,0x36b0,0x36b5,0x36ba,0x36bf,
	0x46b0,0x46b5,0x46ba,0x46bf,0x55b0,0x55b5,0x55ba,0x55bf,
	0x74b0,0x74b5,0x74ba,0x74bf,0x84b0,0x84b5,0x84ba,0x84bf,
	0xa3b0,0xa3b5,0xa3ba,0xa3bf,0xb2b0,0xb2b5,0xb2ba,0xb2bf,
	0xc1b0,0xc1b5,0xc1ba,0xc1bf,0xe1b0,0xe1b5,0xe1ba,0xe1bf,
	0x9bd0,0x9bd5,0x9bda,0x9bdf,0xaad0,0xaad5,0xaada,0xaadf,
	0xcad0,0xcad5,0xcada,0xcadf,0xd9d0,0xd9d5,0xd9da,0xd9df,
	0xe8d0,0xe8d5,0xe8da,0xe8df,0x08d0,0x08d5,0x08da,0x08df,
	0x17d0,0x17d5,0x17da,0x17df,0x36d0,0x36d5,0x36da,0x36df,
	0x45d0,0x45d5,0x45da,0x45df,0x55d0,0x55d5,0x55da,0x55df,
	0x74d0,0x74d5,0x74da,0x74df,0x83d0,0x83d5,0x83da,0x83df,
	0xa3d0,0xa3d5,0xa3da,0xa3df,0xb2d0,0xb2d5,0xb2da,0xb2df,
	0xc1d0,0xc1d5,0xc1da,0xc1df,0xe0d0,0xe0d5,0xe0da,0xe0df,
	0x9bf0,0x9bf5,0x9bfa,0x9bff,0xaaf0,0xaaf5,0xaafa,0xaaff,
	0xc9f0,0xc9f5,0xc9fa,0xc9ff,0xd9f0,0xd9f5,0xd9fa,0xd9ff,
	0xe8f0,0xe8f5,0xe8fa,0xe8ff,0x07f0,0x07f5,0x07fa,0x07ff,
	0x16f0,0x16f5,0x16fa,0x16ff,0x36f0,0x36f5,0x36fa,0x36ff,
	0x45f0,0x45f5,0x45fa,0x45ff,0x54f0,0x54f5,0x54fa,0x54ff,
	0x74f0,0x74f5,0x74fa,0x74ff,0x83f0,0x83f5,0x83fa,0x83ff,
	0xa2f0,0xa2f5,0xa2fa,0xa2ff,0xb1f0,0xb1f5,0xb1fa,0xb1ff,
	0xc1f0,0xc1f5,0xc1fa,0xc1ff,0xe0f0,0xe0f5,0xe0fa,0xe0ff,
	0x9a00,0x9a05,0x9a0a,0x9a0f,0xaa00,0xaa05,0xaa0a,0xaa0f,
	0xc900,0xc905,0xc90a,0xc90f,0xd800,0xd805,0xd80a,0xd80f,
	0xe800,0xe805,0xe80a,0xe80f,0x0700,0x0705,0x070a,0x070f,
	0x1600,0x1605,0x160a,0x160f,0x3500,0x3505,0x350a,0x350f,
	0x4500,0x4505,0x450a,0x450f,0x5400,0x5405,0x540a,0x540f,
	0x7300,0x7305,0x730a,0x730f,0x8300,0x8305,0x830a,0x830f,
	0xa200,0xa205,0xa20a,0xa20f,0xb100,0xb105,0xb10a,0xb10f,
	0xc000,0xc005,0xc00a,0xc00f,0xe000,0xe005,0xe00a,0xe00f,
	0x9a20,0x9a25,0x9a2a,0x9a2f,0xa920,0xa925,0xa92a,0xa92f,
	0xc920,0xc925,0xc92a,0xc92f,0xd820,0xd825,0xd82a,0xd82f,
	0xe720,0xe725,0xe72a,0xe72f,0x0620,0x0625,0x062a,0x062f,
	0x1620,0x1625,0x162a,0x162f,0x3520,0x3525,0x352a,0x352f,
	0x4420,0x4425,0x442a,0x442f,0x5420,0x5425,0x542a,0x542f,
	0x7320,0x7325,0x732a,0x732f,0x8220,0x8225,0x822a,0x822f,
	0xa120,0xa125,0xa12a,0xa12f,0xb120,0xb125,0xb12a,0xb12f,
	0xc020,0xc025,0xc02a,0xc02f,0xef20,0xef25,0xef2a,0xef2f,
	0x9a40,0x9a45,0x9a4a,0x9a4f,0xa940,0xa945,0xa94a,0xa94f,
	0xc840,0xc845,0xc84a,0xc84f,0xd840,0xd845,0xd84a,0xd84f,
	0xe740,0xe745,0xe74a,0xe74f,0x0640,0x0645,0x064a,0x064f,
	0x1540,0x1545,0x154a,0x154f,0x3540,0x3545,0x354a,0x354f,
	0x4440,0x4445,0x444a,0x444f,0x5340,0x5345,0x534a,0x534f,
	0x7340,0x7345,0x734a,0x734f,0x8240,0x8245,0x824a,0x824f,
	0xa140,0xa145,0xa14a,0xa14f,0xb040,0xb045,0xb04a,0xb04f,
	0xc040,0xc045,0xc04a,0xc04f,0xef40,0xef45,0xef4a,0xef4f,
	0x9960,0x9965,0x996a,0x996f,0xa960,0xa965,0xa96a,0xa96f,
	0xc860,0xc865,0xc86a,0xc86f,0xd760,0xd765,0xd76a,0xd76f,
	0xe760,0xe765,0xe76a,0xe76f,0x0660,0x0665,0x066a,0x066f,
	0x1560,0x1565,0x156a,0x156f,0x3460,0x3465,0x346a,0x346f,
	0x4460,0x4465,0x446a,0x446f,0x5360,0x5365,0x536a,0x536f,
	0x7260,0x7265,0x726a,0x726f,0x8260,0x8265,0x826a,0x826f,
	0xa160,0xa165,0xa16a,0xa16f,0xb060,0xb065,0xb06a,0xb06f,
	0xcf60,0xcf65,0xcf6a,0xcf6f,0xef60,0xef65,0xef6a,0xef6f,
	0x9980,0x9985,0x998a,0x998f,0xa880,0xa885,0xa88a,0xa88f,
	0xc880,0xc885,0xc88a,0xc88f,0xd780,0xd785,0xd78a,0xd78f,
	0xe680,0xe685,0xe68a,0xe68f,0x0580,0x0585,0x058a,0x058f,
	0x1580,0x1585,0x158a,0x158f,0x3480,0x3485,0x348a,0x348f,
	0x4380,0x4385,0x438a,0x438f,0x5380,0x5385,0x538a,0x538f,
	0x7280,0x7285,0x728a,0x728f,0x8180,0x8185,0x818a,0x818f,
	0xa080,0xa085,0xa08a,0xa08f,0xb080,0xb085,0xb08a,0xb08f,
	0xcf80,0xcf85,0xcf8a,0xcf8f,0xee80,0xee85,0xee8a,0xee8f,
	0x9990,0x9995,0x999a,0x999f,0xa890,0xa895,0xa89a,0xa89f,
	0xc790,0xc795,0xc79a,0xc79f,0xd790,0xd795,0xd79a,0xd79f,
	0xe690,0xe695,0xe69a,0xe69f,0x0590,0x0595,0x059a,0x059f,
	0x1490,0x1495,0x149a,0x149f,0x3490,0x3495,0x349a,0x349f,
	0x4390,0x4395,0x439a,0x439f,0x5290,0x5295,0x529a,0x529f,
	0x7290,0x7295,0x729a,0x729f,0x8190,0x8195,0x819a,0x819f,
	0xa090,0xa095,0xa09a,0xa09f,0xbf90,0xbf95,0xbf9a,0xbf9f,
	0xcf90,0xcf95,0xcf9a,0xcf9f,0xee90,0xee95,0xee9a,0xee9f,
	0x98b0,0x98b5,0x98ba,0x98bf,0xa8b0,0xa8b5,0xa8ba,0xa8bf,
	0xc7b0,0xc7b5,0xc7ba,0xc7bf,0xd6b0,0xd6b5,0xd6ba,0xd6bf,
	0xe5b0,0xe5b5,0xe5ba,0xe5bf,0x05b0,0x05b5,0x05ba,0x05bf,
	0x14b0,0x14b5,0x14ba,0x14bf,0x33b0,0x33b5,0x33ba,0x33bf,
	0x43b0,0x43b5,0x43ba,0x43bf,0x52b0,0x52b5,0x52ba,0x52bf,
	0x71b0,0x71b5,0x71ba,0x71bf,0x80b0,0x80b5,0x80ba,0x80bf,
	0xa0b0,0xa0b5,0xa0ba,0xa0bf,0xbfb0,0xbfb5,0xbfba,0xbfbf,
	0xceb0,0xceb5,0xceba,0xcebf,0xeeb0,0xeeb5,0xeeba,0xeebf,
	0x98d0,0x98d5,0x98da,0x98df,0xa7d0,0xa7d5,0xa7da,0xa7df,
	0xc7d0,0xc7d5,0xc7da,0xc7df,0xd6d0,0xd6d5,0xd6da,0xd6df,
	0xe5d0,0xe5d5,0xe5da,0xe5df,0x04d0,0x04d5,0x04da,0x04df,
	0x14d0,0x14d5,0x14da,0x14df,0x33d0,0x33d5,0x33da,0x33df,
	0x42d0,0x42d5,0x42da,0x42df,0x52d0,0x52d5,0x52da,0x52df,
	0x71d0,0x71d5,0x71da,0x71df,0x80d0,0x80d5,0x80da,0x80df,
	0xafd0,0xafd5,0xafda,0xafdf,0xbfd0,0xbfd5,0xbfda,0xbfdf,
	0xced0,0xced5,0xceda,0xcedf,0xedd0,0xedd5,0xedda,0xeddf,
	0x98f0,0x98f5,0x98fa,0x98ff,0xa7f0,0xa7f5,0xa7fa,0xa7ff,
	0xc6f0,0xc6f5,0xc6fa,0xc6ff,0xd6f0,0xd6f5,0xd6fa,0xd6ff,
	0xe5f0,0xe5f5,0xe5fa,0xe5ff,0x04f0,0x04f5,0x04fa,0x04ff,
	0x13f0,0x13f5,0x13fa,0x13ff,0x33f0,0x33f5,0x33fa,0x33ff,
	0x42f0,0x42f5,0x42fa,0x42ff,0x51f0,0x51f5,0x51fa,0x51ff,
	0x71f0,0x71f5,0x71fa,0x71ff,0x80f0,0x80f5,0x80fa,0x80ff,
	0xaff0,0xaff5,0xaffa,0xafff,0xbef0,0xbef5,0xbefa,0xbeff,
	0xcef0,0xcef5,0xcefa,0xceff,0xedf0,0xedf5,0xedfa,0xedff,
	0x9700,0x9705,0x970a,0x970f,0xa700,0xa705,0xa70a,0xa70f,
	0xc600,0xc605,0xc60a,0xc60f,0xd500,0xd505,0xd50a,0xd50f,
	0xe400,0xe405,0xe40a,0xe40f,0x0400,0x0405,0x040a,0x040f,
	0x1300,0x1305,0x130a,0x130f,0x3200,0x3205,0x320a,0x320f,
	0x4200,0x4205,0x420a,0x420f,0x5100,0x5105,0x510a,0x510f,
	0x7000,0x7005,0x700a,0x700f,0x8000,0x8005,0x800a,0x800f,
	0xaf00,0xaf05,0xaf0a,0xaf0f,0xbe00,0xbe05,0xbe0a,0xbe0f,
	0xcd00,0xcd05,0xcd0a,0xcd0f,0xed00,0xed05,0xed0a,0xed0f,
	0x9d60,0x9d65,0x9d6a,0x9d6f,0xac60,0xac65,0xac6a,0xac6f,
	0xcb60,0xcb65,0xcb6a,0xcb6f,0xdb60,0xdb65,0xdb6a,0xdb6f,
	0xfa60,0xfa65,0xfa6a,0xfa6f,0x0960,0x0965,0x096a,0x096f,
	0x1860,0x1865,0x186a,0x186f,0x3860,0x3865,0x386a,0x386f,
	0x4760,0x4765,0x476a,0x476f,0x6660,0x6665,0x666a,0x666f,
	0x7660,0x7665,0x766a,0x766f,0x8560,0x8565,0x856a,0x856f,
	0xa460,0xa465,0xa46a,0xa46f,0xb360,0xb365,0xb36a,0xb36f,
	0xd360,0xd365,0xd36a,0xd36f,0xe260,0xe265,0xe26a,0xe26f,
	0x9c80,0x9c85,0x9c8a,0x9c8f,0xac80,0xac85,0xac8a,0xac8f,
	0xcb80,0xcb85,0xcb8a,0xcb8f,0xda80,0xda85,0xda8a,0xda8f,
	0xfa80,0xfa85,0xfa8a,0xfa8f,0x0980,0x0985,0x098a,0x098f,
	0x1880,0x1885,0x188a,0x188f,0x3780,0x3785,0x378a,0x378f,
	0x4780,0x4785,0x478a,0x478f,0x6680,0x6685,0x668a,0x668f,
	0x7580,0x7585,0x758a,0x758f,0x8580,0x8585,0x858a,0x858f,
	0xa480,0xa485,0xa48a,0xa48f,0xb380,0xb385,0xb38a,0xb38f,
	0xd280,0xd285,0xd28a,0xd28f,0xe280,0xe285,0xe28a,0xe28f,
	0x9ca0,0x9ca5,0x9caa,0x9caf,0xaba0,0xaba5,0xabaa,0xabaf,
	0xcba0,0xcba5,0xcbaa,0xcbaf,0xdaa0,0xdaa5,0xdaaa,0xdaaf,
	0xf9a0,0xf9a5,0xf9aa,0xf9af,0x08a0,0x08a5,0x08aa,0x08af,
	0x18a0,0x18a5,0x18aa,0x18af,0x37a0,0x37a5,0x37aa,0x37af,
	0x46a0,0x46a5,0x46aa,0x46af,0x66a0,0x66a5,0x66aa,0x66af,
	0x75a0,0x75a5,0x75aa,0x75af,0x84a0,0x84a5,0x84aa,0x84af,
	0xa3a0,0xa3a5,0xa3aa,0xa3af,0xb3a0,0xb3a5,0xb3aa,0xb3af,
	0xd2a0,0xd2a5,0xd2aa,0xd2af,0xe1a0,0xe1a5,0xe1aa,0xe1af,
	0x9cb0,0x9cb5,0x9cba,0x9cbf,0xabb0,0xabb5,0xabba,0xabbf,
	0xcab0,0xcab5,0xcaba,0xcabf,0xdab0,0xdab5,0xdaba,0xdabf,
	0xf9b0,0xf9b5,0xf9ba,0xf9bf,0x08b0,0x08b5,0x08ba,0x08bf,
	0x17b0,0x17b5,0x17ba,0x17bf,0x37b0,0x37b5,0x37ba,0x37bf,
	0x46b0,0x46b5,0x46ba,0x46bf,0x65b0,0x65b5,0x65ba,0x65bf,
	0x75b0,0x75b5,0x75ba,0x75bf,0x84b0,0x84b5,0x84ba,0x84bf,
	0xa3b0,0xa3b5,0xa3ba,0xa3bf,0xb2b0,0xb2b5,0xb2ba,0xb2bf,
	0xd2b0,0xd2b5,0xd2ba,0xd2bf,0xe1b0,0xe1b5,0xe1ba,0xe1bf,
	0x9bd0,0x9bd5,0x9bda,0x9bdf,0xabd0,0xabd5,0xabda,0xabdf,
	0xcad0,0xcad5,0xcada,0xcadf,0xd9d0,0xd9d5,0xd9da,0xd9df,
	0xf8d0,0xf8d5,0xf8da,0xf8df,0x08d0,0x08d5,0x08da,0x08df,
	0x17d0,0x17d5,0x17da,0x17df,0x36d0,0x36d5,0x36da,0x36df,
	0x46d0,0x46d5,0x46da,0x46df,0x65d0,0x65d5,0x65da,0x65df,
	0x74d0,0x74d5,0x74da,0x74df,0x83d0,0x83d5,0x83da,0x83df,
	0xa3d0,0xa3d5,0xa3da,0xa3df,0xb2d0,0xb2d5,0xb2da,0xb2df,
	0xd1d0,0xd1d5,0xd1da,0xd1df,0xe1d0,0xe1d5,0xe1da,0xe1df,
	0x9bf0,0x9bf5,0x9bfa,0x9bff,0xaaf0,0xaaf5,0xaafa,0xaaff,
	0xcaf0,0xcaf5,0xcafa,0xcaff,0xd9f0,0xd9f5,0xd9fa,0xd9ff,
	0xf8f0,0xf8f5,0xf8fa,0xf8ff,0x07f0,0x07f5,0x07fa,0x07ff,
	0x17f0,0x17f5,0x17fa,0x17ff,0x36f0,0x36f5,0x36fa,0x36ff,
	0x45f0,0x45f5,0x45fa,0x45ff,0x65f0,0x65f5,0x65fa,0x65ff,
	0x74f0,0x74f5,0x74fa,0x74ff,0x83f0,0x83f5,0x83fa,0x83ff,
	0xa2f0,0xa2f5,0xa2fa,0xa2ff,0xb2f0,0xb2f5,0xb2fa,0xb2ff,
	0xd1f0,0xd1f5,0xd1fa,0xd1ff,0xe0f0,0xe0f5,0xe0fa,0xe0ff,
	0x9b10,0x9b15,0x9b1a,0x9b1f,0xaa10,0xaa15,0xaa1a,0xaa1f,
	0xc910,0xc915,0xc91a,0xc91f,0xd910,0xd915,0xd91a,0xd91f,
	0xf810,0xf815,0xf81a,0xf81f,0x0710,0x0715,0x071a,0x071f,
	0x1610,0x1615,0x161a,0x161f,0x3610,0x3615,0x361a,0x361f,
	0x4510,0x4515,0x451a,0x451f,0x6410,0x6415,0x641a,0x641f,
	0x7410,0x7415,0x741a,0x741f,0x8310,0x8315,0x831a,0x831f,
	0xa210,0xa215,0xa21a,0xa21f,0xb110,0xb115,0xb11a,0xb11f,
	0xd110,0xd115,0xd11a,0xd11f,0xe010,0xe015,0xe01a,0xe01f,
	0x9a20,0x9a25,0x9a2a,0x9a2f,0xaa20,0xaa25,0xaa2a,0xaa2f,
	0xc920,0xc925,0xc92a,0xc92f,0xd820,0xd825,0xd82a,0xd82f,
	0xf720,0xf725,0xf72a,0xf72f,0x0720,0x0725,0x072a,0x072f,
	0x1620,0x1625,0x162a,0x162f,0x3520,0x3525,0x352a,0x352f,
	0x4520,0x4525,0x452a,0x452f,0x6420,0x6425,0x642a,0x642f,
	0x7320,0x7325,0x732a,0x732f,0x8220,0x8225,0x822a,0x822f,
	0xa220,0xa225,0xa22a,0xa22f,0xb120,0xb125,0xb12a,0xb12f,
	0xd020,0xd025,0xd02a,0xd02f,0xe020,0xe025,0xe02a,0xe02f,
	0x9a40,0x9a45,0x9a4a,0x9a4f,0xa940,0xa945,0xa94a,0xa94f,
	0xc940,0xc945,0xc94a,0xc94f,0xd840,0xd845,0xd84a,0xd84f,
	0xf740,0xf745,0xf74a,0xf74f,0x0640,0x0645,0x064a,0x064f,
	0x1640,0x1645,0x164a,0x164f,0x3540,0x3545,0x354a,0x354f,
	0x4440,0x4445,0x444a,0x444f,0x6440,0x6445,0x644a,0x644f,
	0x7340,0x7345,0x734a,0x734f,0x8240,0x8245,0x824a,0x824f,
	0xa140,0xa145,0xa14a,0xa14f,0xb140,0xb145,0xb14a,0xb14f,
	0xd040,0xd045,0xd04a,0xd04f,0xef40,0xef45,0xef4a,0xef4f,
	0x9a60,0x9a65,0x9a6a,0x9a6f,0xa960,0xa965,0xa96a,0xa96f,
	0xc860,0xc865,0xc86a,0xc86f,0xd760,0xd765,0xd76a,0xd76f,
	0xf760,0xf765,0xf76a,0xf76f,0x0660,0x0665,0x066a,0x066f,
	0x1560,0x1565,0x156a,0x156f,0x3560,0x3565,0x356a,0x356f,
	0x4460,0x4465,0x446a,0x446f,0x6360,0x6365,0x636a,0x636f,
	0x7260,0x7265,0x726a,0x726f,0x8260,0x8265,0x826a,0x826f,
	0xa160,0xa165,0xa16a,0xa16f,0xb060,0xb065,0xb06a,0xb06f,
	0xd060,0xd065,0xd06a,0xd06f,0xef60,0xef65,0xef6a,0xef6f,
	0x9980,0x9985,0x998a,0x998f,0xa980,0xa985,0xa98a,0xa98f,
	0xc880,0xc885,0xc88a,0xc88f,0xd780,0xd785,0xd78a,0xd78f,
	0xf680,0xf685,0xf68a,0xf68f,0x0680,0x0685,0x068a,0x068f,
	0x1580,0x1585,0x158a,0x158f,0x3480,0x3485,0x348a,0x348f,
	0x4480,0x4485,0x448a,0x448f,0x6380,0x6385,0x638a,0x638f,
	0x7280,0x7285,0x728a,0x728f,0x8180,0x8185,0x818a,0x818f,
	0xa180,0xa185,0xa18a,0xa18f,0xb080,0xb085,0xb08a,0xb08f,
	0xdf80,0xdf85,0xdf8a,0xdf8f,0xef80,0xef85,0xef8a,0xef8f,
	0x99a0,0x99a5,0x99aa,0x99af,0xa8a0,0xa8a5,0xa8aa,0xa8af,
	0xc8a0,0xc8a5,0xc8aa,0xc8af,0xd7a0,0xd7a5,0xd7aa,0xd7af,
	0xf6a0,0xf6a5,0xf6aa,0xf6af,0x05a0,0x05a5,0x05aa,0x05af,
	0x15a0,0x15a5,0x15aa,0x15af,0x34a0,0x34a5,0x34aa,0x34af,
	0x43a0,0x43a5,0x43aa,0x43af,0x63a0,0x63a5,0x63aa,0x63af,
	0x72a0,0x72a5,0x72aa,0x72af,0x81a0,0x81a5,0x81aa,0x81af,
	0xa0a0,0xa0a5,0xa0aa,0xa0af,0xb0a0,0xb0a5,0xb0aa,0xb0af,
	0xdfa0,0xdfa5,0xdfaa,0xdfaf,0xeea0,0xeea5,0xeeaa,0xeeaf,
	0x99b0,0x99b5,0x99ba,0x99bf,0xa8b0,0xa8b5,0xa8ba,0xa8bf,
	0xc7b0,0xc7b5,0xc7ba,0xc7bf,0xd6b0,0xd6b5,0xd6ba,0xd6bf,
	0xf6b0,0xf6b5,0xf6ba,0xf6bf,0x05b0,0x05b5,0x05ba,0x05bf,
	0x14b0,0x14b5,0x14ba,0x14bf,0x34b0,0x34b5,0x34ba,0x34bf,
	0x43b0,0x43b5,0x43ba,0x43bf,0x62b0,0x62b5,0x62ba,0x62bf,
	0x71b0,0x71b5,0x71ba,0x71bf,0x81b0,0x81b5,0x81ba,0x81bf,
	0xa0b0,0xa0b5,0xa0ba,0xa0bf,0xbfb0,0xbfb5,0xbfba,0xbfbf,
	0xdfb0,0xdfb5,0xdfba,0xdfbf,0xeeb0,0xeeb5,0xeeba,0xeebf,
	0x98d0,0x98d5,0x98da,0x98df,0xa8d0,0xa8d5,0xa8da,0xa8df,
	0xc7d0,0xc7d5,0xc7da,0xc7df,0xd6d0,0xd6d5,0xd6da,0xd6df,
	0xf5d0,0xf5d5,0xf5da,0xf5df,0x05d0,0x05d5,0x05da,0x05df,
	0x14d0,0x14d5,0x14da,0x14df,0x33d0,0x33d5,0x33da,0x33df,
	0x43d0,0x43d5,0x43da,0x43df,0x62d0,0x62d5,0x62da,0x62df,
	0x71d0,0x71d5,0x71da,0x71df,0x80d0,0x80d5,0x80da,0x80df,
	0xa0d0,0xa0d5,0xa0da,0xa0df,0xbfd0,0xbfd5,0xbfda,0xbfdf,
	0xded0,0xded5,0xdeda,0xdedf,0xeed0,0xeed5,0xeeda,0xeedf,
	0x98f0,0x98f5,0x98fa,0x98ff,0xa7f0,0xa7f5,0xa7fa,0xa7ff,
	0xc6f0,0xc6f5,0xc6fa,0xc6ff,0xd6f0,0xd6f5,0xd6fa,0xd6ff,
	0xf5f0,0xf5f5,0xf5fa,0xf5ff,0x04f0,0x04f5,0x04fa,0x04ff,
	0x14f0,0x14f5,0x14fa,0x14ff,0x33f0,0x33f5,0x33fa,0x33ff,
	0x42f0,0x42f5,0x42fa,0x42ff,0x61f0,0x61f5,0x61fa,0x61ff,
	0x71f0,0x71f5,0x71fa,0x71ff,0x80f0,0x80f5,0x80fa,0x80ff,
	0xaff0,0xaff5,0xaffa,0xafff,0xbff0,0xbff5,0xbffa,0xbfff,
	0xdef0,0xdef5,0xdefa,0xdeff,0xedf0,0xedf5,0xedfa,0xedff,
	0x9810,0x9815,0x981a,0x981f,0xa710,0xa715,0xa71a,0xa71f,
	0xc610,0xc615,0xc61a,0xc61f,0xd510,0xd515,0xd51a,0xd51f,
	0xf510,0xf515,0xf51a,0xf51f,0x0410,0x0415,0x041a,0x041f,
	0x1310,0x1315,0x131a,0x131f,0x3310,0x3315,0x331a,0x331f,
	0x4210,0x4215,0x421a,0x421f,0x6110,0x6115,0x611a,0x611f,
	0x7010,0x7015,0x701a,0x701f,0x8010,0x8015,0x801a,0x801f,
	0xaf10,0xaf15,0xaf1a,0xaf1f,0xbe10,0xbe15,0xbe1a,0xbe1f,
	0xde10,0xde15,0xde1a,0xde1f,0xed10,0xed15,0xed1a,0xed1f,
	0x9d60,0x9d65,0x9d6a,0x9d6f,0xbc60,0xbc65,0xbc6a,0xbc6f,
	0xcc60,0xcc65,0xcc6a,0xcc6f,0xeb60,0xeb65,0xeb6a,0xeb6f,
	0xfa60,0xfa65,0xfa6a,0xfa6f,0x0960,0x0965,0x096a,0x096f,
	0x2960,0x2965,0x296a,0x296f,0x3860,0x3865,0x386a,0x386f,
	0x5760,0x5765,0x576a,0x576f,0x6760,0x6765,0x676a,0x676f,
	0x7660,0x7665,0x766a,0x766f,0x9560,0x9565,0x956a,0x956f,
	0xa460,0xa465,0xa46a,0xa46f,0xc460,0xc465,0xc46a,0xc46f,
	0xd360,0xd365,0xd36a,0xd36f,0xe260,0xe265,0xe26a,0xe26f,
	0x9d80,0x9d85,0x9d8a,0x9d8f,0xbc80,0xbc85,0xbc8a,0xbc8f,
	0xcb80,0xcb85,0xcb8a,0xcb8f,0xea80,0xea85,0xea8a,0xea8f,
	0xfa80,0xfa85,0xfa8a,0xfa8f,0x0980,0x0985,0x098a,0x098f,
	0x2880,0x2885,0x288a,0x288f,0x3880,0x3885,0x388a,0x388f,
	0x5780,0x5785,0x578a,0x578f,0x6680,0x6685,0x668a,0x668f,
	0x7580,0x7585,0x758a,0x758f,0x9580,0x9585,0x958a,0x958f,
	0xa480,0xa485,0xa48a,0xa48f,0xc380,0xc385,0xc38a,0xc38f,
	0xd380,0xd385,0xd38a,0xd38f,0xe280,0xe285,0xe28a,0xe28f,
	0x9ca0,0x9ca5,0x9caa,0x9caf,0xbca0,0xbca5,0xbcaa,0xbcaf,
	0xcba0,0xcba5,0xcbaa,0xcbaf,0xeaa0,0xeaa5,0xeaaa,0xeaaf,
	0xf9a0,0xf9a5,0xf9aa,0xf9af,0x09a0,0x09a5,0x09aa,0x09af,
	0x28a0,0x28a5,0x28aa,0x28af,0x37a0,0x37a5,0x37aa,0x37af,
	0x57a0,0x57a5,0x57aa,0x57af,0x66a0,0x66a5,0x66aa,0x66af,
	0x75a0,0x75a5,0x75aa,0x75af,0x94a0,0x94a5,0x94aa,0x94af,
	0xa4a0,0xa4a5,0xa4aa,0xa4af,0xc3a0,0xc3a5,0xc3aa,0xc3af,
	0xd2a0,0xd2a5,0xd2aa,0xd2af,0xe2a0,0xe2a5,0xe2aa,0xe2af,
	0x9cc0,0x9cc5,0x9cca,0x9ccf,0xbbc0,0xbbc5,0xbbca,0xbbcf,
	0xcbc0,0xcbc5,0xcbca,0xcbcf,0xeac0,0xeac5,0xeaca,0xeacf,
	0xf9c0,0xf9c5,0xf9ca,0xf9cf,0x08c0,0x08c5,0x08ca,0x08cf,
	0x28c0,0x28c5,0x28ca,0x28cf,0x37c0,0x37c5,0x37ca,0x37cf,
	0x56c0,0x56c5,0x56ca,0x56cf,0x66c0,0x66c5,0x66ca,0x66cf,
	0x75c0,0x75c5,0x75ca,0x75cf,0x94c0,0x94c5,0x94ca,0x94cf,
	0xa3c0,0xa3c5,0xa3ca,0xa3cf,0xc3c0,0xc3c5,0xc3ca,0xc3cf,
	0xd2c0,0xd2c5,0xd2ca,0xd2cf,0xe1c0,0xe1c5,0xe1ca,0xe1cf,
	0x9cd0,0x9cd5,0x9cda,0x9cdf,0xbbd0,0xbbd5,0xbbda,0xbbdf,
	0xcad0,0xcad5,0xcada,0xcadf,0xe9d0,0xe9d5,0xe9da,0xe9df,
	0xf9d0,0xf9d5,0xf9da,0xf9df,0x08d0,0x08d5,0x08da,0x08df,
	0x27d0,0x27d5,0x27da,0x27df,0x37d0,0x37d5,0x37da,0x37df,
	0x56d0,0x56d5,0x56da,0x56df,0x65d0,0x65d5,0x65da,0x65df,
	0x74d0,0x74d5,0x74da,0x74df,0x94d0,0x94d5,0x94da,0x94df,
	0xa3d0,0xa3d5,0xa3da,0xa3df,0xc2d0,0xc2d5,0xc2da,0xc2df,
	0xd2d0,0xd2d5,0xd2da,0xd2df,0xe1d0,0xe1d5,0xe1da,0xe1df,
	0x9bf0,0x9bf5,0x9bfa,0x9bff,0xbbf0,0xbbf5,0xbbfa,0xbbff,
	0xcaf0,0xcaf5,0xcafa,0xcaff,0xe9f0,0xe9f5,0xe9fa,0xe9ff,
	0xf8f0,0xf8f5,0xf8fa,0xf8ff,0x08f0,0x08f5,0x08fa,0x08ff,
	0x27f0,0x27f5,0x27fa,0x27ff,0x36f0,0x36f5,0x36fa,0x36ff,
	0x56f0,0x56f5,0x56fa,0x56ff,0x65f0,0x65f5,0x65fa,0x65ff,
	0x74f0,0x74f5,0x74fa,0x74ff,0x93f0,0x93f5,0x93fa,0x93ff,
	0xa3f0,0xa3f5,0xa3fa,0xa3ff,0xc2f0,0xc2f5,0xc2fa,0xc2ff,
	0xd1f0,0xd1f5,0xd1fa,0xd1ff,0xe1f0,0xe1f5,0xe1fa,0xe1ff,
	0x9b10,0x9b15,0x9b1a,0x9b1f,0xba10,0xba15,0xba1a,0xba1f,
	0xc910,0xc915,0xc91a,0xc91f,0xe910,0xe915,0xe91a,0xe91f,
	0xf810,0xf815,0xf81a,0xf81f,0x0710,0x0715,0x071a,0x071f,
	0x2710,0x2715,0x271a,0x271f,0x3610,0x3615,0x361a,0x361f,
	0x5510,0x5515,0x551a,0x551f,0x6410,0x6415,0x641a,0x641f,
	0x7410,0x7415,0x741a,0x741f,0x9310,0x9315,0x931a,0x931f,
	0xa210,0xa215,0xa21a,0xa21f,0xc210,0xc215,0xc21a,0xc21f,
	0xd110,0xd115,0xd11a,0xd11f,0xe010,0xe015,0xe01a,0xe01f,
	0x9b30,0x9b35,0x9b3a,0x9b3f,0xba30,0xba35,0xba3a,0xba3f,
	0xc930,0xc935,0xc93a,0xc93f,0xe830,0xe835,0xe83a,0xe83f,
	0xf830,0xf835,0xf83a,0xf83f,0x0730,0x0735,0x073a,0x073f,
	0x2630,0x2635,0x263a,0x263f,0x3630,0x3635,0x363a,0x363f,
	0x5530,0x5535,0x553a,0x553f,0x6430,0x6435,0x643a,0x643f,
	0x7330,0x7335,0x733a,0x733f,0x9330,0x9335,0x933a,0x933f,
	0xa230,0xa235,0xa23a,0xa23f,0xc130,0xc135,0xc13a,0xc13f,
	0xd130,0xd135,0xd13a,0xd13f,0xe030,0xe035,0xe03a,0xe03f,
	0x9a50,0x9a55,0x9a5a,0x9a5f,0xb950,0xb955,0xb95a,0xb95f,
	0xc950,0xc955,0xc95a,0xc95f,0xe850,0xe855,0xe85a,0xe85f,
	0xf750,0xf755,0xf75a,0xf75f,0x0750,0x0755,0x075a,0x075f,
	0x2650,0x2655,0x265a,0x265f,0x3550,0x3555,0x355a,0x355f,
	0x5550,0x5555,0x555a,0x555f,0x6450,0x6455,0x645a,0x645f,
	0x7350,0x7355,0x735a,0x735f,0x9250,0x9255,0x925a,0x925f,
	0xa250,0xa255,0xa25a,0xa25f,0xc150,0xc155,0xc15a,0xc15f,
	0xd050,0xd055,0xd05a,0xd05f,0xe050,0xe055,0xe05a,0xe05f,
	0x9a60,0x9a65,0x9a6a,0x9a6f,0xb960,0xb965,0xb96a,0xb96f,
	0xc860,0xc865,0xc86a,0xc86f,0xe860,0xe865,0xe86a,0xe86f,
	0xf760,0xf765,0xf76a,0xf76f,0x0660,0x0665,0x066a,0x066f,
	0x2660,0x2665,0x266a,0x266f,0x3560,0x3565,0x356a,0x356f,
	0x5460,0x5465,0x546a,0x546f,0x6360,0x6365,0x636a,0x636f,
	0x7360,0x7365,0x736a,0x736f,0x9260,0x9265,0x926a,0x926f,
	0xa160,0xa165,0xa16a,0xa16f,0xc160,0xc165,0xc16a,0xc16f,
	0xd060,0xd065,0xd06a,0xd06f,0xef60,0xef65,0xef6a,0xef6f,
	0x9a80,0x9a85,0x9a8a,0x9a8f,0xb980,0xb985,0xb98a,0xb98f,
	0xc880,0xc885,0xc88a,0xc88f,0xe780,0xe785,0xe78a,0xe78f,
	0xf780,0xf785,0xf78a,0xf78f,0x0680,0x0685,0x068a,0x068f,
	0x2580,0x2585,0x258a,0x258f,0x3580,0x3585,0x358a,0x358f,
	0x5480,0x5485,0x548a,0x548f,0x6380,0x6385,0x638a,0x638f,
	0x7280,0x7285,0x728a,0x728f,0x9280,0x9285,0x928a,0x928f,
	0xa180,0xa185,0xa18a,0xa18f,0xc080,0xc085,0xc08a,0xc08f,
	0xd080,0xd085,0xd08a,0xd08f,0xef80,0xef85,0xef8a,0xef8f,
	0x99a0,0x99a5,0x99aa,0x99af,0xb8a0,0xb8a5,0xb8aa,0xb8af,
	0xc8a0,0xc8a5,0xc8aa,0xc8af,0xe7a0,0xe7a5,0xe7aa,0xe7af,
	0xf6a0,0xf6a5,0xf6aa,0xf6af,0x06a0,0x06a5,0x06aa,0x06af,
	0x25a0,0x25a5,0x25aa,0x25af,0x34a0,0x34a5,0x34aa,0x34af,
	0x53a0,0x53a5,0x53aa,0x53af,0x63a0,0x63a5,0x63aa,0x63af,
	0x72a0,0x72a5,0x72aa,0x72af,0x91a0,0x91a5,0x91aa,0x91af,
	0xa1a0,0xa1a5,0xa1aa,0xa1af,0xc0a0,0xc0a5,0xc0aa,0xc0af,
	0xdfa0,0xdfa5,0xdfaa,0xdfaf,0xefa0,0xefa5,0xefaa,0xefaf,
	0x99c0,0x99c5,0x99ca,0x99cf,0xb8c0,0xb8c5,0xb8ca,0xb8cf,
	0xc7c0,0xc7c5,0xc7ca,0xc7cf,0xe7c0,0xe7c5,0xe7ca,0xe7cf,
	0xf6c0,0xf6c5,0xf6ca,0xf6cf,0x05c0,0x05c5,0x05ca,0x05cf,
	0x25c0,0x25c5,0x25ca,0x25cf,0x34c0,0x34c5,0x34ca,0x34cf,
	0x53c0,0x53c5,0x53ca,0x53cf,0x62c0,0x62c5,0x62ca,0x62cf,
	0x72c0,0x72c5,0x72ca,0x72cf,0x91c0,0x91c5,0x91ca,0x91cf,
	0xa0c0,0xa0c5,0xa0ca,0xa0cf,0xc0c0,0xc0c5,0xc0ca,0xc0cf,
	0xdfc0,0xdfc5,0xdfca,0xdfcf,0xeec0,0xeec5,0xeeca,0xeecf,
	0x98d0,0x98d5,0x98da,0x98df,0xb8d0,0xb8d5,0xb8da,0xb8df,
	0xc7d0,0xc7d5,0xc7da,0xc7df,0xe6d0,0xe6d5,0xe6da,0xe6df,
	0xf6d0,0xf6d5,0xf6da,0xf6df,0x05d0,0x05d5,0x05da,0x05df,
	0x24d0,0x24d5,0x24da,0x24df,0x33d0,0x33d5,0x33da,0x33df,
	0x53d0,0x53d5,0x53da,0x53df,0x62d0,0x62d5,0x62da,0x62df,
	0x71d0,0x71d5,0x71da,0x71df,0x91d0,0x91d5,0x91da,0x91df,
	0xa0d0,0xa0d5,0xa0da,0xa0df,0xcfd0,0xcfd5,0xcfda,0xcfdf,
	0xdfd0,0xdfd5,0xdfda,0xdfdf,0xeed0,0xeed5,0xeeda,0xeedf,
	0x98f0,0x98f5,0x98fa,0x98ff,0xb7f0,0xb7f5,0xb7fa,0xb7ff,
	0xc7f0,0xc7f5,0xc7fa,0xc7ff,0xe6f0,0xe6f5,0xe6fa,0xe6ff,
	0xf5f0,0xf5f5,0xf5fa,0xf5ff,0x05f0,0x05f5,0x05fa,0x05ff,
	0x24f0,0x24f5,0x24fa,0x24ff,0x33f0,0x33f5,0x33fa,0x33ff,
	0x52f0,0x52f5,0x52fa,0x52ff,0x62f0,0x62f5,0x62fa,0x62ff,
	0x71f0,0x71f5,0x71fa,0x71ff,0x90f0,0x90f5,0x90fa,0x90ff,
	0xa0f0,0xa0f5,0xa0fa,0xa0ff,0xcff0,0xcff5,0xcffa,0xcfff,
	0xdef0,0xdef5,0xdefa,0xdeff,0xedf0,0xedf5,0xedfa,0xedff,
	0x9810,0x9815,0x981a,0x981f,0xb710,0xb715,0xb71a,0xb71f,
	0xc610,0xc615,0xc61a,0xc61f,0xe610,0xe615,0xe61a,0xe61f,
	0xf510,0xf515,0xf51a,0xf51f,0x0410,0x0415,0x041a,0x041f,
	0x2410,0x2415,0x241a,0x241f,0x3310,0x3315,0x331a,0x331f,
	0x5210,0x5215,0x521a,0x521f,0x6110,0x6115,0x611a,0x611f,
	0x7110,0x7115,0x711a,0x711f,0x9010,0x9015,0x901a,0x901f,
	0xaf10,0xaf15,0xaf1a,0xaf1f,0xcf10,0xcf15,0xcf1a,0xcf1f,
	0xde10,0xde15,0xde1a,0xde1f,0xed10,0xed15,0xed1a,0xed1f,
	0xad70,0xad75,0xad7a,0xad7f,0xbd70,0xbd75,0xbd7a,0xbd7f,
	0xcc70,0xcc75,0xcc7a,0xcc7f,0xeb70,0xeb75,0xeb7a,0xeb7f,
	0xfa70,0xfa75,0xfa7a,0xfa7f,0x1a70,0x1a75,0x1a7a,0x1a7f,
	0x2970,0x2975,0x297a,0x297f,0x3870,0x3875,0x387a,0x387f,
	0x5870,0x5875,0x587a,0x587f,0x6770,0x6775,0x677a,0x677f,
	0x8670,0x8675,0x867a,0x867f,0x9570,0x9575,0x957a,0x957f,
	0xa570,0xa575,0xa57a,0xa57f,0xc470,0xc475,0xc47a,0xc47f,
	0xd370,0xd375,0xd37a,0xd37f,0xf370,0xf375,0xf37a,0xf37f,
	0xad80,0xad85,0xad8a,0xad8f,0xbc80,0xbc85,0xbc8a,0xbc8f,
	0xcb80,0xcb85,0xcb8a,0xcb8f,0xeb80,0xeb85,0xeb8a,0xeb8f,
	0xfa80,0xfa85,0xfa8a,0xfa8f,0x1980,0x1985,0x198a,0x198f,
	0x2980,0x2985,0x298a,0x298f,0x3880,0x3885,0x388a,0x388f,
	0x5780,0x5785,0x578a,0x578f,0x6680,0x6685,0x668a,0x668f,
	0x8680,0x8685,0x868a,0x868f,0x9580,0x9585,0x958a,0x958f,
	0xa480,0xa485,0xa48a,0xa48f,0xc480,0xc485,0xc48a,0xc48f,
	0xd380,0xd385,0xd38a,0xd38f,0xf280,0xf285,0xf28a,0xf28f,
	0xada0,0xada5,0xadaa,0xadaf,0xbca0,0xbca5,0xbcaa,0xbcaf,
	0xcba0,0xcba5,0xcbaa,0xcbaf,0xeaa0,0xeaa5,0xeaaa,0xeaaf,
	0xfaa0,0xfaa5,0xfaaa,0xfaaf,0x19a0,0x19a5,0x19aa,0x19af,
	0x28a0,0x28a5,0x28aa,0x28af,0x38a0,0x38a5,0x38aa,0x38af,
	0x57a0,0x57a5,0x57aa,0x57af,0x66a0,0x66a5,0x66aa,0x66af,
	0x85a0,0x85a5,0x85aa,0x85af,0x95a0,0x95a5,0x95aa,0x95af,
	0xa4a0,0xa4a5,0xa4aa,0xa4af,0xc3a0,0xc3a5,0xc3aa,0xc3af,
	0xd3a0,0xd3a5,0xd3aa,0xd3af,0xf2a0,0xf2a5,0xf2aa,0xf2af,
	0xacc0,0xacc5,0xacca,0xaccf,0xbbc0,0xbbc5,0xbbca,0xbbcf,
	0xcbc0,0xcbc5,0xcbca,0xcbcf,0xeac0,0xeac5,0xeaca,0xeacf,
	0xf9c0,0xf9c5,0xf9ca,0xf9cf,0x19c0,0x19c5,0x19ca,0x19cf,
	0x28c0,0x28c5,0x28ca,0x28cf,0x37c0,0x37c5,0x37ca,0x37cf,
	0x56c0,0x56c5,0x56ca,0x56cf,0x66c0,0x66c5,0x66ca,0x66cf,
	0x85c0,0x85c5,0x85ca,0x85cf,0x94c0,0x94c5,0x94ca,0x94cf,
	0xa4c0,0xa4c5,0xa4ca,0xa4cf,0xc3c0,0xc3c5,0xc3ca,0xc3cf,
	0xd2c0,0xd2c5,0xd2ca,0xd2cf,0xf1c0,0xf1c5,0xf1ca,0xf1cf,
	0xace0,0xace5,0xacea,0xacef,0xbbe0,0xbbe5,0xbbea,0xbbef,
	0xcae0,0xcae5,0xcaea,0xcaef,0xeae0,0xeae5,0xeaea,0xeaef,
	0xf9e0,0xf9e5,0xf9ea,0xf9ef,0x18e0,0x18e5,0x18ea,0x18ef,
	0x28e0,0x28e5,0x28ea,0x28ef,0x37e0,0x37e5,0x37ea,0x37ef,
	0x56e0,0x56e5,0x56ea,0x56ef,0x65e0,0x65e5,0x65ea,0x65ef,
	0x85e0,0x85e5,0x85ea,0x85ef,0x94e0,0x94e5,0x94ea,0x94ef,
	0xa3e0,0xa3e5,0xa3ea,0xa3ef,0xc3e0,0xc3e5,0xc3ea,0xc3ef,
	0xd2e0,0xd2e5,0xd2ea,0xd2ef,0xf1e0,0xf1e5,0xf1ea,0xf1ef,
	0xabf0,0xabf5,0xabfa,0xabff,0xbbf0,0xbbf5,0xbbfa,0xbbff,
	0xcaf0,0xcaf5,0xcafa,0xcaff,0xe9f0,0xe9f5,0xe9fa,0xe9ff,
	0xf9f0,0xf9f5,0xf9fa,0xf9ff,0x18f0,0x18f5,0x18fa,0x18ff,
	0x27f0,0x27f5,0x27fa,0x27ff,0x36f0,0x36f5,0x36fa,0x36ff,
	0x56f0,0x56f5,0x56fa,0x56ff,0x65f0,0x65f5,0x65fa,0x65ff,
	0x84f0,0x84f5,0x84fa,0x84ff,0x94f0,0x94f5,0x94fa,0x94ff,
	0xa3f0,0xa3f5,0xa3fa,0xa3ff,0xc2f0,0xc2f5,0xc2fa,0xc2ff,
	0xd1f0,0xd1f5,0xd1fa,0xd1ff,0xf1f0,0xf1f5,0xf1fa,0xf1ff,
	0xab10,0xab15,0xab1a,0xab1f,0xba10,0xba15,0xba1a,0xba1f,
	0xca10,0xca15,0xca1a,0xca1f,0xe910,0xe915,0xe91a,0xe91f,
	0xf810,0xf815,0xf81a,0xf81f,0x1810,0x1815,0x181a,0x181f,
	0x2710,0x2715,0x271a,0x271f,0x3610,0x3615,0x361a,0x361f,
	0x5510,0x5515,0x551a,0x551f,0x6510,0x6515,0x651a,0x651f,
	0x8410,0x8415,0x841a,0x841f,0x9310,0x9315,0x931a,0x931f,
	0xa310,0xa315,0xa31a,0xa31f,0xc210,0xc215,0xc21a,0xc21f,
	0xd110,0xd115,0xd11a,0xd11f,0xf010,0xf015,0xf01a,0xf01f,
	0xab30,0xab35,0xab3a,0xab3f,0xba30,0xba35,0xba3a,0xba3f,
	0xc930,0xc935,0xc93a,0xc93f,0xe930,0xe935,0xe93a,0xe93f,
	0xf830,0xf835,0xf83a,0xf83f,0x1730,0x1735,0x173a,0x173f,
	0x2730,0x2735,0x273a,0x273f,0x3630,0x3635,0x363a,0x363f,
	0x5530,0x5535,0x553a,0x553f,0x6430,0x6435,0x643a,0x643f,
	0x8430,0x8435,0x843a,0x843f,0x9330,0x9335,0x933a,0x933f,
	0xa230,0xa235,0xa23a,0xa23f,0xc230,0xc235,0xc23a,0xc23f,
	0xd130,0xd135,0xd13a,0xd13f,0xf030,0xf035,0xf03a,0xf03f,
	0xaa50,0xaa55,0xaa5a,0xaa5f,0xba50,0xba55,0xba5a,0xba5f,
	0xc950,0xc955,0xc95a,0xc95f,0xe850,0xe855,0xe85a,0xe85f,
	0xf850,0xf855,0xf85a,0xf85f,0x1750,0x1755,0x175a,0x175f,
	0x2650,0x2655,0x265a,0x265f,0x3550,0x3555,0x355a,0x355f,
	0x5550,0x5555,0x555a,0x555f,0x6450,0x6455,0x645a,0x645f,
	0x8350,0x8355,0x835a,0x835f,0x9350,0x9355,0x935a,0x935f,
	0xa250,0xa255,0xa25a,0xa25f,0xc150,0xc155,0xc15a,0xc15f,
	0xd050,0xd055,0xd05a,0xd05f,0xf050,0xf055,0xf05a,0xf05f,
	0xaa70,0xaa75,0xaa7a,0xaa7f,0xb970,0xb975,0xb97a,0xb97f,
	0xc970,0xc975,0xc97a,0xc97f,0xe870,0xe875,0xe87a,0xe87f,
	0xf770,0xf775,0xf77a,0xf77f,0x1770,0x1775,0x177a,0x177f,
	0x2670,0x2675,0x267a,0x267f,0x3570,0x3575,0x357a,0x357f,
	0x5470,0x5475,0x547a,0x547f,0x6470,0x6475,0x647a,0x647f,
	0x8370,0x8375,0x837a,0x837f,0x9270,0x9275,0x927a,0x927f,
	0xa270,0xa275,0xa27a,0xa27f,0xc170,0xc175,0xc17a,0xc17f,
	0xd070,0xd075,0xd07a,0xd07f,0xff70,0xff75,0xff7a,0xff7f,
	0xaa80,0xaa85,0xaa8a,0xaa8f,0xb980,0xb985,0xb98a,0xb98f,
	0xc880,0xc885,0xc88a,0xc88f,0xe880,0xe885,0xe88a,0xe88f,
	0xf780,0xf785,0xf78a,0xf78f,0x1680,0x1685,0x168a,0x168f,
	0x2580,0x2585,0x258a,0x258f,0x3580,0x3585,0x358a,0x358f,
	0x5480,0x5485,0x548a,0x548f,0x6380,0x6385,0x638a,0x638f,
	0x8380,0x8385,0x838a,0x838f,0x9280,0x9285,0x928a,0x928f,
	0xa180,0xa185,0xa18a,0xa18f,0xc080,0xc085,0xc08a,0xc08f,
	0xd080,0xd085,0xd08a,0xd08f,0xff80,0xff85,0xff8a,0xff8f,
	0xa9a0,0xa9a5,0xa9aa,0xa9af,0xb9a0,0xb9a5,0xb9aa,0xb9af,
	0xc8a0,0xc8a5,0xc8aa,0xc8af,0xe7a0,0xe7a5,0xe7aa,0xe7af,
	0xf7a0,0xf7a5,0xf7aa,0xf7af,0x16a0,0x16a5,0x16aa,0x16af,
	0x25a0,0x25a5,0x25aa,0x25af,0x34a0,0x34a5,0x34aa,0x34af,
	0x54a0,0x54a5,0x54aa,0x54af,0x63a0,0x63a5,0x63aa,0x63af,
	0x82a0,0x82a5,0x82aa,0x82af,0x92a0,0x92a5,0x92aa,0x92af,
	0xa1a0,0xa1a5,0xa1aa,0xa1af,0xc0a0,0xc0a5,0xc0aa,0xc0af,
	0xdfa0,0xdfa5,0xdfaa,0xdfaf,0xffa0,0xffa5,0xffaa,0xffaf,
	0xa9c0,0xa9c5,0xa9ca,0xa9cf,0xb8c0,0xb8c5,0xb8ca,0xb8cf,
	0xc8c0,0xc8c5,0xc8ca,0xc8cf,0xe7c0,0xe7c5,0xe7ca,0xe7cf,
	0xf6c0,0xf6c5,0xf6ca,0xf6cf,0x16c0,0x16c5,0x16ca,0x16cf,
	0x25c0,0x25c5,0x25ca,0x25cf,0x34c0,0x34c5,0x34ca,0x34cf,
	0x53c0,0x53c5,0x53ca,0x53cf,0x63c0,0x63c5,0x63ca,0x63cf,
	0x82c0,0x82c5,0x82ca,0x82cf,0x91c0,0x91c5,0x91ca,0x91cf,
	0xa1c0,0xa1c5,0xa1ca,0xa1cf,0xc0c0,0xc0c5,0xc0ca,0xc0cf,
	0xdfc0,0xdfc5,0xdfca,0xdfcf,0xfec0,0xfec5,0xfeca,0xfecf,
	0xa9e0,0xa9e5,0xa9ea,0xa9ef,0xb8e0,0xb8e5,0xb8ea,0xb8ef,
	0xc7e0,0xc7e5,0xc7ea,0xc7ef,0xe7e0,0xe7e5,0xe7ea,0xe7ef,
	0xf6e0,0xf6e5,0xf6ea,0xf6ef,0x15e0,0x15e5,0x15ea,0x15ef,
	0x24e0,0x24e5,0x24ea,0x24ef,0x34e0,0x34e5,0x34ea,0x34ef,
	0x53e0,0x53e5,0x53ea,0x53ef,0x62e0,0x62e5,0x62ea,0x62ef,
	0x82e0,0x82e5,0x82ea,0x82ef,0x91e0,0x91e5,0x91ea,0x91ef,
	0xa0e0,0xa0e5,0xa0ea,0xa0ef,0xc0e0,0xc0e5,0xc0ea,0xc0ef,
	0xdfe0,0xdfe5,0xdfea,0xdfef,0xfee0,0xfee5,0xfeea,0xfeef,
	0xa8f0,0xa8f5,0xa8fa,0xa8ff,0xb8f0,0xb8f5,0xb8fa,0xb8ff,
	0xc7f0,0xc7f5,0xc7fa,0xc7ff,0xe6f0,0xe6f5,0xe6fa,0xe6ff,
	0xf6f0,0xf6f5,0xf6fa,0xf6ff,0x15f0,0x15f5,0x15fa,0x15ff,
	0x24f0,0x24f5,0x24fa,0x24ff,0x33f0,0x33f5,0x33fa,0x33ff,
	0x53f0,0x53f5,0x53fa,0x53ff,0x62f0,0x62f5,0x62fa,0x62ff,
	0x81f0,0x81f5,0x81fa,0x81ff,0x91f0,0x91f5,0x91fa,0x91ff,
	0xa0f0,0xa0f5,0xa0fa,0xa0ff,0xcff0,0xcff5,0xcffa,0xcfff,
	0xdef0,0xdef5,0xdefa,0xdeff,0xfef0,0xfef5,0xfefa,0xfeff,
	0xa810,0xa815,0xa81a,0xa81f,0xb710,0xb715,0xb71a,0xb71f,
	0xc710,0xc715,0xc71a,0xc71f,0xe610,0xe615,0xe61a,0xe61f,
	0xf510,0xf515,0xf51a,0xf51f,0x1410,0x1415,0x141a,0x141f,
	0x2410,0x2415,0x241a,0x241f,0x3310,0x3315,0x331a,0x331f,
	0x5210,0x5215,0x521a,0x521f,0x6210,0x6215,0x621a,0x621f,
	0x8110,0x8115,0x811a,0x811f,0x9010,0x9015,0x901a,0x901f,
	0xa010,0xa015,0xa01a,0xa01f,0xcf10,0xcf15,0xcf1a,0xcf1f,
	0xde10,0xde15,0xde1a,0xde1f,0xfd10,0xfd15,0xfd1a,0xfd1f,
	0xad70,0xad75,0xad7a,0xad7f,0xbd70,0xbd75,0xbd7a,0xbd7f,
	0xdc70,0xdc75,0xdc7a,0xdc7f,0xeb70,0xeb75,0xeb7a,0xeb7f,
	0xfb70,0xfb75,0xfb7a,0xfb7f,0x1a70,0x1a75,0x1a7a,0x1a7f,
	0x2970,0x2975,0x297a,0x297f,0x4870,0x4875,0x487a,0x487f,
	0x5870,0x5875,0x587a,0x587f,0x6770,0x6775,0x677a,0x677f,
	0x8670,0x8675,0x867a,0x867f,0x9670,0x9675,0x967a,0x967f,
	0xb570,0xb575,0xb57a,0xb57f,0xc470,0xc475,0xc47a,0xc47f,
	0xd370,0xd375,0xd37a,0xd37f,0xf370,0xf375,0xf37a,0xf37f,
	0xad90,0xad95,0xad9a,0xad9f,0xbc90,0xbc95,0xbc9a,0xbc9f,
	0xdc90,0xdc95,0xdc9a,0xdc9f,0xeb90,0xeb95,0xeb9a,0xeb9f,
	0xfa90,0xfa95,0xfa9a,0xfa9f,0x1a90,0x1a95,0x1a9a,0x1a9f,
	0x2990,0x2995,0x299a,0x299f,0x4890,0x4895,0x489a,0x489f,
	0x5790,0x5795,0x579a,0x579f,0x6790,0x6795,0x679a,0x679f,
	0x8690,0x8695,0x869a,0x869f,0x9590,0x9595,0x959a,0x959f,
	0xb590,0xb595,0xb59a,0xb59f,0xc490,0xc495,0xc49a,0xc49f,
	0xd390,0xd395,0xd39a,0xd39f,0xf290,0xf295,0xf29a,0xf29f,
	0xada0,0xada5,0xadaa,0xadaf,0xbca0,0xbca5,0xbcaa,0xbcaf,
	0xdba0,0xdba5,0xdbaa,0xdbaf,0xeba0,0xeba5,0xebaa,0xebaf,
	0xfaa0,0xfaa5,0xfaaa,0xfaaf,0x19a0,0x19a5,0x19aa,0x19af,
	0x28a0,0x28a5,0x28aa,0x28af,0x48a0,0x48a5,0x48aa,0x48af,
	0x57a0,0x57a5,0x57aa,0x57af,0x66a0,0x66a5,0x66aa,0x66af,
	0x86a0,0x86a5,0x86aa,0x86af,0x95a0,0x95a5,0x95aa,0x95af,
	0xb4a0,0xb4a5,0xb4aa,0xb4af,0xc3a0,0xc3a5,0xc3aa,0xc3af,
	0xd3a0,0xd3a5,0xd3aa,0xd3af,0xf2a0,0xf2a5,0xf2aa,0xf2af,
	0xacc0,0xacc5,0xacca,0xaccf,0xbcc0,0xbcc5,0xbcca,0xbccf,
	0xdbc0,0xdbc5,0xdbca,0xdbcf,0xeac0,0xeac5,0xeaca,0xeacf,
	0xfac0,0xfac5,0xfaca,0xfacf,0x19c0,0x19c5,0x19ca,0x19cf,
	0x28c0,0x28c5,0x28ca,0x28cf,0x47c0,0x47c5,0x47ca,0x47cf,
	0x57c0,0x57c5,0x57ca,0x57cf,0x66c0,0x66c5,0x66ca,0x66cf,
	0x85c0,0x85c5,0x85ca,0x85cf,0x95c0,0x95c5,0x95ca,0x95cf,
	0xb4c0,0xb4c5,0xb4ca,0xb4cf,0xc3c0,0xc3c5,0xc3ca,0xc3cf,
	0xd2c0,0xd2c5,0xd2ca,0xd2cf,0xf2c0,0xf2c5,0xf2ca,0xf2cf,
	0xace0,0xace5,0xacea,0xacef,0xbbe0,0xbbe5,0xbbea,0xbbef,
	0xdbe0,0xdbe5,0xdbea,0xdbef,0xeae0,0xeae5,0xeaea,0xeaef,
	0xf9e0,0xf9e5,0xf9ea,0xf9ef,0x19e0,0x19e5,0x19ea,0x19ef,
	0x28e0,0x28e5,0x28ea,0x28ef,0x47e0,0x47e5,0x47ea,0x47ef,
	0x56e0,0x56e5,0x56ea,0x56ef,0x66e0,0x66e5,0x66ea,0x66ef,
	0x85e0,0x85e5,0x85ea,0x85ef,0x94e0,0x94e5,0x94ea,0x94ef,
	0xb4e0,0xb4e5,0xb4ea,0xb4ef,0xc3e0,0xc3e5,0xc3ea,0xc3ef,
	0xd2e0,0xd2e5,0xd2ea,0xd2ef,0xf1e0,0xf1e5,0xf1ea,0xf1ef,
	0xac00,0xac05,0xac0a,0xac0f,0xbb00,0xbb05,0xbb0a,0xbb0f,
	0xda00,0xda05,0xda0a,0xda0f,0xea00,0xea05,0xea0a,0xea0f,
	0xf900,0xf905,0xf90a,0xf90f,0x1800,0x1805,0x180a,0x180f,
	0x2700,0x2705,0x270a,0x270f,0x4700,0x4705,0x470a,0x470f,
	0x5600,0x5605,0x560a,0x560f,0x6500,0x6505,0x650a,0x650f,
	0x8500,0x8505,0x850a,0x850f,0x9400,0x9405,0x940a,0x940f,
	0xb300,0xb305,0xb30a,0xb30f,0xc200,0xc205,0xc20a,0xc20f,
	0xd200,0xd205,0xd20a,0xd20f,0xf100,0xf105,0xf10a,0xf10f,
	0xab10,0xab15,0xab1a,0xab1f,0xbb10,0xbb15,0xbb1a,0xbb1f,
	0xda10,0xda15,0xda1a,0xda1f,0xe910,0xe915,0xe91a,0xe91f,
	0xf910,0xf915,0xf91a,0xf91f,0x1810,0x1815,0x181a,0x181f,
	0x2710,0x2715,0x271a,0x271f,0x4610,0x4615,0x461a,0x461f,
	0x5610,0x5615,0x561a,0x561f,0x6510,0x6515,0x651a,0x651f,
	0x8410,0x8415,0x841a,0x841f,0x9410,0x9415,0x941a,0x941f,
	0xb310,0xb315,0xb31a,0xb31f,0xc210,0xc215,0xc21a,0xc21f,
	0xd110,0xd115,0xd11a,0xd11f,0xf110,0xf115,0xf11a,0xf11f,
	0xab30,0xab35,0xab3a,0xab3f,0xba30,0xba35,0xba3a,0xba3f,
	0xda30,0xda35,0xda3a,0xda3f,0xe930,0xe935,0xe93a,0xe93f,
	0xf830,0xf835,0xf83a,0xf83f,0x1730,0x1735,0x173a,0x173f,
	0x2730,0x2735,0x273a,0x273f,0x4630,0x4635,0x463a,0x463f,
	0x5530,0x5535,0x553a,0x553f,0x6530,0x6535,0x653a,0x653f,
	0x8430,0x8435,0x843a,0x843f,0x9330,0x9335,0x933a,0x933f,
	0xb230,0xb235,0xb23a,0xb23f,0xc230,0xc235,0xc23a,0xc23f,
	0xd130,0xd135,0xd13a,0xd13f,0xf030,0xf035,0xf03a,0xf03f,
	0xab50,0xab55,0xab5a,0xab5f,0xba50,0xba55,0xba5a,0xba5f,
	0xd950,0xd955,0xd95a,0xd95f,0xe950,0xe955,0xe95a,0xe95f,
	0xf850,0xf855,0xf85a,0xf85f,0x1750,0x1755,0x175a,0x175f,
	0x2650,0x2655,0x265a,0x265f,0x4650,0x4655,0x465a,0x465f,
	0x5550,0x5555,0x555a,0x555f,0x6450,0x6455,0x645a,0x645f,
	0x8450,0x8455,0x845a,0x845f,0x9350,0x9355,0x935a,0x935f,
	0xb250,0xb255,0xb25a,0xb25f,0xc150,0xc155,0xc15a,0xc15f,
	0xd150,0xd155,0xd15a,0xd15f,0xf050,0xf055,0xf05a,0xf05f,
	0xaa70,0xaa75,0xaa7a,0xaa7f,0xba70,0xba75,0xba7a,0xba7f,
	0xd970,0xd975,0xd97a,0xd97f,0xe870,0xe875,0xe87a,0xe87f,
	0xf870,0xf875,0xf87a,0xf87f,0x1770,0x1775,0x177a,0x177f,
	0x2670,0x2675,0x267a,0x267f,0x4570,0x4575,0x457a,0x457f,
	0x5570,0x5575,0x557a,0x557f,0x6470,0x6475,0x647a,0x647f,
	0x8370,0x8375,0x837a,0x837f,0x9370,0x9375,0x937a,0x937f,
	0xb270,0xb275,0xb27a,0xb27f,0xc170,0xc175,0xc17a,0xc17f,
	0xd070,0xd075,0xd07a,0xd07f,0xf070,0xf075,0xf07a,0xf07f,
	0xaa90,0xaa95,0xaa9a,0xaa9f,0xb990,0xb995,0xb99a,0xb99f,
	0xd990,0xd995,0xd99a,0xd99f,0xe890,0xe895,0xe89a,0xe89f,
	0xf790,0xf795,0xf79a,0xf79f,0x1690,0x1695,0x169a,0x169f,
	0x2690,0x2695,0x269a,0x269f,0x4590,0x4595,0x459a,0x459f,
	0x5490,0x5495,0x549a,0x549f,0x6490,0x6495,0x649a,0x649f,
	0x8390,0x8395,0x839a,0x839f,0x9290,0x9295,0x929a,0x929f,
	0xb190,0xb195,0xb19a,0xb19f,0xc190,0xc195,0xc19a,0xc19f,
	0xd090,0xd095,0xd09a,0xd09f,0xff90,0xff95,0xff9a,0xff9f,
	0xaaa0,0xaaa5,0xaaaa,0xaaaf,0xb9a0,0xb9a5,0xb9aa,0xb9af,
	0xd8a0,0xd8a5,0xd8aa,0xd8af,0xe8a0,0xe8a5,0xe8aa,0xe8af,
	0xf7a0,0xf7a5,0xf7aa,0xf7af,0x16a0,0x16a5,0x16aa,0x16af,
	0x25a0,0x25a5,0x25aa,0x25af,0x45a0,0x45a5,0x45aa,0x45af,
	0x54a0,0x54a5,0x54aa,0x54af,0x63a0,0x63a5,0x63aa,0x63af,
	0x83a0,0x83a5,0x83aa,0x83af,0x92a0,0x92a5,0x92aa,0x92af,
	0xb1a0,0xb1a5,0xb1aa,0xb1af,0xc0a0,0xc0a5,0xc0aa,0xc0af,
	0xd0a0,0xd0a5,0xd0aa,0xd0af,0xffa0,0xffa5,0xffaa,0xffaf,
	0xa9c0,0xa9c5,0xa9ca,0xa9cf,0xb9c0,0xb9c5,0xb9ca,0xb9cf,
	0xd8c0,0xd8c5,0xd8ca,0xd8cf,0xe7c0,0xe7c5,0xe7ca,0xe7cf,
	0xf6c0,0xf6c5,0xf6ca,0xf6cf,0x16c0,0x16c5,0x16ca,0x16cf,
	0x25c0,0x25c5,0x25ca,0x25cf,0x44c0,0x44c5,0x44ca,0x44cf,
	0x54c0,0x54c5,0x54ca,0x54cf,0x63c0,0x63c5,0x63ca,0x63cf,
	0x82c0,0x82c5,0x82ca,0x82cf,0x91c0,0x91c5,0x91ca,0x91cf,
	0xb1c0,0xb1c5,0xb1ca,0xb1cf,0xc0c0,0xc0c5,0xc0ca,0xc0cf,
	0xdfc0,0xdfc5,0xdfca,0xdfcf,0xffc0,0xffc5,0xffca,0xffcf,
	0xa9e0,0xa9e5,0xa9ea,0xa9ef,0xb8e0,0xb8e5,0xb8ea,0xb8ef,
	0xd8e0,0xd8e5,0xd8ea,0xd8ef,0xe7e0,0xe7e5,0xe7ea,0xe7ef,
	0xf6e0,0xf6e5,0xf6ea,0xf6ef,0x15e0,0x15e5,0x15ea,0x15ef,
	0x25e0,0x25e5,0x25ea,0x25ef,0x44e0,0x44e5,0x44ea,0x44ef,
	0x53e0,0x53e5,0x53ea,0x53ef,0x63e0,0x63e5,0x63ea,0x63ef,
	0x82e0,0x82e5,0x82ea,0x82ef,0x91e0,0x91e5,0x91ea,0x91ef,
	0xb0e0,0xb0e5,0xb0ea,0xb0ef,0xc0e0,0xc0e5,0xc0ea,0xc0ef,
	0xdfe0,0xdfe5,0xdfea,0xdfef,0xfee0,0xfee5,0xfeea,0xfeef,
	0xa900,0xa905,0xa90a,0xa90f,0xb800,0xb805,0xb80a,0xb80f,
	0xd700,0xd705,0xd70a,0xd70f,0xe700,0xe705,0xe70a,0xe70f,
	0xf600,0xf605,0xf60a,0xf60f,0x1500,0x1505,0x150a,0x150f,
	0x2400,0x2405,0x240a,0x240f,0x4400,0x4405,0x440a,0x440f,
	0x5300,0x5305,0x530a,0x530f,0x6200,0x6205,0x620a,0x620f,
	0x8200,0x8205,0x820a,0x820f,0x9100,0x9105,0x910a,0x910f,
	0xb000,0xb005,0xb00a,0xb00f,0xcf00,0xcf05,0xcf0a,0xcf0f,
	0xdf00,0xdf05,0xdf0a,0xdf0f,0xfe00,0xfe05,0xfe0a,0xfe0f,
	0xa810,0xa815,0xa81a,0xa81f,0xb810,0xb815,0xb81a,0xb81f,
	0xd710,0xd715,0xd71a,0xd71f,0xe610,0xe615,0xe61a,0xe61f,
	0xf510,0xf515,0xf51a,0xf51f,0x1510,0x1515,0x151a,0x151f,
	0x2410,0x2415,0x241a,0x241f,0x4310,0x4315,0x431a,0x431f,
	0x5310,0x5315,0x531a,0x531f,0x6210,0x6215,0x621a,0x621f,
	0x8110,0x8115,0x811a,0x811f,0x9010,0x9015,0x901a,0x901f,
	0xb010,0xb015,0xb01a,0xb01f,0xcf10,0xcf15,0xcf1a,0xcf1f,
	0xde10,0xde15,0xde1a,0xde1f,0xfe10,0xfe15,0xfe1a,0xfe1f,
	0xae70,0xae75,0xae7a,0xae7f,0xbd70,0xbd75,0xbd7a,0xbd7f,
	0xdc70,0xdc75,0xdc7a,0xdc7f,0xec70,0xec75,0xec7a,0xec7f,
	0x0b70,0x0b75,0x0b7a,0x0b7f,0x1a70,0x1a75,0x1a7a,0x1a7f,
	0x2970,0x2975,0x297a,0x297f,0x4970,0x4975,0x497a,0x497f,
	0x5870,0x5875,0x587a,0x587f,0x7770,0x7775,0x777a,0x777f,
	0x8770,0x8775,0x877a,0x877f,0x9670,0x9675,0x967a,0x967f,
	0xb570,0xb575,0xb57a,0xb57f,0xc470,0xc475,0xc47a,0xc47f,
	0xe470,0xe475,0xe47a,0xe47f,0xf370,0xf375,0xf37a,0xf37f,
	0xad90,0xad95,0xad9a,0xad9f,0xbd90,0xbd95,0xbd9a,0xbd9f,
	0xdc90,0xdc95,0xdc9a,0xdc9f,0xeb90,0xeb95,0xeb9a,0xeb9f,
	0x0b90,0x0b95,0x0b9a,0x0b9f,0x1a90,0x1a95,0x1a9a,0x1a9f,
	0x2990,0x2995,0x299a,0x299f,0x4890,0x4895,0x489a,0x489f,
	0x5890,0x5895,0x589a,0x589f,0x7790,0x7795,0x779a,0x779f,
	0x8690,0x8695,0x869a,0x869f,0x9690,0x9695,0x969a,0x969f,
	0xb590,0xb595,0xb59a,0xb59f,0xc490,0xc495,0xc49a,0xc49f,
	0xe390,0xe395,0xe39a,0xe39f,0xf390,0xf395,0xf39a,0xf39f,
	0xadb0,0xadb5,0xadba,0xadbf,0xbcb0,0xbcb5,0xbcba,0xbcbf,
	0xdcb0,0xdcb5,0xdcba,0xdcbf,0xebb0,0xebb5,0xebba,0xebbf,
	0x0ab0,0x0ab5,0x0aba,0x0abf,0x19b0,0x19b5,0x19ba,0x19bf,
	0x29b0,0x29b5,0x29ba,0x29bf,0x48b0,0x48b5,0x48ba,0x48bf,
	0x57b0,0x57b5,0x57ba,0x57bf,0x77b0,0x77b5,0x77ba,0x77bf,
	0x86b0,0x86b5,0x86ba,0x86bf,0x95b0,0x95b5,0x95ba,0x95bf,
	0xb4b0,0xb4b5,0xb4ba,0xb4bf,0xc4b0,0xc4b5,0xc4ba,0xc4bf,
	0xe3b0,0xe3b5,0xe3ba,0xe3bf,0xf2b0,0xf2b5,0xf2ba,0xf2bf,
	0xadc0,0xadc5,0xadca,0xadcf,0xbcc0,0xbcc5,0xbcca,0xbccf,
	0xdbc0,0xdbc5,0xdbca,0xdbcf,0xebc0,0xebc5,0xebca,0xebcf,
	0x0ac0,0x0ac5,0x0aca,0x0acf,0x19c0,0x19c5,0x19ca,0x19cf,
	0x28c0,0x28c5,0x28ca,0x28cf,0x48c0,0x48c5,0x48ca,0x48cf,
	0x57c0,0x57c5,0x57ca,0x57cf,0x76c0,0x76c5,0x76ca,0x76cf,
	0x86c0,0x86c5,0x86ca,0x86cf,0x95c0,0x95c5,0x95ca,0x95cf,
	0xb4c0,0xb4c5,0xb4ca,0xb4cf,0xc3c0,0xc3c5,0xc3ca,0xc3cf,
	0xe3c0,0xe3c5,0xe3ca,0xe3cf,0xf2c0,0xf2c5,0xf2ca,0xf2cf,
	0xace0,0xace5,0xacea,0xacef,0xbce0,0xbce5,0xbcea,0xbcef,
	0xdbe0,0xdbe5,0xdbea,0xdbef,0xeae0,0xeae5,0xeaea,0xeaef,
	0x09e0,0x09e5,0x09ea,0x09ef,0x19e0,0x19e5,0x19ea,0x19ef,
	0x28e0,0x28e5,0x28ea,0x28ef,0x47e0,0x47e5,0x47ea,0x47ef,
	0x57e0,0x57e5,0x57ea,0x57ef,0x76e0,0x76e5,0x76ea,0x76ef,
	0x85e0,0x85e5,0x85ea,0x85ef,0x94e0,0x94e5,0x94ea,0x94ef,
	0xb4e0,0xb4e5,0xb4ea,0xb4ef,0xc3e0,0xc3e5,0xc3ea,0xc3ef,
	0xe2e0,0xe2e5,0xe2ea,0xe2ef,0xf2e0,0xf2e5,0xf2ea,0xf2ef,
	0xac00,0xac05,0xac0a,0xac0f,0xbb00,0xbb05,0xbb0a,0xbb0f,
	0xdb00,0xdb05,0xdb0a,0xdb0f,0xea00,0xea05,0xea0a,0xea0f,
	0x0900,0x0905,0x090a,0x090f,0x1800,0x1805,0x180a,0x180f,
	0x2800,0x2805,0x280a,0x280f,0x4700,0x4705,0x470a,0x470f,
	0x5600,0x5605,0x560a,0x560f,0x7600,0x7605,0x760a,0x760f,
	0x8500,0x8505,0x850a,0x850f,0x9400,0x9405,0x940a,0x940f,
	0xb300,0xb305,0xb30a,0xb30f,0xc300,0xc305,0xc30a,0xc30f,
	0xe200,0xe205,0xe20a,0xe20f,0xf100,0xf105,0xf10a,0xf10f,
	0xac20,0xac25,0xac2a,0xac2f,0xbb20,0xbb25,0xbb2a,0xbb2f,
	0xda20,0xda25,0xda2a,0xda2f,0xea20,0xea25,0xea2a,0xea2f,
	0x0920,0x0925,0x092a,0x092f,0x1820,0x1825,0x182a,0x182f,
	0x2720,0x2725,0x272a,0x272f,0x4720,0x4725,0x472a,0x472f,
	0x5620,0x5625,0x562a,0x562f,0x7520,0x7525,0x752a,0x752f,
	0x8520,0x8525,0x852a,0x852f,0x9420,0x9425,0x942a,0x942f,
	0xb320,0xb325,0xb32a,0xb32f,0xc220,0xc225,0xc22a,0xc22f,
	0xe220,0xe225,0xe22a,0xe22f,0xf120,0xf125,0xf12a,0xf12f,
	0xab30,0xab35,0xab3a,0xab3f,0xbb30,0xbb35,0xbb3a,0xbb3f,
	0xda30,0xda35,0xda3a,0xda3f,0xe930,0xe935,0xe93a,0xe93f,
	0x0830,0x0835,0x083a,0x083f,0x1830,0x1835,0x183a,0x183f,
	0x2730,0x2735,0x273a,0x273f,0x4630,0x4635,0x463a,0x463f,
	0x5630,0x5635,0x563a,0x563f,0x7530,0x7535,0x753a,0x753f,
	0x8430,0x8435,0x843a,0x843f,0x9330,0x9335,0x933a,0x933f,
	0xb330,0xb335,0xb33a,0xb33f,0xc230,0xc235,0xc23a,0xc23f,
	0xe130,0xe135,0xe13a,0xe13f,0xf130,0xf135,0xf13a,0xf13f,
	0xab50,0xab55,0xab5a,0xab5f,0xba50,0xba55,0xba5a,0xba5f,
	0xda50,0xda55,0xda5a,0xda5f,0xe950,0xe955,0xe95a,0xe95f,
	0x0850,0x0855,0x085a,0x085f,0x1750,0x1755,0x175a,0x175f,
	0x2750,0x2755,0x275a,0x275f,0x4650,0x4655,0x465a,0x465f,
	0x5550,0x5555,0x555a,0x555f,0x7550,0x7555,0x755a,0x755f,
	0x8450,0x8455,0x845a,0x845f,0x9350,0x9355,0x935a,0x935f,
	0xb250,0xb255,0xb25a,0xb25f,0xc250,0xc255,0xc25a,0xc25f,
	0xe150,0xe155,0xe15a,0xe15f,0xf050,0xf055,0xf05a,0xf05f,
	0xab70,0xab75,0xab7a,0xab7f,0xba70,0xba75,0xba7a,0xba7f,
	0xd970,0xd975,0xd97a,0xd97f,0xe870,0xe875,0xe87a,0xe87f,
	0x0870,0x0875,0x087a,0x087f,0x1770,0x1775,0x177a,0x177f,
	0x2670,0x2675,0x267a,0x267f,0x4670,0x4675,0x467a,0x467f,
	0x5570,0x5575,0x557a,0x557f,0x7470,0x7475,0x747a,0x747f,
	0x8370,0x8375,0x837a,0x837f,0x9370,0x9375,0x937a,0x937f,
	0xb270,0xb275,0xb27a,0xb27f,0xc170,0xc175,0xc17a,0xc17f,
	0xe170,0xe175,0xe17a,0xe17f,0xf070,0xf075,0xf07a,0xf07f,
	0xaa90,0xaa95,0xaa9a,0xaa9f,0xba90,0xba95,0xba9a,0xba9f,
	0xd990,0xd995,0xd99a,0xd99f,0xe890,0xe895,0xe89a,0xe89f,
	0x0790,0x0795,0x079a,0x079f,0x1790,0x1795,0x179a,0x179f,
	0x2690,0x2695,0x269a,0x269f,0x4590,0x4595,0x459a,0x459f,
	0x5590,0x5595,0x559a,0x559f,0x7490,0x7495,0x749a,0x749f,
	0x8390,0x8395,0x839a,0x839f,0x9290,0x9295,0x929a,0x929f,
	0xb290,0xb295,0xb29a,0xb29f,0xc190,0xc195,0xc19a,0xc19f,
	0xe090,0xe095,0xe09a,0xe09f,0xf090,0xf095,0xf09a,0xf09f,
	0xaab0,0xaab5,0xaaba,0xaabf,0xb9b0,0xb9b5,0xb9ba,0xb9bf,
	0xd9b0,0xd9b5,0xd9ba,0xd9bf,0xe8b0,0xe8b5,0xe8ba,0xe8bf,
	0x07b0,0x07b5,0x07ba,0x07bf,0x16b0,0x16b5,0x16ba,0x16bf,
	0x26b0,0x26b5,0x26ba,0x26bf,0x45b0,0x45b5,0x45ba,0x45bf,
	0x54b0,0x54b5,0x54ba,0x54bf,0x74b0,0x74b5,0x74ba,0x74bf,
	0x83b0,0x83b5,0x83ba,0x83bf,0x92b0,0x92b5,0x92ba,0x92bf,
	0xb1b0,0xb1b5,0xb1ba,0xb1bf,0xc1b0,0xc1b5,0xc1ba,0xc1bf,
	0xe0b0,0xe0b5,0xe0ba,0xe0bf,0xffb0,0xffb5,0xffba,0xffbf,
	0xaac0,0xaac5,0xaaca,0xaacf,0xb9c0,0xb9c5,0xb9ca,0xb9cf,
	0xd8c0,0xd8c5,0xd8ca,0xd8cf,0xe7c0,0xe7c5,0xe7ca,0xe7cf,
	0x07c0,0x07c5,0x07ca,0x07cf,0x16c0,0x16c5,0x16ca,0x16cf,
	0x25c0,0x25c5,0x25ca,0x25cf,0x45c0,0x45c5,0x45ca,0x45cf,
	0x54c0,0x54c5,0x54ca,0x54cf,0x73c0,0x73c5,0x73ca,0x73cf,
	0x82c0,0x82c5,0x82ca,0x82cf,0x92c0,0x92c5,0x92ca,0x92cf,
	0xb1c0,0xb1c5,0xb1ca,0xb1cf,0xc0c0,0xc0c5,0xc0ca,0xc0cf,
	0xe0c0,0xe0c5,0xe0ca,0xe0cf,0xffc0,0xffc5,0xffca,0xffcf,
	0xa9e0,0xa9e5,0xa9ea,0xa9ef,0xb9e0,0xb9e5,0xb9ea,0xb9ef,
	0xd8e0,0xd8e5,0xd8ea,0xd8ef,0xe7e0,0xe7e5,0xe7ea,0xe7ef,
	0x06e0,0x06e5,0x06ea,0x06ef,0x16e0,0x16e5,0x16ea,0x16ef,
	0x25e0,0x25e5,0x25ea,0x25ef,0x44e0,0x44e5,0x44ea,0x44ef,
	0x54e0,0x54e5,0x54ea,0x54ef,0x73e0,0x73e5,0x73ea,0x73ef,
	0x82e0,0x82e5,0x82ea,0x82ef,0x91e0,0x91e5,0x91ea,0x91ef,
	0xb1e0,0xb1e5,0xb1ea,0xb1ef,0xc0e0,0xc0e5,0xc0ea,0xc0ef,
	0xefe0,0xefe5,0xefea,0xefef,0xffe0,0xffe5,0xffea,0xffef,
	0xa900,0xa905,0xa90a,0xa90f,0xb800,0xb805,0xb80a,0xb80f,
	0xd700,0xd705,0xd70a,0xd70f,0xe700,0xe705,0xe70a,0xe70f,
	0x0600,0x0605,0x060a,0x060f,0x1500,0x1505,0x150a,0x150f,
	0x2500,0x2505,0x250a,0x250f,0x4400,0x4405,0x440a,0x440f,
	0x5300,0x5305,0x530a,0x530f,0x7200,0x7205,0x720a,0x720f,
	0x8200,0x8205,0x820a,0x820f,0x9100,0x9105,0x910a,0x910f,
	0xb000,0xb005,0xb00a,0xb00f,0xc000,0xc005,0xc00a,0xc00f,
	0xef00,0xef05,0xef0a,0xef0f,0xfe00,0xfe05,0xfe0a,0xfe0f,
	0xa920,0xa925,0xa92a,0xa92f,0xb820,0xb825,0xb82a,0xb82f,
	0xd720,0xd725,0xd72a,0xd72f,0xe620,0xe625,0xe62a,0xe62f,
	0x0620,0x0625,0x062a,0x062f,0x1520,0x1525,0x152a,0x152f,
	0x2420,0x2425,0x242a,0x242f,0x4420,0x4425,0x442a,0x442f,
	0x5320,0x5325,0x532a,0x532f,0x7220,0x7225,0x722a,0x722f,
	0x8120,0x8125,0x812a,0x812f,0x9120,0x9125,0x912a,0x912f,
	0xb020,0xb025,0xb02a,0xb02f,0xcf20,0xcf25,0xcf2a,0xcf2f,
	0xef20,0xef25,0xef2a,0xef2f,0xfe20,0xfe25,0xfe2a,0xfe2f,
	0xae70,0xae75,0xae7a,0xae7f,0xcd70,0xcd75,0xcd7a,0xcd7f,
	0xdd70,0xdd75,0xdd7a,0xdd7f,0xfc70,0xfc75,0xfc7a,0xfc7f,
	0x0b70,0x0b75,0x0b7a,0x0b7f,0x1a70,0x1a75,0x1a7a,0x1a7f,
	0x3a70,0x3a75,0x3a7a,0x3a7f,0x4970,0x4975,0x497a,0x497f,
	0x6870,0x6875,0x687a,0x687f,0x7870,0x7875,0x787a,0x787f,
	0x8770,0x8775,0x877a,0x877f,0xa670,0xa675,0xa67a,0xa67f,
	0xb570,0xb575,0xb57a,0xb57f,0xd570,0xd575,0xd57a,0xd57f,
	0xe470,0xe475,0xe47a,0xe47f,0xf370,0xf375,0xf37a,0xf37f,
	0xae90,0xae95,0xae9a,0xae9f,0xcd90,0xcd95,0xcd9a,0xcd9f,
	0xdc90,0xdc95,0xdc9a,0xdc9f,0xfb90,0xfb95,0xfb9a,0xfb9f,
	0x0b90,0x0b95,0x0b9a,0x0b9f,0x1a90,0x1a95,0x1a9a,0x1a9f,
	0x3990,0x3995,0x399a,0x399f,0x4990,0x4995,0x499a,0x499f,
	0x6890,0x6895,0x689a,0x689f,0x7790,0x7795,0x779a,0x779f,
	0x8690,0x8695,0x869a,0x869f,0xa690,0xa695,0xa69a,0xa69f,
	0xb590,0xb595,0xb59a,0xb59f,0xd490,0xd495,0xd49a,0xd49f,
	0xe490,0xe495,0xe49a,0xe49f,0xf390,0xf395,0xf39a,0xf39f,
	0xadb0,0xadb5,0xadba,0xadbf,0xcdb0,0xcdb5,0xcdba,0xcdbf,
	0xdcb0,0xdcb5,0xdcba,0xdcbf,0xfbb0,0xfbb5,0xfbba,0xfbbf,
	0x0ab0,0x0ab5,0x0aba,0x0abf,0x1ab0,0x1ab5,0x1aba,0x1abf,
	0x39b0,0x39b5,0x39ba,0x39bf,0x48b0,0x48b5,0x48ba,0x48bf,
	0x68b0,0x68b5,0x68ba,0x68bf,0x77b0,0x77b5,0x77ba,0x77bf,
	0x86b0,0x86b5,0x86ba,0x86bf,0xa5b0,0xa5b5,0xa5ba,0xa5bf,
	0xb5b0,0xb5b5,0xb5ba,0xb5bf,0xd4b0,0xd4b5,0xd4ba,0xd4bf,
	0xe3b0,0xe3b5,0xe3ba,0xe3bf,0xf3b0,0xf3b5,0xf3ba,0xf3bf,
	0xadd0,0xadd5,0xadda,0xaddf,0xccd0,0xccd5,0xccda,0xccdf,
	0xdcd0,0xdcd5,0xdcda,0xdcdf,0xfbd0,0xfbd5,0xfbda,0xfbdf,
	0x0ad0,0x0ad5,0x0ada,0x0adf,0x19d0,0x19d5,0x19da,0x19df,
	0x39d0,0x39d5,0x39da,0x39df,0x48d0,0x48d5,0x48da,0x48df,
	0x67d0,0x67d5,0x67da,0x67df,0x77d0,0x77d5,0x77da,0x77df,
	0x86d0,0x86d5,0x86da,0x86df,0xa5d0,0xa5d5,0xa5da,0xa5df,
	0xb4d0,0xb4d5,0xb4da,0xb4df,0xd4d0,0xd4d5,0xd4da,0xd4df,
	0xe3d0,0xe3d5,0xe3da,0xe3df,0xf2d0,0xf2d5,0xf2da,0xf2df,
	0xade0,0xade5,0xadea,0xadef,0xcce0,0xcce5,0xccea,0xccef,
	0xdbe0,0xdbe5,0xdbea,0xdbef,0xfae0,0xfae5,0xfaea,0xfaef,
	0x0ae0,0x0ae5,0x0aea,0x0aef,0x19e0,0x19e5,0x19ea,0x19ef,
	0x38e0,0x38e5,0x38ea,0x38ef,0x48e0,0x48e5,0x48ea,0x48ef,
	0x67e0,0x67e5,0x67ea,0x67ef,0x76e0,0x76e5,0x76ea,0x76ef,
	0x85e0,0x85e5,0x85ea,0x85ef,0xa5e0,0xa5e5,0xa5ea,0xa5ef,
	0xb4e0,0xb4e5,0xb4ea,0xb4ef,0xd3e0,0xd3e5,0xd3ea,0xd3ef,
	0xe3e0,0xe3e5,0xe3ea,0xe3ef,0xf2e0,0xf2e5,0xf2ea,0xf2ef,
	0xac00,0xac05,0xac0a,0xac0f,0xcc00,0xcc05,0xcc0a,0xcc0f,
	0xdb00,0xdb05,0xdb0a,0xdb0f,0xfa00,0xfa05,0xfa0a,0xfa0f,
	0x0900,0x0905,0x090a,0x090f,0x1900,0x1905,0x190a,0x190f,
	0x3800,0x3805,0x380a,0x380f,0x4700,0x4705,0x470a,0x470f,
	0x6700,0x6705,0x670a,0x670f,0x7600,0x7605,0x760a,0x760f,
	0x8500,0x8505,0x850a,0x850f,0xa400,0xa405,0xa40a,0xa40f,
	0xb400,0xb405,0xb40a,0xb40f,0xd300,0xd305,0xd30a,0xd30f,
	0xe200,0xe205,0xe20a,0xe20f,0xf200,0xf205,0xf20a,0xf20f,
	0xac20,0xac25,0xac2a,0xac2f,0xcb20,0xcb25,0xcb2a,0xcb2f,
	0xda20,0xda25,0xda2a,0xda2f,0xfa20,0xfa25,0xfa2a,0xfa2f,
	0x0920,0x0925,0x092a,0x092f,0x1820,0x1825,0x182a,0x182f,
	0x3820,0x3825,0x382a,0x382f,0x4720,0x4725,0x472a,0x472f,
	0x6620,0x6625,0x662a,0x662f,0x7520,0x7525,0x752a,0x752f,
	0x8520,0x8525,0x852a,0x852f,0xa420,0xa425,0xa42a,0xa42f,
	0xb320,0xb325,0xb32a,0xb32f,0xd320,0xd325,0xd32a,0xd32f,
	0xe220,0xe225,0xe22a,0xe22f,0xf120,0xf125,0xf12a,0xf12f,
	0xac40,0xac45,0xac4a,0xac4f,0xcb40,0xcb45,0xcb4a,0xcb4f,
	0xda40,0xda45,0xda4a,0xda4f,0xf940,0xf945,0xf94a,0xf94f,
	0x0940,0x0945,0x094a,0x094f,0x1840,0x1845,0x184a,0x184f,
	0x3740,0x3745,0x374a,0x374f,0x4740,0x4745,0x474a,0x474f,
	0x6640,0x6645,0x664a,0x664f,0x7540,0x7545,0x754a,0x754f,
	0x8440,0x8445,0x844a,0x844f,0xa440,0xa445,0xa44a,0xa44f,
	0xb340,0xb345,0xb34a,0xb34f,0xd240,0xd245,0xd24a,0xd24f,
	0xe240,0xe245,0xe24a,0xe24f,0xf140,0xf145,0xf14a,0xf14f,
	0xab60,0xab65,0xab6a,0xab6f,0xca60,0xca65,0xca6a,0xca6f,
	0xda60,0xda65,0xda6a,0xda6f,0xf960,0xf965,0xf96a,0xf96f,
	0x0860,0x0865,0x086a,0x086f,0x1860,0x1865,0x186a,0x186f,
	0x3760,0x3765,0x376a,0x376f,0x4660,0x4665,0x466a,0x466f,
	0x6660,0x6665,0x666a,0x666f,0x7560,0x7565,0x756a,0x756f,
	0x8460,0x8465,0x846a,0x846f,0xa360,0xa365,0xa36a,0xa36f,
	0xb360,0xb365,0xb36a,0xb36f,0xd260,0xd265,0xd26a,0xd26f,
	0xe160,0xe165,0xe16a,0xe16f,0xf160,0xf165,0xf16a,0xf16f,
	0xab70,0xab75,0xab7a,0xab7f,0xca70,0xca75,0xca7a,0xca7f,
	0xd970,0xd975,0xd97a,0xd97f,0xf970,0xf975,0xf97a,0xf97f,
	0x0870,0x0875,0x087a,0x087f,0x1770,0x1775,0x177a,0x177f,
	0x3770,0x3775,0x377a,0x377f,0x4670,0x4675,0x467a,0x467f,
	0x6570,0x6575,0x657a,0x657f,0x7470,0x7475,0x747a,0x747f,
	0x8470,0x8475,0x847a,0x847f,0xa370,0xa375,0xa37a,0xa37f,
	0xb270,0xb275,0xb27a,0xb27f,0xd270,0xd275,0xd27a,0xd27f,
	0xe170,0xe175,0xe17a,0xe17f,0xf070,0xf075,0xf07a,0xf07f,
	0xab90,0xab95,0xab9a,0xab9f,0xca90,0xca95,0xca9a,0xca9f,
	0xd990,0xd995,0xd99a,0xd99f,0xf890,0xf895,0xf89a,0xf89f,
	0x0890,0x0895,0x089a,0x089f,0x1790,0x1795,0x179a,0x179f,
	0x3690,0x3695,0x369a,0x369f,0x4690,0x4695,0x469a,0x469f,
	0x6590,0x6595,0x659a,0x659f,0x7490,0x7495,0x749a,0x749f,
	0x8390,0x8395,0x839a,0x839f,0xa390,0xa395,0xa39a,0xa39f,
	0xb290,0xb295,0xb29a,0xb29f,0xd190,0xd195,0xd19a,0xd19f,
	0xe190,0xe195,0xe19a,0xe19f,0xf090,0xf095,0xf09a,0xf09f,
	0xaab0,0xaab5,0xaaba,0xaabf,0xc9b0,0xc9b5,0xc9ba,0xc9bf,
	0xd9b0,0xd9b5,0xd9ba,0xd9bf,0xf8b0,0xf8b5,0xf8ba,0xf8bf,
	0x07b0,0x07b5,0x07ba,0x07bf,0x17b0,0x17b5,0x17ba,0x17bf,
	0x36b0,0x36b5,0x36ba,0x36bf,0x45b0,0x45b5,0x45ba,0x45bf,
	0x64b0,0x64b5,0x64ba,0x64bf,0x74b0,0x74b5,0x74ba,0x74bf,
	0x83b0,0x83b5,0x83ba,0x83bf,0xa2b0,0xa2b5,0xa2ba,0xa2bf,
	0xb2b0,0xb2b5,0xb2ba,0xb2bf,0xd1b0,0xd1b5,0xd1ba,0xd1bf,
	0xe0b0,0xe0b5,0xe0ba,0xe0bf,0xf0b0,0xf0b5,0xf0ba,0xf0bf,
	0xaad0,0xaad5,0xaada,0xaadf,0xc9d0,0xc9d5,0xc9da,0xc9df,
	0xd8d0,0xd8d5,0xd8da,0xd8df,0xf8d0,0xf8d5,0xf8da,0xf8df,
	0x07d0,0x07d5,0x07da,0x07df,0x16d0,0x16d5,0x16da,0x16df,
	0x36d0,0x36d5,0x36da,0x36df,0x45d0,0x45d5,0x45da,0x45df,
	0x64d0,0x64d5,0x64da,0x64df,0x73d0,0x73d5,0x73da,0x73df,
	0x83d0,0x83d5,0x83da,0x83df,0xa2d0,0xa2d5,0xa2da,0xa2df,
	0xb1d0,0xb1d5,0xb1da,0xb1df,0xd1d0,0xd1d5,0xd1da,0xd1df,
	0xe0d0,0xe0d5,0xe0da,0xe0df,0xffd0,0xffd5,0xffda,0xffdf,
	0xa9e0,0xa9e5,0xa9ea,0xa9ef,0xc9e0,0xc9e5,0xc9ea,0xc9ef,
	0xd8e0,0xd8e5,0xd8ea,0xd8ef,0xf7e0,0xf7e5,0xf7ea,0xf7ef,
	0x07e0,0x07e5,0x07ea,0x07ef,0x16e0,0x16e5,0x16ea,0x16ef,
	0x35e0,0x35e5,0x35ea,0x35ef,0x44e0,0x44e5,0x44ea,0x44ef,
	0x64e0,0x64e5,0x64ea,0x64ef,0x73e0,0x73e5,0x73ea,0x73ef,
	0x82e0,0x82e5,0x82ea,0x82ef,0xa2e0,0xa2e5,0xa2ea,0xa2ef,
	0xb1e0,0xb1e5,0xb1ea,0xb1ef,0xd0e0,0xd0e5,0xd0ea,0xd0ef,
	0xe0e0,0xe0e5,0xe0ea,0xe0ef,0xffe0,0xffe5,0xffea,0xffef,
	0xa900,0xa905,0xa90a,0xa90f,0xc800,0xc805,0xc80a,0xc80f,
	0xd800,0xd805,0xd80a,0xd80f,0xf700,0xf705,0xf70a,0xf70f,
	0x0600,0x0605,0x060a,0x060f,0x1600,0x1605,0x160a,0x160f,
	0x3500,0x3505,0x350a,0x350f,0x4400,0x4405,0x440a,0x440f,
	0x6300,0x6305,0x630a,0x630f,0x7300,0x7305,0x730a,0x730f,
	0x8200,0x8205,0x820a,0x820f,0xa100,0xa105,0xa10a,0xa10f,
	0xb100,0xb105,0xb10a,0xb10f,0xd000,0xd005,0xd00a,0xd00f,
	0xef00,0xef05,0xef0a,0xef0f,0xfe00,0xfe05,0xfe0a,0xfe0f,
	0xa920,0xa925,0xa92a,0xa92f,0xc820,0xc825,0xc82a,0xc82f,
	0xd720,0xd725,0xd72a,0xd72f,0xf720,0xf725,0xf72a,0xf72f,
	0x0620,0x0625,0x062a,0x062f,0x1520,0x1525,0x152a,0x152f,
	0x3520,0x3525,0x352a,0x352f,0x4420,0x4425,0x442a,0x442f,
	0x6320,0x6325,0x632a,0x632f,0x7220,0x7225,0x722a,0x722f,
	0x8220,0x8225,0x822a,0x822f,0xa120,0xa125,0xa12a,0xa12f,
	0xb020,0xb025,0xb02a,0xb02f,0xd020,0xd025,0xd02a,0xd02f,
	0xef20,0xef25,0xef2a,0xef2f,0xfe20,0xfe25,0xfe2a,0xfe2f,
	0xbe80,0xbe85,0xbe8a,0xbe8f,0xce80,0xce85,0xce8a,0xce8f,
	0xdd80,0xdd85,0xdd8a,0xdd8f,0xfc80,0xfc85,0xfc8a,0xfc8f,
	0x0b80,0x0b85,0x0b8a,0x0b8f,0x2b80,0x2b85,0x2b8a,0x2b8f,
	0x3a80,0x3a85,0x3a8a,0x3a8f,0x4980,0x4985,0x498a,0x498f,
	0x6980,0x6985,0x698a,0x698f,0x7880,0x7885,0x788a,0x788f,
	0x9780,0x9785,0x978a,0x978f,0xa680,0xa685,0xa68a,0xa68f,
	0xb680,0xb685,0xb68a,0xb68f,0xd580,0xd585,0xd58a,0xd58f,
	0xe480,0xe485,0xe48a,0xe48f,0x0480,0x0485,0x048a,0x048f,
	0xbe90,0xbe95,0xbe9a,0xbe9f,0xcd90,0xcd95,0xcd9a,0xcd9f,
	0xdc90,0xdc95,0xdc9a,0xdc9f,0xfc90,0xfc95,0xfc9a,0xfc9f,
	0x0b90,0x0b95,0x0b9a,0x0b9f,0x2a90,0x2a95,0x2a9a,0x2a9f,
	0x3a90,0x3a95,0x3a9a,0x3a9f,0x4990,0x4995,0x499a,0x499f,
	0x6890,0x6895,0x689a,0x689f,0x7790,0x7795,0x779a,0x779f,
	0x9790,0x9795,0x979a,0x979f,0xa690,0xa695,0xa69a,0xa69f,
	0xb590,0xb595,0xb59a,0xb59f,0xd590,0xd595,0xd59a,0xd59f,
	0xe490,0xe495,0xe49a,0xe49f,0x0390,0x0395,0x039a,0x039f,
	0xbeb0,0xbeb5,0xbeba,0xbebf,0xcdb0,0xcdb5,0xcdba,0xcdbf,
	0xdcb0,0xdcb5,0xdcba,0xdcbf,0xfbb0,0xfbb5,0xfbba,0xfbbf,
	0x0bb0,0x0bb5,0x0bba,0x0bbf,0x2ab0,0x2ab5,0x2aba,0x2abf,
	0x39b0,0x39b5,0x39ba,0x39bf,0x49b0,0x49b5,0x49ba,0x49bf,
	0x68b0,0x68b5,0x68ba,0x68bf,0x77b0,0x77b5,0x77ba,0x77bf,
	0x96b0,0x96b5,0x96ba,0x96bf,0xa6b0,0xa6b5,0xa6ba,0xa6bf,
	0xb5b0,0xb5b5,0xb5ba,0xb5bf,0xd4b0,0xd4b5,0xd4ba,0xd4bf,
	0xe4b0,0xe4b5,0xe4ba,0xe4bf,0x03b0,0x03b5,0x03ba,0x03bf,
	0xbdd0,0xbdd5,0xbdda,0xbddf,0xccd0,0xccd5,0xccda,0xccdf,
	0xdcd0,0xdcd5,0xdcda,0xdcdf,0xfbd0,0xfbd5,0xfbda,0xfbdf,
	0x0ad0,0x0ad5,0x0ada,0x0adf,0x2ad0,0x2ad5,0x2ada,0x2adf,
	0x39d0,0x39d5,0x39da,0x39df,0x48d0,0x48d5,0x48da,0x48df,
	0x67d0,0x67d5,0x67da,0x67df,0x77d0,0x77d5,0x77da,0x77df,
	0x96d0,0x96d5,0x96da,0x96df,0xa5d0,0xa5d5,0xa5da,0xa5df,
	0xb5d0,0xb5d5,0xb5da,0xb5df,0xd4d0,0xd4d5,0xd4da,0xd4df,
	0xe3d0,0xe3d5,0xe3da,0xe3df,0x02d0,0x02d5,0x02da,0x02df,
	0xbdf0,0xbdf5,0xbdfa,0xbdff,0xccf0,0xccf5,0xccfa,0xccff,
	0xdbf0,0xdbf5,0xdbfa,0xdbff,0xfbf0,0xfbf5,0xfbfa,0xfbff,
	0x0af0,0x0af5,0x0afa,0x0aff,0x29f0,0x29f5,0x29fa,0x29ff,
	0x39f0,0x39f5,0x39fa,0x39ff,0x48f0,0x48f5,0x48fa,0x48ff,
	0x67f0,0x67f5,0x67fa,0x67ff,0x76f0,0x76f5,0x76fa,0x76ff,
	0x96f0,0x96f5,0x96fa,0x96ff,0xa5f0,0xa5f5,0xa5fa,0xa5ff,
	0xb4f0,0xb4f5,0xb4fa,0xb4ff,0xd4f0,0xd4f5,0xd4fa,0xd4ff,
	0xe3f0,0xe3f5,0xe3fa,0xe3ff,0x02f0,0x02f5,0x02fa,0x02ff,
	0xbc00,0xbc05,0xbc0a,0xbc0f,0xcc00,0xcc05,0xcc0a,0xcc0f,
	0xdb00,0xdb05,0xdb0a,0xdb0f,0xfa00,0xfa05,0xfa0a,0xfa0f,
	0x0a00,0x0a05,0x0a0a,0x0a0f,0x2900,0x2905,0x290a,0x290f,
	0x3800,0x3805,0x380a,0x380f,0x4700,0x4705,0x470a,0x470f,
	0x6700,0x6705,0x670a,0x670f,0x7600,0x7605,0x760a,0x760f,
	0x9500,0x9505,0x950a,0x950f,0xa500,0xa505,0xa50a,0xa50f,
	0xb400,0xb405,0xb40a,0xb40f,0xd300,0xd305,0xd30a,0xd30f,
	0xe200,0xe205,0xe20a,0xe20f,0x0200,0x0205,0x020a,0x020f,
	0xbc20,0xbc25,0xbc2a,0xbc2f,0xcb20,0xcb25,0xcb2a,0xcb2f,
	0xdb20,0xdb25,0xdb2a,0xdb2f,0xfa20,0xfa25,0xfa2a,0xfa2f,
	0x0920,0x0925,0x092a,0x092f,0x2920,0x2925,0x292a,0x292f,
	0x3820,0x3825,0x382a,0x382f,0x4720,0x4725,0x472a,0x472f,
	0x6620,0x6625,0x662a,0x662f,0x7620,0x7625,0x762a,0x762f,
	0x9520,0x9525,0x952a,0x952f,0xa420,0xa425,0xa42a,0xa42f,
	0xb420,0xb425,0xb42a,0xb42f,0xd320,0xd325,0xd32a,0xd32f,
	0xe220,0xe225,0xe22a,0xe22f,0x0120,0x0125,0x012a,0x012f,
	0xbc40,0xbc45,0xbc4a,0xbc4f,0xcb40,0xcb45,0xcb4a,0xcb4f,
	0xda40,0xda45,0xda4a,0xda4f,0xfa40,0xfa45,0xfa4a,0xfa4f,
	0x0940,0x0945,0x094a,0x094f,0x2840,0x2845,0x284a,0x284f,
	0x3840,0x3845,0x384a,0x384f,0x4740,0x4745,0x474a,0x474f,
	0x6640,0x6645,0x664a,0x664f,0x7540,0x7545,0x754a,0x754f,
	0x9540,0x9545,0x954a,0x954f,0xa440,0xa445,0xa44a,0xa44f,
	0xb340,0xb345,0xb34a,0xb34f,0xd340,0xd345,0xd34a,0xd34f,
	0xe240,0xe245,0xe24a,0xe24f,0x0140,0x0145,0x014a,0x014f,
	0xbb60,0xbb65,0xbb6a,0xbb6f,0xcb60,0xcb65,0xcb6a,0xcb6f,
	0xda60,0xda65,0xda6a,0xda6f,0xf960,0xf965,0xf96a,0xf96f,
	0x0960,0x0965,0x096a,0x096f,0x2860,0x2865,0x286a,0x286f,
	0x3760,0x3765,0x376a,0x376f,0x4660,0x4665,0x466a,0x466f,
	0x6660,0x6665,0x666a,0x666f,0x7560,0x7565,0x756a,0x756f,
	0x9460,0x9465,0x946a,0x946f,0xa460,0xa465,0xa46a,0xa46f,
	0xb360,0xb365,0xb36a,0xb36f,0xd260,0xd265,0xd26a,0xd26f,
	0xe160,0xe165,0xe16a,0xe16f,0x0160,0x0165,0x016a,0x016f,
	0xbb80,0xbb85,0xbb8a,0xbb8f,0xca80,0xca85,0xca8a,0xca8f,
	0xda80,0xda85,0xda8a,0xda8f,0xf980,0xf985,0xf98a,0xf98f,
	0x0880,0x0885,0x088a,0x088f,0x2880,0x2885,0x288a,0x288f,
	0x3780,0x3785,0x378a,0x378f,0x4680,0x4685,0x468a,0x468f,
	0x6580,0x6585,0x658a,0x658f,0x7580,0x7585,0x758a,0x758f,
	0x9480,0x9485,0x948a,0x948f,0xa380,0xa385,0xa38a,0xa38f,
	0xb380,0xb385,0xb38a,0xb38f,0xd280,0xd285,0xd28a,0xd28f,
	0xe180,0xe185,0xe18a,0xe18f,0x0080,0x0085,0x008a,0x008f,
	0xbb90,0xbb95,0xbb9a,0xbb9f,0xca90,0xca95,0xca9a,0xca9f,
	0xd990,0xd995,0xd99a,0xd99f,0xf990,0xf995,0xf99a,0xf99f,
	0x0890,0x0895,0x089a,0x089f,0x2790,0x2795,0x279a,0x279f,
	0x3690,0x3695,0x369a,0x369f,0x4690,0x4695,0x469a,0x469f,
	0x6590,0x6595,0x659a,0x659f,0x7490,0x7495,0x749a,0x749f,
	0x9490,0x9495,0x949a,0x949f,0xa390,0xa395,0xa39a,0xa39f,
	0xb290,0xb295,0xb29a,0xb29f,0xd190,0xd195,0xd19a,0xd19f,
	0xe190,0xe195,0xe19a,0xe19f,0x0090,0x0095,0x009a,0x009f,
	0xbab0,0xbab5,0xbaba,0xbabf,0xcab0,0xcab5,0xcaba,0xcabf,
	0xd9b0,0xd9b5,0xd9ba,0xd9bf,0xf8b0,0xf8b5,0xf8ba,0xf8bf,
	0x08b0,0x08b5,0x08ba,0x08bf,0x27b0,0x27b5,0x27ba,0x27bf,
	0x36b0,0x36b5,0x36ba,0x36bf,0x45b0,0x45b5,0x45ba,0x45bf,
	0x65b0,0x65b5,0x65ba,0x65bf,0x74b0,0x74b5,0x74ba,0x74bf,
	0x93b0,0x93b5,0x93ba,0x93bf,0xa3b0,0xa3b5,0xa3ba,0xa3bf,
	0xb2b0,0xb2b5,0xb2ba,0xb2bf,0xd1b0,0xd1b5,0xd1ba,0xd1bf,
	0xe0b0,0xe0b5,0xe0ba,0xe0bf,0x00b0,0x00b5,0x00ba,0x00bf,
	0xbad0,0xbad5,0xbada,0xbadf,0xc9d0,0xc9d5,0xc9da,0xc9df,
	0xd9d0,0xd9d5,0xd9da,0xd9df,0xf8d0,0xf8d5,0xf8da,0xf8df,
	0x07d0,0x07d5,0x07da,0x07df,0x27d0,0x27d5,0x27da,0x27df,
	0x36d0,0x36d5,0x36da,0x36df,0x45d0,0x45d5,0x45da,0x45df,
	0x64d0,0x64d5,0x64da,0x64df,0x74d0,0x74d5,0x74da,0x74df,
	0x93d0,0x93d5,0x93da,0x93df,0xa2d0,0xa2d5,0xa2da,0xa2df,
	0xb2d0,0xb2d5,0xb2da,0xb2df,0xd1d0,0xd1d5,0xd1da,0xd1df,
	0xe0d0,0xe0d5,0xe0da,0xe0df,0x0fd0,0x0fd5,0x0fda,0x0fdf,
	0xbaf0,0xbaf5,0xbafa,0xbaff,0xc9f0,0xc9f5,0xc9fa,0xc9ff,
	0xd8f0,0xd8f5,0xd8fa,0xd8ff,0xf8f0,0xf8f5,0xf8fa,0xf8ff,
	0x07f0,0x07f5,0x07fa,0x07ff,0x26f0,0x26f5,0x26fa,0x26ff,
	0x35f0,0x35f5,0x35fa,0x35ff,0x45f0,0x45f5,0x45fa,0x45ff,
	0x64f0,0x64f5,0x64fa,0x64ff,0x73f0,0x73f5,0x73fa,0x73ff,
	0x93f0,0x93f5,0x93fa,0x93ff,0xa2f0,0xa2f5,0xa2fa,0xa2ff,
	0xb1f0,0xb1f5,0xb1fa,0xb1ff,0xd0f0,0xd0f5,0xd0fa,0xd0ff,
	0xe0f0,0xe0f5,0xe0fa,0xe0ff,0x0ff0,0x0ff5,0x0ffa,0x0fff,
	0xb900,0xb905,0xb90a,0xb90f,0xc900,0xc905,0xc90a,0xc90f,
	0xd800,0xd805,0xd80a,0xd80f,0xf700,0xf705,0xf70a,0xf70f,
	0x0700,0x0705,0x070a,0x070f,0x2600,0x2605,0x260a,0x260f,
	0x3500,0x3505,0x350a,0x350f,0x4400,0x4405,0x440a,0x440f,
	0x6400,0x6405,0x640a,0x640f,0x7300,0x7305,0x730a,0x730f,
	0x9200,0x9205,0x920a,0x920f,0xa200,0xa205,0xa20a,0xa20f,
	0xb100,0xb105,0xb10a,0xb10f,0xd000,0xd005,0xd00a,0xd00f,
	0xef00,0xef05,0xef0a,0xef0f,0x0f00,0x0f05,0x0f0a,0x0f0f,
	0xb920,0xb925,0xb92a,0xb92f,0xc820,0xc825,0xc82a,0xc82f,
	0xd820,0xd825,0xd82a,0xd82f,0xf720,0xf725,0xf72a,0xf72f,
	0x0620,0x0625,0x062a,0x062f,0x2520,0x2525,0x252a,0x252f,
	0x3520,0x3525,0x352a,0x352f,0x4420,0x4425,0x442a,0x442f,
	0x6320,0x6325,0x632a,0x632f,0x7320,0x7325,0x732a,0x732f,
	0x9220,0x9225,0x922a,0x922f,0xa120,0xa125,0xa12a,0xa12f,
	0xb020,0xb025,0xb02a,0xb02f,0xd020,0xd025,0xd02a,0xd02f,
	0xef20,0xef25,0xef2a,0xef2f,0x0e20,0x0e25,0x0e2a,0x0e2f,
	0xbe80,0xbe85,0xbe8a,0xbe8f,0xce80,0xce85,0xce8a,0xce8f,
	0xed80,0xed85,0xed8a,0xed8f,0xfc80,0xfc85,0xfc8a,0xfc8f,
	0x0c80,0x0c85,0x0c8a,0x0c8f,0x2b80,0x2b85,0x2b8a,0x2b8f,
	0x3a80,0x3a85,0x3a8a,0x3a8f,0x5980,0x5985,0x598a,0x598f,
	0x6980,0x6985,0x698a,0x698f,0x7880,0x7885,0x788a,0x788f,
	0x9780,0x9785,0x978a,0x978f,0xa780,0xa785,0xa78a,0xa78f,
	0xc680,0xc685,0xc68a,0xc68f,0xd580,0xd585,0xd58a,0xd58f,
	0xe480,0xe485,0xe48a,0xe48f,0x0480,0x0485,0x048a,0x048f,
	0xbea0,0xbea5,0xbeaa,0xbeaf,0xcda0,0xcda5,0xcdaa,0xcdaf,
	0xeda0,0xeda5,0xedaa,0xedaf,0xfca0,0xfca5,0xfcaa,0xfcaf,
	0x0ba0,0x0ba5,0x0baa,0x0baf,0x2ba0,0x2ba5,0x2baa,0x2baf,
	0x3aa0,0x3aa5,0x3aaa,0x3aaf,0x59a0,0x59a5,0x59aa,0x59af,
	0x68a0,0x68a5,0x68aa,0x68af,0x78a0,0x78a5,0x78aa,0x78af,
	0x97a0,0x97a5,0x97aa,0x97af,0xa6a0,0xa6a5,0xa6aa,0xa6af,
	0xc6a0,0xc6a5,0xc6aa,0xc6af,0xd5a0,0xd5a5,0xd5aa,0xd5af,
	0xe4a0,0xe4a5,0xe4aa,0xe4af,0x03a0,0x03a5,0x03aa,0x03af,
	0xbeb0,0xbeb5,0xbeba,0xbebf,0xcdb0,0xcdb5,0xcdba,0xcdbf,
	0xecb0,0xecb5,0xecba,0xecbf,0xfcb0,0xfcb5,0xfcba,0xfcbf,
	0x0bb0,0x0bb5,0x0bba,0x0bbf,0x2ab0,0x2ab5,0x2aba,0x2abf,
	0x39b0,0x39b5,0x39ba,0x39bf,0x59b0,0x59b5,0x59ba,0x59bf,
	0x68b0,0x68b5,0x68ba,0x68bf,0x77b0,0x77b5,0x77ba,0x77bf,
	0x97b0,0x97b5,0x97ba,0x97bf,0xa6b0,0xa6b5,0xa6ba,0xa6bf,
	0xc5b0,0xc5b5,0xc5ba,0xc5bf,0xd4b0,0xd4b5,0xd4ba,0xd4bf,
	0xe4b0,0xe4b5,0xe4ba,0xe4bf,0x03b0,0x03b5,0x03ba,0x03bf,
	0xbdd0,0xbdd5,0xbdda,0xbddf,0xcdd0,0xcdd5,0xcdda,0xcddf,
	0xecd0,0xecd5,0xecda,0xecdf,0xfbd0,0xfbd5,0xfbda,0xfbdf,
	0x0bd0,0x0bd5,0x0bda,0x0bdf,0x2ad0,0x2ad5,0x2ada,0x2adf,
	0x39d0,0x39d5,0x39da,0x39df,0x58d0,0x58d5,0x58da,0x58df,
	0x68d0,0x68d5,0x68da,0x68df,0x77d0,0x77d5,0x77da,0x77df,
	0x96d0,0x96d5,0x96da,0x96df,0xa6d0,0xa6d5,0xa6da,0xa6df,
	0xc5d0,0xc5d5,0xc5da,0xc5df,0xd4d0,0xd4d5,0xd4da,0xd4df,
	0xe3d0,0xe3d5,0xe3da,0xe3df,0x03d0,0x03d5,0x03da,0x03df,
	0xbdf0,0xbdf5,0xbdfa,0xbdff,0xccf0,0xccf5,0xccfa,0xccff,
	0xecf0,0xecf5,0xecfa,0xecff,0xfbf0,0xfbf5,0xfbfa,0xfbff,
	0x0af0,0x0af5,0x0afa,0x0aff,0x2af0,0x2af5,0x2afa,0x2aff,
	0x39f0,0x39f5,0x39fa,0x39ff,0x58f0,0x58f5,0x58fa,0x58ff,
	0x67f0,0x67f5,0x67fa,0x67ff,0x77f0,0x77f5,0x77fa,0x77ff,
	0x96f0,0x96f5,0x96fa,0x96ff,0xa5f0,0xa5f5,0xa5fa,0xa5ff,
	0xc5f0,0xc5f5,0xc5fa,0xc5ff,0xd4f0,0xd4f5,0xd4fa,0xd4ff,
	0xe3f0,0xe3f5,0xe3fa,0xe3ff,0x02f0,0x02f5,0x02fa,0x02ff,
	0xbd10,0xbd15,0xbd1a,0xbd1f,0xcc10,0xcc15,0xcc1a,0xcc1f,
	0xeb10,0xeb15,0xeb1a,0xeb1f,0xfb10,0xfb15,0xfb1a,0xfb1f,
	0x0a10,0x0a15,0x0a1a,0x0a1f,0x2910,0x2915,0x291a,0x291f,
	0x3810,0x3815,0x381a,0x381f,0x5810,0x5815,0x581a,0x581f,
	0x6710,0x6715,0x671a,0x671f,0x7610,0x7615,0x761a,0x761f,
	0x9610,0x9615,0x961a,0x961f,0xa510,0xa515,0xa51a,0xa51f,
	0xc410,0xc415,0xc41a,0xc41f,0xd310,0xd315,0xd31a,0xd31f,
	0xe310,0xe315,0xe31a,0xe31f,0x0210,0x0215,0x021a,0x021f,
	0xbc20,0xbc25,0xbc2a,0xbc2f,0xcc20,0xcc25,0xcc2a,0xcc2f,
	0xeb20,0xeb25,0xeb2a,0xeb2f,0xfa20,0xfa25,0xfa2a,0xfa2f,
	0x0a20,0x0a25,0x0a2a,0x0a2f,0x2920,0x2925,0x292a,0x292f,
	0x3820,0x3825,0x382a,0x382f,0x5720,0x5725,0x572a,0x572f,
	0x6720,0x6725,0x672a,0x672f,0x7620,0x7625,0x762a,0x762f,
	0x9520,0x9525,0x952a,0x952f,0xa520,0xa525,0xa52a,0xa52f,
	0xc420,0xc425,0xc42a,0xc42f,0xd320,0xd325,0xd32a,0xd32f,
	0xe220,0xe225,0xe22a,0xe22f,0x0220,0x0225,0x022a,0x022f,
	0xbc40,0xbc45,0xbc4a,0xbc4f,0xcb40,0xcb45,0xcb4a,0xcb4f,
	0xeb40,0xeb45,0xeb4a,0xeb4f,0xfa40,0xfa45,0xfa4a,0xfa4f,
	0x0940,0x0945,0x094a,0x094f,0x2840,0x2845,0x284a,0x284f,
	0x3840,0x3845,0x384a,0x384f,0x5740,0x5745,0x574a,0x574f,
	0x6640,0x6645,0x664a,0x664f,0x7640,0x7645,0x764a,0x764f,
	0x9540,0x9545,0x954a,0x954f,0xa440,0xa445,0xa44a,0xa44f,
	0xc340,0xc345,0xc34a,0xc34f,0xd340,0xd345,0xd34a,0xd34f,
	0xe240,0xe245,0xe24a,0xe24f,0x0140,0x0145,0x014a,0x014f,
	0xbc60,0xbc65,0xbc6a,0xbc6f,0xcb60,0xcb65,0xcb6a,0xcb6f,
	0xea60,0xea65,0xea6a,0xea6f,0xfa60,0xfa65,0xfa6a,0xfa6f,
	0x0960,0x0965,0x096a,0x096f,0x2860,0x2865,0x286a,0x286f,
	0x3760,0x3765,0x376a,0x376f,0x5760,0x5765,0x576a,0x576f,
	0x6660,0x6665,0x666a,0x666f,0x7560,0x7565,0x756a,0x756f,
	0x9560,0x9565,0x956a,0x956f,0xa460,0xa465,0xa46a,0xa46f,
	0xc360,0xc365,0xc36a,0xc36f,0xd260,0xd265,0xd26a,0xd26f,
	0xe260,0xe265,0xe26a,0xe26f,0x0160,0x0165,0x016a,0x016f,
	0xbb80,0xbb85,0xbb8a,0xbb8f,0xcb80,0xcb85,0xcb8a,0xcb8f,
	0xea80,0xea85,0xea8a,0xea8f,0xf980,0xf985,0xf98a,0xf98f,
	0x0980,0x0985,0x098a,0x098f,0x2880,0x2885,0x288a,0x288f,
	0x3780,0x3785,0x378a,0x378f,0x5680,0x5685,0x568a,0x568f,
	0x6680,0x6685,0x668a,0x668f,0x7580,0x7585,0x758a,0x758f,
	0x9480,0x9485,0x948a,0x948f,0xa480,0xa485,0xa48a,0xa48f,
	0xc380,0xc385,0xc38a,0xc38f,0xd280,0xd285,0xd28a,0xd28f,
	0xe180,0xe185,0xe18a,0xe18f,0x0180,0x0185,0x018a,0x018f,
	0xbba0,0xbba5,0xbbaa,0xbbaf,0xcaa0,0xcaa5,0xcaaa,0xcaaf,
	0xeaa0,0xeaa5,0xeaaa,0xeaaf,0xf9a0,0xf9a5,0xf9aa,0xf9af,
	0x08a0,0x08a5,0x08aa,0x08af,0x27a0,0x27a5,0x27aa,0x27af,
	0x37a0,0x37a5,0x37aa,0x37af,0x56a0,0x56a5,0x56aa,0x56af,
	0x65a0,0x65a5,0x65aa,0x65af,0x75a0,0x75a5,0x75aa,0x75af,
	0x94a0,0x94a5,0x94aa,0x94af,0xa3a0,0xa3a5,0xa3aa,0xa3af,
	0xc2a0,0xc2a5,0xc2aa,0xc2af,0xd2a0,0xd2a5,0xd2aa,0xd2af,
	0xe1a0,0xe1a5,0xe1aa,0xe1af,0x00a0,0x00a5,0x00aa,0x00af,
	0xbbb0,0xbbb5,0xbbba,0xbbbf,0xcab0,0xcab5,0xcaba,0xcabf,
	0xe9b0,0xe9b5,0xe9ba,0xe9bf,0xf9b0,0xf9b5,0xf9ba,0xf9bf,
	0x08b0,0x08b5,0x08ba,0x08bf,0x27b0,0x27b5,0x27ba,0x27bf,
	0x36b0,0x36b5,0x36ba,0x36bf,0x56b0,0x56b5,0x56ba,0x56bf,
	0x65b0,0x65b5,0x65ba,0x65bf,0x74b0,0x74b5,0x74ba,0x74bf,
	0x94b0,0x94b5,0x94ba,0x94bf,0xa3b0,0xa3b5,0xa3ba,0xa3bf,
	0xc2b0,0xc2b5,0xc2ba,0xc2bf,0xd1b0,0xd1b5,0xd1ba,0xd1bf,
	0xe1b0,0xe1b5,0xe1ba,0xe1bf,0x00b0,0x00b5,0x00ba,0x00bf,
	0xbad0,0xbad5,0xbada,0xbadf,0xcad0,0xcad5,0xcada,0xcadf,
	0xe9d0,0xe9d5,0xe9da,0xe9df,0xf8d0,0xf8d5,0xf8da,0xf8df,
	0x07d0,0x07d5,0x07da,0x07df,0x27d0,0x27d5,0x27da,0x27df,
	0x36d0,0x36d5,0x36da,0x36df,0x55d0,0x55d5,0x55da,0x55df,
	0x65d0,0x65d5,0x65da,0x65df,0x74d0,0x74d5,0x74da,0x74df,
	0x93d0,0x93d5,0x93da,0x93df,0xa2d0,0xa2d5,0xa2da,0xa2df,
	0xc2d0,0xc2d5,0xc2da,0xc2df,0xd1d0,0xd1d5,0xd1da,0xd1df,
	0xe0d0,0xe0d5,0xe0da,0xe0df,0x00d0,0x00d5,0x00da,0x00df,
	0xbaf0,0xbaf5,0xbafa,0xbaff,0xc9f0,0xc9f5,0xc9fa,0xc9ff,
	0xe9f0,0xe9f5,0xe9fa,0xe9ff,0xf8f0,0xf8f5,0xf8fa,0xf8ff,
	0x07f0,0x07f5,0x07fa,0x07ff,0x26f0,0x26f5,0x26fa,0x26ff,
	0x36f0,0x36f5,0x36fa,0x36ff,0x55f0,0x55f5,0x55fa,0x55ff,
	0x64f0,0x64f5,0x64fa,0x64ff,0x74f0,0x74f5,0x74fa,0x74ff,
	0x93f0,0x93f5,0x93fa,0x93ff,0xa2f0,0xa2f5,0xa2fa,0xa2ff,
	0xc1f0,0xc1f5,0xc1fa,0xc1ff,0xd1f0,0xd1f5,0xd1fa,0xd1ff,
	0xe0f0,0xe0f5,0xe0fa,0xe0ff,0x0ff0,0x0ff5,0x0ffa,0x0fff,
	0xba10,0xba15,0xba1a,0xba1f,0xc910,0xc915,0xc91a,0xc91f,
	0xe810,0xe815,0xe81a,0xe81f,0xf810,0xf815,0xf81a,0xf81f,
	0x0710,0x0715,0x071a,0x071f,0x2610,0x2615,0x261a,0x261f,
	0x3510,0x3515,0x351a,0x351f,0x5510,0x5515,0x551a,0x551f,
	0x6410,0x6415,0x641a,0x641f,0x7310,0x7315,0x731a,0x731f,
	0x9310,0x9315,0x931a,0x931f,0xa210,0xa215,0xa21a,0xa21f,
	0xc110,0xc115,0xc11a,0xc11f,0xd010,0xd015,0xd01a,0xd01f,
	0xe010,0xe015,0xe01a,0xe01f,0x0f10,0x0f15,0x0f1a,0x0f1f,
	0xb920,0xb925,0xb92a,0xb92f,0xc920,0xc925,0xc92a,0xc92f,
	0xe820,0xe825,0xe82a,0xe82f,0xf720,0xf725,0xf72a,0xf72f,
	0x0620,0x0625,0x062a,0x062f,0x2620,0x2625,0x262a,0x262f,
	0x3520,0x3525,0x352a,0x352f,0x5420,0x5425,0x542a,0x542f,
	0x6420,0x6425,0x642a,0x642f,0x7320,0x7325,0x732a,0x732f,
	0x9220,0x9225,0x922a,0x922f,0xa120,0xa125,0xa12a,0xa12f,
	0xc120,0xc125,0xc12a,0xc12f,0xd020,0xd025,0xd02a,0xd02f,
	0xef20,0xef25,0xef2a,0xef2f,0x0f20,0x0f25,0x0f2a,0x0f2f,
	0xbf80,0xbf85,0xbf8a,0xbf8f,0xce80,0xce85,0xce8a,0xce8f,
	0xed80,0xed85,0xed8a,0xed8f,0xfd80,0xfd85,0xfd8a,0xfd8f,
	0x1c80,0x1c85,0x1c8a,0x1c8f,0x2b80,0x2b85,0x2b8a,0x2b8f,
	0x3a80,0x3a85,0x3a8a,0x3a8f,0x5a80,0x5a85,0x5a8a,0x5a8f,
	0x6980,0x6985,0x698a,0x698f,0x8880,0x8885,0x888a,0x888f,
	0x9880,0x9885,0x988a,0x988f,0xa780,0xa785,0xa78a,0xa78f,
	0xc680,0xc685,0xc68a,0xc68f,0xd580,0xd585,0xd58a,0xd58f,
	0xf580,0xf585,0xf58a,0xf58f,0x0480,0x0485,0x048a,0x048f,
	0xbea0,0xbea5,0xbeaa,0xbeaf,0xcea0,0xcea5,0xceaa,0xceaf,
	0xeda0,0xeda5,0xedaa,0xedaf,0xfca0,0xfca5,0xfcaa,0xfcaf,
	0x1ca0,0x1ca5,0x1caa,0x1caf,0x2ba0,0x2ba5,0x2baa,0x2baf,
	0x3aa0,0x3aa5,0x3aaa,0x3aaf,0x59a0,0x59a5,0x59aa,0x59af,
	0x69a0,0x69a5,0x69aa,0x69af,0x88a0,0x88a5,0x88aa,0x88af,
	0x97a0,0x97a5,0x97aa,0x97af,0xa7a0,0xa7a5,0xa7aa,0xa7af,
	0xc6a0,0xc6a5,0xc6aa,0xc6af,0xd5a0,0xd5a5,0xd5aa,0xd5af,
	0xf4a0,0xf4a5,0xf4aa,0xf4af,0x04a0,0x04a5,0x04aa,0x04af,
	0xbec0,0xbec5,0xbeca,0xbecf,0xcdc0,0xcdc5,0xcdca,0xcdcf,
	0xedc0,0xedc5,0xedca,0xedcf,0xfcc0,0xfcc5,0xfcca,0xfccf,
	0x1bc0,0x1bc5,0x1bca,0x1bcf,0x2ac0,0x2ac5,0x2aca,0x2acf,
	0x3ac0,0x3ac5,0x3aca,0x3acf,0x59c0,0x59c5,0x59ca,0x59cf,
	0x68c0,0x68c5,0x68ca,0x68cf,0x88c0,0x88c5,0x88ca,0x88cf,
	0x97c0,0x97c5,0x97ca,0x97cf,0xa6c0,0xa6c5,0xa6ca,0xa6cf,
	0xc5c0,0xc5c5,0xc5ca,0xc5cf,0xd5c0,0xd5c5,0xd5ca,0xd5cf,
	0xf4c0,0xf4c5,0xf4ca,0xf4cf,0x03c0,0x03c5,0x03ca,0x03cf,
	0xbed0,0xbed5,0xbeda,0xbedf,0xcdd0,0xcdd5,0xcdda,0xcddf,
	0xecd0,0xecd5,0xecda,0xecdf,0xfcd0,0xfcd5,0xfcda,0xfcdf,
	0x1bd0,0x1bd5,0x1bda,0x1bdf,0x2ad0,0x2ad5,0x2ada,0x2adf,
	0x39d0,0x39d5,0x39da,0x39df,0x59d0,0x59d5,0x59da,0x59df,
	0x68d0,0x68d5,0x68da,0x68df,0x87d0,0x87d5,0x87da,0x87df,
	0x97d0,0x97d5,0x97da,0x97df,0xa6d0,0xa6d5,0xa6da,0xa6df,
	0xc5d0,0xc5d5,0xc5da,0xc5df,0xd4d0,0xd4d5,0xd4da,0xd4df,
	0xf4d0,0xf4d5,0xf4da,0xf4df,0x03d0,0x03d5,0x03da,0x03df,
	0xbdf0,0xbdf5,0xbdfa,0xbdff,0xcdf0,0xcdf5,0xcdfa,0xcdff,
	0xecf0,0xecf5,0xecfa,0xecff,0xfbf0,0xfbf5,0xfbfa,0xfbff,
	0x1af0,0x1af5,0x1afa,0x1aff,0x2af0,0x2af5,0x2afa,0x2aff,
	0x39f0,0x39f5,0x39fa,0x39ff,0x58f0,0x58f5,0x58fa,0x58ff,
	0x68f0,0x68f5,0x68fa,0x68ff,0x87f0,0x87f5,0x87fa,0x87ff,
	0x96f0,0x96f5,0x96fa,0x96ff,0xa5f0,0xa5f5,0xa5fa,0xa5ff,
	0xc5f0,0xc5f5,0xc5fa,0xc5ff,0xd4f0,0xd4f5,0xd4fa,0xd4ff,
	0xf3f0,0xf3f5,0xf3fa,0xf3ff,0x03f0,0x03f5,0x03fa,0x03ff,
	0xbd10,0xbd15,0xbd1a,0xbd1f,0xcc10,0xcc15,0xcc1a,0xcc1f,
	0xec10,0xec15,0xec1a,0xec1f,0xfb10,0xfb15,0xfb1a,0xfb1f,
	0x1a10,0x1a15,0x1a1a,0x1a1f,0x2910,0x2915,0x291a,0x291f,
	0x3910,0x3915,0x391a,0x391f,0x5810,0x5815,0x581a,0x581f,
	0x6710,0x6715,0x671a,0x671f,0x8710,0x8715,0x871a,0x871f,
	0x9610,0x9615,0x961a,0x961f,0xa510,0xa515,0xa51a,0xa51f,
	0xc410,0xc415,0xc41a,0xc41f,0xd410,0xd415,0xd41a,0xd41f,
	0xf310,0xf315,0xf31a,0xf31f,0x0210,0x0215,0x021a,0x021f,
	0xbd30,0xbd35,0xbd3a,0xbd3f,0xcc30,0xcc35,0xcc3a,0xcc3f,
	0xeb30,0xeb35,0xeb3a,0xeb3f,0xfb30,0xfb35,0xfb3a,0xfb3f,
	0x1a30,0x1a35,0x1a3a,0x1a3f,0x2930,0x2935,0x293a,0x293f,
	0x3830,0x3835,0x383a,0x383f,0x5830,0x5835,0x583a,0x583f,
	0x6730,0x6735,0x673a,0x673f,0x8630,0x8635,0x863a,0x863f,
	0x9630,0x9635,0x963a,0x963f,0xa530,0xa535,0xa53a,0xa53f,
	0xc430,0xc435,0xc43a,0xc43f,0xd330,0xd335,0xd33a,0xd33f,
	0xf330,0xf335,0xf33a,0xf33f,0x0230,0x0235,0x023a,0x023f,
	0xbc40,0xbc45,0xbc4a,0xbc4f,0xcc40,0xcc45,0xcc4a,0xcc4f,
	0xeb40,0xeb45,0xeb4a,0xeb4f,0xfa40,0xfa45,0xfa4a,0xfa4f,
	0x1940,0x1945,0x194a,0x194f,0x2940,0x2945,0x294a,0x294f,
	0x3840,0x3845,0x384a,0x384f,0x5740,0x5745,0x574a,0x574f,
	0x6740,0x6745,0x674a,0x674f,0x8640,0x8645,0x864a,0x864f,
	0x9540,0x9545,0x954a,0x954f,0xa440,0xa445,0xa44a,0xa44f,
	0xc440,0xc445,0xc44a,0xc44f,0xd340,0xd345,0xd34a,0xd34f,
	0xf240,0xf245,0xf24a,0xf24f,0x0240,0x0245,0x024a,0x024f,
	0xbc60,0xbc65,0xbc6a,0xbc6f,0xcb60,0xcb65,0xcb6a,0xcb6f,
	0xeb60,0xeb65,0xeb6a,0xeb6f,0xfa60,0xfa65,0xfa6a,0xfa6f,
	0x1960,0x1965,0x196a,0x196f,0x2860,0x2865,0x286a,0x286f,
	0x3860,0x3865,0x386a,0x386f,0x5760,0x5765,0x576a,0x576f,
	0x6660,0x6665,0x666a,0x666f,0x8660,0x8665,0x866a,0x866f,
	0x9560,0x9565,0x956a,0x956f,0xa460,0xa465,0xa46a,0xa46f,
	0xc360,0xc365,0xc36a,0xc36f,0xd360,0xd365,0xd36a,0xd36f,
	0xf260,0xf265,0xf26a,0xf26f,0x0160,0x0165,0x016a,0x016f,
	0xbc80,0xbc85,0xbc8a,0xbc8f,0xcb80,0xcb85,0xcb8a,0xcb8f,
	0xea80,0xea85,0xea8a,0xea8f,0xf980,0xf985,0xf98a,0xf98f,
	0x1980,0x1985,0x198a,0x198f,0x2880,0x2885,0x288a,0x288f,
	0x3780,0x3785,0x378a,0x378f,0x5780,0x5785,0x578a,0x578f,
	0x6680,0x6685,0x668a,0x668f,0x8580,0x8585,0x858a,0x858f,
	0x9480,0x9485,0x948a,0x948f,0xa480,0xa485,0xa48a,0xa48f,
	0xc380,0xc385,0xc38a,0xc38f,0xd280,0xd285,0xd28a,0xd28f,
	0xf280,0xf285,0xf28a,0xf28f,0x0180,0x0185,0x018a,0x018f,
	0xbba0,0xbba5,0xbbaa,0xbbaf,0xcba0,0xcba5,0xcbaa,0xcbaf,
	0xeaa0,0xeaa5,0xeaaa,0xeaaf,0xf9a0,0xf9a5,0xf9aa,0xf9af,
	0x18a0,0x18a5,0x18aa,0x18af,0x28a0,0x28a5,0x28aa,0x28af,
	0x37a0,0x37a5,0x37aa,0x37af,0x56a0,0x56a5,0x56aa,0x56af,
	0x66a0,0x66a5,0x66aa,0x66af,0x85a0,0x85a5,0x85aa,0x85af,
	0x94a0,0x94a5,0x94aa,0x94af,0xa3a0,0xa3a5,0xa3aa,0xa3af,
	0xc3a0,0xc3a5,0xc3aa,0xc3af,0xd2a0,0xd2a5,0xd2aa,0xd2af,
	0xf1a0,0xf1a5,0xf1aa,0xf1af,0x01a0,0x01a5,0x01aa,0x01af,
	0xbbc0,0xbbc5,0xbbca,0xbbcf,0xcac0,0xcac5,0xcaca,0xcacf,
	0xeac0,0xeac5,0xeaca,0xeacf,0xf9c0,0xf9c5,0xf9ca,0xf9cf,
	0x18c0,0x18c5,0x18ca,0x18cf,0x27c0,0x27c5,0x27ca,0x27cf,
	0x37c0,0x37c5,0x37ca,0x37cf,0x56c0,0x56c5,0x56ca,0x56cf,
	0x65c0,0x65c5,0x65ca,0x65cf,0x85c0,0x85c5,0x85ca,0x85cf,
	0x94c0,0x94c5,0x94ca,0x94cf,0xa3c0,0xa3c5,0xa3ca,0xa3cf,
	0xc2c0,0xc2c5,0xc2ca,0xc2cf,0xd2c0,0xd2c5,0xd2ca,0xd2cf,
	0xf1c0,0xf1c5,0xf1ca,0xf1cf,0x00c0,0x00c5,0x00ca,0x00cf,
	0xbbd0,0xbbd5,0xbbda,0xbbdf,0xcad0,0xcad5,0xcada,0xcadf,
	0xe9d0,0xe9d5,0xe9da,0xe9df,0xf8d0,0xf8d5,0xf8da,0xf8df,
	0x18d0,0x18d5,0x18da,0x18df,0x27d0,0x27d5,0x27da,0x27df,
	0x36d0,0x36d5,0x36da,0x36df,0x56d0,0x56d5,0x56da,0x56df,
	0x65d0,0x65d5,0x65da,0x65df,0x84d0,0x84d5,0x84da,0x84df,
	0x93d0,0x93d5,0x93da,0x93df,0xa3d0,0xa3d5,0xa3da,0xa3df,
	0xc2d0,0xc2d5,0xc2da,0xc2df,0xd1d0,0xd1d5,0xd1da,0xd1df,
	0xf1d0,0xf1d5,0xf1da,0xf1df,0x00d0,0x00d5,0x00da,0x00df,
	0xbaf0,0xbaf5,0xbafa,0xbaff,0xcaf0,0xcaf5,0xcafa,0xcaff,
	0xe9f0,0xe9f5,0xe9fa,0xe9ff,0xf8f0,0xf8f5,0xf8fa,0xf8ff,
	0x17f0,0x17f5,0x17fa,0x17ff,0x27f0,0x27f5,0x27fa,0x27ff,
	0x36f0,0x36f5,0x36fa,0x36ff,0x55f0,0x55f5,0x55fa,0x55ff,
	0x65f0,0x65f5,0x65fa,0x65ff,0x84f0,0x84f5,0x84fa,0x84ff,
	0x93f0,0x93f5,0x93fa,0x93ff,0xa2f0,0xa2f5,0xa2fa,0xa2ff,
	0xc2f0,0xc2f5,0xc2fa,0xc2ff,0xd1f0,0xd1f5,0xd1fa,0xd1ff,
	0xf0f0,0xf0f5,0xf0fa,0xf0ff,0x00f0,0x00f5,0x00fa,0x00ff,
	0xba10,0xba15,0xba1a,0xba1f,0xc910,0xc915,0xc91a,0xc91f,
	0xe810,0xe815,0xe81a,0xe81f,0xf810,0xf815,0xf81a,0xf81f,
	0x1710,0x1715,0x171a,0x171f,0x2610,0x2615,0x261a,0x261f,
	0x3610,0x3615,0x361a,0x361f,0x5510,0x5515,0x551a,0x551f,
	0x6410,0x6415,0x641a,0x641f,0x8310,0x8315,0x831a,0x831f,
	0x9310,0x9315,0x931a,0x931f,0xa210,0xa215,0xa21a,0xa21f,
	0xc110,0xc115,0xc11a,0xc11f,0xd110,0xd115,0xd11a,0xd11f,
	0xf010,0xf015,0xf01a,0xf01f,0x0f10,0x0f15,0x0f1a,0x0f1f,
	0xba30,0xba35,0xba3a,0xba3f,0xc930,0xc935,0xc93a,0xc93f,
	0xe830,0xe835,0xe83a,0xe83f,0xf730,0xf735,0xf73a,0xf73f,
	0x1730,0x1735,0x173a,0x173f,0x2630,0x2635,0x263a,0x263f,
	0x3530,0x3535,0x353a,0x353f,0x5530,0x5535,0x553a,0x553f,
	0x6430,0x6435,0x643a,0x643f,0x8330,0x8335,0x833a,0x833f,
	0x9230,0x9235,0x923a,0x923f,0xa230,0xa235,0xa23a,0xa23f,
	0xc130,0xc135,0xc13a,0xc13f,0xd030,0xd035,0xd03a,0xd03f,
	0xf030,0xf035,0xf03a,0xf03f,0x0f30,0x0f35,0x0f3a,0x0f3f,
	0xbf80,0xbf85,0xbf8a,0xbf8f,0xde80,0xde85,0xde8a,0xde8f,
	0xee80,0xee85,0xee8a,0xee8f,0x0d80,0x0d85,0x0d8a,0x0d8f,
	0x1c80,0x1c85,0x1c8a,0x1c8f,0x2b80,0x2b85,0x2b8a,0x2b8f,
	0x4b80,0x4b85,0x4b8a,0x4b8f,0x5a80,0x5a85,0x5a8a,0x5a8f,
	0x7980,0x7985,0x798a,0x798f,0x8980,0x8985,0x898a,0x898f,
	0x9880,0x9885,0x988a,0x988f,0xb780,0xb785,0xb78a,0xb78f,
	0xc680,0xc685,0xc68a,0xc68f,0xe680,0xe685,0xe68a,0xe68f,
	0xf580,0xf585,0xf58a,0xf58f,0x0480,0x0485,0x048a,0x048f,
	0xbfa0,0xbfa5,0xbfaa,0xbfaf,0xdea0,0xdea5,0xdeaa,0xdeaf,
	0xeda0,0xeda5,0xedaa,0xedaf,0x0ca0,0x0ca5,0x0caa,0x0caf,
	0x1ca0,0x1ca5,0x1caa,0x1caf,0x2ba0,0x2ba5,0x2baa,0x2baf,
	0x4aa0,0x4aa5,0x4aaa,0x4aaf,0x5aa0,0x5aa5,0x5aaa,0x5aaf,
	0x79a0,0x79a5,0x79aa,0x79af,0x88a0,0x88a5,0x88aa,0x88af,
	0x97a0,0x97a5,0x97aa,0x97af,0xb7a0,0xb7a5,0xb7aa,0xb7af,
	0xc6a0,0xc6a5,0xc6aa,0xc6af,0xe5a0,0xe5a5,0xe5aa,0xe5af,
	0xf5a0,0xf5a5,0xf5aa,0xf5af,0x04a0,0x04a5,0x04aa,0x04af,
	0xbec0,0xbec5,0xbeca,0xbecf,0xdec0,0xdec5,0xdeca,0xdecf,
	0xedc0,0xedc5,0xedca,0xedcf,0x0cc0,0x0cc5,0x0cca,0x0ccf,
	0x1bc0,0x1bc5,0x1bca,0x1bcf,0x2bc0,0x2bc5,0x2bca,0x2bcf,
	0x4ac0,0x4ac5,0x4aca,0x4acf,0x59c0,0x59c5,0x59ca,0x59cf,
	0x79c0,0x79c5,0x79ca,0x79cf,0x88c0,0x88c5,0x88ca,0x88cf,
	0x97c0,0x97c5,0x97ca,0x97cf,0xb6c0,0xb6c5,0xb6ca,0xb6cf,
	0xc6c0,0xc6c5,0xc6ca,0xc6cf,0xe5c0,0xe5c5,0xe5ca,0xe5cf,
	0xf4c0,0xf4c5,0xf4ca,0xf4cf,0x04c0,0x04c5,0x04ca,0x04cf,
	0xbee0,0xbee5,0xbeea,0xbeef,0xdde0,0xdde5,0xddea,0xddef,
	0xede0,0xede5,0xedea,0xedef,0x0ce0,0x0ce5,0x0cea,0x0cef,
	0x1be0,0x1be5,0x1bea,0x1bef,0x2ae0,0x2ae5,0x2aea,0x2aef,
	0x4ae0,0x4ae5,0x4aea,0x4aef,0x59e0,0x59e5,0x59ea,0x59ef,
	0x78e0,0x78e5,0x78ea,0x78ef,0x88e0,0x88e5,0x88ea,0x88ef,
	0x97e0,0x97e5,0x97ea,0x97ef,0xb6e0,0xb6e5,0xb6ea,0xb6ef,
	0xc5e0,0xc5e5,0xc5ea,0xc5ef,0xe5e0,0xe5e5,0xe5ea,0xe5ef,
	0xf4e0,0xf4e5,0xf4ea,0xf4ef,0x03e0,0x03e5,0x03ea,0x03ef,
	0xbef0,0xbef5,0xbefa,0xbeff,0xddf0,0xddf5,0xddfa,0xddff,
	0xecf0,0xecf5,0xecfa,0xecff,0x0bf0,0x0bf5,0x0bfa,0x0bff,
	0x1bf0,0x1bf5,0x1bfa,0x1bff,0x2af0,0x2af5,0x2afa,0x2aff,
	0x49f0,0x49f5,0x49fa,0x49ff,0x59f0,0x59f5,0x59fa,0x59ff,
	0x78f0,0x78f5,0x78fa,0x78ff,0x87f0,0x87f5,0x87fa,0x87ff,
	0x96f0,0x96f5,0x96fa,0x96ff,0xb6f0,0xb6f5,0xb6fa,0xb6ff,
	0xc5f0,0xc5f5,0xc5fa,0xc5ff,0xe4f0,0xe4f5,0xe4fa,0xe4ff,
	0xf4f0,0xf4f5,0xf4fa,0xf4ff,0x03f0,0x03f5,0x03fa,0x03ff,
	0xbd10,0xbd15,0xbd1a,0xbd1f,0xdd10,0xdd15,0xdd1a,0xdd1f,
	0xec10,0xec15,0xec1a,0xec1f,0x0b10,0x0b15,0x0b1a,0x0b1f,
	0x1a10,0x1a15,0x1a1a,0x1a1f,0x2a10,0x2a15,0x2a1a,0x2a1f,
	0x4910,0x4915,0x491a,0x491f,0x5810,0x5815,0x581a,0x581f,
	0x7810,0x7815,0x781a,0x781f,0x8710,0x8715,0x871a,0x871f,
	0x9610,0x9615,0x961a,0x961f,0xb510,0xb515,0xb51a,0xb51f,
	0xc510,0xc515,0xc51a,0xc51f,0xe410,0xe415,0xe41a,0xe41f,
	0xf310,0xf315,0xf31a,0xf31f,0x0310,0x0315,0x031a,0x031f,
	0xbd30,0xbd35,0xbd3a,0xbd3f,0xdc30,0xdc35,0xdc3a,0xdc3f,
	0xeb30,0xeb35,0xeb3a,0xeb3f,0x0b30,0x0b35,0x0b3a,0x0b3f,
	0x1a30,0x1a35,0x1a3a,0x1a3f,0x2930,0x2935,0x293a,0x293f,
	0x4930,0x4935,0x493a,0x493f,0x5830,0x5835,0x583a,0x583f,
	0x7730,0x7735,0x773a,0x773f,0x8630,0x8635,0x863a,0x863f,
	0x9630,0x9635,0x963a,0x963f,0xb530,0xb535,0xb53a,0xb53f,
	0xc430,0xc435,0xc43a,0xc43f,0xe430,0xe435,0xe43a,0xe43f,
	0xf330,0xf335,0xf33a,0xf33f,0x0230,0x0235,0x023a,0x023f,
	0xbd50,0xbd55,0xbd5a,0xbd5f,0xdc50,0xdc55,0xdc5a,0xdc5f,
	0xeb50,0xeb55,0xeb5a,0xeb5f,0x0a50,0x0a55,0x0a5a,0x0a5f,
	0x1a50,0x1a55,0x1a5a,0x1a5f,0x2950,0x2955,0x295a,0x295f,
	0x4850,0x4855,0x485a,0x485f,0x5850,0x5855,0x585a,0x585f,
	0x7750,0x7755,0x775a,0x775f,0x8650,0x8655,0x865a,0x865f,
	0x9550,0x9555,0x955a,0x955f,0xb550,0xb555,0xb55a,0xb55f,
	0xc450,0xc455,0xc45a,0xc45f,0xe350,0xe355,0xe35a,0xe35f,
	0xf350,0xf355,0xf35a,0xf35f,0x0250,0x0255,0x025a,0x025f,
	0xbc70,0xbc75,0xbc7a,0xbc7f,0xdb70,0xdb75,0xdb7a,0xdb7f,
	0xeb70,0xeb75,0xeb7a,0xeb7f,0x0a70,0x0a75,0x0a7a,0x0a7f,
	0x1970,0x1975,0x197a,0x197f,0x2970,0x2975,0x297a,0x297f,
	0x4870,0x4875,0x487a,0x487f,0x5770,0x5775,0x577a,0x577f,
	0x7770,0x7775,0x777a,0x777f,0x8670,0x8675,0x867a,0x867f,
	0x9570,0x9575,0x957a,0x957f,0xb470,0xb475,0xb47a,0xb47f,
	0xc470,0xc475,0xc47a,0xc47f,0xe370,0xe375,0xe37a,0xe37f,
	0xf270,0xf275,0xf27a,0xf27f,0x0270,0x0275,0x027a,0x027f,
	0xbc80,0xbc85,0xbc8a,0xbc8f,0xdb80,0xdb85,0xdb8a,0xdb8f,
	0xea80,0xea85,0xea8a,0xea8f,0x0a80,0x0a85,0x0a8a,0x0a8f,
	0x1980,0x1985,0x198a,0x198f,0x2880,0x2885,0x288a,0x288f,
	0x4880,0x4885,0x488a,0x488f,0x5780,0x5785,0x578a,0x578f,
	0x7680,0x7685,0x768a,0x768f,0x8580,0x8585,0x858a,0x858f,
	0x9580,0x9585,0x958a,0x958f,0xb480,0xb485,0xb48a,0xb48f,
	0xc380,0xc385,0xc38a,0xc38f,0xe380,0xe385,0xe38a,0xe38f,
	0xf280,0xf285,0xf28a,0xf28f,0x0180,0x0185,0x018a,0x018f,
	0xbca0,0xbca5,0xbcaa,0xbcaf,0xdba0,0xdba5,0xdbaa,0xdbaf,
	0xeaa0,0xeaa5,0xeaaa,0xeaaf,0x09a0,0x09a5,0x09aa,0x09af,
	0x19a0,0x19a5,0x19aa,0x19af,0x28a0,0x28a5,0x28aa,0x28af,
	0x47a0,0x47a5,0x47aa,0x47af,0x57a0,0x57a5,0x57aa,0x57af,
	0x76a0,0x76a5,0x76aa,0x76af,0x85a0,0x85a5,0x85aa,0x85af,
	0x94a0,0x94a5,0x94aa,0x94af,0xb4a0,0xb4a5,0xb4aa,0xb4af,
	0xc3a0,0xc3a5,0xc3aa,0xc3af,0xe2a0,0xe2a5,0xe2aa,0xe2af,
	0xf2a0,0xf2a5,0xf2aa,0xf2af,0x01a0,0x01a5,0x01aa,0x01af,
	0xbbc0,0xbbc5,0xbbca,0xbbcf,0xdac0,0xdac5,0xdaca,0xdacf,
	0xeac0,0xeac5,0xeaca,0xeacf,0x09c0,0x09c5,0x09ca,0x09cf,
	0x18c0,0x18c5,0x18ca,0x18cf,0x28c0,0x28c5,0x28ca,0x28cf,
	0x47c0,0x47c5,0x47ca,0x47cf,0x56c0,0x56c5,0x56ca,0x56cf,
	0x75c0,0x75c5,0x75ca,0x75cf,0x85c0,0x85c5,0x85ca,0x85cf,
	0x94c0,0x94c5,0x94ca,0x94cf,0xb3c0,0xb3c5,0xb3ca,0xb3cf,
	0xc3c0,0xc3c5,0xc3ca,0xc3cf,0xe2c0,0xe2c5,0xe2ca,0xe2cf,
	0xf1c0,0xf1c5,0xf1ca,0xf1cf,0x00c0,0x00c5,0x00ca,0x00cf,
	0xbbe0,0xbbe5,0xbbea,0xbbef,0xdae0,0xdae5,0xdaea,0xdaef,
	0xe9e0,0xe9e5,0xe9ea,0xe9ef,0x09e0,0x09e5,0x09ea,0x09ef,
	0x18e0,0x18e5,0x18ea,0x18ef,0x27e0,0x27e5,0x27ea,0x27ef,
	0x47e0,0x47e5,0x47ea,0x47ef,0x56e0,0x56e5,0x56ea,0x56ef,
	0x75e0,0x75e5,0x75ea,0x75ef,0x84e0,0x84e5,0x84ea,0x84ef,
	0x94e0,0x94e5,0x94ea,0x94ef,0xb3e0,0xb3e5,0xb3ea,0xb3ef,
	0xc2e0,0xc2e5,0xc2ea,0xc2ef,0xe2e0,0xe2e5,0xe2ea,0xe2ef,
	0xf1e0,0xf1e5,0xf1ea,0xf1ef,0x00e0,0x00e5,0x00ea,0x00ef,
	0xbaf0,0xbaf5,0xbafa,0xbaff,0xdaf0,0xdaf5,0xdafa,0xdaff,
	0xe9f0,0xe9f5,0xe9fa,0xe9ff,0x08f0,0x08f5,0x08fa,0x08ff,
	0x18f0,0x18f5,0x18fa,0x18ff,0x27f0,0x27f5,0x27fa,0x27ff,
	0x46f0,0x46f5,0x46fa,0x46ff,0x55f0,0x55f5,0x55fa,0x55ff,
	0x75f0,0x75f5,0x75fa,0x75ff,0x84f0,0x84f5,0x84fa,0x84ff,
	0x93f0,0x93f5,0x93fa,0x93ff,0xb3f0,0xb3f5,0xb3fa,0xb3ff,
	0xc2f0,0xc2f5,0xc2fa,0xc2ff,0xe1f0,0xe1f5,0xe1fa,0xe1ff,
	0xf0f0,0xf0f5,0xf0fa,0xf0ff,0x00f0,0x00f5,0x00fa,0x00ff,
	0xba10,0xba15,0xba1a,0xba1f,0xd910,0xd915,0xd91a,0xd91f,
	0xe910,0xe915,0xe91a,0xe91f,0x0810,0x0815,0x081a,0x081f,
	0x1710,0x1715,0x171a,0x171f,0x2710,0x2715,0x271a,0x271f,
	0x4610,0x4615,0x461a,0x461f,0x5510,0x5515,0x551a,0x551f,
	0x7410,0x7415,0x741a,0x741f,0x8410,0x8415,0x841a,0x841f,
	0x9310,0x9315,0x931a,0x931f,0xb210,0xb215,0xb21a,0xb21f,
	0xc210,0xc215,0xc21a,0xc21f,0xe110,0xe115,0xe11a,0xe11f,
	0xf010,0xf015,0xf01a,0xf01f,0x0f10,0x0f15,0x0f1a,0x0f1f,
	0xba30,0xba35,0xba3a,0xba3f,0xd930,0xd935,0xd93a,0xd93f,
	0xe830,0xe835,0xe83a,0xe83f,0x0830,0x0835,0x083a,0x083f,
	0x1730,0x1735,0x173a,0x173f,0x2630,0x2635,0x263a,0x263f,
	0x4630,0x4635,0x463a,0x463f,0x5530,0x5535,0x553a,0x553f,
	0x7430,0x7435,0x743a,0x743f,0x8330,0x8335,0x833a,0x833f,
	0x9330,0x9335,0x933a,0x933f,0xb230,0xb235,0xb23a,0xb23f,
	0xc130,0xc135,0xc13a,0xc13f,0xe130,0xe135,0xe13a,0xe13f,
	0xf030,0xf035,0xf03a,0xf03f,0x0f30,0x0f35,0x0f3a,0x0f3f,
	0xcf90,0xcf95,0xcf9a,0xcf9f,0xdf90,0xdf95,0xdf9a,0xdf9f,
	0xee90,0xee95,0xee9a,0xee9f,0x0d90,0x0d95,0x0d9a,0x0d9f,
	0x1c90,0x1c95,0x1c9a,0x1c9f,0x3c90,0x3c95,0x3c9a,0x3c9f,
	0x4b90,0x4b95,0x4b9a,0x4b9f,0x5a90,0x5a95,0x5a9a,0x5a9f,
	0x7a90,0x7a95,0x7a9a,0x7a9f,0x8990,0x8995,0x899a,0x899f,
	0xa890,0xa895,0xa89a,0xa89f,0xb790,0xb795,0xb79a,0xb79f,
	0xc790,0xc795,0xc79a,0xc79f,0xe690,0xe695,0xe69a,0xe69f,
	0xf590,0xf595,0xf59a,0xf59f,0x1590,0x1595,0x159a,0x159f,
	0xcfa0,0xcfa5,0xcfaa,0xcfaf,0xdea0,0xdea5,0xdeaa,0xdeaf,
	0xeda0,0xeda5,0xedaa,0xedaf,0x0da0,0x0da5,0x0daa,0x0daf,
	0x1ca0,0x1ca5,0x1caa,0x1caf,0x3ba0,0x3ba5,0x3baa,0x3baf,
	0x4ba0,0x4ba5,0x4baa,0x4baf,0x5aa0,0x5aa5,0x5aaa,0x5aaf,
	0x79a0,0x79a5,0x79aa,0x79af,0x88a0,0x88a5,0x88aa,0x88af,
	0xa8a0,0xa8a5,0xa8aa,0xa8af,0xb7a0,0xb7a5,0xb7aa,0xb7af,
	0xc6a0,0xc6a5,0xc6aa,0xc6af,0xe6a0,0xe6a5,0xe6aa,0xe6af,
	0xf5a0,0xf5a5,0xf5aa,0xf5af,0x14a0,0x14a5,0x14aa,0x14af,
	0xcfc0,0xcfc5,0xcfca,0xcfcf,0xdec0,0xdec5,0xdeca,0xdecf,
	0xedc0,0xedc5,0xedca,0xedcf,0x0cc0,0x0cc5,0x0cca,0x0ccf,
	0x1cc0,0x1cc5,0x1cca,0x1ccf,0x3bc0,0x3bc5,0x3bca,0x3bcf,
	0x4ac0,0x4ac5,0x4aca,0x4acf,0x5ac0,0x5ac5,0x5aca,0x5acf,
	0x79c0,0x79c5,0x79ca,0x79cf,0x88c0,0x88c5,0x88ca,0x88cf,
	0xa7c0,0xa7c5,0xa7ca,0xa7cf,0xb7c0,0xb7c5,0xb7ca,0xb7cf,
	0xc6c0,0xc6c5,0xc6ca,0xc6cf,0xe5c0,0xe5c5,0xe5ca,0xe5cf,
	0xf5c0,0xf5c5,0xf5ca,0xf5cf,0x14c0,0x14c5,0x14ca,0x14cf,
	0xcee0,0xcee5,0xceea,0xceef,0xdde0,0xdde5,0xddea,0xddef,
	0xede0,0xede5,0xedea,0xedef,0x0ce0,0x0ce5,0x0cea,0x0cef,
	0x1be0,0x1be5,0x1bea,0x1bef,0x3be0,0x3be5,0x3bea,0x3bef,
	0x4ae0,0x4ae5,0x4aea,0x4aef,0x59e0,0x59e5,0x59ea,0x59ef,
	0x78e0,0x78e5,0x78ea,0x78ef,0x88e0,0x88e5,0x88ea,0x88ef,
	0xa7e0,0xa7e5,0xa7ea,0xa7ef,0xb6e0,0xb6e5,0xb6ea,0xb6ef,
	0xc6e0,0xc6e5,0xc6ea,0xc6ef,0xe5e0,0xe5e5,0xe5ea,0xe5ef,
	0xf4e0,0xf4e5,0xf4ea,0xf4ef,0x13e0,0x13e5,0x13ea,0x13ef,
	0xce00,0xce05,0xce0a,0xce0f,0xdd00,0xdd05,0xdd0a,0xdd0f,
	0xec00,0xec05,0xec0a,0xec0f,0x0c00,0x0c05,0x0c0a,0x0c0f,
	0x1b00,0x1b05,0x1b0a,0x1b0f,0x3a00,0x3a05,0x3a0a,0x3a0f,
	0x4a00,0x4a05,0x4a0a,0x4a0f,0x5900,0x5905,0x590a,0x590f,
	0x7800,0x7805,0x780a,0x780f,0x8700,0x8705,0x870a,0x870f,
	0xa700,0xa705,0xa70a,0xa70f,0xb600,0xb605,0xb60a,0xb60f,
	0xc500,0xc505,0xc50a,0xc50f,0xe500,0xe505,0xe50a,0xe50f,
	0xf400,0xf405,0xf40a,0xf40f,0x1300,0x1305,0x130a,0x130f,
	0xcd10,0xcd15,0xcd1a,0xcd1f,0xdd10,0xdd15,0xdd1a,0xdd1f,
	0xec10,0xec15,0xec1a,0xec1f,0x0b10,0x0b15,0x0b1a,0x0b1f,
	0x1b10,0x1b15,0x1b1a,0x1b1f,0x3a10,0x3a15,0x3a1a,0x3a1f,
	0x4910,0x4915,0x491a,0x491f,0x5810,0x5815,0x581a,0x581f,
	0x7810,0x7815,0x781a,0x781f,0x8710,0x8715,0x871a,0x871f,
	0xa610,0xa615,0xa61a,0xa61f,0xb610,0xb615,0xb61a,0xb61f,
	0xc510,0xc515,0xc51a,0xc51f,0xe410,0xe415,0xe41a,0xe41f,
	0xf310,0xf315,0xf31a,0xf31f,0x1310,0x1315,0x131a,0x131f,
	0xcd30,0xcd35,0xcd3a,0xcd3f,0xdc30,0xdc35,0xdc3a,0xdc3f,
	0xec30,0xec35,0xec3a,0xec3f,0x0b30,0x0b35,0x0b3a,0x0b3f,
	0x1a30,0x1a35,0x1a3a,0x1a3f,0x3a30,0x3a35,0x3a3a,0x3a3f,
	0x4930,0x4935,0x493a,0x493f,0x5830,0x5835,0x583a,0x583f,
	0x7730,0x7735,0x773a,0x773f,0x8730,0x8735,0x873a,0x873f,
	0xa630,0xa635,0xa63a,0xa63f,0xb530,0xb535,0xb53a,0xb53f,
	0xc530,0xc535,0xc53a,0xc53f,0xe430,0xe435,0xe43a,0xe43f,
	0xf330,0xf335,0xf33a,0xf33f,0x1230,0x1235,0x123a,0x123f,
	0xcd50,0xcd55,0xcd5a,0xcd5f,0xdc50,0xdc55,0xdc5a,0xdc5f,
	0xeb50,0xeb55,0xeb5a,0xeb5f,0x0b50,0x0b55,0x0b5a,0x0b5f,
	0x1a50,0x1a55,0x1a5a,0x1a5f,0x3950,0x3955,0x395a,0x395f,
	0x4950,0x4955,0x495a,0x495f,0x5850,0x5855,0x585a,0x585f,
	0x7750,0x7755,0x775a,0x775f,0x8650,0x8655,0x865a,0x865f,
	0xa650,0xa655,0xa65a,0xa65f,0xb550,0xb555,0xb55a,0xb55f,
	0xc450,0xc455,0xc45a,0xc45f,0xe450,0xe455,0xe45a,0xe45f,
	0xf350,0xf355,0xf35a,0xf35f,0x1250,0x1255,0x125a,0x125f,
	0xcc70,0xcc75,0xcc7a,0xcc7f,0xdc70,0xdc75,0xdc7a,0xdc7f,
	0xeb70,0xeb75,0xeb7a,0xeb7f,0x0a70,0x0a75,0x0a7a,0x0a7f,
	0x1a70,0x1a75,0x1a7a,0x1a7f,0x3970,0x3975,0x397a,0x397f,
	0x4870,0x4875,0x487a,0x487f,0x5770,0x5775,0x577a,0x577f,
	0x7770,0x7775,0x777a,0x777f,0x8670,0x8675,0x867a,0x867f,
	0xa570,0xa575,0xa57a,0xa57f,0xb570,0xb575,0xb57a,0xb57f,
	0xc470,0xc475,0xc47a,0xc47f,0xe370,0xe375,0xe37a,0xe37f,
	0xf270,0xf275,0xf27a,0xf27f,0x1270,0x1275,0x127a,0x127f,
	0xcc90,0xcc95,0xcc9a,0xcc9f,0xdb90,0xdb95,0xdb9a,0xdb9f,
	0xeb90,0xeb95,0xeb9a,0xeb9f,0x0a90,0x0a95,0x0a9a,0x0a9f,
	0x1990,0x1995,0x199a,0x199f,0x3990,0x3995,0x399a,0x399f,
	0x4890,0x4895,0x489a,0x489f,0x5790,0x5795,0x579a,0x579f,
	0x7690,0x7695,0x769a,0x769f,0x8690,0x8695,0x869a,0x869f,
	0xa590,0xa595,0xa59a,0xa59f,0xb490,0xb495,0xb49a,0xb49f,
	0xc490,0xc495,0xc49a,0xc49f,0xe390,0xe395,0xe39a,0xe39f,
	0xf290,0xf295,0xf29a,0xf29f,0x1190,0x1195,0x119a,0x119f,
	0xcca0,0xcca5,0xccaa,0xccaf,0xdba0,0xdba5,0xdbaa,0xdbaf,
	0xeaa0,0xeaa5,0xeaaa,0xeaaf,0x0aa0,0x0aa5,0x0aaa,0x0aaf,
	0x19a0,0x19a5,0x19aa,0x19af,0x38a0,0x38a5,0x38aa,0x38af,
	0x47a0,0x47a5,0x47aa,0x47af,0x57a0,0x57a5,0x57aa,0x57af,
	0x76a0,0x76a5,0x76aa,0x76af,0x85a0,0x85a5,0x85aa,0x85af,
	0xa5a0,0xa5a5,0xa5aa,0xa5af,0xb4a0,0xb4a5,0xb4aa,0xb4af,
	0xc3a0,0xc3a5,0xc3aa,0xc3af,0xe2a0,0xe2a5,0xe2aa,0xe2af,
	0xf2a0,0xf2a5,0xf2aa,0xf2af,0x11a0,0x11a5,0x11aa,0x11af,
	0xcbc0,0xcbc5,0xcbca,0xcbcf,0xdbc0,0xdbc5,0xdbca,0xdbcf,
	0xeac0,0xeac5,0xeaca,0xeacf,0x09c0,0x09c5,0x09ca,0x09cf,
	0x19c0,0x19c5,0x19ca,0x19cf,0x38c0,0x38c5,0x38ca,0x38cf,
	0x47c0,0x47c5,0x47ca,0x47cf,0x56c0,0x56c5,0x56ca,0x56cf,
	0x76c0,0x76c5,0x76ca,0x76cf,0x85c0,0x85c5,0x85ca,0x85cf,
	0xa4c0,0xa4c5,0xa4ca,0xa4cf,0xb4c0,0xb4c5,0xb4ca,0xb4cf,
	0xc3c0,0xc3c5,0xc3ca,0xc3cf,0xe2c0,0xe2c5,0xe2ca,0xe2cf,
	0xf1c0,0xf1c5,0xf1ca,0xf1cf,0x11c0,0x11c5,0x11ca,0x11cf,
	0xcbe0,0xcbe5,0xcbea,0xcbef,0xdae0,0xdae5,0xdaea,0xdaef,
	0xeae0,0xeae5,0xeaea,0xeaef,0x09e0,0x09e5,0x09ea,0x09ef,
	0x18e0,0x18e5,0x18ea,0x18ef,0x38e0,0x38e5,0x38ea,0x38ef,
	0x47e0,0x47e5,0x47ea,0x47ef,0x56e0,0x56e5,0x56ea,0x56ef,
	0x75e0,0x75e5,0x75ea,0x75ef,0x85e0,0x85e5,0x85ea,0x85ef,
	0xa4e0,0xa4e5,0xa4ea,0xa4ef,0xb3e0,0xb3e5,0xb3ea,0xb3ef,
	0xc3e0,0xc3e5,0xc3ea,0xc3ef,0xe2e0,0xe2e5,0xe2ea,0xe2ef,
	0xf1e0,0xf1e5,0xf1ea,0xf1ef,0x10e0,0x10e5,0x10ea,0x10ef,
	0xcb00,0xcb05,0xcb0a,0xcb0f,0xda00,0xda05,0xda0a,0xda0f,
	0xe900,0xe905,0xe90a,0xe90f,0x0900,0x0905,0x090a,0x090f,
	0x1800,0x1805,0x180a,0x180f,0x3700,0x3705,0x370a,0x370f,
	0x4600,0x4605,0x460a,0x460f,0x5600,0x5605,0x560a,0x560f,
	0x7500,0x7505,0x750a,0x750f,0x8400,0x8405,0x840a,0x840f,
	0xa400,0xa405,0xa40a,0xa40f,0xb300,0xb305,0xb30a,0xb30f,
	0xc200,0xc205,0xc20a,0xc20f,0xe100,0xe105,0xe10a,0xe10f,
	0xf100,0xf105,0xf10a,0xf10f,0x1000,0x1005,0x100a,0x100f,
	0xca10,0xca15,0xca1a,0xca1f,0xda10,0xda15,0xda1a,0xda1f,
	0xe910,0xe915,0xe91a,0xe91f,0x0810,0x0815,0x081a,0x081f,
	0x1810,0x1815,0x181a,0x181f,0x3710,0x3715,0x371a,0x371f,
	0x4610,0x4615,0x461a,0x461f,0x5510,0x5515,0x551a,0x551f,
	0x7510,0x7515,0x751a,0x751f,0x8410,0x8415,0x841a,0x841f,
	0xa310,0xa315,0xa31a,0xa31f,0xb310,0xb315,0xb31a,0xb31f,
	0xc210,0xc215,0xc21a,0xc21f,0xe110,0xe115,0xe11a,0xe11f,
	0xf010,0xf015,0xf01a,0xf01f,0x1010,0x1015,0x101a,0x101f,
	0xca30,0xca35,0xca3a,0xca3f,0xd930,0xd935,0xd93a,0xd93f,
	0xe930,0xe935,0xe93a,0xe93f,0x0830,0x0835,0x083a,0x083f,
	0x1730,0x1735,0x173a,0x173f,0x3630,0x3635,0x363a,0x363f,
	0x4630,0x4635,0x463a,0x463f,0x5530,0x5535,0x553a,0x553f,
	0x7430,0x7435,0x743a,0x743f,0x8430,0x8435,0x843a,0x843f,
	0xa330,0xa335,0xa33a,0xa33f,0xb230,0xb235,0xb23a,0xb23f,
	0xc130,0xc135,0xc13a,0xc13f,0xe130,0xe135,0xe13a,0xe13f,
	0xf030,0xf035,0xf03a,0xf03f,0x1f30,0x1f35,0x1f3a,0x1f3f,
	0xcf90,0xcf95,0xcf9a,0xcf9f,0xdf90,0xdf95,0xdf9a,0xdf9f,
	0xfe90,0xfe95,0xfe9a,0xfe9f,0x0d90,0x0d95,0x0d9a,0x0d9f,
	0x1d90,0x1d95,0x1d9a,0x1d9f,0x3c90,0x3c95,0x3c9a,0x3c9f,
	0x4b90,0x4b95,0x4b9a,0x4b9f,0x6a90,0x6a95,0x6a9a,0x6a9f,
	0x7a90,0x7a95,0x7a9a,0x7a9f,0x8990,0x8995,0x899a,0x899f,
	0xa890,0xa895,0xa89a,0xa89f,0xb890,0xb895,0xb89a,0xb89f,
	0xd790,0xd795,0xd79a,0xd79f,0xe690,0xe695,0xe69a,0xe69f,
	0xf590,0xf595,0xf59a,0xf59f,0x1590,0x1595,0x159a,0x159f,
	0xcfb0,0xcfb5,0xcfba,0xcfbf,0xdeb0,0xdeb5,0xdeba,0xdebf,
	0xfeb0,0xfeb5,0xfeba,0xfebf,0x0db0,0x0db5,0x0dba,0x0dbf,
	0x1cb0,0x1cb5,0x1cba,0x1cbf,0x3cb0,0x3cb5,0x3cba,0x3cbf,
	0x4bb0,0x4bb5,0x4bba,0x4bbf,0x6ab0,0x6ab5,0x6aba,0x6abf,
	0x79b0,0x79b5,0x79ba,0x79bf,0x89b0,0x89b5,0x89ba,0x89bf,
	0xa8b0,0xa8b5,0xa8ba,0xa8bf,0xb7b0,0xb7b5,0xb7ba,0xb7bf,
	0xd7b0,0xd7b5,0xd7ba,0xd7bf,0xe6b0,0xe6b5,0xe6ba,0xe6bf,
	0xf5b0,0xf5b5,0xf5ba,0xf5bf,0x14b0,0x14b5,0x14ba,0x14bf,
	0xcfc0,0xcfc5,0xcfca,0xcfcf,0xdec0,0xdec5,0xdeca,0xdecf,
	0xfdc0,0xfdc5,0xfdca,0xfdcf,0x0dc0,0x0dc5,0x0dca,0x0dcf,
	0x1cc0,0x1cc5,0x1cca,0x1ccf,0x3bc0,0x3bc5,0x3bca,0x3bcf,
	0x4ac0,0x4ac5,0x4aca,0x4acf,0x6ac0,0x6ac5,0x6aca,0x6acf,
	0x79c0,0x79c5,0x79ca,0x79cf,0x88c0,0x88c5,0x88ca,0x88cf,
	0xa8c0,0xa8c5,0xa8ca,0xa8cf,0xb7c0,0xb7c5,0xb7ca,0xb7cf,
	0xd6c0,0xd6c5,0xd6ca,0xd6cf,0xe5c0,0xe5c5,0xe5ca,0xe5cf,
	0xf5c0,0xf5c5,0xf5ca,0xf5cf,0x14c0,0x14c5,0x14ca,0x14cf,
	0xcee0,0xcee5,0xceea,0xceef,0xdee0,0xdee5,0xdeea,0xdeef,
	0xfde0,0xfde5,0xfdea,0xfdef,0x0ce0,0x0ce5,0x0cea,0x0cef,
	0x1ce0,0x1ce5,0x1cea,0x1cef,0x3be0,0x3be5,0x3bea,0x3bef,
	0x4ae0,0x4ae5,0x4aea,0x4aef,0x69e0,0x69e5,0x69ea,0x69ef,
	0x79e0,0x79e5,0x79ea,0x79ef,0x88e0,0x88e5,0x88ea,0x88ef,
	0xa7e0,0xa7e5,0xa7ea,0xa7ef,0xb7e0,0xb7e5,0xb7ea,0xb7ef,
	0xd6e0,0xd6e5,0xd6ea,0xd6ef,0xe5e0,0xe5e5,0xe5ea,0xe5ef,
	0xf4e0,0xf4e5,0xf4ea,0xf4ef,0x14e0,0x14e5,0x14ea,0x14ef,
	0xce00,0xce05,0xce0a,0xce0f,0xdd00,0xdd05,0xdd0a,0xdd0f,
	0xfd00,0xfd05,0xfd0a,0xfd0f,0x0c00,0x0c05,0x0c0a,0x0c0f,
	0x1b00,0x1b05,0x1b0a,0x1b0f,0x3b00,0x3b05,0x3b0a,0x3b0f,
	0x4a00,0x4a05,0x4a0a,0x4a0f,0x6900,0x6905,0x690a,0x690f,
	0x7800,0x7805,0x780a,0x780f,0x8800,0x8805,0x880a,0x880f,
	0xa700,0xa705,0xa70a,0xa70f,0xb600,0xb605,0xb60a,0xb60f,
	0xd600,0xd605,0xd60a,0xd60f,0xe500,0xe505,0xe50a,0xe50f,
	0xf400,0xf405,0xf40a,0xf40f,0x1300,0x1305,0x130a,0x130f,
	0xce20,0xce25,0xce2a,0xce2f,0xdd20,0xdd25,0xdd2a,0xdd2f,
	0xfc20,0xfc25,0xfc2a,0xfc2f,0x0c20,0x0c25,0x0c2a,0x0c2f,
	0x1b20,0x1b25,0x1b2a,0x1b2f,0x3a20,0x3a25,0x3a2a,0x3a2f,
	0x4920,0x4925,0x492a,0x492f,0x6920,0x6925,0x692a,0x692f,
	0x7820,0x7825,0x782a,0x782f,0x8720,0x8725,0x872a,0x872f,
	0xa720,0xa725,0xa72a,0xa72f,0xb620,0xb625,0xb62a,0xb62f,
	0xd520,0xd525,0xd52a,0xd52f,0xe420,0xe425,0xe42a,0xe42f,
	0xf420,0xf425,0xf42a,0xf42f,0x1320,0x1325,0x132a,0x132f,
	0xcd30,0xcd35,0xcd3a,0xcd3f,0xdd30,0xdd35,0xdd3a,0xdd3f,
	0xfc30,0xfc35,0xfc3a,0xfc3f,0x0b30,0x0b35,0x0b3a,0x0b3f,
	0x1b30,0x1b35,0x1b3a,0x1b3f,0x3a30,0x3a35,0x3a3a,0x3a3f,
	0x4930,0x4935,0x493a,0x493f,0x6830,0x6835,0x683a,0x683f,
	0x7830,0x7835,0x783a,0x783f,0x8730,0x8735,0x873a,0x873f,
	0xa630,0xa635,0xa63a,0xa63f,0xb630,0xb635,0xb63a,0xb63f,
	0xd530,0xd535,0xd53a,0xd53f,0xe430,0xe435,0xe43a,0xe43f,
	0xf330,0xf335,0xf33a,0xf33f,0x1330,0x1335,0x133a,0x133f,
	0xcd50,0xcd55,0xcd5a,0xcd5f,0xdc50,0xdc55,0xdc5a,0xdc5f,
	0xfc50,0xfc55,0xfc5a,0xfc5f,0x0b50,0x0b55,0x0b5a,0x0b5f,
	0x1a50,0x1a55,0x1a5a,0x1a5f,0x3950,0x3955,0x395a,0x395f,
	0x4950,0x4955,0x495a,0x495f,0x6850,0x6855,0x685a,0x685f,
	0x7750,0x7755,0x775a,0x775f,0x8750,0x8755,0x875a,0x875f,
	0xa650,0xa655,0xa65a,0xa65f,0xb550,0xb555,0xb55a,0xb55f,
	0xd450,0xd455,0xd45a,0xd45f,0xe450,0xe455,0xe45a,0xe45f,
	0xf350,0xf355,0xf35a,0xf35f,0x1250,0x1255,0x125a,0x125f,
	0xcd70,0xcd75,0xcd7a,0xcd7f,0xdc70,0xdc75,0xdc7a,0xdc7f,
	0xfb70,0xfb75,0xfb7a,0xfb7f,0x0b70,0x0b75,0x0b7a,0x0b7f,
	0x1a70,0x1a75,0x1a7a,0x1a7f,0x3970,0x3975,0x397a,0x397f,
	0x4870,0x4875,0x487a,0x487f,0x6870,0x6875,0x687a,0x687f,
	0x7770,0x7775,0x777a,0x777f,0x8670,0x8675,0x867a,0x867f,
	0xa670,0xa675,0xa67a,0xa67f,0xb570,0xb575,0xb57a,0xb57f,
	0xd470,0xd475,0xd47a,0xd47f,0xe370,0xe375,0xe37a,0xe37f,
	0xf370,0xf375,0xf37a,0xf37f,0x1270,0x1275,0x127a,0x127f,
	0xcc90,0xcc95,0xcc9a,0xcc9f,0xdc90,0xdc95,0xdc9a,0xdc9f,
	0xfb90,0xfb95,0xfb9a,0xfb9f,0x0a90,0x0a95,0x0a9a,0x0a9f,
	0x1a90,0x1a95,0x1a9a,0x1a9f,0x3990,0x3995,0x399a,0x399f,
	0x4890,0x4895,0x489a,0x489f,0x6790,0x6795,0x679a,0x679f,
	0x7790,0x7795,0x779a,0x779f,0x8690,0x8695,0x869a,0x869f,
	0xa590,0xa595,0xa59a,0xa59f,0xb590,0xb595,0xb59a,0xb59f,
	0xd490,0xd495,0xd49a,0xd49f,0xe390,0xe395,0xe39a,0xe39f,
	0xf290,0xf295,0xf29a,0xf29f,0x1290,0x1295,0x129a,0x129f,
	0xccb0,0xccb5,0xccba,0xccbf,0xdbb0,0xdbb5,0xdbba,0xdbbf,
	0xfbb0,0xfbb5,0xfbba,0xfbbf,0x0ab0,0x0ab5,0x0aba,0x0abf,
	0x19b0,0x19b5,0x19ba,0x19bf,0x38b0,0x38b5,0x38ba,0x38bf,
	0x48b0,0x48b5,0x48ba,0x48bf,0x67b0,0x67b5,0x67ba,0x67bf,
	0x76b0,0x76b5,0x76ba,0x76bf,0x86b0,0x86b5,0x86ba,0x86bf,
	0xa5b0,0xa5b5,0xa5ba,0xa5bf,0xb4b0,0xb4b5,0xb4ba,0xb4bf,
	0xd3b0,0xd3b5,0xd3ba,0xd3bf,0xe3b0,0xe3b5,0xe3ba,0xe3bf,
	0xf2b0,0xf2b5,0xf2ba,0xf2bf,0x11b0,0x11b5,0x11ba,0x11bf,
	0xccc0,0xccc5,0xccca,0xcccf,0xdbc0,0xdbc5,0xdbca,0xdbcf,
	0xfac0,0xfac5,0xfaca,0xfacf,0x0ac0,0x0ac5,0x0aca,0x0acf,
	0x19c0,0x19c5,0x19ca,0x19cf,0x38c0,0x38c5,0x38ca,0x38cf,
	0x47c0,0x47c5,0x47ca,0x47cf,0x67c0,0x67c5,0x67ca,0x67cf,
	0x76c0,0x76c5,0x76ca,0x76cf,0x85c0,0x85c5,0x85ca,0x85cf,
	0xa5c0,0xa5c5,0xa5ca,0xa5cf,0xb4c0,0xb4c5,0xb4ca,0xb4cf,
	0xd3c0,0xd3c5,0xd3ca,0xd3cf,0xe2c0,0xe2c5,0xe2ca,0xe2cf,
	0xf2c0,0xf2c5,0xf2ca,0xf2cf,0x11c0,0x11c5,0x11ca,0x11cf,
	0xcbe0,0xcbe5,0xcbea,0xcbef,0xdbe0,0xdbe5,0xdbea,0xdbef,
	0xfae0,0xfae5,0xfaea,0xfaef,0x09e0,0x09e5,0x09ea,0x09ef,
	0x18e0,0x18e5,0x18ea,0x18ef,0x38e0,0x38e5,0x38ea,0x38ef,
	0x47e0,0x47e5,0x47ea,0x47ef,0x66e0,0x66e5,0x66ea,0x66ef,
	0x76e0,0x76e5,0x76ea,0x76ef,0x85e0,0x85e5,0x85ea,0x85ef,
	0xa4e0,0xa4e5,0xa4ea,0xa4ef,0xb3e0,0xb3e5,0xb3ea,0xb3ef,
	0xd3e0,0xd3e5,0xd3ea,0xd3ef,0xe2e0,0xe2e5,0xe2ea,0xe2ef,
	0xf1e0,0xf1e5,0xf1ea,0xf1ef,0x11e0,0x11e5,0x11ea,0x11ef,
	0xcb00,0xcb05,0xcb0a,0xcb0f,0xda00,0xda05,0xda0a,0xda0f,
	0xfa00,0xfa05,0xfa0a,0xfa0f,0x0900,0x0905,0x090a,0x090f,
	0x1800,0x1805,0x180a,0x180f,0x3700,0x3705,0x370a,0x370f,
	0x4700,0x4705,0x470a,0x470f,0x6600,0x6605,0x660a,0x660f,
	0x7500,0x7505,0x750a,0x750f,0x8500,0x8505,0x850a,0x850f,
	0xa400,0xa405,0xa40a,0xa40f,0xb300,0xb305,0xb30a,0xb30f,
	0xd200,0xd205,0xd20a,0xd20f,0xe200,0xe205,0xe20a,0xe20f,
	0xf100,0xf105,0xf10a,0xf10f,0x1000,0x1005,0x100a,0x100f,
	0xcb20,0xcb25,0xcb2a,0xcb2f,0xda20,0xda25,0xda2a,0xda2f,
	0xf920,0xf925,0xf92a,0xf92f,0x0920,0x0925,0x092a,0x092f,
	0x1820,0x1825,0x182a,0x182f,0x3720,0x3725,0x372a,0x372f,
	0x4620,0x4625,0x462a,0x462f,0x6620,0x6625,0x662a,0x662f,
	0x7520,0x7525,0x752a,0x752f,0x8420,0x8425,0x842a,0x842f,
	0xa420,0xa425,0xa42a,0xa42f,0xb320,0xb325,0xb32a,0xb32f,
	0xd220,0xd225,0xd22a,0xd22f,0xe120,0xe125,0xe12a,0xe12f,
	0xf120,0xf125,0xf12a,0xf12f,0x1020,0x1025,0x102a,0x102f,
	0xca30,0xca35,0xca3a,0xca3f,0xda30,0xda35,0xda3a,0xda3f,
	0xf930,0xf935,0xf93a,0xf93f,0x0830,0x0835,0x083a,0x083f,
	0x1730,0x1735,0x173a,0x173f,0x3730,0x3735,0x373a,0x373f,
	0x4630,0x4635,0x463a,0x463f,0x6530,0x6535,0x653a,0x653f,
	0x7530,0x7535,0x753a,0x753f,0x8430,0x8435,0x843a,0x843f,
	0xa330,0xa335,0xa33a,0xa33f,0xb230,0xb235,0xb23a,0xb23f,
	0xd230,0xd235,0xd23a,0xd23f,0xe130,0xe135,0xe13a,0xe13f,
	0xf030,0xf035,0xf03a,0xf03f,0x1030,0x1035,0x103a,0x103f,
	0xc090,0xc095,0xc09a,0xc09f,0xdf90,0xdf95,0xdf9a,0xdf9f,
	0xfe90,0xfe95,0xfe9a,0xfe9f,0x0e90,0x0e95,0x0e9a,0x0e9f,
	0x2d90,0x2d95,0x2d9a,0x2d9f,0x3c90,0x3c95,0x3c9a,0x3c9f,
	0x4b90,0x4b95,0x4b9a,0x4b9f,0x6b90,0x6b95,0x6b9a,0x6b9f,
	0x7a90,0x7a95,0x7a9a,0x7a9f,0x9990,0x9995,0x999a,0x999f,
	0xa990,0xa995,0xa99a,0xa99f,0xb890,0xb895,0xb89a,0xb89f,
	0xd790,0xd795,0xd79a,0xd79f,0xe690,0xe695,0xe69a,0xe69f,
	0x0690,0x0695,0x069a,0x069f,0x1590,0x1595,0x159a,0x159f,
	0xcfb0,0xcfb5,0xcfba,0xcfbf,0xdfb0,0xdfb5,0xdfba,0xdfbf,
	0xfeb0,0xfeb5,0xfeba,0xfebf,0x0db0,0x0db5,0x0dba,0x0dbf,
	0x2db0,0x2db5,0x2dba,0x2dbf,0x3cb0,0x3cb5,0x3cba,0x3cbf,
	0x4bb0,0x4bb5,0x4bba,0x4bbf,0x6ab0,0x6ab5,0x6aba,0x6abf,
	0x7ab0,0x7ab5,0x7aba,0x7abf,0x99b0,0x99b5,0x99ba,0x99bf,
	0xa8b0,0xa8b5,0xa8ba,0xa8bf,0xb8b0,0xb8b5,0xb8ba,0xb8bf,
	0xd7b0,0xd7b5,0xd7ba,0xd7bf,0xe6b0,0xe6b5,0xe6ba,0xe6bf,
	0x05b0,0x05b5,0x05ba,0x05bf,0x15b0,0x15b5,0x15ba,0x15bf,
	0xcfd0,0xcfd5,0xcfda,0xcfdf,0xded0,0xded5,0xdeda,0xdedf,
	0xfed0,0xfed5,0xfeda,0xfedf,0x0dd0,0x0dd5,0x0dda,0x0ddf,
	0x2cd0,0x2cd5,0x2cda,0x2cdf,0x3bd0,0x3bd5,0x3bda,0x3bdf,
	0x4bd0,0x4bd5,0x4bda,0x4bdf,0x6ad0,0x6ad5,0x6ada,0x6adf,
	0x79d0,0x79d5,0x79da,0x79df,0x99d0,0x99d5,0x99da,0x99df,
	0xa8d0,0xa8d5,0xa8da,0xa8df,0xb7d0,0xb7d5,0xb7da,0xb7df,
	0xd6d0,0xd6d5,0xd6da,0xd6df,0xe6d0,0xe6d5,0xe6da,0xe6df,
	0x05d0,0x05d5,0x05da,0x05df,0x14d0,0x14d5,0x14da,0x14df,
	0xcfe0,0xcfe5,0xcfea,0xcfef,0xdee0,0xdee5,0xdeea,0xdeef,
	0xfde0,0xfde5,0xfdea,0xfdef,0x0de0,0x0de5,0x0dea,0x0def,
	0x2ce0,0x2ce5,0x2cea,0x2cef,0x3be0,0x3be5,0x3bea,0x3bef,
	0x4ae0,0x4ae5,0x4aea,0x4aef,0x6ae0,0x6ae5,0x6aea,0x6aef,
	0x79e0,0x79e5,0x79ea,0x79ef,0x98e0,0x98e5,0x98ea,0x98ef,
	0xa8e0,0xa8e5,0xa8ea,0xa8ef,0xb7e0,0xb7e5,0xb7ea,0xb7ef,
	0xd6e0,0xd6e5,0xd6ea,0xd6ef,0xe5e0,0xe5e5,0xe5ea,0xe5ef,
	0x05e0,0x05e5,0x05ea,0x05ef,0x14e0,0x14e5,0x14ea,0x14ef,
	0xce00,0xce05,0xce0a,0xce0f,0xde00,0xde05,0xde0a,0xde0f,
	0xfd00,0xfd05,0xfd0a,0xfd0f,0x0c00,0x0c05,0x0c0a,0x0c0f,
	0x2b00,0x2b05,0x2b0a,0x2b0f,0x3b00,0x3b05,0x3b0a,0x3b0f,
	0x4a00,0x4a05,0x4a0a,0x4a0f,0x6900,0x6905,0x690a,0x690f,
	0x7900,0x7905,0x790a,0x790f,0x9800,0x9805,0x980a,0x980f,
	0xa700,0xa705,0xa70a,0xa70f,0xb600,0xb605,0xb60a,0xb60f,
	0xd600,0xd605,0xd60a,0xd60f,0xe500,0xe505,0xe50a,0xe50f,
	0x0400,0x0405,0x040a,0x040f,0x1400,0x1405,0x140a,0x140f,
	0xce20,0xce25,0xce2a,0xce2f,0xdd20,0xdd25,0xdd2a,0xdd2f,
	0xfd20,0xfd25,0xfd2a,0xfd2f,0x0c20,0x0c25,0x0c2a,0x0c2f,
	0x2b20,0x2b25,0x2b2a,0x2b2f,0x3a20,0x3a25,0x3a2a,0x3a2f,
	0x4a20,0x4a25,0x4a2a,0x4a2f,0x6920,0x6925,0x692a,0x692f,
	0x7820,0x7825,0x782a,0x782f,0x9820,0x9825,0x982a,0x982f,
	0xa720,0xa725,0xa72a,0xa72f,0xb620,0xb625,0xb62a,0xb62f,
	0xd520,0xd525,0xd52a,0xd52f,0xe520,0xe525,0xe52a,0xe52f,
	0x0420,0x0425,0x042a,0x042f,0x1320,0x1325,0x132a,0x132f,
	0xce40,0xce45,0xce4a,0xce4f,0xdd40,0xdd45,0xdd4a,0xdd4f,
	0xfc40,0xfc45,0xfc4a,0xfc4f,0x0c40,0x0c45,0x0c4a,0x0c4f,
	0x2b40,0x2b45,0x2b4a,0x2b4f,0x3a40,0x3a45,0x3a4a,0x3a4f,
	0x4940,0x4945,0x494a,0x494f,0x6940,0x6945,0x694a,0x694f,
	0x7840,0x7845,0x784a,0x784f,0x9740,0x9745,0x974a,0x974f,
	0xa740,0xa745,0xa74a,0xa74f,0xb640,0xb645,0xb64a,0xb64f,
	0xd540,0xd545,0xd54a,0xd54f,0xe440,0xe445,0xe44a,0xe44f,
	0x0440,0x0445,0x044a,0x044f,0x1340,0x1345,0x134a,0x134f,
	0xcd50,0xcd55,0xcd5a,0xcd5f,0xdd50,0xdd55,0xdd5a,0xdd5f,
	0xfc50,0xfc55,0xfc5a,0xfc5f,0x0b50,0x0b55,0x0b5a,0x0b5f,
	0x2a50,0x2a55,0x2a5a,0x2a5f,0x3a50,0x3a55,0x3a5a,0x3a5f,
	0x4950,0x4955,0x495a,0x495f,0x6850,0x6855,0x685a,0x685f,
	0x7850,0x7855,0x785a,0x785f,0x9750,0x9755,0x975a,0x975f,
	0xa650,0xa655,0xa65a,0xa65f,0xb550,0xb555,0xb55a,0xb55f,
	0xd550,0xd555,0xd55a,0xd55f,0xe450,0xe455,0xe45a,0xe45f,
	0x0350,0x0355,0x035a,0x035f,0x1350,0x1355,0x135a,0x135f,
	0xcd70,0xcd75,0xcd7a,0xcd7f,0xdc70,0xdc75,0xdc7a,0xdc7f,
	0xfc70,0xfc75,0xfc7a,0xfc7f,0x0b70,0x0b75,0x0b7a,0x0b7f,
	0x2a70,0x2a75,0x2a7a,0x2a7f,0x3970,0x3975,0x397a,0x397f,
	0x4970,0x4975,0x497a,0x497f,0x6870,0x6875,0x687a,0x687f,
	0x7770,0x7775,0x777a,0x777f,0x9770,0x9775,0x977a,0x977f,
	0xa670,0xa675,0xa67a,0xa67f,0xb570,0xb575,0xb57a,0xb57f,
	0xd470,0xd475,0xd47a,0xd47f,0xe470,0xe475,0xe47a,0xe47f,
	0x0370,0x0375,0x037a,0x037f,0x1270,0x1275,0x127a,0x127f,
	0xcd90,0xcd95,0xcd9a,0xcd9f,0xdc90,0xdc95,0xdc9a,0xdc9f,
	0xfb90,0xfb95,0xfb9a,0xfb9f,0x0a90,0x0a95,0x0a9a,0x0a9f,
	0x2a90,0x2a95,0x2a9a,0x2a9f,0x3990,0x3995,0x399a,0x399f,
	0x4890,0x4895,0x489a,0x489f,0x6890,0x6895,0x689a,0x689f,
	0x7790,0x7795,0x779a,0x779f,0x9690,0x9695,0x969a,0x969f,
	0xa590,0xa595,0xa59a,0xa59f,0xb590,0xb595,0xb59a,0xb59f,
	0xd490,0xd495,0xd49a,0xd49f,0xe390,0xe395,0xe39a,0xe39f,
	0x0390,0x0395,0x039a,0x039f,0x1290,0x1295,0x129a,0x129f,
	0xccb0,0xccb5,0xccba,0xccbf,0xdcb0,0xdcb5,0xdcba,0xdcbf,
	0xfbb0,0xfbb5,0xfbba,0xfbbf,0x0ab0,0x0ab5,0x0aba,0x0abf,
	0x29b0,0x29b5,0x29ba,0x29bf,0x39b0,0x39b5,0x39ba,0x39bf,
	0x48b0,0x48b5,0x48ba,0x48bf,0x67b0,0x67b5,0x67ba,0x67bf,
	0x77b0,0x77b5,0x77ba,0x77bf,0x96b0,0x96b5,0x96ba,0x96bf,
	0xa5b0,0xa5b5,0xa5ba,0xa5bf,0xb4b0,0xb4b5,0xb4ba,0xb4bf,
	0xd4b0,0xd4b5,0xd4ba,0xd4bf,0xe3b0,0xe3b5,0xe3ba,0xe3bf,
	0x02b0,0x02b5,0x02ba,0x02bf,0x12b0,0x12b5,0x12ba,0x12bf,
	0xccd0,0xccd5,0xccda,0xccdf,0xdbd0,0xdbd5,0xdbda,0xdbdf,
	0xfbd0,0xfbd5,0xfbda,0xfbdf,0x0ad0,0x0ad5,0x0ada,0x0adf,
	0x29d0,0x29d5,0x29da,0x29df,0x38d0,0x38d5,0x38da,0x38df,
	0x48d0,0x48d5,0x48da,0x48df,0x67d0,0x67d5,0x67da,0x67df,
	0x76d0,0x76d5,0x76da,0x76df,0x96d0,0x96d5,0x96da,0x96df,
	0xa5d0,0xa5d5,0xa5da,0xa5df,0xb4d0,0xb4d5,0xb4da,0xb4df,
	0xd3d0,0xd3d5,0xd3da,0xd3df,0xe3d0,0xe3d5,0xe3da,0xe3df,
	0x02d0,0x02d5,0x02da,0x02df,0x11d0,0x11d5,0x11da,0x11df,
	0xcce0,0xcce5,0xccea,0xccef,0xdbe0,0xdbe5,0xdbea,0xdbef,
	0xfae0,0xfae5,0xfaea,0xfaef,0x09e0,0x09e5,0x09ea,0x09ef,
	0x29e0,0x29e5,0x29ea,0x29ef,0x38e0,0x38e5,0x38ea,0x38ef,
	0x47e0,0x47e5,0x47ea,0x47ef,0x67e0,0x67e5,0x67ea,0x67ef,
	0x76e0,0x76e5,0x76ea,0x76ef,0x95e0,0x95e5,0x95ea,0x95ef,
	0xa4e0,0xa4e5,0xa4ea,0xa4ef,0xb4e0,0xb4e5,0xb4ea,0xb4ef,
	0xd3e0,0xd3e5,0xd3ea,0xd3ef,0xe2e0,0xe2e5,0xe2ea,0xe2ef,
	0x02e0,0x02e5,0x02ea,0x02ef,0x11e0,0x11e5,0x11ea,0x11ef,
	0xcb00,0xcb05,0xcb0a,0xcb0f,0xdb00,0xdb05,0xdb0a,0xdb0f,
	0xfa00,0xfa05,0xfa0a,0xfa0f,0x0900,0x0905,0x090a,0x090f,
	0x2800,0x2805,0x280a,0x280f,0x3800,0x3805,0x380a,0x380f,
	0x4700,0x4705,0x470a,0x470f,0x6600,0x6605,0x660a,0x660f,
	0x7600,0x7605,0x760a,0x760f,0x9500,0x9505,0x950a,0x950f,
	0xa400,0xa405,0xa40a,0xa40f,0xb300,0xb305,0xb30a,0xb30f,
	0xd300,0xd305,0xd30a,0xd30f,0xe200,0xe205,0xe20a,0xe20f,
	0x0100,0x0105,0x010a,0x010f,0x1100,0x1105,0x110a,0x110f,
	0xcb20,0xcb25,0xcb2a,0xcb2f,0xda20,0xda25,0xda2a,0xda2f,
	0xf920,0xf925,0xf92a,0xf92f,0x0920,0x0925,0x092a,0x092f,
	0x2820,0x2825,0x282a,0x282f,0x3720,0x3725,0x372a,0x372f,
	0x4720,0x4725,0x472a,0x472f,0x6620,0x6625,0x662a,0x662f,
	0x7520,0x7525,0x752a,0x752f,0x9420,0x9425,0x942a,0x942f,
	0xa420,0xa425,0xa42a,0xa42f,0xb320,0xb325,0xb32a,0xb32f,
	0xd220,0xd225,0xd22a,0xd22f,0xe220,0xe225,0xe22a,0xe22f,
	0x0120,0x0125,0x012a,0x012f,0x1020,0x1025,0x102a,0x102f,
	0xcb40,0xcb45,0xcb4a,0xcb4f,0xda40,0xda45,0xda4a,0xda4f,
	0xf940,0xf945,0xf94a,0xf94f,0x0840,0x0845,0x084a,0x084f,
	0x2840,0x2845,0x284a,0x284f,0x3740,0x3745,0x374a,0x374f,
	0x4640,0x4645,0x464a,0x464f,0x6640,0x6645,0x664a,0x664f,
	0x7540,0x7545,0x754a,0x754f,0x9440,0x9445,0x944a,0x944f,
	0xa340,0xa345,0xa34a,0xa34f,0xb340,0xb345,0xb34a,0xb34f,
	0xd240,0xd245,0xd24a,0xd24f,0xe140,0xe145,0xe14a,0xe14f,
	0x0140,0x0145,0x014a,0x014f,0x1040,0x1045,0x104a,0x104f,
	0xc090,0xc095,0xc09a,0xc09f,0xef90,0xef95,0xef9a,0xef9f,
	0xff90,0xff95,0xff9a,0xff9f,0x0e90,0x0e95,0x0e9a,0x0e9f,
	0x2d90,0x2d95,0x2d9a,0x2d9f,0x3c90,0x3c95,0x3c9a,0x3c9f,
	0x5c90,0x5c95,0x5c9a,0x5c9f,0x6b90,0x6b95,0x6b9a,0x6b9f,
	0x8a90,0x8a95,0x8a9a,0x8a9f,0x9a90,0x9a95,0x9a9a,0x9a9f,
	0xa990,0xa995,0xa99a,0xa99f,0xc890,0xc895,0xc89a,0xc89f,
	0xd790,0xd795,0xd79a,0xd79f,0xf790,0xf795,0xf79a,0xf79f,
	0x0690,0x0695,0x069a,0x069f,0x1590,0x1595,0x159a,0x159f,
	0xc0b0,0xc0b5,0xc0ba,0xc0bf,0xefb0,0xefb5,0xefba,0xefbf,
	0xfeb0,0xfeb5,0xfeba,0xfebf,0x0db0,0x0db5,0x0dba,0x0dbf,
	0x2db0,0x2db5,0x2dba,0x2dbf,0x3cb0,0x3cb5,0x3cba,0x3cbf,
	0x5bb0,0x5bb5,0x5bba,0x5bbf,0x6bb0,0x6bb5,0x6bba,0x6bbf,
	0x8ab0,0x8ab5,0x8aba,0x8abf,0x99b0,0x99b5,0x99ba,0x99bf,
	0xa8b0,0xa8b5,0xa8ba,0xa8bf,0xc8b0,0xc8b5,0xc8ba,0xc8bf,
	0xd7b0,0xd7b5,0xd7ba,0xd7bf,0xf6b0,0xf6b5,0xf6ba,0xf6bf,
	0x06b0,0x06b5,0x06ba,0x06bf,0x15b0,0x15b5,0x15ba,0x15bf,
	0xcfd0,0xcfd5,0xcfda,0xcfdf,0xefd0,0xefd5,0xefda,0xefdf,
	0xfed0,0xfed5,0xfeda,0xfedf,0x0dd0,0x0dd5,0x0dda,0x0ddf,
	0x2cd0,0x2cd5,0x2cda,0x2cdf,0x3cd0,0x3cd5,0x3cda,0x3cdf,
	0x5bd0,0x5bd5,0x5bda,0x5bdf,0x6ad0,0x6ad5,0x6ada,0x6adf,
	0x8ad0,0x8ad5,0x8ada,0x8adf,0x99d0,0x99d5,0x99da,0x99df,
	0xa8d0,0xa8d5,0xa8da,0xa8df,0xc7d0,0xc7d5,0xc7da,0xc7df,
	0xd7d0,0xd7d5,0xd7da,0xd7df,0xf6d0,0xf6d5,0xf6da,0xf6df,
	0x05d0,0x05d5,0x05da,0x05df,0x15d0,0x15d5,0x15da,0x15df,
	0xcff0,0xcff5,0xcffa,0xcfff,0xeef0,0xeef5,0xeefa,0xeeff,
	0xfef0,0xfef5,0xfefa,0xfeff,0x0df0,0x0df5,0x0dfa,0x0dff,
	0x2cf0,0x2cf5,0x2cfa,0x2cff,0x3bf0,0x3bf5,0x3bfa,0x3bff,
	0x5bf0,0x5bf5,0x5bfa,0x5bff,0x6af0,0x6af5,0x6afa,0x6aff,
	0x89f0,0x89f5,0x89fa,0x89ff,0x99f0,0x99f5,0x99fa,0x99ff,
	0xa8f0,0xa8f5,0xa8fa,0xa8ff,0xc7f0,0xc7f5,0xc7fa,0xc7ff,
	0xd6f0,0xd6f5,0xd6fa,0xd6ff,0xf6f0,0xf6f5,0xf6fa,0xf6ff,
	0x05f0,0x05f5,0x05fa,0x05ff,0x14f0,0x14f5,0x14fa,0x14ff,
	0xcf00,0xcf05,0xcf0a,0xcf0f,0xee00,0xee05,0xee0a,0xee0f,
	0xfd00,0xfd05,0xfd0a,0xfd0f,0x0c00,0x0c05,0x0c0a,0x0c0f,
	0x2c00,0x2c05,0x2c0a,0x2c0f,0x3b00,0x3b05,0x3b0a,0x3b0f,
	0x5a00,0x5a05,0x5a0a,0x5a0f,0x6a00,0x6a05,0x6a0a,0x6a0f,
	0x8900,0x8905,0x890a,0x890f,0x9800,0x9805,0x980a,0x980f,
	0xa700,0xa705,0xa70a,0xa70f,0xc700,0xc705,0xc70a,0xc70f,
	0xd600,0xd605,0xd60a,0xd60f,0xf500,0xf505,0xf50a,0xf50f,
	0x0500,0x0505,0x050a,0x050f,0x1400,0x1405,0x140a,0x140f,
	0xce20,0xce25,0xce2a,0xce2f,0xee20,0xee25,0xee2a,0xee2f,
	0xfd20,0xfd25,0xfd2a,0xfd2f,0x0c20,0x0c25,0x0c2a,0x0c2f,
	0x2b20,0x2b25,0x2b2a,0x2b2f,0x3b20,0x3b25,0x3b2a,0x3b2f,
	0x5a20,0x5a25,0x5a2a,0x5a2f,0x6920,0x6925,0x692a,0x692f,
	0x8920,0x8925,0x892a,0x892f,0x9820,0x9825,0x982a,0x982f,
	0xa720,0xa725,0xa72a,0xa72f,0xc620,0xc625,0xc62a,0xc62f,
	0xd620,0xd625,0xd62a,0xd62f,0xf520,0xf525,0xf52a,0xf52f,
	0x0420,0x0425,0x042a,0x042f,0x1420,0x1425,0x142a,0x142f,
	0xce40,0xce45,0xce4a,0xce4f,0xed40,0xed45,0xed4a,0xed4f,
	0xfc40,0xfc45,0xfc4a,0xfc4f,0x0c40,0x0c45,0x0c4a,0x0c4f,
	0x2b40,0x2b45,0x2b4a,0x2b4f,0x3a40,0x3a45,0x3a4a,0x3a4f,
	0x5a40,0x5a45,0x5a4a,0x5a4f,0x6940,0x6945,0x694a,0x694f,
	0x8840,0x8845,0x884a,0x884f,0x9740,0x9745,0x974a,0x974f,
	0xa740,0xa745,0xa74a,0xa74f,0xc640,0xc645,0xc64a,0xc64f,
	0xd540,0xd545,0xd54a,0xd54f,0xf540,0xf545,0xf54a,0xf54f,
	0x0440,0x0445,0x044a,0x044f,0x1340,0x1345,0x134a,0x134f,
	0xce60,0xce65,0xce6a,0xce6f,0xed60,0xed65,0xed6a,0xed6f,
	0xfc60,0xfc65,0xfc6a,0xfc6f,0x0b60,0x0b65,0x0b6a,0x0b6f,
	0x2b60,0x2b65,0x2b6a,0x2b6f,0x3a60,0x3a65,0x3a6a,0x3a6f,
	0x5960,0x5965,0x596a,0x596f,0x6960,0x6965,0x696a,0x696f,
	0x8860,0x8865,0x886a,0x886f,0x9760,0x9765,0x976a,0x976f,
	0xa660,0xa665,0xa66a,0xa66f,0xc660,0xc665,0xc66a,0xc66f,
	0xd560,0xd565,0xd56a,0xd56f,0xf460,0xf465,0xf46a,0xf46f,
	0x0460,0x0465,0x046a,0x046f,0x1360,0x1365,0x136a,0x136f,
	0xcd80,0xcd85,0xcd8a,0xcd8f,0xec80,0xec85,0xec8a,0xec8f,
	0xfc80,0xfc85,0xfc8a,0xfc8f,0x0b80,0x0b85,0x0b8a,0x0b8f,
	0x2a80,0x2a85,0x2a8a,0x2a8f,0x3a80,0x3a85,0x3a8a,0x3a8f,
	0x5980,0x5985,0x598a,0x598f,0x6880,0x6885,0x688a,0x688f,
	0x8880,0x8885,0x888a,0x888f,0x9780,0x9785,0x978a,0x978f,
	0xa680,0xa685,0xa68a,0xa68f,0xc580,0xc585,0xc58a,0xc58f,
	0xd580,0xd585,0xd58a,0xd58f,0xf480,0xf485,0xf48a,0xf48f,
	0x0380,0x0385,0x038a,0x038f,0x1380,0x1385,0x138a,0x138f,
	0xcd90,0xcd95,0xcd9a,0xcd9f,0xec90,0xec95,0xec9a,0xec9f,
	0xfb90,0xfb95,0xfb9a,0xfb9f,0x0b90,0x0b95,0x0b9a,0x0b9f,
	0x2a90,0x2a95,0x2a9a,0x2a9f,0x3990,0x3995,0x399a,0x399f,
	0x5990,0x5995,0x599a,0x599f,0x6890,0x6895,0x689a,0x689f,
	0x8790,0x8795,0x879a,0x879f,0x9690,0x9695,0x969a,0x969f,
	0xa690,0xa695,0xa69a,0xa69f,0xc590,0xc595,0xc59a,0xc59f,
	0xd490,0xd495,0xd49a,0xd49f,0xf490,0xf495,0xf49a,0xf49f,
	0x0390,0x0395,0x039a,0x039f,0x1290,0x1295,0x129a,0x129f,
	0xcdb0,0xcdb5,0xcdba,0xcdbf,0xecb0,0xecb5,0xecba,0xecbf,
	0xfbb0,0xfbb5,0xfbba,0xfbbf,0x0ab0,0x0ab5,0x0aba,0x0abf,
	0x2ab0,0x2ab5,0x2aba,0x2abf,0x39b0,0x39b5,0x39ba,0x39bf,
	0x58b0,0x58b5,0x58ba,0x58bf,0x68b0,0x68b5,0x68ba,0x68bf,
	0x87b0,0x87b5,0x87ba,0x87bf,0x96b0,0x96b5,0x96ba,0x96bf,
	0xa5b0,0xa5b5,0xa5ba,0xa5bf,0xc5b0,0xc5b5,0xc5ba,0xc5bf,
	0xd4b0,0xd4b5,0xd4ba,0xd4bf,0xf3b0,0xf3b5,0xf3ba,0xf3bf,
	0x03b0,0x03b5,0x03ba,0x03bf,0x12b0,0x12b5,0x12ba,0x12bf,
	0xccd0,0xccd5,0xccda,0xccdf,0xebd0,0xebd5,0xebda,0xebdf,
	0xfbd0,0xfbd5,0xfbda,0xfbdf,0x0ad0,0x0ad5,0x0ada,0x0adf,
	0x29d0,0x29d5,0x29da,0x29df,0x39d0,0x39d5,0x39da,0x39df,
	0x58d0,0x58d5,0x58da,0x58df,0x67d0,0x67d5,0x67da,0x67df,
	0x86d0,0x86d5,0x86da,0x86df,0x96d0,0x96d5,0x96da,0x96df,
	0xa5d0,0xa5d5,0xa5da,0xa5df,0xc4d0,0xc4d5,0xc4da,0xc4df,
	0xd4d0,0xd4d5,0xd4da,0xd4df,0xf3d0,0xf3d5,0xf3da,0xf3df,
	0x02d0,0x02d5,0x02da,0x02df,0x11d0,0x11d5,0x11da,0x11df,
	0xccf0,0xccf5,0xccfa,0xccff,0xebf0,0xebf5,0xebfa,0xebff,
	0xfaf0,0xfaf5,0xfafa,0xfaff,0x0af0,0x0af5,0x0afa,0x0aff,
	0x29f0,0x29f5,0x29fa,0x29ff,0x38f0,0x38f5,0x38fa,0x38ff,
	0x58f0,0x58f5,0x58fa,0x58ff,0x67f0,0x67f5,0x67fa,0x67ff,
	0x86f0,0x86f5,0x86fa,0x86ff,0x95f0,0x95f5,0x95fa,0x95ff,
	0xa5f0,0xa5f5,0xa5fa,0xa5ff,0xc4f0,0xc4f5,0xc4fa,0xc4ff,
	0xd3f0,0xd3f5,0xd3fa,0xd3ff,0xf3f0,0xf3f5,0xf3fa,0xf3ff,
	0x02f0,0x02f5,0x02fa,0x02ff,0x11f0,0x11f5,0x11fa,0x11ff,
	0xcb00,0xcb05,0xcb0a,0xcb0f,0xeb00,0xeb05,0xeb0a,0xeb0f,
	0xfa00,0xfa05,0xfa0a,0xfa0f,0x0900,0x0905,0x090a,0x090f,
	0x2900,0x2905,0x290a,0x290f,0x3800,0x3805,0x380a,0x380f,
	0x5700,0x5705,0x570a,0x570f,0x6600,0x6605,0x660a,0x660f,
	0x8600,0x8605,0x860a,0x860f,0x9500,0x9505,0x950a,0x950f,
	0xa400,0xa405,0xa40a,0xa40f,0xc400,0xc405,0xc40a,0xc40f,
	0xd300,0xd305,0xd30a,0xd30f,0xf200,0xf205,0xf20a,0xf20f,
	0x0100,0x0105,0x010a,0x010f,0x1100,0x1105,0x110a,0x110f,
	0xcb20,0xcb25,0xcb2a,0xcb2f,0xea20,0xea25,0xea2a,0xea2f,
	0xfa20,0xfa25,0xfa2a,0xfa2f,0x0920,0x0925,0x092a,0x092f,
	0x2820,0x2825,0x282a,0x282f,0x3820,0x3825,0x382a,0x382f,
	0x5720,0x5725,0x572a,0x572f,0x6620,0x6625,0x662a,0x662f,
	0x8520,0x8525,0x852a,0x852f,0x9520,0x9525,0x952a,0x952f,
	0xa420,0xa425,0xa42a,0xa42f,0xc320,0xc325,0xc32a,0xc32f,
	0xd320,0xd325,0xd32a,0xd32f,0xf220,0xf225,0xf22a,0xf22f,
	0x0120,0x0125,0x012a,0x012f,0x1020,0x1025,0x102a,0x102f,
	0xcb40,0xcb45,0xcb4a,0xcb4f,0xea40,0xea45,0xea4a,0xea4f,
	0xf940,0xf945,0xf94a,0xf94f,0x0940,0x0945,0x094a,0x094f,
	0x2840,0x2845,0x284a,0x284f,0x3740,0x3745,0x374a,0x374f,
	0x5740,0x5745,0x574a,0x574f,0x6640,0x6645,0x664a,0x664f,
	0x8540,0x8545,0x854a,0x854f,0x9440,0x9445,0x944a,0x944f,
	0xa440,0xa445,0xa44a,0xa44f,0xc340,0xc345,0xc34a,0xc34f,
	0xd240,0xd245,0xd24a,0xd24f,0xf240,0xf245,0xf24a,0xf24f,
	0x0140,0x0145,0x014a,0x014f,0x1040,0x1045,0x104a,0x104f,
	0xd0a0,0xd0a5,0xd0aa,0xd0af,0xe0a0,0xe0a5,0xe0aa,0xe0af,
	0xffa0,0xffa5,0xffaa,0xffaf,0x1ea0,0x1ea5,0x1eaa,0x1eaf,
	0x2da0,0x2da5,0x2daa,0x2daf,0x4da0,0x4da5,0x4daa,0x4daf,
	0x5ca0,0x5ca5,0x5caa,0x5caf,0x6ba0,0x6ba5,0x6baa,0x6baf,
	0x8ba0,0x8ba5,0x8baa,0x8baf,0x9aa0,0x9aa5,0x9aaa,0x9aaf,
	0xb9a0,0xb9a5,0xb9aa,0xb9af,0xc8a0,0xc8a5,0xc8aa,0xc8af,
	0xd8a0,0xd8a5,0xd8aa,0xd8af,0xf7a0,0xf7a5,0xf7aa,0xf7af,
	0x06a0,0x06a5,0x06aa,0x06af,0x26a0,0x26a5,0x26aa,0x26af,
	0xd0b0,0xd0b5,0xd0ba,0xd0bf,0xefb0,0xefb5,0xefba,0xefbf,
	0xfeb0,0xfeb5,0xfeba,0xfebf,0x1eb0,0x1eb5,0x1eba,0x1ebf,
	0x2db0,0x2db5,0x2dba,0x2dbf,0x4cb0,0x4cb5,0x4cba,0x4cbf,
	0x5cb0,0x5cb5,0x5cba,0x5cbf,0x6bb0,0x6bb5,0x6bba,0x6bbf,
	0x8ab0,0x8ab5,0x8aba,0x8abf,0x99b0,0x99b5,0x99ba,0x99bf,
	0xb9b0,0xb9b5,0xb9ba,0xb9bf,0xc8b0,0xc8b5,0xc8ba,0xc8bf,
	0xd7b0,0xd7b5,0xd7ba,0xd7bf,0xf7b0,0xf7b5,0xf7ba,0xf7bf,
	0x06b0,0x06b5,0x06ba,0x06bf,0x25b0,0x25b5,0x25ba,0x25bf,
	0xd0d0,0xd0d5,0xd0da,0xd0df,0xefd0,0xefd5,0xefda,0xefdf,
	0xfed0,0xfed5,0xfeda,0xfedf,0x1dd0,0x1dd5,0x1dda,0x1ddf,
	0x2dd0,0x2dd5,0x2dda,0x2ddf,0x4cd0,0x4cd5,0x4cda,0x4cdf,
	0x5bd0,0x5bd5,0x5bda,0x5bdf,0x6bd0,0x6bd5,0x6bda,0x6bdf,
	0x8ad0,0x8ad5,0x8ada,0x8adf,0x99d0,0x99d5,0x99da,0x99df,
	0xb8d0,0xb8d5,0xb8da,0xb8df,0xc8d0,0xc8d5,0xc8da,0xc8df,
	0xd7d0,0xd7d5,0xd7da,0xd7df,0xf6d0,0xf6d5,0xf6da,0xf6df,
	0x06d0,0x06d5,0x06da,0x06df,0x25d0,0x25d5,0x25da,0x25df,
	0xdff0,0xdff5,0xdffa,0xdfff,0xeef0,0xeef5,0xeefa,0xeeff,
	0xfef0,0xfef5,0xfefa,0xfeff,0x1df0,0x1df5,0x1dfa,0x1dff,
	0x2cf0,0x2cf5,0x2cfa,0x2cff,0x4cf0,0x4cf5,0x4cfa,0x4cff,
	0x5bf0,0x5bf5,0x5bfa,0x5bff,0x6af0,0x6af5,0x6afa,0x6aff,
	0x89f0,0x89f5,0x89fa,0x89ff,0x99f0,0x99f5,0x99fa,0x99ff,
	0xb8f0,0xb8f5,0xb8fa,0xb8ff,0xc7f0,0xc7f5,0xc7fa,0xc7ff,
	0xd7f0,0xd7f5,0xd7fa,0xd7ff,0xf6f0,0xf6f5,0xf6fa,0xf6ff,
	0x05f0,0x05f5,0x05fa,0x05ff,0x24f0,0x24f5,0x24fa,0x24ff,
	0xdf10,0xdf15,0xdf1a,0xdf1f,0xee10,0xee15,0xee1a,0xee1f,
	0xfd10,0xfd15,0xfd1a,0xfd1f,0x1d10,0x1d15,0x1d1a,0x1d1f,
	0x2c10,0x2c15,0x2c1a,0x2c1f,0x4b10,0x4b15,0x4b1a,0x4b1f,
	0x5b10,0x5b15,0x5b1a,0x5b1f,0x6a10,0x6a15,0x6a1a,0x6a1f,
	0x8910,0x8915,0x891a,0x891f,0x9810,0x9815,0x981a,0x981f,
	0xb810,0xb815,0xb81a,0xb81f,0xc710,0xc715,0xc71a,0xc71f,
	0xd610,0xd615,0xd61a,0xd61f,0xf610,0xf615,0xf61a,0xf61f,
	0x0510,0x0515,0x051a,0x051f,0x2410,0x2415,0x241a,0x241f,
	0xde20,0xde25,0xde2a,0xde2f,0xee20,0xee25,0xee2a,0xee2f,
	0xfd20,0xfd25,0xfd2a,0xfd2f,0x1c20,0x1c25,0x1c2a,0x1c2f,
	0x2c20,0x2c25,0x2c2a,0x2c2f,0x4b20,0x4b25,0x4b2a,0x4b2f,
	0x5a20,0x5a25,0x5a2a,0x5a2f,0x6920,0x6925,0x692a,0x692f,
	0x8920,0x8925,0x892a,0x892f,0x9820,0x9825,0x982a,0x982f,
	0xb720,0xb725,0xb72a,0xb72f,0xc720,0xc725,0xc72a,0xc72f,
	0xd620,0xd625,0xd62a,0xd62f,0xf520,0xf525,0xf52a,0xf52f,
	0x0420,0x0425,0x042a,0x042f,0x2420,0x2425,0x242a,0x242f,
	0xde40,0xde45,0xde4a,0xde4f,0xed40,0xed45,0xed4a,0xed4f,
	0xfd40,0xfd45,0xfd4a,0xfd4f,0x1c40,0x1c45,0x1c4a,0x1c4f,
	0x2b40,0x2b45,0x2b4a,0x2b4f,0x4b40,0x4b45,0x4b4a,0x4b4f,
	0x5a40,0x5a45,0x5a4a,0x5a4f,0x6940,0x6945,0x694a,0x694f,
	0x8840,0x8845,0x884a,0x884f,0x9840,0x9845,0x984a,0x984f,
	0xb740,0xb745,0xb74a,0xb74f,0xc640,0xc645,0xc64a,0xc64f,
	0xd640,0xd645,0xd64a,0xd64f,0xf540,0xf545,0xf54a,0xf54f,
	0x0440,0x0445,0x044a,0x044f,0x2340,0x2345,0x234a,0x234f,
	0xde60,0xde65,0xde6a,0xde6f,0xed60,0xed65,0xed6a,0xed6f,
	0xfc60,0xfc65,0xfc6a,0xfc6f,0x1c60,0x1c65,0x1c6a,0x1c6f,
	0x2b60,0x2b65,0x2b6a,0x2b6f,0x4a60,0x4a65,0x4a6a,0x4a6f,
	0x5a60,0x5a65,0x5a6a,0x5a6f,0x6960,0x6965,0x696a,0x696f,
	0x8860,0x8865,0x886a,0x886f,0x9760,0x9765,0x976a,0x976f,
	0xb760,0xb765,0xb76a,0xb76f,0xc660,0xc665,0xc66a,0xc66f,
	0xd560,0xd565,0xd56a,0xd56f,0xf560,0xf565,0xf56a,0xf56f,
	0x0460,0x0465,0x046a,0x046f,0x2360,0x2365,0x236a,0x236f,
	0xdd80,0xdd85,0xdd8a,0xdd8f,0xed80,0xed85,0xed8a,0xed8f,
	0xfc80,0xfc85,0xfc8a,0xfc8f,0x1b80,0x1b85,0x1b8a,0x1b8f,
	0x2b80,0x2b85,0x2b8a,0x2b8f,0x4a80,0x4a85,0x4a8a,0x4a8f,
	0x5980,0x5985,0x598a,0x598f,0x6880,0x6885,0x688a,0x688f,
	0x8880,0x8885,0x888a,0x888f,0x9780,0x9785,0x978a,0x978f,
	0xb680,0xb685,0xb68a,0xb68f,0xc680,0xc685,0xc68a,0xc68f,
	0xd580,0xd585,0xd58a,0xd58f,0xf480,0xf485,0xf48a,0xf48f,
	0x0380,0x0385,0x038a,0x038f,0x2380,0x2385,0x238a,0x238f,
	0xdda0,0xdda5,0xddaa,0xddaf,0xeca0,0xeca5,0xecaa,0xecaf,
	0xfca0,0xfca5,0xfcaa,0xfcaf,0x1ba0,0x1ba5,0x1baa,0x1baf,
	0x2aa0,0x2aa5,0x2aaa,0x2aaf,0x4aa0,0x4aa5,0x4aaa,0x4aaf,
	0x59a0,0x59a5,0x59aa,0x59af,0x68a0,0x68a5,0x68aa,0x68af,
	0x87a0,0x87a5,0x87aa,0x87af,0x97a0,0x97a5,0x97aa,0x97af,
	0xb6a0,0xb6a5,0xb6aa,0xb6af,0xc5a0,0xc5a5,0xc5aa,0xc5af,
	0xd5a0,0xd5a5,0xd5aa,0xd5af,0xf4a0,0xf4a5,0xf4aa,0xf4af,
	0x03a0,0x03a5,0x03aa,0x03af,0x22a0,0x22a5,0x22aa,0x22af,
	0xddb0,0xddb5,0xddba,0xddbf,0xecb0,0xecb5,0xecba,0xecbf,
	0xfbb0,0xfbb5,0xfbba,0xfbbf,0x1bb0,0x1bb5,0x1bba,0x1bbf,
	0x2ab0,0x2ab5,0x2aba,0x2abf,0x49b0,0x49b5,0x49ba,0x49bf,
	0x58b0,0x58b5,0x58ba,0x58bf,0x68b0,0x68b5,0x68ba,0x68bf,
	0x87b0,0x87b5,0x87ba,0x87bf,0x96b0,0x96b5,0x96ba,0x96bf,
	0xb6b0,0xb6b5,0xb6ba,0xb6bf,0xc5b0,0xc5b5,0xc5ba,0xc5bf,
	0xd4b0,0xd4b5,0xd4ba,0xd4bf,0xf3b0,0xf3b5,0xf3ba,0xf3bf,
	0x03b0,0x03b5,0x03ba,0x03bf,0x22b0,0x22b5,0x22ba,0x22bf,
	0xdcd0,0xdcd5,0xdcda,0xdcdf,0xecd0,0xecd5,0xecda,0xecdf,
	0xfbd0,0xfbd5,0xfbda,0xfbdf,0x1ad0,0x1ad5,0x1ada,0x1adf,
	0x2ad0,0x2ad5,0x2ada,0x2adf,0x49d0,0x49d5,0x49da,0x49df,
	0x58d0,0x58d5,0x58da,0x58df,0x67d0,0x67d5,0x67da,0x67df,
	0x87d0,0x87d5,0x87da,0x87df,0x96d0,0x96d5,0x96da,0x96df,
	0xb5d0,0xb5d5,0xb5da,0xb5df,0xc5d0,0xc5d5,0xc5da,0xc5df,
	0xd4d0,0xd4d5,0xd4da,0xd4df,0xf3d0,0xf3d5,0xf3da,0xf3df,
	0x02d0,0x02d5,0x02da,0x02df,0x22d0,0x22d5,0x22da,0x22df,
	0xdcf0,0xdcf5,0xdcfa,0xdcff,0xebf0,0xebf5,0xebfa,0xebff,
	0xfbf0,0xfbf5,0xfbfa,0xfbff,0x1af0,0x1af5,0x1afa,0x1aff,
	0x29f0,0x29f5,0x29fa,0x29ff,0x49f0,0x49f5,0x49fa,0x49ff,
	0x58f0,0x58f5,0x58fa,0x58ff,0x67f0,0x67f5,0x67fa,0x67ff,
	0x86f0,0x86f5,0x86fa,0x86ff,0x96f0,0x96f5,0x96fa,0x96ff,
	0xb5f0,0xb5f5,0xb5fa,0xb5ff,0xc4f0,0xc4f5,0xc4fa,0xc4ff,
	0xd4f0,0xd4f5,0xd4fa,0xd4ff,0xf3f0,0xf3f5,0xf3fa,0xf3ff,
	0x02f0,0x02f5,0x02fa,0x02ff,0x21f0,0x21f5,0x21fa,0x21ff,
	0xdc10,0xdc15,0xdc1a,0xdc1f,0xeb10,0xeb15,0xeb1a,0xeb1f,
	0xfa10,0xfa15,0xfa1a,0xfa1f,0x1a10,0x1a15,0x1a1a,0x1a1f,
	0x2910,0x2915,0x291a,0x291f,0x4810,0x4815,0x481a,0x481f,
	0x5710,0x5715,0x571a,0x571f,0x6710,0x6715,0x671a,0x671f,
	0x8610,0x8615,0x861a,0x861f,0x9510,0x9515,0x951a,0x951f,
	0xb510,0xb515,0xb51a,0xb51f,0xc410,0xc415,0xc41a,0xc41f,
	0xd310,0xd315,0xd31a,0xd31f,0xf210,0xf215,0xf21a,0xf21f,
	0x0210,0x0215,0x021a,0x021f,0x2110,0x2115,0x211a,0x211f,
	0xdb20,0xdb25,0xdb2a,0xdb2f,0xeb20,0xeb25,0xeb2a,0xeb2f,
	0xfa20,0xfa25,0xfa2a,0xfa2f,0x1920,0x1925,0x192a,0x192f,
	0x2920,0x2925,0x292a,0x292f,0x4820,0x4825,0x482a,0x482f,
	0x5720,0x5725,0x572a,0x572f,0x6620,0x6625,0x662a,0x662f,
	0x8620,0x8625,0x862a,0x862f,0x9520,0x9525,0x952a,0x952f,
	0xb420,0xb425,0xb42a,0xb42f,0xc420,0xc425,0xc42a,0xc42f,
	0xd320,0xd325,0xd32a,0xd32f,0xf220,0xf225,0xf22a,0xf22f,
	0x0120,0x0125,0x012a,0x012f,0x2120,0x2125,0x212a,0x212f,
	0xdb40,0xdb45,0xdb4a,0xdb4f,0xea40,0xea45,0xea4a,0xea4f,
	0xfa40,0xfa45,0xfa4a,0xfa4f,0x1940,0x1945,0x194a,0x194f,
	0x2840,0x2845,0x284a,0x284f,0x4740,0x4745,0x474a,0x474f,
	0x5740,0x5745,0x574a,0x574f,0x6640,0x6645,0x664a,0x664f,
	0x8540,0x8545,0x854a,0x854f,0x9540,0x9545,0x954a,0x954f,
	0xb440,0xb445,0xb44a,0xb44f,0xc340,0xc345,0xc34a,0xc34f,
	0xd240,0xd245,0xd24a,0xd24f,0xf240,0xf245,0xf24a,0xf24f,
	0x0140,0x0145,0x014a,0x014f,0x2040,0x2045,0x204a,0x204f,
	0xd0a0,0xd0a5,0xd0aa,0xd0af,0xe0a0,0xe0a5,0xe0aa,0xe0af,
	0x0fa0,0x0fa5,0x0faa,0x0faf,0x1ea0,0x1ea5,0x1eaa,0x1eaf,
	0x2ea0,0x2ea5,0x2eaa,0x2eaf,0x4da0,0x4da5,0x4daa,0x4daf,
	0x5ca0,0x5ca5,0x5caa,0x5caf,0x7ba0,0x7ba5,0x7baa,0x7baf,
	0x8ba0,0x8ba5,0x8baa,0x8baf,0x9aa0,0x9aa5,0x9aaa,0x9aaf,
	0xb9a0,0xb9a5,0xb9aa,0xb9af,0xc9a0,0xc9a5,0xc9aa,0xc9af,
	0xe8a0,0xe8a5,0xe8aa,0xe8af,0xf7a0,0xf7a5,0xf7aa,0xf7af,
	0x06a0,0x06a5,0x06aa,0x06af,0x26a0,0x26a5,0x26aa,0x26af,
	0xd0c0,0xd0c5,0xd0ca,0xd0cf,0xefc0,0xefc5,0xefca,0xefcf,
	0x0fc0,0x0fc5,0x0fca,0x0fcf,0x1ec0,0x1ec5,0x1eca,0x1ecf,
	0x2dc0,0x2dc5,0x2dca,0x2dcf,0x4dc0,0x4dc5,0x4dca,0x4dcf,
	0x5cc0,0x5cc5,0x5cca,0x5ccf,0x7bc0,0x7bc5,0x7bca,0x7bcf,
	0x8ac0,0x8ac5,0x8aca,0x8acf,0x9ac0,0x9ac5,0x9aca,0x9acf,
	0xb9c0,0xb9c5,0xb9ca,0xb9cf,0xc8c0,0xc8c5,0xc8ca,0xc8cf,
	0xe8c0,0xe8c5,0xe8ca,0xe8cf,0xf7c0,0xf7c5,0xf7ca,0xf7cf,
	0x06c0,0x06c5,0x06ca,0x06cf,0x25c0,0x25c5,0x25ca,0x25cf,
	0xd0d0,0xd0d5,0xd0da,0xd0df,0xefd0,0xefd5,0xefda,0xefdf,
	0x0ed0,0x0ed5,0x0eda,0x0edf,0x1ed0,0x1ed5,0x1eda,0x1edf,
	0x2dd0,0x2dd5,0x2dda,0x2ddf,0x4cd0,0x4cd5,0x4cda,0x4cdf,
	0x5bd0,0x5bd5,0x5bda,0x5bdf,0x7bd0,0x7bd5,0x7bda,0x7bdf,
	0x8ad0,0x8ad5,0x8ada,0x8adf,0x99d0,0x99d5,0x99da,0x99df,
	0xb9d0,0xb9d5,0xb9da,0xb9df,0xc8d0,0xc8d5,0xc8da,0xc8df,
	0xe7d0,0xe7d5,0xe7da,0xe7df,0xf6d0,0xf6d5,0xf6da,0xf6df,
	0x06d0,0x06d5,0x06da,0x06df,0x25d0,0x25d5,0x25da,0x25df,
	0xdff0,0xdff5,0xdffa,0xdfff,0xeff0,0xeff5,0xeffa,0xefff,
	0x0ef0,0x0ef5,0x0efa,0x0eff,0x1df0,0x1df5,0x1dfa,0x1dff,
	0x2df0,0x2df5,0x2dfa,0x2dff,0x4cf0,0x4cf5,0x4cfa,0x4cff,
	0x5bf0,0x5bf5,0x5bfa,0x5bff,0x7af0,0x7af5,0x7afa,0x7aff,
	0x8af0,0x8af5,0x8afa,0x8aff,0x99f0,0x99f5,0x99fa,0x99ff,
	0xb8f0,0xb8f5,0xb8fa,0xb8ff,0xc8f0,0xc8f5,0xc8fa,0xc8ff,
	0xe7f0,0xe7f5,0xe7fa,0xe7ff,0xf6f0,0xf6f5,0xf6fa,0xf6ff,
	0x05f0,0x05f5,0x05fa,0x05ff,0x25f0,0x25f5,0x25fa,0x25ff,
	0xdf10,0xdf15,0xdf1a,0xdf1f,0xee10,0xee15,0xee1a,0xee1f,
	0x0e10,0x0e15,0x0e1a,0x0e1f,0x1d10,0x1d15,0x1d1a,0x1d1f,
	0x2c10,0x2c15,0x2c1a,0x2c1f,0x4c10,0x4c15,0x4c1a,0x4c1f,
	0x5b10,0x5b15,0x5b1a,0x5b1f,0x7a10,0x7a15,0x7a1a,0x7a1f,
	0x8910,0x8915,0x891a,0x891f,0x9910,0x9915,0x991a,0x991f,
	0xb810,0xb815,0xb81a,0xb81f,0xc710,0xc715,0xc71a,0xc71f,
	0xe710,0xe715,0xe71a,0xe71f,0xf610,0xf615,0xf61a,0xf61f,
	0x0510,0x0515,0x051a,0x051f,0x2410,0x2415,0x241a,0x241f,
	0xdf30,0xdf35,0xdf3a,0xdf3f,0xee30,0xee35,0xee3a,0xee3f,
	0x0d30,0x0d35,0x0d3a,0x0d3f,0x1d30,0x1d35,0x1d3a,0x1d3f,
	0x2c30,0x2c35,0x2c3a,0x2c3f,0x4b30,0x4b35,0x4b3a,0x4b3f,
	0x5a30,0x5a35,0x5a3a,0x5a3f,0x7a30,0x7a35,0x7a3a,0x7a3f,
	0x8930,0x8935,0x893a,0x893f,0x9830,0x9835,0x983a,0x983f,
	0xb830,0xb835,0xb83a,0xb83f,0xc730,0xc735,0xc73a,0xc73f,
	0xe630,0xe635,0xe63a,0xe63f,0xf530,0xf535,0xf53a,0xf53f,
	0x0530,0x0535,0x053a,0x053f,0x2430,0x2435,0x243a,0x243f,
	0xde40,0xde45,0xde4a,0xde4f,0xee40,0xee45,0xee4a,0xee4f,
	0x0d40,0x0d45,0x0d4a,0x0d4f,0x1c40,0x1c45,0x1c4a,0x1c4f,
	0x2c40,0x2c45,0x2c4a,0x2c4f,0x4b40,0x4b45,0x4b4a,0x4b4f,
	0x5a40,0x5a45,0x5a4a,0x5a4f,0x7940,0x7945,0x794a,0x794f,
	0x8940,0x8945,0x894a,0x894f,0x9840,0x9845,0x984a,0x984f,
	0xb740,0xb745,0xb74a,0xb74f,0xc740,0xc745,0xc74a,0xc74f,
	0xe640,0xe645,0xe64a,0xe64f,0xf540,0xf545,0xf54a,0xf54f,
	0x0440,0x0445,0x044a,0x044f,0x2440,0x2445,0x244a,0x244f,
	0xde60,0xde65,0xde6a,0xde6f,0xed60,0xed65,0xed6a,0xed6f,
	0x0d60,0x0d65,0x0d6a,0x0d6f,0x1c60,0x1c65,0x1c6a,0x1c6f,
	0x2b60,0x2b65,0x2b6a,0x2b6f,0x4a60,0x4a65,0x4a6a,0x4a6f,
	0x5a60,0x5a65,0x5a6a,0x5a6f,0x7960,0x7965,0x796a,0x796f,
	0x8860,0x8865,0x886a,0x886f,0x9860,0x9865,0x986a,0x986f,
	0xb760,0xb765,0xb76a,0xb76f,0xc660,0xc665,0xc66a,0xc66f,
	0xe560,0xe565,0xe56a,0xe56f,0xf560,0xf565,0xf56a,0xf56f,
	0x0460,0x0465,0x046a,0x046f,0x2360,0x2365,0x236a,0x236f,
	0xde80,0xde85,0xde8a,0xde8f,0xed80,0xed85,0xed8a,0xed8f,
	0x0c80,0x0c85,0x0c8a,0x0c8f,0x1c80,0x1c85,0x1c8a,0x1c8f,
	0x2b80,0x2b85,0x2b8a,0x2b8f,0x4a80,0x4a85,0x4a8a,0x4a8f,
	0x5980,0x5985,0x598a,0x598f,0x7980,0x7985,0x798a,0x798f,
	0x8880,0x8885,0x888a,0x888f,0x9780,0x9785,0x978a,0x978f,
	0xb780,0xb785,0xb78a,0xb78f,0xc680,0xc685,0xc68a,0xc68f,
	0xe580,0xe585,0xe58a,0xe58f,0xf480,0xf485,0xf48a,0xf48f,
	0x0480,0x0485,0x048a,0x048f,0x2380,0x2385,0x238a,0x238f,
	0xdda0,0xdda5,0xddaa,0xddaf,0xeda0,0xeda5,0xedaa,0xedaf,
	0x0ca0,0x0ca5,0x0caa,0x0caf,0x1ba0,0x1ba5,0x1baa,0x1baf,
	0x2ba0,0x2ba5,0x2baa,0x2baf,0x4aa0,0x4aa5,0x4aaa,0x4aaf,
	0x59a0,0x59a5,0x59aa,0x59af,0x78a0,0x78a5,0x78aa,0x78af,
	0x88a0,0x88a5,0x88aa,0x88af,0x97a0,0x97a5,0x97aa,0x97af,
	0xb6a0,0xb6a5,0xb6aa,0xb6af,0xc6a0,0xc6a5,0xc6aa,0xc6af,
	0xe5a0,0xe5a5,0xe5aa,0xe5af,0xf4a0,0xf4a5,0xf4aa,0xf4af,
	0x03a0,0x03a5,0x03aa,0x03af,0x23a0,0x23a5,0x23aa,0x23af,
	0xddc0,0xddc5,0xddca,0xddcf,0xecc0,0xecc5,0xecca,0xeccf,
	0x0cc0,0x0cc5,0x0cca,0x0ccf,0x1bc0,0x1bc5,0x1bca,0x1bcf,
	0x2ac0,0x2ac5,0x2aca,0x2acf,0x49c0,0x49c5,0x49ca,0x49cf,
	0x59c0,0x59c5,0x59ca,0x59cf,0x78c0,0x78c5,0x78ca,0x78cf,
	0x87c0,0x87c5,0x87ca,0x87cf,0x97c0,0x97c5,0x97ca,0x97cf,
	0xb6c0,0xb6c5,0xb6ca,0xb6cf,0xc5c0,0xc5c5,0xc5ca,0xc5cf,
	0xe4c0,0xe4c5,0xe4ca,0xe4cf,0xf4c0,0xf4c5,0xf4ca,0xf4cf,
	0x03c0,0x03c5,0x03ca,0x03cf,0x22c0,0x22c5,0x22ca,0x22cf,
	0xddd0,0xddd5,0xddda,0xdddf,0xecd0,0xecd5,0xecda,0xecdf,
	0x0bd0,0x0bd5,0x0bda,0x0bdf,0x1bd0,0x1bd5,0x1bda,0x1bdf,
	0x2ad0,0x2ad5,0x2ada,0x2adf,0x49d0,0x49d5,0x49da,0x49df,
	0x58d0,0x58d5,0x58da,0x58df,0x78d0,0x78d5,0x78da,0x78df,
	0x87d0,0x87d5,0x87da,0x87df,0x96d0,0x96d5,0x96da,0x96df,
	0xb6d0,0xb6d5,0xb6da,0xb6df,0xc5d0,0xc5d5,0xc5da,0xc5df,
	0xe4d0,0xe4d5,0xe4da,0xe4df,0xf3d0,0xf3d5,0xf3da,0xf3df,
	0x03d0,0x03d5,0x03da,0x03df,0x22d0,0x22d5,0x22da,0x22df,
	0xdcf0,0xdcf5,0xdcfa,0xdcff,0xecf0,0xecf5,0xecfa,0xecff,
	0x0bf0,0x0bf5,0x0bfa,0x0bff,0x1af0,0x1af5,0x1afa,0x1aff,
	0x29f0,0x29f5,0x29fa,0x29ff,0x49f0,0x49f5,0x49fa,0x49ff,
	0x58f0,0x58f5,0x58fa,0x58ff,0x77f0,0x77f5,0x77fa,0x77ff,
	0x87f0,0x87f5,0x87fa,0x87ff,0x96f0,0x96f5,0x96fa,0x96ff,
	0xb5f0,0xb5f5,0xb5fa,0xb5ff,0xc4f0,0xc4f5,0xc4fa,0xc4ff,
	0xe4f0,0xe4f5,0xe4fa,0xe4ff,0xf3f0,0xf3f5,0xf3fa,0xf3ff,
	0x02f0,0x02f5,0x02fa,0x02ff,0x22f0,0x22f5,0x22fa,0x22ff,
	0xdc10,0xdc15,0xdc1a,0xdc1f,0xeb10,0xeb15,0xeb1a,0xeb1f,
	0x0b10,0x0b15,0x0b1a,0x0b1f,0x1a10,0x1a15,0x1a1a,0x1a1f,
	0x2910,0x2915,0x291a,0x291f,0x4810,0x4815,0x481a,0x481f,
	0x5810,0x5815,0x581a,0x581f,0x7710,0x7715,0x771a,0x771f,
	0x8610,0x8615,0x861a,0x861f,0x9610,0x9615,0x961a,0x961f,
	0xb510,0xb515,0xb51a,0xb51f,0xc410,0xc415,0xc41a,0xc41f,
	0xe310,0xe315,0xe31a,0xe31f,0xf310,0xf315,0xf31a,0xf31f,
	0x0210,0x0215,0x021a,0x021f,0x2110,0x2115,0x211a,0x211f,
	0xdc30,0xdc35,0xdc3a,0xdc3f,0xeb30,0xeb35,0xeb3a,0xeb3f,
	0x0a30,0x0a35,0x0a3a,0x0a3f,0x1a30,0x1a35,0x1a3a,0x1a3f,
	0x2930,0x2935,0x293a,0x293f,0x4830,0x4835,0x483a,0x483f,
	0x5730,0x5735,0x573a,0x573f,0x7730,0x7735,0x773a,0x773f,
	0x8630,0x8635,0x863a,0x863f,0x9530,0x9535,0x953a,0x953f,
	0xb530,0xb535,0xb53a,0xb53f,0xc430,0xc435,0xc43a,0xc43f,
	0xe330,0xe335,0xe33a,0xe33f,0xf230,0xf235,0xf23a,0xf23f,
	0x0230,0x0235,0x023a,0x023f,0x2130,0x2135,0x213a,0x213f,
	0xdb40,0xdb45,0xdb4a,0xdb4f,0xeb40,0xeb45,0xeb4a,0xeb4f,
	0x0a40,0x0a45,0x0a4a,0x0a4f,0x1940,0x1945,0x194a,0x194f,
	0x2840,0x2845,0x284a,0x284f,0x4840,0x4845,0x484a,0x484f,
	0x5740,0x5745,0x574a,0x574f,0x7640,0x7645,0x764a,0x764f,
	0x8640,0x8645,0x864a,0x864f,0x9540,0x9545,0x954a,0x954f,
	0xb440,0xb445,0xb44a,0xb44f,0xc340,0xc345,0xc34a,0xc34f,
	0xe340,0xe345,0xe34a,0xe34f,0xf240,0xf245,0xf24a,0xf24f,
	0x0140,0x0145,0x014a,0x014f,0x2140,0x2145,0x214a,0x214f,
	0xd1a0,0xd1a5,0xd1aa,0xd1af,0xe0a0,0xe0a5,0xe0aa,0xe0af,
	0x0fa0,0x0fa5,0x0faa,0x0faf,0x1fa0,0x1fa5,0x1faa,0x1faf,
	0x3ea0,0x3ea5,0x3eaa,0x3eaf,0x4da0,0x4da5,0x4daa,0x4daf,
	0x5ca0,0x5ca5,0x5caa,0x5caf,0x7ca0,0x7ca5,0x7caa,0x7caf,
	0x8ba0,0x8ba5,0x8baa,0x8baf,0xaaa0,0xaaa5,0xaaaa,0xaaaf,
	0xbaa0,0xbaa5,0xbaaa,0xbaaf,0xc9a0,0xc9a5,0xc9aa,0xc9af,
	0xe8a0,0xe8a5,0xe8aa,0xe8af,0xf7a0,0xf7a5,0xf7aa,0xf7af,
	0x17a0,0x17a5,0x17aa,0x17af,0x26a0,0x26a5,0x26aa,0x26af,
	0xd0c0,0xd0c5,0xd0ca,0xd0cf,0xe0c0,0xe0c5,0xe0ca,0xe0cf,
	0x0fc0,0x0fc5,0x0fca,0x0fcf,0x1ec0,0x1ec5,0x1eca,0x1ecf,
	0x3ec0,0x3ec5,0x3eca,0x3ecf,0x4dc0,0x4dc5,0x4dca,0x4dcf,
	0x5cc0,0x5cc5,0x5cca,0x5ccf,0x7bc0,0x7bc5,0x7bca,0x7bcf,
	0x8bc0,0x8bc5,0x8bca,0x8bcf,0xaac0,0xaac5,0xaaca,0xaacf,
	0xb9c0,0xb9c5,0xb9ca,0xb9cf,0xc9c0,0xc9c5,0xc9ca,0xc9cf,
	0xe8c0,0xe8c5,0xe8ca,0xe8cf,0xf7c0,0xf7c5,0xf7ca,0xf7cf,
	0x16c0,0x16c5,0x16ca,0x16cf,0x26c0,0x26c5,0x26ca,0x26cf,
	0xd0e0,0xd0e5,0xd0ea,0xd0ef,0xefe0,0xefe5,0xefea,0xefef,
	0x0fe0,0x0fe5,0x0fea,0x0fef,0x1ee0,0x1ee5,0x1eea,0x1eef,
	0x3de0,0x3de5,0x3dea,0x3def,0x4ce0,0x4ce5,0x4cea,0x4cef,
	0x5ce0,0x5ce5,0x5cea,0x5cef,0x7be0,0x7be5,0x7bea,0x7bef,
	0x8ae0,0x8ae5,0x8aea,0x8aef,0xaae0,0xaae5,0xaaea,0xaaef,
	0xb9e0,0xb9e5,0xb9ea,0xb9ef,0xc8e0,0xc8e5,0xc8ea,0xc8ef,
	0xe7e0,0xe7e5,0xe7ea,0xe7ef,0xf7e0,0xf7e5,0xf7ea,0xf7ef,
	0x16e0,0x16e5,0x16ea,0x16ef,0x25e0,0x25e5,0x25ea,0x25ef,
	0xd0f0,0xd0f5,0xd0fa,0xd0ff,0xeff0,0xeff5,0xeffa,0xefff,
	0x0ef0,0x0ef5,0x0efa,0x0eff,0x1ef0,0x1ef5,0x1efa,0x1eff,
	0x3df0,0x3df5,0x3dfa,0x3dff,0x4cf0,0x4cf5,0x4cfa,0x4cff,
	0x5bf0,0x5bf5,0x5bfa,0x5bff,0x7bf0,0x7bf5,0x7bfa,0x7bff,
	0x8af0,0x8af5,0x8afa,0x8aff,0xa9f0,0xa9f5,0xa9fa,0xa9ff,
	0xb9f0,0xb9f5,0xb9fa,0xb9ff,0xc8f0,0xc8f5,0xc8fa,0xc8ff,
	0xe7f0,0xe7f5,0xe7fa,0xe7ff,0xf6f0,0xf6f5,0xf6fa,0xf6ff,
	0x16f0,0x16f5,0x16fa,0x16ff,0x25f0,0x25f5,0x25fa,0x25ff,
	0xdf10,0xdf15,0xdf1a,0xdf1f,0xef10,0xef15,0xef1a,0xef1f,
	0x0e10,0x0e15,0x0e1a,0x0e1f,0x1d10,0x1d15,0x1d1a,0x1d1f,
	0x3c10,0x3c15,0x3c1a,0x3c1f,0x4c10,0x4c15,0x4c1a,0x4c1f,
	0x5b10,0x5b15,0x5b1a,0x5b1f,0x7a10,0x7a15,0x7a1a,0x7a1f,
	0x8a10,0x8a15,0x8a1a,0x8a1f,0xa910,0xa915,0xa91a,0xa91f,
	0xb810,0xb815,0xb81a,0xb81f,0xc710,0xc715,0xc71a,0xc71f,
	0xe710,0xe715,0xe71a,0xe71f,0xf610,0xf615,0xf61a,0xf61f,
	0x1510,0x1515,0x151a,0x151f,0x2510,0x2515,0x251a,0x251f,
	0xdf30,0xdf35,0xdf3a,0xdf3f,0xee30,0xee35,0xee3a,0xee3f,
	0x0e30,0x0e35,0x0e3a,0x0e3f,0x1d30,0x1d35,0x1d3a,0x1d3f,
	0x3c30,0x3c35,0x3c3a,0x3c3f,0x4b30,0x4b35,0x4b3a,0x4b3f,
	0x5b30,0x5b35,0x5b3a,0x5b3f,0x7a30,0x7a35,0x7a3a,0x7a3f,
	0x8930,0x8935,0x893a,0x893f,0xa930,0xa935,0xa93a,0xa93f,
	0xb830,0xb835,0xb83a,0xb83f,0xc730,0xc735,0xc73a,0xc73f,
	0xe630,0xe635,0xe63a,0xe63f,0xf630,0xf635,0xf63a,0xf63f,
	0x1530,0x1535,0x153a,0x153f,0x2430,0x2435,0x243a,0x243f,
	0xdf50,0xdf55,0xdf5a,0xdf5f,0xee50,0xee55,0xee5a,0xee5f,
	0x0d50,0x0d55,0x0d5a,0x0d5f,0x1d50,0x1d55,0x1d5a,0x1d5f,
	0x3c50,0x3c55,0x3c5a,0x3c5f,0x4b50,0x4b55,0x4b5a,0x4b5f,
	0x5a50,0x5a55,0x5a5a,0x5a5f,0x7a50,0x7a55,0x7a5a,0x7a5f,
	0x8950,0x8955,0x895a,0x895f,0xa850,0xa855,0xa85a,0xa85f,
	0xb850,0xb855,0xb85a,0xb85f,0xc750,0xc755,0xc75a,0xc75f,
	0xe650,0xe655,0xe65a,0xe65f,0xf550,0xf555,0xf55a,0xf55f,
	0x1550,0x1555,0x155a,0x155f,0x2450,0x2455,0x245a,0x245f,
	0xde60,0xde65,0xde6a,0xde6f,0xee60,0xee65,0xee6a,0xee6f,
	0x0d60,0x0d65,0x0d6a,0x0d6f,0x1c60,0x1c65,0x1c6a,0x1c6f,
	0x3b60,0x3b65,0x3b6a,0x3b6f,0x4b60,0x4b65,0x4b6a,0x4b6f,
	0x5a60,0x5a65,0x5a6a,0x5a6f,0x7960,0x7965,0x796a,0x796f,
	0x8960,0x8965,0x896a,0x896f,0xa860,0xa865,0xa86a,0xa86f,
	0xb760,0xb765,0xb76a,0xb76f,0xc660,0xc665,0xc66a,0xc66f,
	0xe660,0xe665,0xe66a,0xe66f,0xf560,0xf565,0xf56a,0xf56f,
	0x1460,0x1465,0x146a,0x146f,0x2460,0x2465,0x246a,0x246f,
	0xde80,0xde85,0xde8a,0xde8f,0xed80,0xed85,0xed8a,0xed8f,
	0x0d80,0x0d85,0x0d8a,0x0d8f,0x1c80,0x1c85,0x1c8a,0x1c8f,
	0x3b80,0x3b85,0x3b8a,0x3b8f,0x4a80,0x4a85,0x4a8a,0x4a8f,
	0x5a80,0x5a85,0x5a8a,0x5a8f,0x7980,0x7985,0x798a,0x798f,
	0x8880,0x8885,0x888a,0x888f,0xa880,0xa885,0xa88a,0xa88f,
	0xb780,0xb785,0xb78a,0xb78f,0xc680,0xc685,0xc68a,0xc68f,
	0xe580,0xe585,0xe58a,0xe58f,0xf580,0xf585,0xf58a,0xf58f,
	0x1480,0x1485,0x148a,0x148f,0x2380,0x2385,0x238a,0x238f,
	0xdea0,0xdea5,0xdeaa,0xdeaf,0xeda0,0xeda5,0xedaa,0xedaf,
	0x0ca0,0x0ca5,0x0caa,0x0caf,0x1ba0,0x1ba5,0x1baa,0x1baf,
	0x3ba0,0x3ba5,0x3baa,0x3baf,0x4aa0,0x4aa5,0x4aaa,0x4aaf,
	0x59a0,0x59a5,0x59aa,0x59af,0x79a0,0x79a5,0x79aa,0x79af,
	0x88a0,0x88a5,0x88aa,0x88af,0xa7a0,0xa7a5,0xa7aa,0xa7af,
	0xb6a0,0xb6a5,0xb6aa,0xb6af,0xc6a0,0xc6a5,0xc6aa,0xc6af,
	0xe5a0,0xe5a5,0xe5aa,0xe5af,0xf4a0,0xf4a5,0xf4aa,0xf4af,
	0x14a0,0x14a5,0x14aa,0x14af,0x23a0,0x23a5,0x23aa,0x23af,
	0xddc0,0xddc5,0xddca,0xddcf,0xedc0,0xedc5,0xedca,0xedcf,
	0x0cc0,0x0cc5,0x0cca,0x0ccf,0x1bc0,0x1bc5,0x1bca,0x1bcf,
	0x3ac0,0x3ac5,0x3aca,0x3acf,0x4ac0,0x4ac5,0x4aca,0x4acf,
	0x59c0,0x59c5,0x59ca,0x59cf,0x78c0,0x78c5,0x78ca,0x78cf,
	0x88c0,0x88c5,0x88ca,0x88cf,0xa7c0,0xa7c5,0xa7ca,0xa7cf,
	0xb6c0,0xb6c5,0xb6ca,0xb6cf,0xc5c0,0xc5c5,0xc5ca,0xc5cf,
	0xe5c0,0xe5c5,0xe5ca,0xe5cf,0xf4c0,0xf4c5,0xf4ca,0xf4cf,
	0x13c0,0x13c5,0x13ca,0x13cf,0x23c0,0x23c5,0x23ca,0x23cf,
	0xdde0,0xdde5,0xddea,0xddef,0xece0,0xece5,0xecea,0xecef,
	0x0ce0,0x0ce5,0x0cea,0x0cef,0x1be0,0x1be5,0x1bea,0x1bef,
	0x3ae0,0x3ae5,0x3aea,0x3aef,0x49e0,0x49e5,0x49ea,0x49ef,
	0x59e0,0x59e5,0x59ea,0x59ef,0x78e0,0x78e5,0x78ea,0x78ef,
	0x87e0,0x87e5,0x87ea,0x87ef,0xa7e0,0xa7e5,0xa7ea,0xa7ef,
	0xb6e0,0xb6e5,0xb6ea,0xb6ef,0xc5e0,0xc5e5,0xc5ea,0xc5ef,
	0xe4e0,0xe4e5,0xe4ea,0xe4ef,0xf4e0,0xf4e5,0xf4ea,0xf4ef,
	0x13e0,0x13e5,0x13ea,0x13ef,0x22e0,0x22e5,0x22ea,0x22ef,
	0xddf0,0xddf5,0xddfa,0xddff,0xecf0,0xecf5,0xecfa,0xecff,
	0x0bf0,0x0bf5,0x0bfa,0x0bff,0x1af0,0x1af5,0x1afa,0x1aff,
	0x3af0,0x3af5,0x3afa,0x3aff,0x49f0,0x49f5,0x49fa,0x49ff,
	0x58f0,0x58f5,0x58fa,0x58ff,0x78f0,0x78f5,0x78fa,0x78ff,
	0x87f0,0x87f5,0x87fa,0x87ff,0xa6f0,0xa6f5,0xa6fa,0xa6ff,
	0xb5f0,0xb5f5,0xb5fa,0xb5ff,0xc5f0,0xc5f5,0xc5fa,0xc5ff,
	0xe4f0,0xe4f5,0xe4fa,0xe4ff,0xf3f0,0xf3f5,0xf3fa,0xf3ff,
	0x13f0,0x13f5,0x13fa,0x13ff,0x22f0,0x22f5,0x22fa,0x22ff,
	0xdc10,0xdc15,0xdc1a,0xdc1f,0xec10,0xec15,0xec1a,0xec1f,
	0x0b10,0x0b15,0x0b1a,0x0b1f,0x1a10,0x1a15,0x1a1a,0x1a1f,
	0x3910,0x3915,0x391a,0x391f,0x4910,0x4915,0x491a,0x491f,
	0x5810,0x5815,0x581a,0x581f,0x7710,0x7715,0x771a,0x771f,
	0x8710,0x8715,0x871a,0x871f,0xa610,0xa615,0xa61a,0xa61f,
	0xb510,0xb515,0xb51a,0xb51f,0xc410,0xc415,0xc41a,0xc41f,
	0xe410,0xe415,0xe41a,0xe41f,0xf310,0xf315,0xf31a,0xf31f,
	0x1210,0x1215,0x121a,0x121f,0x2210,0x2215,0x221a,0x221f,
	0xdc30,0xdc35,0xdc3a,0xdc3f,0xeb30,0xeb35,0xeb3a,0xeb3f,
	0x0a30,0x0a35,0x0a3a,0x0a3f,0x1a30,0x1a35,0x1a3a,0x1a3f,
	0x3930,0x3935,0x393a,0x393f,0x4830,0x4835,0x483a,0x483f,
	0x5830,0x5835,0x583a,0x583f,0x7730,0x7735,0x773a,0x773f,
	0x8630,0x8635,0x863a,0x863f,0xa530,0xa535,0xa53a,0xa53f,
	0xb530,0xb535,0xb53a,0xb53f,0xc430,0xc435,0xc43a,0xc43f,
	0xe330,0xe335,0xe33a,0xe33f,0xf330,0xf335,0xf33a,0xf33f,
	0x1230,0x1235,0x123a,0x123f,0x2130,0x2135,0x213a,0x213f,
	0xdc50,0xdc55,0xdc5a,0xdc5f,0xeb50,0xeb55,0xeb5a,0xeb5f,
	0x0a50,0x0a55,0x0a5a,0x0a5f,0x1950,0x1955,0x195a,0x195f,
	0x3950,0x3955,0x395a,0x395f,0x4850,0x4855,0x485a,0x485f,
	0x5750,0x5755,0x575a,0x575f,0x7750,0x7755,0x775a,0x775f,
	0x8650,0x8655,0x865a,0x865f,0xa550,0xa555,0xa55a,0xa55f,
	0xb450,0xb455,0xb45a,0xb45f,0xc450,0xc455,0xc45a,0xc45f,
	0xe350,0xe355,0xe35a,0xe35f,0xf250,0xf255,0xf25a,0xf25f,
	0x1250,0x1255,0x125a,0x125f,0x2150,0x2155,0x215a,0x215f,
	0xd1a0,0xd1a5,0xd1aa,0xd1af,0xf0a0,0xf0a5,0xf0aa,0xf0af,
	0x00a0,0x00a5,0x00aa,0x00af,0x1fa0,0x1fa5,0x1faa,0x1faf,
	0x3ea0,0x3ea5,0x3eaa,0x3eaf,0x4da0,0x4da5,0x4daa,0x4daf,
	0x6da0,0x6da5,0x6daa,0x6daf,0x7ca0,0x7ca5,0x7caa,0x7caf,
	0x9ba0,0x9ba5,0x9baa,0x9baf,0xaba0,0xaba5,0xabaa,0xabaf,
	0xbaa0,0xbaa5,0xbaaa,0xbaaf,0xd9a0,0xd9a5,0xd9aa,0xd9af,
	0xe8a0,0xe8a5,0xe8aa,0xe8af,0x08a0,0x08a5,0x08aa,0x08af,
	0x17a0,0x17a5,0x17aa,0x17af,0x26a0,0x26a5,0x26aa,0x26af,
	0xd1c0,0xd1c5,0xd1ca,0xd1cf,0xf0c0,0xf0c5,0xf0ca,0xf0cf,
	0x0fc0,0x0fc5,0x0fca,0x0fcf,0x1ec0,0x1ec5,0x1eca,0x1ecf,
	0x3ec0,0x3ec5,0x3eca,0x3ecf,0x4dc0,0x4dc5,0x4dca,0x4dcf,
	0x6cc0,0x6cc5,0x6cca,0x6ccf,0x7cc0,0x7cc5,0x7cca,0x7ccf,
	0x9bc0,0x9bc5,0x9bca,0x9bcf,0xaac0,0xaac5,0xaaca,0xaacf,
	0xb9c0,0xb9c5,0xb9ca,0xb9cf,0xd9c0,0xd9c5,0xd9ca,0xd9cf,
	0xe8c0,0xe8c5,0xe8ca,0xe8cf,0x07c0,0x07c5,0x07ca,0x07cf,
	0x17c0,0x17c5,0x17ca,0x17cf,0x26c0,0x26c5,0x26ca,0x26cf,
	0xd0e0,0xd0e5,0xd0ea,0xd0ef,0xf0e0,0xf0e5,0xf0ea,0xf0ef,
	0x0fe0,0x0fe5,0x0fea,0x0fef,0x1ee0,0x1ee5,0x1eea,0x1eef,
	0x3de0,0x3de5,0x3dea,0x3def,0x4de0,0x4de5,0x4dea,0x4def,
	0x6ce0,0x6ce5,0x6cea,0x6cef,0x7be0,0x7be5,0x7bea,0x7bef,
	0x9be0,0x9be5,0x9bea,0x9bef,0xaae0,0xaae5,0xaaea,0xaaef,
	0xb9e0,0xb9e5,0xb9ea,0xb9ef,0xd8e0,0xd8e5,0xd8ea,0xd8ef,
	0xe8e0,0xe8e5,0xe8ea,0xe8ef,0x07e0,0x07e5,0x07ea,0x07ef,
	0x16e0,0x16e5,0x16ea,0x16ef,0x26e0,0x26e5,0x26ea,0x26ef,
	0xd000,0xd005,0xd00a,0xd00f,0xff00,0xff05,0xff0a,0xff0f,
	0x0f00,0x0f05,0x0f0a,0x0f0f,0x1e00,0x1e05,0x1e0a,0x1e0f,
	0x3d00,0x3d05,0x3d0a,0x3d0f,0x4c00,0x4c05,0x4c0a,0x4c0f,
	0x6c00,0x6c05,0x6c0a,0x6c0f,0x7b00,0x7b05,0x7b0a,0x7b0f,
	0x9a00,0x9a05,0x9a0a,0x9a0f,0xaa00,0xaa05,0xaa0a,0xaa0f,
	0xb900,0xb905,0xb90a,0xb90f,0xd800,0xd805,0xd80a,0xd80f,
	0xe700,0xe705,0xe70a,0xe70f,0x0700,0x0705,0x070a,0x070f,
	0x1600,0x1605,0x160a,0x160f,0x2500,0x2505,0x250a,0x250f,
	0xd010,0xd015,0xd01a,0xd01f,0xff10,0xff15,0xff1a,0xff1f,
	0x0e10,0x0e15,0x0e1a,0x0e1f,0x1d10,0x1d15,0x1d1a,0x1d1f,
	0x3d10,0x3d15,0x3d1a,0x3d1f,0x4c10,0x4c15,0x4c1a,0x4c1f,
	0x6b10,0x6b15,0x6b1a,0x6b1f,0x7b10,0x7b15,0x7b1a,0x7b1f,
	0x9a10,0x9a15,0x9a1a,0x9a1f,0xa910,0xa915,0xa91a,0xa91f,
	0xb810,0xb815,0xb81a,0xb81f,0xd810,0xd815,0xd81a,0xd81f,
	0xe710,0xe715,0xe71a,0xe71f,0x0610,0x0615,0x061a,0x061f,
	0x1610,0x1615,0x161a,0x161f,0x2510,0x2515,0x251a,0x251f,
	0xdf30,0xdf35,0xdf3a,0xdf3f,0xff30,0xff35,0xff3a,0xff3f,
	0x0e30,0x0e35,0x0e3a,0x0e3f,0x1d30,0x1d35,0x1d3a,0x1d3f,
	0x3c30,0x3c35,0x3c3a,0x3c3f,0x4c30,0x4c35,0x4c3a,0x4c3f,
	0x6b30,0x6b35,0x6b3a,0x6b3f,0x7a30,0x7a35,0x7a3a,0x7a3f,
	0x9a30,0x9a35,0x9a3a,0x9a3f,0xa930,0xa935,0xa93a,0xa93f,
	0xb830,0xb835,0xb83a,0xb83f,0xd730,0xd735,0xd73a,0xd73f,
	0xe730,0xe735,0xe73a,0xe73f,0x0630,0x0635,0x063a,0x063f,
	0x1530,0x1535,0x153a,0x153f,0x2530,0x2535,0x253a,0x253f,
	0xdf50,0xdf55,0xdf5a,0xdf5f,0xfe50,0xfe55,0xfe5a,0xfe5f,
	0x0d50,0x0d55,0x0d5a,0x0d5f,0x1d50,0x1d55,0x1d5a,0x1d5f,
	0x3c50,0x3c55,0x3c5a,0x3c5f,0x4b50,0x4b55,0x4b5a,0x4b5f,
	0x6b50,0x6b55,0x6b5a,0x6b5f,0x7a50,0x7a55,0x7a5a,0x7a5f,
	0x9950,0x9955,0x995a,0x995f,0xa850,0xa855,0xa85a,0xa85f,
	0xb850,0xb855,0xb85a,0xb85f,0xd750,0xd755,0xd75a,0xd75f,
	0xe650,0xe655,0xe65a,0xe65f,0x0650,0x0655,0x065a,0x065f,
	0x1550,0x1555,0x155a,0x155f,0x2450,0x2455,0x245a,0x245f,
	0xdf70,0xdf75,0xdf7a,0xdf7f,0xfe70,0xfe75,0xfe7a,0xfe7f,
	0x0d70,0x0d75,0x0d7a,0x0d7f,0x1c70,0x1c75,0x1c7a,0x1c7f,
	0x3c70,0x3c75,0x3c7a,0x3c7f,0x4b70,0x4b75,0x4b7a,0x4b7f,
	0x6a70,0x6a75,0x6a7a,0x6a7f,0x7a70,0x7a75,0x7a7a,0x7a7f,
	0x9970,0x9975,0x997a,0x997f,0xa870,0xa875,0xa87a,0xa87f,
	0xb770,0xb775,0xb77a,0xb77f,0xd770,0xd775,0xd77a,0xd77f,
	0xe670,0xe675,0xe67a,0xe67f,0x0570,0x0575,0x057a,0x057f,
	0x1570,0x1575,0x157a,0x157f,0x2470,0x2475,0x247a,0x247f,
	0xde90,0xde95,0xde9a,0xde9f,0xfd90,0xfd95,0xfd9a,0xfd9f,
	0x0d90,0x0d95,0x0d9a,0x0d9f,0x1c90,0x1c95,0x1c9a,0x1c9f,
	0x3b90,0x3b95,0x3b9a,0x3b9f,0x4b90,0x4b95,0x4b9a,0x4b9f,
	0x6a90,0x6a95,0x6a9a,0x6a9f,0x7990,0x7995,0x799a,0x799f,
	0x9990,0x9995,0x999a,0x999f,0xa890,0xa895,0xa89a,0xa89f,
	0xb790,0xb795,0xb79a,0xb79f,0xd690,0xd695,0xd69a,0xd69f,
	0xe690,0xe695,0xe69a,0xe69f,0x0590,0x0595,0x059a,0x059f,
	0x1490,0x1495,0x149a,0x149f,0x2490,0x2495,0x249a,0x249f,
	0xdea0,0xdea5,0xdeaa,0xdeaf,0xfda0,0xfda5,0xfdaa,0xfdaf,
	0x0ca0,0x0ca5,0x0caa,0x0caf,0x1ca0,0x1ca5,0x1caa,0x1caf,
	0x3ba0,0x3ba5,0x3baa,0x3baf,0x4aa0,0x4aa5,0x4aaa,0x4aaf,
	0x6aa0,0x6aa5,0x6aaa,0x6aaf,0x79a0,0x79a5,0x79aa,0x79af,
	0x98a0,0x98a5,0x98aa,0x98af,0xa7a0,0xa7a5,0xa7aa,0xa7af,
	0xb7a0,0xb7a5,0xb7aa,0xb7af,0xd6a0,0xd6a5,0xd6aa,0xd6af,
	0xe5a0,0xe5a5,0xe5aa,0xe5af,0x05a0,0x05a5,0x05aa,0x05af,
	0x14a0,0x14a5,0x14aa,0x14af,0x23a0,0x23a5,0x23aa,0x23af,
	0xdec0,0xdec5,0xdeca,0xdecf,0xfdc0,0xfdc5,0xfdca,0xfdcf,
	0x0cc0,0x0cc5,0x0cca,0x0ccf,0x1bc0,0x1bc5,0x1bca,0x1bcf,
	0x3bc0,0x3bc5,0x3bca,0x3bcf,0x4ac0,0x4ac5,0x4aca,0x4acf,
	0x69c0,0x69c5,0x69ca,0x69cf,0x79c0,0x79c5,0x79ca,0x79cf,
	0x98c0,0x98c5,0x98ca,0x98cf,0xa7c0,0xa7c5,0xa7ca,0xa7cf,
	0xb6c0,0xb6c5,0xb6ca,0xb6cf,0xd6c0,0xd6c5,0xd6ca,0xd6cf,
	0xe5c0,0xe5c5,0xe5ca,0xe5cf,0x04c0,0x04c5,0x04ca,0x04cf,
	0x14c0,0x14c5,0x14ca,0x14cf,0x23c0,0x23c5,0x23ca,0x23cf,
	0xdde0,0xdde5,0xddea,0xddef,0xfce0,0xfce5,0xfcea,0xfcef,
	0x0ce0,0x0ce5,0x0cea,0x0cef,0x1be0,0x1be5,0x1bea,0x1bef,
	0x3ae0,0x3ae5,0x3aea,0x3aef,0x4ae0,0x4ae5,0x4aea,0x4aef,
	0x69e0,0x69e5,0x69ea,0x69ef,0x78e0,0x78e5,0x78ea,0x78ef,
	0x97e0,0x97e5,0x97ea,0x97ef,0xa7e0,0xa7e5,0xa7ea,0xa7ef,
	0xb6e0,0xb6e5,0xb6ea,0xb6ef,0xd5e0,0xd5e5,0xd5ea,0xd5ef,
	0xe5e0,0xe5e5,0xe5ea,0xe5ef,0x04e0,0x04e5,0x04ea,0x04ef,
	0x13e0,0x13e5,0x13ea,0x13ef,0x22e0,0x22e5,0x22ea,0x22ef,
	0xdd00,0xdd05,0xdd0a,0xdd0f,0xfc00,0xfc05,0xfc0a,0xfc0f,
	0x0b00,0x0b05,0x0b0a,0x0b0f,0x1b00,0x1b05,0x1b0a,0x1b0f,
	0x3a00,0x3a05,0x3a0a,0x3a0f,0x4900,0x4905,0x490a,0x490f,
	0x6900,0x6905,0x690a,0x690f,0x7800,0x7805,0x780a,0x780f,
	0x9700,0x9705,0x970a,0x970f,0xa600,0xa605,0xa60a,0xa60f,
	0xb600,0xb605,0xb60a,0xb60f,0xd500,0xd505,0xd50a,0xd50f,
	0xe400,0xe405,0xe40a,0xe40f,0x0400,0x0405,0x040a,0x040f,
	0x1300,0x1305,0x130a,0x130f,0x2200,0x2205,0x220a,0x220f,
	0xdc10,0xdc15,0xdc1a,0xdc1f,0xfc10,0xfc15,0xfc1a,0xfc1f,
	0x0b10,0x0b15,0x0b1a,0x0b1f,0x1a10,0x1a15,0x1a1a,0x1a1f,
	0x3a10,0x3a15,0x3a1a,0x3a1f,0x4910,0x4915,0x491a,0x491f,
	0x6810,0x6815,0x681a,0x681f,0x7710,0x7715,0x771a,0x771f,
	0x9710,0x9715,0x971a,0x971f,0xa610,0xa615,0xa61a,0xa61f,
	0xb510,0xb515,0xb51a,0xb51f,0xd510,0xd515,0xd51a,0xd51f,
	0xe410,0xe415,0xe41a,0xe41f,0x0310,0x0315,0x031a,0x031f,
	0x1210,0x1215,0x121a,0x121f,0x2210,0x2215,0x221a,0x221f,
	0xdc30,0xdc35,0xdc3a,0xdc3f,0xfb30,0xfb35,0xfb3a,0xfb3f,
	0x0b30,0x0b35,0x0b3a,0x0b3f,0x1a30,0x1a35,0x1a3a,0x1a3f,
	0x3930,0x3935,0x393a,0x393f,0x4930,0x4935,0x493a,0x493f,
	0x6830,0x6835,0x683a,0x683f,0x7730,0x7735,0x773a,0x773f,
	0x9630,0x9635,0x963a,0x963f,0xa630,0xa635,0xa63a,0xa63f,
	0xb530,0xb535,0xb53a,0xb53f,0xd430,0xd435,0xd43a,0xd43f,
	0xe430,0xe435,0xe43a,0xe43f,0x0330,0x0335,0x033a,0x033f,
	0x1230,0x1235,0x123a,0x123f,0x2130,0x2135,0x213a,0x213f,
	0xdc50,0xdc55,0xdc5a,0xdc5f,0xfb50,0xfb55,0xfb5a,0xfb5f,
	0x0a50,0x0a55,0x0a5a,0x0a5f,0x1a50,0x1a55,0x1a5a,0x1a5f,
	0x3950,0x3955,0x395a,0x395f,0x4850,0x4855,0x485a,0x485f,
	0x6850,0x6855,0x685a,0x685f,0x7750,0x7755,0x775a,0x775f,
	0x9650,0x9655,0x965a,0x965f,0xa550,0xa555,0xa55a,0xa55f,
	0xb550,0xb555,0xb55a,0xb55f,0xd450,0xd455,0xd45a,0xd45f,
	0xe350,0xe355,0xe35a,0xe35f,0x0350,0x0355,0x035a,0x035f,
	0x1250,0x1255,0x125a,0x125f,0x2150,0x2155,0x215a,0x215f,
	0xe1b0,0xe1b5,0xe1ba,0xe1bf,0xf1b0,0xf1b5,0xf1ba,0xf1bf,
	0x00b0,0x00b5,0x00ba,0x00bf,0x2fb0,0x2fb5,0x2fba,0x2fbf,
	0x3eb0,0x3eb5,0x3eba,0x3ebf,0x5eb0,0x5eb5,0x5eba,0x5ebf,
	0x6db0,0x6db5,0x6dba,0x6dbf,0x7cb0,0x7cb5,0x7cba,0x7cbf,
	0x9cb0,0x9cb5,0x9cba,0x9cbf,0xabb0,0xabb5,0xabba,0xabbf,
	0xcab0,0xcab5,0xcaba,0xcabf,0xd9b0,0xd9b5,0xd9ba,0xd9bf,
	0xe9b0,0xe9b5,0xe9ba,0xe9bf,0x08b0,0x08b5,0x08ba,0x08bf,
	0x17b0,0x17b5,0x17ba,0x17bf,0x37b0,0x37b5,0x37ba,0x37bf,
	0xe1c0,0xe1c5,0xe1ca,0xe1cf,0xf0c0,0xf0c5,0xf0ca,0xf0cf,
	0x0fc0,0x0fc5,0x0fca,0x0fcf,0x2fc0,0x2fc5,0x2fca,0x2fcf,
	0x3ec0,0x3ec5,0x3eca,0x3ecf,0x5dc0,0x5dc5,0x5dca,0x5dcf,
	0x6dc0,0x6dc5,0x6dca,0x6dcf,0x7cc0,0x7cc5,0x7cca,0x7ccf,
	0x9bc0,0x9bc5,0x9bca,0x9bcf,0xaac0,0xaac5,0xaaca,0xaacf,
	0xcac0,0xcac5,0xcaca,0xcacf,0xd9c0,0xd9c5,0xd9ca,0xd9cf,
	0xe8c0,0xe8c5,0xe8ca,0xe8cf,0x08c0,0x08c5,0x08ca,0x08cf,
	0x17c0,0x17c5,0x17ca,0x17cf,0x36c0,0x36c5,0x36ca,0x36cf,
	0xe1e0,0xe1e5,0xe1ea,0xe1ef,0xf0e0,0xf0e5,0xf0ea,0xf0ef,
	0x0fe0,0x0fe5,0x0fea,0x0fef,0x2ee0,0x2ee5,0x2eea,0x2eef,
	0x3ee0,0x3ee5,0x3eea,0x3eef,0x5de0,0x5de5,0x5dea,0x5def,
	0x6ce0,0x6ce5,0x6cea,0x6cef,0x7ce0,0x7ce5,0x7cea,0x7cef,
	0x9be0,0x9be5,0x9bea,0x9bef,0xaae0,0xaae5,0xaaea,0xaaef,
	0xc9e0,0xc9e5,0xc9ea,0xc9ef,0xd9e0,0xd9e5,0xd9ea,0xd9ef,
	0xe8e0,0xe8e5,0xe8ea,0xe8ef,0x07e0,0x07e5,0x07ea,0x07ef,
	0x17e0,0x17e5,0x17ea,0x17ef,0x36e0,0x36e5,0x36ea,0x36ef,
	0xe000,0xe005,0xe00a,0xe00f,0xff00,0xff05,0xff0a,0xff0f,
	0x0f00,0x0f05,0x0f0a,0x0f0f,0x2e00,0x2e05,0x2e0a,0x2e0f,
	0x3d00,0x3d05,0x3d0a,0x3d0f,0x5d00,0x5d05,0x5d0a,0x5d0f,
	0x6c00,0x6c05,0x6c0a,0x6c0f,0x7b00,0x7b05,0x7b0a,0x7b0f,
	0x9a00,0x9a05,0x9a0a,0x9a0f,0xaa00,0xaa05,0xaa0a,0xaa0f,
	0xc900,0xc905,0xc90a,0xc90f,0xd800,0xd805,0xd80a,0xd80f,
	0xe800,0xe805,0xe80a,0xe80f,0x0700,0x0705,0x070a,0x070f,
	0x1600,0x1605,0x160a,0x160f,0x3500,0x3505,0x350a,0x350f,
	0xe020,0xe025,0xe02a,0xe02f,0xff20,0xff25,0xff2a,0xff2f,
	0x0e20,0x0e25,0x0e2a,0x0e2f,0x2e20,0x2e25,0x2e2a,0x2e2f,
	0x3d20,0x3d25,0x3d2a,0x3d2f,0x5c20,0x5c25,0x5c2a,0x5c2f,
	0x6c20,0x6c25,0x6c2a,0x6c2f,0x7b20,0x7b25,0x7b2a,0x7b2f,
	0x9a20,0x9a25,0x9a2a,0x9a2f,0xa920,0xa925,0xa92a,0xa92f,
	0xc920,0xc925,0xc92a,0xc92f,0xd820,0xd825,0xd82a,0xd82f,
	0xe720,0xe725,0xe72a,0xe72f,0x0720,0x0725,0x072a,0x072f,
	0x1620,0x1625,0x162a,0x162f,0x3520,0x3525,0x352a,0x352f,
	0xef30,0xef35,0xef3a,0xef3f,0xff30,0xff35,0xff3a,0xff3f,
	0x0e30,0x0e35,0x0e3a,0x0e3f,0x2d30,0x2d35,0x2d3a,0x2d3f,
	0x3d30,0x3d35,0x3d3a,0x3d3f,0x5c30,0x5c35,0x5c3a,0x5c3f,
	0x6b30,0x6b35,0x6b3a,0x6b3f,0x7a30,0x7a35,0x7a3a,0x7a3f,
	0x9a30,0x9a35,0x9a3a,0x9a3f,0xa930,0xa935,0xa93a,0xa93f,
	0xc830,0xc835,0xc83a,0xc83f,0xd830,0xd835,0xd83a,0xd83f,
	0xe730,0xe735,0xe73a,0xe73f,0x0630,0x0635,0x063a,0x063f,
	0x1530,0x1535,0x153a,0x153f,0x3530,0x3535,0x353a,0x353f,
	0xef50,0xef55,0xef5a,0xef5f,0xfe50,0xfe55,0xfe5a,0xfe5f,
	0x0e50,0x0e55,0x0e5a,0x0e5f,0x2d50,0x2d55,0x2d5a,0x2d5f,
	0x3c50,0x3c55,0x3c5a,0x3c5f,0x5c50,0x5c55,0x5c5a,0x5c5f,
	0x6b50,0x6b55,0x6b5a,0x6b5f,0x7a50,0x7a55,0x7a5a,0x7a5f,
	0x9950,0x9955,0x995a,0x995f,0xa950,0xa955,0xa95a,0xa95f,
	0xc850,0xc855,0xc85a,0xc85f,0xd750,0xd755,0xd75a,0xd75f,
	0xe750,0xe755,0xe75a,0xe75f,0x0650,0x0655,0x065a,0x065f,
	0x1550,0x1555,0x155a,0x155f,0x3450,0x3455,0x345a,0x345f,
	0xef70,0xef75,0xef7a,0xef7f,0xfe70,0xfe75,0xfe7a,0xfe7f,
	0x0d70,0x0d75,0x0d7a,0x0d7f,0x2d70,0x2d75,0x2d7a,0x2d7f,
	0x3c70,0x3c75,0x3c7a,0x3c7f,0x5b70,0x5b75,0x5b7a,0x5b7f,
	0x6b70,0x6b75,0x6b7a,0x6b7f,0x7a70,0x7a75,0x7a7a,0x7a7f,
	0x9970,0x9975,0x997a,0x997f,0xa870,0xa875,0xa87a,0xa87f,
	0xc870,0xc875,0xc87a,0xc87f,0xd770,0xd775,0xd77a,0xd77f,
	0xe670,0xe675,0xe67a,0xe67f,0x0670,0x0675,0x067a,0x067f,
	0x1570,0x1575,0x157a,0x157f,0x3470,0x3475,0x347a,0x347f,
	0xee90,0xee95,0xee9a,0xee9f,0xfe90,0xfe95,0xfe9a,0xfe9f,
	0x0d90,0x0d95,0x0d9a,0x0d9f,0x2c90,0x2c95,0x2c9a,0x2c9f,
	0x3c90,0x3c95,0x3c9a,0x3c9f,0x5b90,0x5b95,0x5b9a,0x5b9f,
	0x6a90,0x6a95,0x6a9a,0x6a9f,0x7990,0x7995,0x799a,0x799f,
	0x9990,0x9995,0x999a,0x999f,0xa890,0xa895,0xa89a,0xa89f,
	0xc790,0xc795,0xc79a,0xc79f,0xd790,0xd795,0xd79a,0xd79f,
	0xe690,0xe695,0xe69a,0xe69f,0x0590,0x0595,0x059a,0x059f,
	0x1490,0x1495,0x149a,0x149f,0x3490,0x3495,0x349a,0x349f,
	0xeeb0,0xeeb5,0xeeba,0xeebf,0xfdb0,0xfdb5,0xfdba,0xfdbf,
	0x0db0,0x0db5,0x0dba,0x0dbf,0x2cb0,0x2cb5,0x2cba,0x2cbf,
	0x3bb0,0x3bb5,0x3bba,0x3bbf,0x5bb0,0x5bb5,0x5bba,0x5bbf,
	0x6ab0,0x6ab5,0x6aba,0x6abf,0x79b0,0x79b5,0x79ba,0x79bf,
	0x98b0,0x98b5,0x98ba,0x98bf,0xa8b0,0xa8b5,0xa8ba,0xa8bf,
	0xc7b0,0xc7b5,0xc7ba,0xc7bf,0xd6b0,0xd6b5,0xd6ba,0xd6bf,
	0xe6b0,0xe6b5,0xe6ba,0xe6bf,0x05b0,0x05b5,0x05ba,0x05bf,
	0x14b0,0x14b5,0x14ba,0x14bf,0x33b0,0x33b5,0x33ba,0x33bf,
	0xeec0,0xeec5,0xeeca,0xeecf,0xfdc0,0xfdc5,0xfdca,0xfdcf,
	0x0cc0,0x0cc5,0x0cca,0x0ccf,0x2cc0,0x2cc5,0x2cca,0x2ccf,
	0x3bc0,0x3bc5,0x3bca,0x3bcf,0x5ac0,0x5ac5,0x5aca,0x5acf,
	0x69c0,0x69c5,0x69ca,0x69cf,0x79c0,0x79c5,0x79ca,0x79cf,
	0x98c0,0x98c5,0x98ca,0x98cf,0xa7c0,0xa7c5,0xa7ca,0xa7cf,
	0xc7c0,0xc7c5,0xc7ca,0xc7cf,0xd6c0,0xd6c5,0xd6ca,0xd6cf,
	0xe5c0,0xe5c5,0xe5ca,0xe5cf,0x04c0,0x04c5,0x04ca,0x04cf,
	0x14c0,0x14c5,0x14ca,0x14cf,0x33c0,0x33c5,0x33ca,0x33cf,
	0xede0,0xede5,0xedea,0xedef,0xfde0,0xfde5,0xfdea,0xfdef,
	0x0ce0,0x0ce5,0x0cea,0x0cef,0x2be0,0x2be5,0x2bea,0x2bef,
	0x3be0,0x3be5,0x3bea,0x3bef,0x5ae0,0x5ae5,0x5aea,0x5aef,
	0x69e0,0x69e5,0x69ea,0x69ef,0x78e0,0x78e5,0x78ea,0x78ef,
	0x98e0,0x98e5,0x98ea,0x98ef,0xa7e0,0xa7e5,0xa7ea,0xa7ef,
	0xc6e0,0xc6e5,0xc6ea,0xc6ef,0xd6e0,0xd6e5,0xd6ea,0xd6ef,
	0xe5e0,0xe5e5,0xe5ea,0xe5ef,0x04e0,0x04e5,0x04ea,0x04ef,
	0x13e0,0x13e5,0x13ea,0x13ef,0x33e0,0x33e5,0x33ea,0x33ef,
	0xed00,0xed05,0xed0a,0xed0f,0xfc00,0xfc05,0xfc0a,0xfc0f,
	0x0c00,0x0c05,0x0c0a,0x0c0f,0x2b00,0x2b05,0x2b0a,0x2b0f,
	0x3a00,0x3a05,0x3a0a,0x3a0f,0x5a00,0x5a05,0x5a0a,0x5a0f,
	0x6900,0x6905,0x690a,0x690f,0x7800,0x7805,0x780a,0x780f,
	0x9700,0x9705,0x970a,0x970f,0xa700,0xa705,0xa70a,0xa70f,
	0xc600,0xc605,0xc60a,0xc60f,0xd500,0xd505,0xd50a,0xd50f,
	0xe500,0xe505,0xe50a,0xe50f,0x0400,0x0405,0x040a,0x040f,
	0x1300,0x1305,0x130a,0x130f,0x3200,0x3205,0x320a,0x320f,
	0xed20,0xed25,0xed2a,0xed2f,0xfc20,0xfc25,0xfc2a,0xfc2f,
	0x0b20,0x0b25,0x0b2a,0x0b2f,0x2b20,0x2b25,0x2b2a,0x2b2f,
	0x3a20,0x3a25,0x3a2a,0x3a2f,0x5920,0x5925,0x592a,0x592f,
	0x6820,0x6825,0x682a,0x682f,0x7820,0x7825,0x782a,0x782f,
	0x9720,0x9725,0x972a,0x972f,0xa620,0xa625,0xa62a,0xa62f,
	0xc620,0xc625,0xc62a,0xc62f,0xd520,0xd525,0xd52a,0xd52f,
	0xe420,0xe425,0xe42a,0xe42f,0x0320,0x0325,0x032a,0x032f,
	0x1320,0x1325,0x132a,0x132f,0x3220,0x3225,0x322a,0x322f,
	0xec30,0xec35,0xec3a,0xec3f,0xfc30,0xfc35,0xfc3a,0xfc3f,
	0x0b30,0x0b35,0x0b3a,0x0b3f,0x2a30,0x2a35,0x2a3a,0x2a3f,
	0x3a30,0x3a35,0x3a3a,0x3a3f,0x5930,0x5935,0x593a,0x593f,
	0x6830,0x6835,0x683a,0x683f,0x7730,0x7735,0x773a,0x773f,
	0x9730,0x9735,0x973a,0x973f,0xa630,0xa635,0xa63a,0xa63f,
	0xc530,0xc535,0xc53a,0xc53f,0xd530,0xd535,0xd53a,0xd53f,
	0xe430,0xe435,0xe43a,0xe43f,0x0330,0x0335,0x033a,0x033f,
	0x1230,0x1235,0x123a,0x123f,0x3230,0x3235,0x323a,0x323f,
	0xec50,0xec55,0xec5a,0xec5f,0xfb50,0xfb55,0xfb5a,0xfb5f,
	0x0b50,0x0b55,0x0b5a,0x0b5f,0x2a50,0x2a55,0x2a5a,0x2a5f,
	0x3950,0x3955,0x395a,0x395f,0x5850,0x5855,0x585a,0x585f,
	0x6850,0x6855,0x685a,0x685f,0x7750,0x7755,0x775a,0x775f,
	0x9650,0x9655,0x965a,0x965f,0xa650,0xa655,0xa65a,0xa65f,
	0xc550,0xc555,0xc55a,0xc55f,0xd450,0xd455,0xd45a,0xd45f,
	0xe350,0xe355,0xe35a,0xe35f,0x0350,0x0355,0x035a,0x035f,
	0x1250,0x1255,0x125a,0x125f,0x3150,0x3155,0x315a,0x315f,
	0xe1b0,0xe1b5,0xe1ba,0xe1bf,0xf1b0,0xf1b5,0xf1ba,0xf1bf,
	0x10b0,0x10b5,0x10ba,0x10bf,0x2fb0,0x2fb5,0x2fba,0x2fbf,
	0x3fb0,0x3fb5,0x3fba,0x3fbf,0x5eb0,0x5eb5,0x5eba,0x5ebf,
	0x6db0,0x6db5,0x6dba,0x6dbf,0x8cb0,0x8cb5,0x8cba,0x8cbf,
	0x9cb0,0x9cb5,0x9cba,0x9cbf,0xabb0,0xabb5,0xabba,0xabbf,
	0xcab0,0xcab5,0xcaba,0xcabf,0xdab0,0xdab5,0xdaba,0xdabf,
	0xf9b0,0xf9b5,0xf9ba,0xf9bf,0x08b0,0x08b5,0x08ba,0x08bf,
	0x17b0,0x17b5,0x17ba,0x17bf,0x37b0,0x37b5,0x37ba,0x37bf,
	0xe1d0,0xe1d5,0xe1da,0xe1df,0xf0d0,0xf0d5,0xf0da,0xf0df,
	0x10d0,0x10d5,0x10da,0x10df,0x2fd0,0x2fd5,0x2fda,0x2fdf,
	0x3ed0,0x3ed5,0x3eda,0x3edf,0x5ed0,0x5ed5,0x5eda,0x5edf,
	0x6dd0,0x6dd5,0x6dda,0x6ddf,0x8cd0,0x8cd5,0x8cda,0x8cdf,
	0x9bd0,0x9bd5,0x9bda,0x9bdf,0xabd0,0xabd5,0xabda,0xabdf,
	0xcad0,0xcad5,0xcada,0xcadf,0xd9d0,0xd9d5,0xd9da,0xd9df,
	0xf9d0,0xf9d5,0xf9da,0xf9df,0x08d0,0x08d5,0x08da,0x08df,
	0x17d0,0x17d5,0x17da,0x17df,0x36d0,0x36d5,0x36da,0x36df,
	0xe1e0,0xe1e5,0xe1ea,0xe1ef,0xf0e0,0xf0e5,0xf0ea,0xf0ef,
	0x1fe0,0x1fe5,0x1fea,0x1fef,0x2fe0,0x2fe5,0x2fea,0x2fef,
	0x3ee0,0x3ee5,0x3eea,0x3eef,0x5de0,0x5de5,0x5dea,0x5def,
	0x6ce0,0x6ce5,0x6cea,0x6cef,0x8ce0,0x8ce5,0x8cea,0x8cef,
	0x9be0,0x9be5,0x9bea,0x9bef,0xaae0,0xaae5,0xaaea,0xaaef,
	0xcae0,0xcae5,0xcaea,0xcaef,0xd9e0,0xd9e5,0xd9ea,0xd9ef,
	0xf8e0,0xf8e5,0xf8ea,0xf8ef,0x07e0,0x07e5,0x07ea,0x07ef,
	0x17e0,0x17e5,0x17ea,0x17ef,0x36e0,0x36e5,0x36ea,0x36ef,
	0xe000,0xe005,0xe00a,0xe00f,0xf000,0xf005,0xf00a,0xf00f,
	0x1f00,0x1f05,0x1f0a,0x1f0f,0x2e00,0x2e05,0x2e0a,0x2e0f,
	0x3e00,0x3e05,0x3e0a,0x3e0f,0x5d00,0x5d05,0x5d0a,0x5d0f,
	0x6c00,0x6c05,0x6c0a,0x6c0f,0x8b00,0x8b05,0x8b0a,0x8b0f,
	0x9b00,0x9b05,0x9b0a,0x9b0f,0xaa00,0xaa05,0xaa0a,0xaa0f,
	0xc900,0xc905,0xc90a,0xc90f,0xd900,0xd905,0xd90a,0xd90f,
	0xf800,0xf805,0xf80a,0xf80f,0x0700,0x0705,0x070a,0x070f,
	0x1600,0x1605,0x160a,0x160f,0x3600,0x3605,0x360a,0x360f,
	0xe020,0xe025,0xe02a,0xe02f,0xff20,0xff25,0xff2a,0xff2f,
	0x1f20,0x1f25,0x1f2a,0x1f2f,0x2e20,0x2e25,0x2e2a,0x2e2f,
	0x3d20,0x3d25,0x3d2a,0x3d2f,0x5d20,0x5d25,0x5d2a,0x5d2f,
	0x6c20,0x6c25,0x6c2a,0x6c2f,0x8b20,0x8b25,0x8b2a,0x8b2f,
	0x9a20,0x9a25,0x9a2a,0x9a2f,0xaa20,0xaa25,0xaa2a,0xaa2f,
	0xc920,0xc925,0xc92a,0xc92f,0xd820,0xd825,0xd82a,0xd82f,
	0xf820,0xf825,0xf82a,0xf82f,0x0720,0x0725,0x072a,0x072f,
	0x1620,0x1625,0x162a,0x162f,0x3520,0x3525,0x352a,0x352f,
	0xe040,0xe045,0xe04a,0xe04f,0xff40,0xff45,0xff4a,0xff4f,
	0x1e40,0x1e45,0x1e4a,0x1e4f,0x2e40,0x2e45,0x2e4a,0x2e4f,
	0x3d40,0x3d45,0x3d4a,0x3d4f,0x5c40,0x5c45,0x5c4a,0x5c4f,
	0x6b40,0x6b45,0x6b4a,0x6b4f,0x8b40,0x8b45,0x8b4a,0x8b4f,
	0x9a40,0x9a45,0x9a4a,0x9a4f,0xa940,0xa945,0xa94a,0xa94f,
	0xc940,0xc945,0xc94a,0xc94f,0xd840,0xd845,0xd84a,0xd84f,
	0xf740,0xf745,0xf74a,0xf74f,0x0640,0x0645,0x064a,0x064f,
	0x1640,0x1645,0x164a,0x164f,0x3540,0x3545,0x354a,0x354f,
	0xef50,0xef55,0xef5a,0xef5f,0xff50,0xff55,0xff5a,0xff5f,
	0x1e50,0x1e55,0x1e5a,0x1e5f,0x2d50,0x2d55,0x2d5a,0x2d5f,
	0x3d50,0x3d55,0x3d5a,0x3d5f,0x5c50,0x5c55,0x5c5a,0x5c5f,
	0x6b50,0x6b55,0x6b5a,0x6b5f,0x8a50,0x8a55,0x8a5a,0x8a5f,
	0x9a50,0x9a55,0x9a5a,0x9a5f,0xa950,0xa955,0xa95a,0xa95f,
	0xc850,0xc855,0xc85a,0xc85f,0xd850,0xd855,0xd85a,0xd85f,
	0xf750,0xf755,0xf75a,0xf75f,0x0650,0x0655,0x065a,0x065f,
	0x1550,0x1555,0x155a,0x155f,0x3550,0x3555,0x355a,0x355f,
	0xef70,0xef75,0xef7a,0xef7f,0xfe70,0xfe75,0xfe7a,0xfe7f,
	0x1e70,0x1e75,0x1e7a,0x1e7f,0x2d70,0x2d75,0x2d7a,0x2d7f,
	0x3c70,0x3c75,0x3c7a,0x3c7f,0x5b70,0x5b75,0x5b7a,0x5b7f,
	0x6b70,0x6b75,0x6b7a,0x6b7f,0x8a70,0x8a75,0x8a7a,0x8a7f,
	0x9970,0x9975,0x997a,0x997f,0xa970,0xa975,0xa97a,0xa97f,
	0xc870,0xc875,0xc87a,0xc87f,0xd770,0xd775,0xd77a,0xd77f,
	0xf670,0xf675,0xf67a,0xf67f,0x0670,0x0675,0x067a,0x067f,
	0x1570,0x1575,0x157a,0x157f,0x3470,0x3475,0x347a,0x347f,
	0xef90,0xef95,0xef9a,0xef9f,0xfe90,0xfe95,0xfe9a,0xfe9f,
	0x1d90,0x1d95,0x1d9a,0x1d9f,0x2d90,0x2d95,0x2d9a,0x2d9f,
	0x3c90,0x3c95,0x3c9a,0x3c9f,0x5b90,0x5b95,0x5b9a,0x5b9f,
	0x6a90,0x6a95,0x6a9a,0x6a9f,0x8a90,0x8a95,0x8a9a,0x8a9f,
	0x9990,0x9995,0x999a,0x999f,0xa890,0xa895,0xa89a,0xa89f,
	0xc890,0xc895,0xc89a,0xc89f,0xd790,0xd795,0xd79a,0xd79f,
	0xf690,0xf695,0xf69a,0xf69f,0x0590,0x0595,0x059a,0x059f,
	0x1590,0x1595,0x159a,0x159f,0x3490,0x3495,0x349a,0x349f,
	0xeeb0,0xeeb5,0xeeba,0xeebf,0xfeb0,0xfeb5,0xfeba,0xfebf,
	0x1db0,0x1db5,0x1dba,0x1dbf,0x2cb0,0x2cb5,0x2cba,0x2cbf,
	0x3cb0,0x3cb5,0x3cba,0x3cbf,0x5bb0,0x5bb5,0x5bba,0x5bbf,
	0x6ab0,0x6ab5,0x6aba,0x6abf,0x89b0,0x89b5,0x89ba,0x89bf,
	0x99b0,0x99b5,0x99ba,0x99bf,0xa8b0,0xa8b5,0xa8ba,0xa8bf,
	0xc7b0,0xc7b5,0xc7ba,0xc7bf,0xd7b0,0xd7b5,0xd7ba,0xd7bf,
	0xf6b0,0xf6b5,0xf6ba,0xf6bf,0x05b0,0x05b5,0x05ba,0x05bf,
	0x14b0,0x14b5,0x14ba,0x14bf,0x34b0,0x34b5,0x34ba,0x34bf,
	0xeed0,0xeed5,0xeeda,0xeedf,0xfdd0,0xfdd5,0xfdda,0xfddf,
	0x1dd0,0x1dd5,0x1dda,0x1ddf,0x2cd0,0x2cd5,0x2cda,0x2cdf,
	0x3bd0,0x3bd5,0x3bda,0x3bdf,0x5ad0,0x5ad5,0x5ada,0x5adf,
	0x6ad0,0x6ad5,0x6ada,0x6adf,0x89d0,0x89d5,0x89da,0x89df,
	0x98d0,0x98d5,0x98da,0x98df,0xa8d0,0xa8d5,0xa8da,0xa8df,
	0xc7d0,0xc7d5,0xc7da,0xc7df,0xd6d0,0xd6d5,0xd6da,0xd6df,
	0xf5d0,0xf5d5,0xf5da,0xf5df,0x05d0,0x05d5,0x05da,0x05df,
	0x14d0,0x14d5,0x14da,0x14df,0x33d0,0x33d5,0x33da,0x33df,
	0xeee0,0xeee5,0xeeea,0xeeef,0xfde0,0xfde5,0xfdea,0xfdef,
	0x1ce0,0x1ce5,0x1cea,0x1cef,0x2ce0,0x2ce5,0x2cea,0x2cef,
	0x3be0,0x3be5,0x3bea,0x3bef,0x5ae0,0x5ae5,0x5aea,0x5aef,
	0x69e0,0x69e5,0x69ea,0x69ef,0x89e0,0x89e5,0x89ea,0x89ef,
	0x98e0,0x98e5,0x98ea,0x98ef,0xa7e0,0xa7e5,0xa7ea,0xa7ef,
	0xc7e0,0xc7e5,0xc7ea,0xc7ef,0xd6e0,0xd6e5,0xd6ea,0xd6ef,
	0xf5e0,0xf5e5,0xf5ea,0xf5ef,0x04e0,0x04e5,0x04ea,0x04ef,
	0x14e0,0x14e5,0x14ea,0x14ef,0x33e0,0x33e5,0x33ea,0x33ef,
	0xed00,0xed05,0xed0a,0xed0f,0xfd00,0xfd05,0xfd0a,0xfd0f,
	0x1c00,0x1c05,0x1c0a,0x1c0f,0x2b00,0x2b05,0x2b0a,0x2b0f,
	0x3a00,0x3a05,0x3a0a,0x3a0f,0x5a00,0x5a05,0x5a0a,0x5a0f,
	0x6900,0x6905,0x690a,0x690f,0x8800,0x8805,0x880a,0x880f,
	0x9800,0x9805,0x980a,0x980f,0xa700,0xa705,0xa70a,0xa70f,
	0xc600,0xc605,0xc60a,0xc60f,0xd500,0xd505,0xd50a,0xd50f,
	0xf500,0xf505,0xf50a,0xf50f,0x0400,0x0405,0x040a,0x040f,
	0x1300,0x1305,0x130a,0x130f,0x3300,0x3305,0x330a,0x330f,
	0xed20,0xed25,0xed2a,0xed2f,0xfc20,0xfc25,0xfc2a,0xfc2f,
	0x1c20,0x1c25,0x1c2a,0x1c2f,0x2b20,0x2b25,0x2b2a,0x2b2f,
	0x3a20,0x3a25,0x3a2a,0x3a2f,0x5920,0x5925,0x592a,0x592f,
	0x6920,0x6925,0x692a,0x692f,0x8820,0x8825,0x882a,0x882f,
	0x9720,0x9725,0x972a,0x972f,0xa720,0xa725,0xa72a,0xa72f,
	0xc620,0xc625,0xc62a,0xc62f,0xd520,0xd525,0xd52a,0xd52f,
	0xf420,0xf425,0xf42a,0xf42f,0x0420,0x0425,0x042a,0x042f,
	0x1320,0x1325,0x132a,0x132f,0x3220,0x3225,0x322a,0x322f,
	0xed40,0xed45,0xed4a,0xed4f,0xfc40,0xfc45,0xfc4a,0xfc4f,
	0x1b40,0x1b45,0x1b4a,0x1b4f,0x2b40,0x2b45,0x2b4a,0x2b4f,
	0x3a40,0x3a45,0x3a4a,0x3a4f,0x5940,0x5945,0x594a,0x594f,
	0x6840,0x6845,0x684a,0x684f,0x8840,0x8845,0x884a,0x884f,
	0x9740,0x9745,0x974a,0x974f,0xa640,0xa645,0xa64a,0xa64f,
	0xc640,0xc645,0xc64a,0xc64f,0xd540,0xd545,0xd54a,0xd54f,
	0xf440,0xf445,0xf44a,0xf44f,0x0340,0x0345,0x034a,0x034f,
	0x1340,0x1345,0x134a,0x134f,0x3240,0x3245,0x324a,0x324f,
	0xec50,0xec55,0xec5a,0xec5f,0xfc50,0xfc55,0xfc5a,0xfc5f,
	0x1b50,0x1b55,0x1b5a,0x1b5f,0x2a50,0x2a55,0x2a5a,0x2a5f,
	0x3950,0x3955,0x395a,0x395f,0x5950,0x5955,0x595a,0x595f,
	0x6850,0x6855,0x685a,0x685f,0x8750,0x8755,0x875a,0x875f,
	0x9750,0x9755,0x975a,0x975f,0xa650,0xa655,0xa65a,0xa65f,
	0xc550,0xc555,0xc55a,0xc55f,0xd450,0xd455,0xd45a,0xd45f,
	0xf450,0xf455,0xf45a,0xf45f,0x0350,0x0355,0x035a,0x035f,
	0x1250,0x1255,0x125a,0x125f,0x3250,0x3255,0x325a,0x325f,
	0xe2b0,0xe2b5,0xe2ba,0xe2bf,0xf1b0,0xf1b5,0xf1ba,0xf1bf,
	0x10b0,0x10b5,0x10ba,0x10bf,0x20b0,0x20b5,0x20ba,0x20bf,
	0x4fb0,0x4fb5,0x4fba,0x4fbf,0x5eb0,0x5eb5,0x5eba,0x5ebf,
	0x6db0,0x6db5,0x6dba,0x6dbf,0x8db0,0x8db5,0x8dba,0x8dbf,
	0x9cb0,0x9cb5,0x9cba,0x9cbf,0xbbb0,0xbbb5,0xbbba,0xbbbf,
	0xcbb0,0xcbb5,0xcbba,0xcbbf,0xdab0,0xdab5,0xdaba,0xdabf,
	0xf9b0,0xf9b5,0xf9ba,0xf9bf,0x08b0,0x08b5,0x08ba,0x08bf,
	0x28b0,0x28b5,0x28ba,0x28bf,0x37b0,0x37b5,0x37ba,0x37bf,
	0xe1d0,0xe1d5,0xe1da,0xe1df,0xf1d0,0xf1d5,0xf1da,0xf1df,
	0x10d0,0x10d5,0x10da,0x10df,0x2fd0,0x2fd5,0x2fda,0x2fdf,
	0x4fd0,0x4fd5,0x4fda,0x4fdf,0x5ed0,0x5ed5,0x5eda,0x5edf,
	0x6dd0,0x6dd5,0x6dda,0x6ddf,0x8cd0,0x8cd5,0x8cda,0x8cdf,
	0x9cd0,0x9cd5,0x9cda,0x9cdf,0xbbd0,0xbbd5,0xbbda,0xbbdf,
	0xcad0,0xcad5,0xcada,0xcadf,0xdad0,0xdad5,0xdada,0xdadf,
	0xf9d0,0xf9d5,0xf9da,0xf9df,0x08d0,0x08d5,0x08da,0x08df,
	0x27d0,0x27d5,0x27da,0x27df,0x37d0,0x37d5,0x37da,0x37df,
	0xe1f0,0xe1f5,0xe1fa,0xe1ff,0xf0f0,0xf0f5,0xf0fa,0xf0ff,
	0x10f0,0x10f5,0x10fa,0x10ff,0x2ff0,0x2ff5,0x2ffa,0x2fff,
	0x4ef0,0x4ef5,0x4efa,0x4eff,0x5df0,0x5df5,0x5dfa,0x5dff,
	0x6df0,0x6df5,0x6dfa,0x6dff,0x8cf0,0x8cf5,0x8cfa,0x8cff,
	0x9bf0,0x9bf5,0x9bfa,0x9bff,0xbbf0,0xbbf5,0xbbfa,0xbbff,
	0xcaf0,0xcaf5,0xcafa,0xcaff,0xd9f0,0xd9f5,0xd9fa,0xd9ff,
	0xf8f0,0xf8f5,0xf8fa,0xf8ff,0x08f0,0x08f5,0x08fa,0x08ff,
	0x27f0,0x27f5,0x27fa,0x27ff,0x36f0,0x36f5,0x36fa,0x36ff,
	0xe100,0xe105,0xe10a,0xe10f,0xf000,0xf005,0xf00a,0xf00f,
	0x1f00,0x1f05,0x1f0a,0x1f0f,0x2f00,0x2f05,0x2f0a,0x2f0f,
	0x4e00,0x4e05,0x4e0a,0x4e0f,0x5d00,0x5d05,0x5d0a,0x5d0f,
	0x6c00,0x6c05,0x6c0a,0x6c0f,0x8c00,0x8c05,0x8c0a,0x8c0f,
	0x9b00,0x9b05,0x9b0a,0x9b0f,0xba00,0xba05,0xba0a,0xba0f,
	0xca00,0xca05,0xca0a,0xca0f,0xd900,0xd905,0xd90a,0xd90f,
	0xf800,0xf805,0xf80a,0xf80f,0x0700,0x0705,0x070a,0x070f,
	0x2700,0x2705,0x270a,0x270f,0x3600,0x3605,0x360a,0x360f,
	0xe020,0xe025,0xe02a,0xe02f,0xf020,0xf025,0xf02a,0xf02f,
	0x1f20,0x1f25,0x1f2a,0x1f2f,0x2e20,0x2e25,0x2e2a,0x2e2f,
	0x4d20,0x4d25,0x4d2a,0x4d2f,0x5d20,0x5d25,0x5d2a,0x5d2f,
	0x6c20,0x6c25,0x6c2a,0x6c2f,0x8b20,0x8b25,0x8b2a,0x8b2f,
	0x9b20,0x9b25,0x9b2a,0x9b2f,0xba20,0xba25,0xba2a,0xba2f,
	0xc920,0xc925,0xc92a,0xc92f,0xd820,0xd825,0xd82a,0xd82f,
	0xf820,0xf825,0xf82a,0xf82f,0x0720,0x0725,0x072a,0x072f,
	0x2620,0x2625,0x262a,0x262f,0x3620,0x3625,0x362a,0x362f,
	0xe040,0xe045,0xe04a,0xe04f,0xff40,0xff45,0xff4a,0xff4f,
	0x1f40,0x1f45,0x1f4a,0x1f4f,0x2e40,0x2e45,0x2e4a,0x2e4f,
	0x4d40,0x4d45,0x4d4a,0x4d4f,0x5c40,0x5c45,0x5c4a,0x5c4f,
	0x6c40,0x6c45,0x6c4a,0x6c4f,0x8b40,0x8b45,0x8b4a,0x8b4f,
	0x9a40,0x9a45,0x9a4a,0x9a4f,0xba40,0xba45,0xba4a,0xba4f,
	0xc940,0xc945,0xc94a,0xc94f,0xd840,0xd845,0xd84a,0xd84f,
	0xf740,0xf745,0xf74a,0xf74f,0x0740,0x0745,0x074a,0x074f,
	0x2640,0x2645,0x264a,0x264f,0x3540,0x3545,0x354a,0x354f,
	0xe060,0xe065,0xe06a,0xe06f,0xff60,0xff65,0xff6a,0xff6f,
	0x1e60,0x1e65,0x1e6a,0x1e6f,0x2e60,0x2e65,0x2e6a,0x2e6f,
	0x4d60,0x4d65,0x4d6a,0x4d6f,0x5c60,0x5c65,0x5c6a,0x5c6f,
	0x6b60,0x6b65,0x6b6a,0x6b6f,0x8b60,0x8b65,0x8b6a,0x8b6f,
	0x9a60,0x9a65,0x9a6a,0x9a6f,0xb960,0xb965,0xb96a,0xb96f,
	0xc960,0xc965,0xc96a,0xc96f,0xd860,0xd865,0xd86a,0xd86f,
	0xf760,0xf765,0xf76a,0xf76f,0x0660,0x0665,0x066a,0x066f,
	0x2660,0x2665,0x266a,0x266f,0x3560,0x3565,0x356a,0x356f,
	0xef70,0xef75,0xef7a,0xef7f,0xff70,0xff75,0xff7a,0xff7f,
	0x1e70,0x1e75,0x1e7a,0x1e7f,0x2d70,0x2d75,0x2d7a,0x2d7f,
	0x4c70,0x4c75,0x4c7a,0x4c7f,0x5c70,0x5c75,0x5c7a,0x5c7f,
	0x6b70,0x6b75,0x6b7a,0x6b7f,0x8a70,0x8a75,0x8a7a,0x8a7f,
	0x9a70,0x9a75,0x9a7a,0x9a7f,0xb970,0xb975,0xb97a,0xb97f,
	0xc870,0xc875,0xc87a,0xc87f,0xd770,0xd775,0xd77a,0xd77f,
	0xf770,0xf775,0xf77a,0xf77f,0x0670,0x0675,0x067a,0x067f,
	0x2570,0x2575,0x257a,0x257f,0x3570,0x3575,0x357a,0x357f,
	0xef90,0xef95,0xef9a,0xef9f,0xfe90,0xfe95,0xfe9a,0xfe9f,
	0x1e90,0x1e95,0x1e9a,0x1e9f,0x2d90,0x2d95,0x2d9a,0x2d9f,
	0x4c90,0x4c95,0x4c9a,0x4c9f,0x5b90,0x5b95,0x5b9a,0x5b9f,
	0x6b90,0x6b95,0x6b9a,0x6b9f,0x8a90,0x8a95,0x8a9a,0x8a9f,
	0x9990,0x9995,0x999a,0x999f,0xb990,0xb995,0xb99a,0xb99f,
	0xc890,0xc895,0xc89a,0xc89f,0xd790,0xd795,0xd79a,0xd79f,
	0xf690,0xf695,0xf69a,0xf69f,0x0690,0x0695,0x069a,0x069f,
	0x2590,0x2595,0x259a,0x259f,0x3490,0x3495,0x349a,0x349f,
	0xefb0,0xefb5,0xefba,0xefbf,0xfeb0,0xfeb5,0xfeba,0xfebf,
	0x1db0,0x1db5,0x1dba,0x1dbf,0x2cb0,0x2cb5,0x2cba,0x2cbf,
	0x4cb0,0x4cb5,0x4cba,0x4cbf,0x5bb0,0x5bb5,0x5bba,0x5bbf,
	0x6ab0,0x6ab5,0x6aba,0x6abf,0x8ab0,0x8ab5,0x8aba,0x8abf,
	0x99b0,0x99b5,0x99ba,0x99bf,0xb8b0,0xb8b5,0xb8ba,0xb8bf,
	0xc7b0,0xc7b5,0xc7ba,0xc7bf,0xd7b0,0xd7b5,0xd7ba,0xd7bf,
	0xf6b0,0xf6b5,0xf6ba,0xf6bf,0x05b0,0x05b5,0x05ba,0x05bf,
	0x25b0,0x25b5,0x25ba,0x25bf,0x34b0,0x34b5,0x34ba,0x34bf,
	0xeed0,0xeed5,0xeeda,0xeedf,0xfed0,0xfed5,0xfeda,0xfedf,
	0x1dd0,0x1dd5,0x1dda,0x1ddf,0x2cd0,0x2cd5,0x2cda,0x2cdf,
	0x4bd0,0x4bd5,0x4bda,0x4bdf,0x5bd0,0x5bd5,0x5bda,0x5bdf,
	0x6ad0,0x6ad5,0x6ada,0x6adf,0x89d0,0x89d5,0x89da,0x89df,
	0x99d0,0x99d5,0x99da,0x99df,0xb8d0,0xb8d5,0xb8da,0xb8df,
	0xc7d0,0xc7d5,0xc7da,0xc7df,0xd6d0,0xd6d5,0xd6da,0xd6df,
	0xf6d0,0xf6d5,0xf6da,0xf6df,0x05d0,0x05d5,0x05da,0x05df,
	0x24d0,0x24d5,0x24da,0x24df,0x34d0,0x34d5,0x34da,0x34df,
	0xeef0,0xeef5,0xeefa,0xeeff,0xfdf0,0xfdf5,0xfdfa,0xfdff,
	0x1df0,0x1df5,0x1dfa,0x1dff,0x2cf0,0x2cf5,0x2cfa,0x2cff,
	0x4bf0,0x4bf5,0x4bfa,0x4bff,0x5af0,0x5af5,0x5afa,0x5aff,
	0x6af0,0x6af5,0x6afa,0x6aff,0x89f0,0x89f5,0x89fa,0x89ff,
	0x98f0,0x98f5,0x98fa,0x98ff,0xb8f0,0xb8f5,0xb8fa,0xb8ff,
	0xc7f0,0xc7f5,0xc7fa,0xc7ff,0xd6f0,0xd6f5,0xd6fa,0xd6ff,
	0xf5f0,0xf5f5,0xf5fa,0xf5ff,0x05f0,0x05f5,0x05fa,0x05ff,
	0x24f0,0x24f5,0x24fa,0x24ff,0x33f0,0x33f5,0x33fa,0x33ff,
	0xee00,0xee05,0xee0a,0xee0f,0xfd00,0xfd05,0xfd0a,0xfd0f,
	0x1c00,0x1c05,0x1c0a,0x1c0f,0x2b00,0x2b05,0x2b0a,0x2b0f,
	0x4b00,0x4b05,0x4b0a,0x4b0f,0x5a00,0x5a05,0x5a0a,0x5a0f,
	0x6900,0x6905,0x690a,0x690f,0x8900,0x8905,0x890a,0x890f,
	0x9800,0x9805,0x980a,0x980f,0xb700,0xb705,0xb70a,0xb70f,
	0xc600,0xc605,0xc60a,0xc60f,0xd600,0xd605,0xd60a,0xd60f,
	0xf500,0xf505,0xf50a,0xf50f,0x0400,0x0405,0x040a,0x040f,
	0x2400,0x2405,0x240a,0x240f,0x3300,0x3305,0x330a,0x330f,
	0xed20,0xed25,0xed2a,0xed2f,0xfd20,0xfd25,0xfd2a,0xfd2f,
	0x1c20,0x1c25,0x1c2a,0x1c2f,0x2b20,0x2b25,0x2b2a,0x2b2f,
	0x4a20,0x4a25,0x4a2a,0x4a2f,0x5a20,0x5a25,0x5a2a,0x5a2f,
	0x6920,0x6925,0x692a,0x692f,0x8820,0x8825,0x882a,0x882f,
	0x9820,0x9825,0x982a,0x982f,0xb720,0xb725,0xb72a,0xb72f,
	0xc620,0xc625,0xc62a,0xc62f,0xd520,0xd525,0xd52a,0xd52f,
	0xf520,0xf525,0xf52a,0xf52f,0x0420,0x0425,0x042a,0x042f,
	0x2320,0x2325,0x232a,0x232f,0x3320,0x3325,0x332a,0x332f,
	0xed40,0xed45,0xed4a,0xed4f,0xfc40,0xfc45,0xfc4a,0xfc4f,
	0x1b40,0x1b45,0x1b4a,0x1b4f,0x2b40,0x2b45,0x2b4a,0x2b4f,
	0x4a40,0x4a45,0x4a4a,0x4a4f,0x5940,0x5945,0x594a,0x594f,
	0x6940,0x6945,0x694a,0x694f,0x8840,0x8845,0x884a,0x884f,
	0x9740,0x9745,0x974a,0x974f,0xb640,0xb645,0xb64a,0xb64f,
	0xc640,0xc645,0xc64a,0xc64f,0xd540,0xd545,0xd54a,0xd54f,
	0xf440,0xf445,0xf44a,0xf44f,0x0440,0x0445,0x044a,0x044f,
	0x2340,0x2345,0x234a,0x234f,0x3240,0x3245,0x324a,0x324f,
	0xed60,0xed65,0xed6a,0xed6f,0xfc60,0xfc65,0xfc6a,0xfc6f,
	0x1b60,0x1b65,0x1b6a,0x1b6f,0x2a60,0x2a65,0x2a6a,0x2a6f,
	0x4a60,0x4a65,0x4a6a,0x4a6f,0x5960,0x5965,0x596a,0x596f,
	0x6860,0x6865,0x686a,0x686f,0x8860,0x8865,0x886a,0x886f,
	0x9760,0x9765,0x976a,0x976f,0xb660,0xb665,0xb66a,0xb66f,
	0xc560,0xc565,0xc56a,0xc56f,0xd560,0xd565,0xd56a,0xd56f,
	0xf460,0xf465,0xf46a,0xf46f,0x0360,0x0365,0x036a,0x036f,
	0x2360,0x2365,0x236a,0x236f,0x3260,0x3265,0x326a,0x326f,
	0xe2b0,0xe2b5,0xe2ba,0xe2bf,0x01b0,0x01b5,0x01ba,0x01bf,
	0x11b0,0x11b5,0x11ba,0x11bf,0x20b0,0x20b5,0x20ba,0x20bf,
	0x4fb0,0x4fb5,0x4fba,0x4fbf,0x5eb0,0x5eb5,0x5eba,0x5ebf,
	0x7eb0,0x7eb5,0x7eba,0x7ebf,0x8db0,0x8db5,0x8dba,0x8dbf,
	0xacb0,0xacb5,0xacba,0xacbf,0xbcb0,0xbcb5,0xbcba,0xbcbf,
	0xcbb0,0xcbb5,0xcbba,0xcbbf,0xeab0,0xeab5,0xeaba,0xeabf,
	0xf9b0,0xf9b5,0xf9ba,0xf9bf,0x19b0,0x19b5,0x19ba,0x19bf,
	0x28b0,0x28b5,0x28ba,0x28bf,0x37b0,0x37b5,0x37ba,0x37bf,
	0xe2d0,0xe2d5,0xe2da,0xe2df,0x01d0,0x01d5,0x01da,0x01df,
	0x10d0,0x10d5,0x10da,0x10df,0x2fd0,0x2fd5,0x2fda,0x2fdf,
	0x4fd0,0x4fd5,0x4fda,0x4fdf,0x5ed0,0x5ed5,0x5eda,0x5edf,
	0x7dd0,0x7dd5,0x7dda,0x7ddf,0x8dd0,0x8dd5,0x8dda,0x8ddf,
	0xacd0,0xacd5,0xacda,0xacdf,0xbbd0,0xbbd5,0xbbda,0xbbdf,
	0xcad0,0xcad5,0xcada,0xcadf,0xead0,0xead5,0xeada,0xeadf,
	0xf9d0,0xf9d5,0xf9da,0xf9df,0x18d0,0x18d5,0x18da,0x18df,
	0x28d0,0x28d5,0x28da,0x28df,0x37d0,0x37d5,0x37da,0x37df,
	0xe1f0,0xe1f5,0xe1fa,0xe1ff,0x01f0,0x01f5,0x01fa,0x01ff,
	0x10f0,0x10f5,0x10fa,0x10ff,0x2ff0,0x2ff5,0x2ffa,0x2fff,
	0x4ef0,0x4ef5,0x4efa,0x4eff,0x5ef0,0x5ef5,0x5efa,0x5eff,
	0x7df0,0x7df5,0x7dfa,0x7dff,0x8cf0,0x8cf5,0x8cfa,0x8cff,
	0xacf0,0xacf5,0xacfa,0xacff,0xbbf0,0xbbf5,0xbbfa,0xbbff,
	0xcaf0,0xcaf5,0xcafa,0xcaff,0xe9f0,0xe9f5,0xe9fa,0xe9ff,
	0xf9f0,0xf9f5,0xf9fa,0xf9ff,0x18f0,0x18f5,0x18fa,0x18ff,
	0x27f0,0x27f5,0x27fa,0x27ff,0x37f0,0x37f5,0x37fa,0x37ff,
	0xe110,0xe115,0xe11a,0xe11f,0x0010,0x0015,0x001a,0x001f,
	0x1010,0x1015,0x101a,0x101f,0x2f10,0x2f15,0x2f1a,0x2f1f,
	0x4e10,0x4e15,0x4e1a,0x4e1f,0x5d10,0x5d15,0x5d1a,0x5d1f,
	0x7d10,0x7d15,0x7d1a,0x7d1f,0x8c10,0x8c15,0x8c1a,0x8c1f,
	0xab10,0xab15,0xab1a,0xab1f,0xbb10,0xbb15,0xbb1a,0xbb1f,
	0xca10,0xca15,0xca1a,0xca1f,0xe910,0xe915,0xe91a,0xe91f,
	0xf810,0xf815,0xf81a,0xf81f,0x1810,0x1815,0x181a,0x181f,
	0x2710,0x2715,0x271a,0x271f,0x3610,0x3615,0x361a,0x361f,
	0xe120,0xe125,0xe12a,0xe12f,0x0020,0x0025,0x002a,0x002f,
	0x1f20,0x1f25,0x1f2a,0x1f2f,0x2e20,0x2e25,0x2e2a,0x2e2f,
	0x4e20,0x4e25,0x4e2a,0x4e2f,0x5d20,0x5d25,0x5d2a,0x5d2f,
	0x7c20,0x7c25,0x7c2a,0x7c2f,0x8c20,0x8c25,0x8c2a,0x8c2f,
	0xab20,0xab25,0xab2a,0xab2f,0xba20,0xba25,0xba2a,0xba2f,
	0xc920,0xc925,0xc92a,0xc92f,0xe920,0xe925,0xe92a,0xe92f,
	0xf820,0xf825,0xf82a,0xf82f,0x1720,0x1725,0x172a,0x172f,
	0x2720,0x2725,0x272a,0x272f,0x3620,0x3625,0x362a,0x362f,
	0xe040,0xe045,0xe04a,0xe04f,0x0040,0x0045,0x004a,0x004f,
	0x1f40,0x1f45,0x1f4a,0x1f4f,0x2e40,0x2e45,0x2e4a,0x2e4f,
	0x4d40,0x4d45,0x4d4a,0x4d4f,0x5d40,0x5d45,0x5d4a,0x5d4f,
	0x7c40,0x7c45,0x7c4a,0x7c4f,0x8b40,0x8b45,0x8b4a,0x8b4f,
	0xab40,0xab45,0xab4a,0xab4f,0xba40,0xba45,0xba4a,0xba4f,
	0xc940,0xc945,0xc94a,0xc94f,0xe840,0xe845,0xe84a,0xe84f,
	0xf840,0xf845,0xf84a,0xf84f,0x1740,0x1745,0x174a,0x174f,
	0x2640,0x2645,0x264a,0x264f,0x3640,0x3645,0x364a,0x364f,
	0xe060,0xe065,0xe06a,0xe06f,0x0f60,0x0f65,0x0f6a,0x0f6f,
	0x1e60,0x1e65,0x1e6a,0x1e6f,0x2e60,0x2e65,0x2e6a,0x2e6f,
	0x4d60,0x4d65,0x4d6a,0x4d6f,0x5c60,0x5c65,0x5c6a,0x5c6f,
	0x7c60,0x7c65,0x7c6a,0x7c6f,0x8b60,0x8b65,0x8b6a,0x8b6f,
	0xaa60,0xaa65,0xaa6a,0xaa6f,0xb960,0xb965,0xb96a,0xb96f,
	0xc960,0xc965,0xc96a,0xc96f,0xe860,0xe865,0xe86a,0xe86f,
	0xf760,0xf765,0xf76a,0xf76f,0x1760,0x1765,0x176a,0x176f,
	0x2660,0x2665,0x266a,0x266f,0x3560,0x3565,0x356a,0x356f,
	0xe080,0xe085,0xe08a,0xe08f,0x0f80,0x0f85,0x0f8a,0x0f8f,
	0x1e80,0x1e85,0x1e8a,0x1e8f,0x2d80,0x2d85,0x2d8a,0x2d8f,
	0x4d80,0x4d85,0x4d8a,0x4d8f,0x5c80,0x5c85,0x5c8a,0x5c8f,
	0x7b80,0x7b85,0x7b8a,0x7b8f,0x8b80,0x8b85,0x8b8a,0x8b8f,
	0xaa80,0xaa85,0xaa8a,0xaa8f,0xb980,0xb985,0xb98a,0xb98f,
	0xc880,0xc885,0xc88a,0xc88f,0xe880,0xe885,0xe88a,0xe88f,
	0xf780,0xf785,0xf78a,0xf78f,0x1680,0x1685,0x168a,0x168f,
	0x2680,0x2685,0x268a,0x268f,0x3580,0x3585,0x358a,0x358f,
	0xefa0,0xefa5,0xefaa,0xefaf,0x0ea0,0x0ea5,0x0eaa,0x0eaf,
	0x1ea0,0x1ea5,0x1eaa,0x1eaf,0x2da0,0x2da5,0x2daa,0x2daf,
	0x4ca0,0x4ca5,0x4caa,0x4caf,0x5ca0,0x5ca5,0x5caa,0x5caf,
	0x7ba0,0x7ba5,0x7baa,0x7baf,0x8aa0,0x8aa5,0x8aaa,0x8aaf,
	0xaaa0,0xaaa5,0xaaaa,0xaaaf,0xb9a0,0xb9a5,0xb9aa,0xb9af,
	0xc8a0,0xc8a5,0xc8aa,0xc8af,0xe7a0,0xe7a5,0xe7aa,0xe7af,
	0xf7a0,0xf7a5,0xf7aa,0xf7af,0x16a0,0x16a5,0x16aa,0x16af,
	0x25a0,0x25a5,0x25aa,0x25af,0x35a0,0x35a5,0x35aa,0x35af,
	0xefb0,0xefb5,0xefba,0xefbf,0x0eb0,0x0eb5,0x0eba,0x0ebf,
	0x1db0,0x1db5,0x1dba,0x1dbf,0x2db0,0x2db5,0x2dba,0x2dbf,
	0x4cb0,0x4cb5,0x4cba,0x4cbf,0x5bb0,0x5bb5,0x5bba,0x5bbf,
	0x7bb0,0x7bb5,0x7bba,0x7bbf,0x8ab0,0x8ab5,0x8aba,0x8abf,
	0xa9b0,0xa9b5,0xa9ba,0xa9bf,0xb8b0,0xb8b5,0xb8ba,0xb8bf,
	0xc8b0,0xc8b5,0xc8ba,0xc8bf,0xe7b0,0xe7b5,0xe7ba,0xe7bf,
	0xf6b0,0xf6b5,0xf6ba,0xf6bf,0x16b0,0x16b5,0x16ba,0x16bf,
	0x25b0,0x25b5,0x25ba,0x25bf,0x34b0,0x34b5,0x34ba,0x34bf,
	0xefd0,0xefd5,0xefda,0xefdf,0x0ed0,0x0ed5,0x0eda,0x0edf,
	0x1dd0,0x1dd5,0x1dda,0x1ddf,0x2cd0,0x2cd5,0x2cda,0x2cdf,
	0x4cd0,0x4cd5,0x4cda,0x4cdf,0x5bd0,0x5bd5,0x5bda,0x5bdf,
	0x7ad0,0x7ad5,0x7ada,0x7adf,0x8ad0,0x8ad5,0x8ada,0x8adf,
	0xa9d0,0xa9d5,0xa9da,0xa9df,0xb8d0,0xb8d5,0xb8da,0xb8df,
	0xc7d0,0xc7d5,0xc7da,0xc7df,0xe7d0,0xe7d5,0xe7da,0xe7df,
	0xf6d0,0xf6d5,0xf6da,0xf6df,0x15d0,0x15d5,0x15da,0x15df,
	0x25d0,0x25d5,0x25da,0x25df,0x34d0,0x34d5,0x34da,0x34df,
	0xeef0,0xeef5,0xeefa,0xeeff,0x0df0,0x0df5,0x0dfa,0x0dff,
	0x1df0,0x1df5,0x1dfa,0x1dff,0x2cf0,0x2cf5,0x2cfa,0x2cff,
	0x4bf0,0x4bf5,0x4bfa,0x4bff,0x5bf0,0x5bf5,0x5bfa,0x5bff,
	0x7af0,0x7af5,0x7afa,0x7aff,0x89f0,0x89f5,0x89fa,0x89ff,
	0xa8f0,0xa8f5,0xa8fa,0xa8ff,0xb8f0,0xb8f5,0xb8fa,0xb8ff,
	0xc7f0,0xc7f5,0xc7fa,0xc7ff,0xe6f0,0xe6f5,0xe6fa,0xe6ff,
	0xf6f0,0xf6f5,0xf6fa,0xf6ff,0x15f0,0x15f5,0x15fa,0x15ff,
	0x24f0,0x24f5,0x24fa,0x24ff,0x33f0,0x33f5,0x33fa,0x33ff,
	0xee10,0xee15,0xee1a,0xee1f,0x0d10,0x0d15,0x0d1a,0x0d1f,
	0x1c10,0x1c15,0x1c1a,0x1c1f,0x2c10,0x2c15,0x2c1a,0x2c1f,
	0x4b10,0x4b15,0x4b1a,0x4b1f,0x5a10,0x5a15,0x5a1a,0x5a1f,
	0x7a10,0x7a15,0x7a1a,0x7a1f,0x8910,0x8915,0x891a,0x891f,
	0xa810,0xa815,0xa81a,0xa81f,0xb710,0xb715,0xb71a,0xb71f,
	0xc710,0xc715,0xc71a,0xc71f,0xe610,0xe615,0xe61a,0xe61f,
	0xf510,0xf515,0xf51a,0xf51f,0x1510,0x1515,0x151a,0x151f,
	0x2410,0x2415,0x241a,0x241f,0x3310,0x3315,0x331a,0x331f,
	0xed20,0xed25,0xed2a,0xed2f,0x0d20,0x0d25,0x0d2a,0x0d2f,
	0x1c20,0x1c25,0x1c2a,0x1c2f,0x2b20,0x2b25,0x2b2a,0x2b2f,
	0x4b20,0x4b25,0x4b2a,0x4b2f,0x5a20,0x5a25,0x5a2a,0x5a2f,
	0x7920,0x7925,0x792a,0x792f,0x8820,0x8825,0x882a,0x882f,
	0xa820,0xa825,0xa82a,0xa82f,0xb720,0xb725,0xb72a,0xb72f,
	0xc620,0xc625,0xc62a,0xc62f,0xe620,0xe625,0xe62a,0xe62f,
	0xf520,0xf525,0xf52a,0xf52f,0x1420,0x1425,0x142a,0x142f,
	0x2320,0x2325,0x232a,0x232f,0x3320,0x3325,0x332a,0x332f,
	0xed40,0xed45,0xed4a,0xed4f,0x0c40,0x0c45,0x0c4a,0x0c4f,
	0x1c40,0x1c45,0x1c4a,0x1c4f,0x2b40,0x2b45,0x2b4a,0x2b4f,
	0x4a40,0x4a45,0x4a4a,0x4a4f,0x5a40,0x5a45,0x5a4a,0x5a4f,
	0x7940,0x7945,0x794a,0x794f,0x8840,0x8845,0x884a,0x884f,
	0xa740,0xa745,0xa74a,0xa74f,0xb740,0xb745,0xb74a,0xb74f,
	0xc640,0xc645,0xc64a,0xc64f,0xe540,0xe545,0xe54a,0xe54f,
	0xf540,0xf545,0xf54a,0xf54f,0x1440,0x1445,0x144a,0x144f,
	0x2340,0x2345,0x234a,0x234f,0x3240,0x3245,0x324a,0x324f,
	0xed60,0xed65,0xed6a,0xed6f,0x0c60,0x0c65,0x0c6a,0x0c6f,
	0x1b60,0x1b65,0x1b6a,0x1b6f,0x2b60,0x2b65,0x2b6a,0x2b6f,
	0x4a60,0x4a65,0x4a6a,0x4a6f,0x5960,0x5965,0x596a,0x596f,
	0x7960,0x7965,0x796a,0x796f,0x8860,0x8865,0x886a,0x886f,
	0xa760,0xa765,0xa76a,0xa76f,0xb660,0xb665,0xb66a,0xb66f,
	0xc660,0xc665,0xc66a,0xc66f,0xe560,0xe565,0xe56a,0xe56f,
	0xf460,0xf465,0xf46a,0xf46f,0x1460,0x1465,0x146a,0x146f,
	0x2360,0x2365,0x236a,0x236f,0x3260,0x3265,0x326a,0x326f,
	0xf2c0,0xf2c5,0xf2ca,0xf2cf,0x02c0,0x02c5,0x02ca,0x02cf,
	0x11c0,0x11c5,0x11ca,0x11cf,0x30c0,0x30c5,0x30ca,0x30cf,
	0x4fc0,0x4fc5,0x4fca,0x4fcf,0x6fc0,0x6fc5,0x6fca,0x6fcf,
	0x7ec0,0x7ec5,0x7eca,0x7ecf,0x8dc0,0x8dc5,0x8dca,0x8dcf,
	0xadc0,0xadc5,0xadca,0xadcf,0xbcc0,0xbcc5,0xbcca,0xbccf,
	0xdbc0,0xdbc5,0xdbca,0xdbcf,0xeac0,0xeac5,0xeaca,0xeacf,
	0xfac0,0xfac5,0xfaca,0xfacf,0x19c0,0x19c5,0x19ca,0x19cf,
	0x28c0,0x28c5,0x28ca,0x28cf,0x48c0,0x48c5,0x48ca,0x48cf,
	0xf2d0,0xf2d5,0xf2da,0xf2df,0x01d0,0x01d5,0x01da,0x01df,
	0x10d0,0x10d5,0x10da,0x10df,0x30d0,0x30d5,0x30da,0x30df,
	0x4fd0,0x4fd5,0x4fda,0x4fdf,0x6ed0,0x6ed5,0x6eda,0x6edf,
	0x7ed0,0x7ed5,0x7eda,0x7edf,0x8dd0,0x8dd5,0x8dda,0x8ddf,
	0xacd0,0xacd5,0xacda,0xacdf,0xbbd0,0xbbd5,0xbbda,0xbbdf,
	0xdbd0,0xdbd5,0xdbda,0xdbdf,0xead0,0xead5,0xeada,0xeadf,
	0xf9d0,0xf9d5,0xf9da,0xf9df,0x19d0,0x19d5,0x19da,0x19df,
	0x28d0,0x28d5,0x28da,0x28df,0x47d0,0x47d5,0x47da,0x47df,
	0xf2f0,0xf2f5,0xf2fa,0xf2ff,0x01f0,0x01f5,0x01fa,0x01ff,
	0x10f0,0x10f5,0x10fa,0x10ff,0x3ff0,0x3ff5,0x3ffa,0x3fff,
	0x4ff0,0x4ff5,0x4ffa,0x4fff,0x6ef0,0x6ef5,0x6efa,0x6eff,
	0x7df0,0x7df5,0x7dfa,0x7dff,0x8df0,0x8df5,0x8dfa,0x8dff,
	0xacf0,0xacf5,0xacfa,0xacff,0xbbf0,0xbbf5,0xbbfa,0xbbff,
	0xdaf0,0xdaf5,0xdafa,0xdaff,0xeaf0,0xeaf5,0xeafa,0xeaff,
	0xf9f0,0xf9f5,0xf9fa,0xf9ff,0x18f0,0x18f5,0x18fa,0x18ff,
	0x28f0,0x28f5,0x28fa,0x28ff,0x47f0,0x47f5,0x47fa,0x47ff,
	0xf110,0xf115,0xf11a,0xf11f,0x0010,0x0015,0x001a,0x001f,
	0x1010,0x1015,0x101a,0x101f,0x3f10,0x3f15,0x3f1a,0x3f1f,
	0x4e10,0x4e15,0x4e1a,0x4e1f,0x6e10,0x6e15,0x6e1a,0x6e1f,
	0x7d10,0x7d15,0x7d1a,0x7d1f,0x8c10,0x8c15,0x8c1a,0x8c1f,
	0xab10,0xab15,0xab1a,0xab1f,0xbb10,0xbb15,0xbb1a,0xbb1f,
	0xda10,0xda15,0xda1a,0xda1f,0xe910,0xe915,0xe91a,0xe91f,
	0xf910,0xf915,0xf91a,0xf91f,0x1810,0x1815,0x181a,0x181f,
	0x2710,0x2715,0x271a,0x271f,0x4610,0x4615,0x461a,0x461f,
	0xf130,0xf135,0xf13a,0xf13f,0x0030,0x0035,0x003a,0x003f,
	0x1f30,0x1f35,0x1f3a,0x1f3f,0x3f30,0x3f35,0x3f3a,0x3f3f,
	0x4e30,0x4e35,0x4e3a,0x4e3f,0x6d30,0x6d35,0x6d3a,0x6d3f,
	0x7d30,0x7d35,0x7d3a,0x7d3f,0x8c30,0x8c35,0x8c3a,0x8c3f,
	0xab30,0xab35,0xab3a,0xab3f,0xba30,0xba35,0xba3a,0xba3f,
	0xda30,0xda35,0xda3a,0xda3f,0xe930,0xe935,0xe93a,0xe93f,
	0xf830,0xf835,0xf83a,0xf83f,0x1830,0x1835,0x183a,0x183f,
	0x2730,0x2735,0x273a,0x273f,0x4630,0x4635,0x463a,0x463f,
	0xf040,0xf045,0xf04a,0xf04f,0x0040,0x0045,0x004a,0x004f,
	0x1f40,0x1f45,0x1f4a,0x1f4f,0x3e40,0x3e45,0x3e4a,0x3e4f,
	0x4e40,0x4e45,0x4e4a,0x4e4f,0x6d40,0x6d45,0x6d4a,0x6d4f,
	0x7c40,0x7c45,0x7c4a,0x7c4f,0x8b40,0x8b45,0x8b4a,0x8b4f,
	0xab40,0xab45,0xab4a,0xab4f,0xba40,0xba45,0xba4a,0xba4f,
	0xd940,0xd945,0xd94a,0xd94f,0xe940,0xe945,0xe94a,0xe94f,
	0xf840,0xf845,0xf84a,0xf84f,0x1740,0x1745,0x174a,0x174f,
	0x2640,0x2645,0x264a,0x264f,0x4640,0x4645,0x464a,0x464f,
	0xf060,0xf065,0xf06a,0xf06f,0x0f60,0x0f65,0x0f6a,0x0f6f,
	0x1f60,0x1f65,0x1f6a,0x1f6f,0x3e60,0x3e65,0x3e6a,0x3e6f,
	0x4d60,0x4d65,0x4d6a,0x4d6f,0x6d60,0x6d65,0x6d6a,0x6d6f,
	0x7c60,0x7c65,0x7c6a,0x7c6f,0x8b60,0x8b65,0x8b6a,0x8b6f,
	0xaa60,0xaa65,0xaa6a,0xaa6f,0xba60,0xba65,0xba6a,0xba6f,
	0xd960,0xd965,0xd96a,0xd96f,0xe860,0xe865,0xe86a,0xe86f,
	0xf860,0xf865,0xf86a,0xf86f,0x1760,0x1765,0x176a,0x176f,
	0x2660,0x2665,0x266a,0x266f,0x4560,0x4565,0x456a,0x456f,
	0xf080,0xf085,0xf08a,0xf08f,0x0f80,0x0f85,0x0f8a,0x0f8f,
	0x1e80,0x1e85,0x1e8a,0x1e8f,0x3e80,0x3e85,0x3e8a,0x3e8f,
	0x4d80,0x4d85,0x4d8a,0x4d8f,0x6c80,0x6c85,0x6c8a,0x6c8f,
	0x7c80,0x7c85,0x7c8a,0x7c8f,0x8b80,0x8b85,0x8b8a,0x8b8f,
	0xaa80,0xaa85,0xaa8a,0xaa8f,0xb980,0xb985,0xb98a,0xb98f,
	0xd980,0xd985,0xd98a,0xd98f,0xe880,0xe885,0xe88a,0xe88f,
	0xf780,0xf785,0xf78a,0xf78f,0x1780,0x1785,0x178a,0x178f,
	0x2680,0x2685,0x268a,0x268f,0x4580,0x4585,0x458a,0x458f,
	0xffa0,0xffa5,0xffaa,0xffaf,0x0fa0,0x0fa5,0x0faa,0x0faf,
	0x1ea0,0x1ea5,0x1eaa,0x1eaf,0x3da0,0x3da5,0x3daa,0x3daf,
	0x4da0,0x4da5,0x4daa,0x4daf,0x6ca0,0x6ca5,0x6caa,0x6caf,
	0x7ba0,0x7ba5,0x7baa,0x7baf,0x8aa0,0x8aa5,0x8aaa,0x8aaf,
	0xaaa0,0xaaa5,0xaaaa,0xaaaf,0xb9a0,0xb9a5,0xb9aa,0xb9af,
	0xd8a0,0xd8a5,0xd8aa,0xd8af,0xe8a0,0xe8a5,0xe8aa,0xe8af,
	0xf7a0,0xf7a5,0xf7aa,0xf7af,0x16a0,0x16a5,0x16aa,0x16af,
	0x25a0,0x25a5,0x25aa,0x25af,0x45a0,0x45a5,0x45aa,0x45af,
	0xffc0,0xffc5,0xffca,0xffcf,0x0ec0,0x0ec5,0x0eca,0x0ecf,
	0x1ec0,0x1ec5,0x1eca,0x1ecf,0x3dc0,0x3dc5,0x3dca,0x3dcf,
	0x4cc0,0x4cc5,0x4cca,0x4ccf,0x6cc0,0x6cc5,0x6cca,0x6ccf,
	0x7bc0,0x7bc5,0x7bca,0x7bcf,0x8ac0,0x8ac5,0x8aca,0x8acf,
	0xa9c0,0xa9c5,0xa9ca,0xa9cf,0xb9c0,0xb9c5,0xb9ca,0xb9cf,
	0xd8c0,0xd8c5,0xd8ca,0xd8cf,0xe7c0,0xe7c5,0xe7ca,0xe7cf,
	0xf7c0,0xf7c5,0xf7ca,0xf7cf,0x16c0,0x16c5,0x16ca,0x16cf,
	0x25c0,0x25c5,0x25ca,0x25cf,0x44c0,0x44c5,0x44ca,0x44cf,
	0xffd0,0xffd5,0xffda,0xffdf,0x0ed0,0x0ed5,0x0eda,0x0edf,
	0x1dd0,0x1dd5,0x1dda,0x1ddf,0x3dd0,0x3dd5,0x3dda,0x3ddf,
	0x4cd0,0x4cd5,0x4cda,0x4cdf,0x6bd0,0x6bd5,0x6bda,0x6bdf,
	0x7ad0,0x7ad5,0x7ada,0x7adf,0x8ad0,0x8ad5,0x8ada,0x8adf,
	0xa9d0,0xa9d5,0xa9da,0xa9df,0xb8d0,0xb8d5,0xb8da,0xb8df,
	0xd8d0,0xd8d5,0xd8da,0xd8df,0xe7d0,0xe7d5,0xe7da,0xe7df,
	0xf6d0,0xf6d5,0xf6da,0xf6df,0x15d0,0x15d5,0x15da,0x15df,
	0x25d0,0x25d5,0x25da,0x25df,0x44d0,0x44d5,0x44da,0x44df,
	0xfef0,0xfef5,0xfefa,0xfeff,0x0ef0,0x0ef5,0x0efa,0x0eff,
	0x1df0,0x1df5,0x1dfa,0x1dff,0x3cf0,0x3cf5,0x3cfa,0x3cff,
	0x4cf0,0x4cf5,0x4cfa,0x4cff,0x6bf0,0x6bf5,0x6bfa,0x6bff,
	0x7af0,0x7af5,0x7afa,0x7aff,0x89f0,0x89f5,0x89fa,0x89ff,
	0xa9f0,0xa9f5,0xa9fa,0xa9ff,0xb8f0,0xb8f5,0xb8fa,0xb8ff,
	0xd7f0,0xd7f5,0xd7fa,0xd7ff,0xe7f0,0xe7f5,0xe7fa,0xe7ff,
	0xf6f0,0xf6f5,0xf6fa,0xf6ff,0x15f0,0x15f5,0x15fa,0x15ff,
	0x24f0,0x24f5,0x24fa,0x24ff,0x44f0,0x44f5,0x44fa,0x44ff,
	0xfe10,0xfe15,0xfe1a,0xfe1f,0x0d10,0x0d15,0x0d1a,0x0d1f,
	0x1d10,0x1d15,0x1d1a,0x1d1f,0x3c10,0x3c15,0x3c1a,0x3c1f,
	0x4b10,0x4b15,0x4b1a,0x4b1f,0x6b10,0x6b15,0x6b1a,0x6b1f,
	0x7a10,0x7a15,0x7a1a,0x7a1f,0x8910,0x8915,0x891a,0x891f,
	0xa810,0xa815,0xa81a,0xa81f,0xb810,0xb815,0xb81a,0xb81f,
	0xd710,0xd715,0xd71a,0xd71f,0xe610,0xe615,0xe61a,0xe61f,
	0xf610,0xf615,0xf61a,0xf61f,0x1510,0x1515,0x151a,0x151f,
	0x2410,0x2415,0x241a,0x241f,0x4310,0x4315,0x431a,0x431f,
	0xfe30,0xfe35,0xfe3a,0xfe3f,0x0d30,0x0d35,0x0d3a,0x0d3f,
	0x1c30,0x1c35,0x1c3a,0x1c3f,0x3c30,0x3c35,0x3c3a,0x3c3f,
	0x4b30,0x4b35,0x4b3a,0x4b3f,0x6a30,0x6a35,0x6a3a,0x6a3f,
	0x7930,0x7935,0x793a,0x793f,0x8930,0x8935,0x893a,0x893f,
	0xa830,0xa835,0xa83a,0xa83f,0xb730,0xb735,0xb73a,0xb73f,
	0xd730,0xd735,0xd73a,0xd73f,0xe630,0xe635,0xe63a,0xe63f,
	0xf530,0xf535,0xf53a,0xf53f,0x1430,0x1435,0x143a,0x143f,
	0x2430,0x2435,0x243a,0x243f,0x4330,0x4335,0x433a,0x433f,
	0xfd40,0xfd45,0xfd4a,0xfd4f,0x0d40,0x0d45,0x0d4a,0x0d4f,
	0x1c40,0x1c45,0x1c4a,0x1c4f,0x3b40,0x3b45,0x3b4a,0x3b4f,
	0x4b40,0x4b45,0x4b4a,0x4b4f,0x6a40,0x6a45,0x6a4a,0x6a4f,
	0x7940,0x7945,0x794a,0x794f,0x8840,0x8845,0x884a,0x884f,
	0xa840,0xa845,0xa84a,0xa84f,0xb740,0xb745,0xb74a,0xb74f,
	0xd640,0xd645,0xd64a,0xd64f,0xe640,0xe645,0xe64a,0xe64f,
	0xf540,0xf545,0xf54a,0xf54f,0x1440,0x1445,0x144a,0x144f,
	0x2340,0x2345,0x234a,0x234f,0x4340,0x4345,0x434a,0x434f,
	0xfd60,0xfd65,0xfd6a,0xfd6f,0x0c60,0x0c65,0x0c6a,0x0c6f,
	0x1c60,0x1c65,0x1c6a,0x1c6f,0x3b60,0x3b65,0x3b6a,0x3b6f,
	0x4a60,0x4a65,0x4a6a,0x4a6f,0x6960,0x6965,0x696a,0x696f,
	0x7960,0x7965,0x796a,0x796f,0x8860,0x8865,0x886a,0x886f,
	0xa760,0xa765,0xa76a,0xa76f,0xb760,0xb765,0xb76a,0xb76f,
	0xd660,0xd665,0xd66a,0xd66f,0xe560,0xe565,0xe56a,0xe56f,
	0xf460,0xf465,0xf46a,0xf46f,0x1460,0x1465,0x146a,0x146f,
	0x2360,0x2365,0x236a,0x236f,0x4260,0x4265,0x426a,0x426f,
	0xf2c0,0xf2c5,0xf2ca,0xf2cf,0x02c0,0x02c5,0x02ca,0x02cf,
	0x21c0,0x21c5,0x21ca,0x21cf,0x30c0,0x30c5,0x30ca,0x30cf,
	0x40c0,0x40c5,0x40ca,0x40cf,0x6fc0,0x6fc5,0x6fca,0x6fcf,
	0x7ec0,0x7ec5,0x7eca,0x7ecf,0x9dc0,0x9dc5,0x9dca,0x9dcf,
	0xadc0,0xadc5,0xadca,0xadcf,0xbcc0,0xbcc5,0xbcca,0xbccf,
	0xdbc0,0xdbc5,0xdbca,0xdbcf,0xebc0,0xebc5,0xebca,0xebcf,
	0x0ac0,0x0ac5,0x0aca,0x0acf,0x19c0,0x19c5,0x19ca,0x19cf,
	0x28c0,0x28c5,0x28ca,0x28cf,0x48c0,0x48c5,0x48ca,0x48cf,
	0xf2e0,0xf2e5,0xf2ea,0xf2ef,0x01e0,0x01e5,0x01ea,0x01ef,
	0x21e0,0x21e5,0x21ea,0x21ef,0x30e0,0x30e5,0x30ea,0x30ef,
	0x4fe0,0x4fe5,0x4fea,0x4fef,0x6fe0,0x6fe5,0x6fea,0x6fef,
	0x7ee0,0x7ee5,0x7eea,0x7eef,0x9de0,0x9de5,0x9dea,0x9def,
	0xace0,0xace5,0xacea,0xacef,0xbce0,0xbce5,0xbcea,0xbcef,
	0xdbe0,0xdbe5,0xdbea,0xdbef,0xeae0,0xeae5,0xeaea,0xeaef,
	0x0ae0,0x0ae5,0x0aea,0x0aef,0x19e0,0x19e5,0x19ea,0x19ef,
	0x28e0,0x28e5,0x28ea,0x28ef,0x47e0,0x47e5,0x47ea,0x47ef,
	0xf2f0,0xf2f5,0xf2fa,0xf2ff,0x01f0,0x01f5,0x01fa,0x01ff,
	0x20f0,0x20f5,0x20fa,0x20ff,0x30f0,0x30f5,0x30fa,0x30ff,
	0x4ff0,0x4ff5,0x4ffa,0x4fff,0x6ef0,0x6ef5,0x6efa,0x6eff,
	0x7df0,0x7df5,0x7dfa,0x7dff,0x9df0,0x9df5,0x9dfa,0x9dff,
	0xacf0,0xacf5,0xacfa,0xacff,0xbbf0,0xbbf5,0xbbfa,0xbbff,
	0xdbf0,0xdbf5,0xdbfa,0xdbff,0xeaf0,0xeaf5,0xeafa,0xeaff,
	0x09f0,0x09f5,0x09fa,0x09ff,0x18f0,0x18f5,0x18fa,0x18ff,
	0x28f0,0x28f5,0x28fa,0x28ff,0x47f0,0x47f5,0x47fa,0x47ff,
	0xf110,0xf115,0xf11a,0xf11f,0x0110,0x0115,0x011a,0x011f,
	0x2010,0x2015,0x201a,0x201f,0x3f10,0x3f15,0x3f1a,0x3f1f,
	0x4f10,0x4f15,0x4f1a,0x4f1f,0x6e10,0x6e15,0x6e1a,0x6e1f,
	0x7d10,0x7d15,0x7d1a,0x7d1f,0x9c10,0x9c15,0x9c1a,0x9c1f,
	0xac10,0xac15,0xac1a,0xac1f,0xbb10,0xbb15,0xbb1a,0xbb1f,
	0xda10,0xda15,0xda1a,0xda1f,0xea10,0xea15,0xea1a,0xea1f,
	0x0910,0x0915,0x091a,0x091f,0x1810,0x1815,0x181a,0x181f,
	0x2710,0x2715,0x271a,0x271f,0x4710,0x4715,0x471a,0x471f,
	0xf130,0xf135,0xf13a,0xf13f,0x0030,0x0035,0x003a,0x003f,
	0x2030,0x2035,0x203a,0x203f,0x3f30,0x3f35,0x3f3a,0x3f3f,
	0x4e30,0x4e35,0x4e3a,0x4e3f,0x6e30,0x6e35,0x6e3a,0x6e3f,
	0x7d30,0x7d35,0x7d3a,0x7d3f,0x9c30,0x9c35,0x9c3a,0x9c3f,
	0xab30,0xab35,0xab3a,0xab3f,0xbb30,0xbb35,0xbb3a,0xbb3f,
	0xda30,0xda35,0xda3a,0xda3f,0xe930,0xe935,0xe93a,0xe93f,
	0x0930,0x0935,0x093a,0x093f,0x1830,0x1835,0x183a,0x183f,
	0x2730,0x2735,0x273a,0x273f,0x4630,0x4635,0x463a,0x463f,
	0xf150,0xf155,0xf15a,0xf15f,0x0050,0x0055,0x005a,0x005f,
	0x2f50,0x2f55,0x2f5a,0x2f5f,0x3f50,0x3f55,0x3f5a,0x3f5f,
	0x4e50,0x4e55,0x4e5a,0x4e5f,0x6d50,0x6d55,0x6d5a,0x6d5f,
	0x7c50,0x7c55,0x7c5a,0x7c5f,0x9c50,0x9c55,0x9c5a,0x9c5f,
	0xab50,0xab55,0xab5a,0xab5f,0xba50,0xba55,0xba5a,0xba5f,
	0xda50,0xda55,0xda5a,0xda5f,0xe950,0xe955,0xe95a,0xe95f,
	0x0850,0x0855,0x085a,0x085f,0x1750,0x1755,0x175a,0x175f,
	0x2750,0x2755,0x275a,0x275f,0x4650,0x4655,0x465a,0x465f,
	0xf060,0xf065,0xf06a,0xf06f,0x0060,0x0065,0x006a,0x006f,
	0x2f60,0x2f65,0x2f6a,0x2f6f,0x3e60,0x3e65,0x3e6a,0x3e6f,
	0x4e60,0x4e65,0x4e6a,0x4e6f,0x6d60,0x6d65,0x6d6a,0x6d6f,
	0x7c60,0x7c65,0x7c6a,0x7c6f,0x9b60,0x9b65,0x9b6a,0x9b6f,
	0xab60,0xab65,0xab6a,0xab6f,0xba60,0xba65,0xba6a,0xba6f,
	0xd960,0xd965,0xd96a,0xd96f,0xe960,0xe965,0xe96a,0xe96f,
	0x0860,0x0865,0x086a,0x086f,0x1760,0x1765,0x176a,0x176f,
	0x2660,0x2665,0x266a,0x266f,0x4660,0x4665,0x466a,0x466f,
	0xf080,0xf085,0xf08a,0xf08f,0x0f80,0x0f85,0x0f8a,0x0f8f,
	0x2f80,0x2f85,0x2f8a,0x2f8f,0x3e80,0x3e85,0x3e8a,0x3e8f,
	0x4d80,0x4d85,0x4d8a,0x4d8f,0x6c80,0x6c85,0x6c8a,0x6c8f,
	0x7c80,0x7c85,0x7c8a,0x7c8f,0x9b80,0x9b85,0x9b8a,0x9b8f,
	0xaa80,0xaa85,0xaa8a,0xaa8f,0xba80,0xba85,0xba8a,0xba8f,
	0xd980,0xd985,0xd98a,0xd98f,0xe880,0xe885,0xe88a,0xe88f,
	0x0780,0x0785,0x078a,0x078f,0x1780,0x1785,0x178a,0x178f,
	0x2680,0x2685,0x268a,0x268f,0x4580,0x4585,0x458a,0x458f,
	0xf0a0,0xf0a5,0xf0aa,0xf0af,0x0fa0,0x0fa5,0x0faa,0x0faf,
	0x2ea0,0x2ea5,0x2eaa,0x2eaf,0x3ea0,0x3ea5,0x3eaa,0x3eaf,
	0x4da0,0x4da5,0x4daa,0x4daf,0x6ca0,0x6ca5,0x6caa,0x6caf,
	0x7ba0,0x7ba5,0x7baa,0x7baf,0x9ba0,0x9ba5,0x9baa,0x9baf,
	0xaaa0,0xaaa5,0xaaaa,0xaaaf,0xb9a0,0xb9a5,0xb9aa,0xb9af,
	0xd9a0,0xd9a5,0xd9aa,0xd9af,0xe8a0,0xe8a5,0xe8aa,0xe8af,
	0x07a0,0x07a5,0x07aa,0x07af,0x16a0,0x16a5,0x16aa,0x16af,
	0x26a0,0x26a5,0x26aa,0x26af,0x45a0,0x45a5,0x45aa,0x45af,
	0xffc0,0xffc5,0xffca,0xffcf,0x0fc0,0x0fc5,0x0fca,0x0fcf,
	0x2ec0,0x2ec5,0x2eca,0x2ecf,0x3dc0,0x3dc5,0x3dca,0x3dcf,
	0x4dc0,0x4dc5,0x4dca,0x4dcf,0x6cc0,0x6cc5,0x6cca,0x6ccf,
	0x7bc0,0x7bc5,0x7bca,0x7bcf,0x9ac0,0x9ac5,0x9aca,0x9acf,
	0xaac0,0xaac5,0xaaca,0xaacf,0xb9c0,0xb9c5,0xb9ca,0xb9cf,
	0xd8c0,0xd8c5,0xd8ca,0xd8cf,0xe8c0,0xe8c5,0xe8ca,0xe8cf,
	0x07c0,0x07c5,0x07ca,0x07cf,0x16c0,0x16c5,0x16ca,0x16cf,
	0x25c0,0x25c5,0x25ca,0x25cf,0x45c0,0x45c5,0x45ca,0x45cf,
	0xffe0,0xffe5,0xffea,0xffef,0x0ee0,0x0ee5,0x0eea,0x0eef,
	0x2ee0,0x2ee5,0x2eea,0x2eef,0x3de0,0x3de5,0x3dea,0x3def,
	0x4ce0,0x4ce5,0x4cea,0x4cef,0x6be0,0x6be5,0x6bea,0x6bef,
	0x7be0,0x7be5,0x7bea,0x7bef,0x9ae0,0x9ae5,0x9aea,0x9aef,
	0xa9e0,0xa9e5,0xa9ea,0xa9ef,0xb9e0,0xb9e5,0xb9ea,0xb9ef,
	0xd8e0,0xd8e5,0xd8ea,0xd8ef,0xe7e0,0xe7e5,0xe7ea,0xe7ef,
	0x06e0,0x06e5,0x06ea,0x06ef,0x16e0,0x16e5,0x16ea,0x16ef,
	0x25e0,0x25e5,0x25ea,0x25ef,0x44e0,0x44e5,0x44ea,0x44ef,
	0xfff0,0xfff5,0xfffa,0xffff,0x0ef0,0x0ef5,0x0efa,0x0eff,
	0x2df0,0x2df5,0x2dfa,0x2dff,0x3df0,0x3df5,0x3dfa,0x3dff,
	0x4cf0,0x4cf5,0x4cfa,0x4cff,0x6bf0,0x6bf5,0x6bfa,0x6bff,
	0x7af0,0x7af5,0x7afa,0x7aff,0x9af0,0x9af5,0x9afa,0x9aff,
	0xa9f0,0xa9f5,0xa9fa,0xa9ff,0xb8f0,0xb8f5,0xb8fa,0xb8ff,
	0xd8f0,0xd8f5,0xd8fa,0xd8ff,0xe7f0,0xe7f5,0xe7fa,0xe7ff,
	0x06f0,0x06f5,0x06fa,0x06ff,0x15f0,0x15f5,0x15fa,0x15ff,
	0x25f0,0x25f5,0x25fa,0x25ff,0x44f0,0x44f5,0x44fa,0x44ff,
	0xfe10,0xfe15,0xfe1a,0xfe1f,0x0e10,0x0e15,0x0e1a,0x0e1f,
	0x2d10,0x2d15,0x2d1a,0x2d1f,0x3c10,0x3c15,0x3c1a,0x3c1f,
	0x4b10,0x4b15,0x4b1a,0x4b1f,0x6b10,0x6b15,0x6b1a,0x6b1f,
	0x7a10,0x7a15,0x7a1a,0x7a1f,0x9910,0x9915,0x991a,0x991f,
	0xa910,0xa915,0xa91a,0xa91f,0xb810,0xb815,0xb81a,0xb81f,
	0xd710,0xd715,0xd71a,0xd71f,0xe610,0xe615,0xe61a,0xe61f,
	0x0610,0x0615,0x061a,0x061f,0x1510,0x1515,0x151a,0x151f,
	0x2410,0x2415,0x241a,0x241f,0x4410,0x4415,0x441a,0x441f,
	0xfe30,0xfe35,0xfe3a,0xfe3f,0x0d30,0x0d35,0x0d3a,0x0d3f,
	0x2d30,0x2d35,0x2d3a,0x2d3f,0x3c30,0x3c35,0x3c3a,0x3c3f,
	0x4b30,0x4b35,0x4b3a,0x4b3f,0x6a30,0x6a35,0x6a3a,0x6a3f,
	0x7a30,0x7a35,0x7a3a,0x7a3f,0x9930,0x9935,0x993a,0x993f,
	0xa830,0xa835,0xa83a,0xa83f,0xb830,0xb835,0xb83a,0xb83f,
	0xd730,0xd735,0xd73a,0xd73f,0xe630,0xe635,0xe63a,0xe63f,
	0x0530,0x0535,0x053a,0x053f,0x1530,0x1535,0x153a,0x153f,
	0x2430,0x2435,0x243a,0x243f,0x4330,0x4335,0x433a,0x433f,
	0xfe50,0xfe55,0xfe5a,0xfe5f,0x0d50,0x0d55,0x0d5a,0x0d5f,
	0x2c50,0x2c55,0x2c5a,0x2c5f,0x3c50,0x3c55,0x3c5a,0x3c5f,
	0x4b50,0x4b55,0x4b5a,0x4b5f,0x6a50,0x6a55,0x6a5a,0x6a5f,
	0x7950,0x7955,0x795a,0x795f,0x9950,0x9955,0x995a,0x995f,
	0xa850,0xa855,0xa85a,0xa85f,0xb750,0xb755,0xb75a,0xb75f,
	0xd750,0xd755,0xd75a,0xd75f,0xe650,0xe655,0xe65a,0xe65f,
	0x0550,0x0555,0x055a,0x055f,0x1450,0x1455,0x145a,0x145f,
	0x2450,0x2455,0x245a,0x245f,0x4350,0x4355,0x435a,0x435f,
	0xfd60,0xfd65,0xfd6a,0xfd6f,0x0d60,0x0d65,0x0d6a,0x0d6f,
	0x2c60,0x2c65,0x2c6a,0x2c6f,0x3b60,0x3b65,0x3b6a,0x3b6f,
	0x4a60,0x4a65,0x4a6a,0x4a6f,0x6a60,0x6a65,0x6a6a,0x6a6f,
	0x7960,0x7965,0x796a,0x796f,0x9860,0x9865,0x986a,0x986f,
	0xa860,0xa865,0xa86a,0xa86f,0xb760,0xb765,0xb76a,0xb76f,
	0xd660,0xd665,0xd66a,0xd66f,0xe560,0xe565,0xe56a,0xe56f,
	0x0560,0x0565,0x056a,0x056f,0x1460,0x1465,0x146a,0x146f,
	0x2360,0x2365,0x236a,0x236f,0x4360,0x4365,0x436a,0x436f,
	0xf3c0,0xf3c5,0xf3ca,0xf3cf,0x02c0,0x02c5,0x02ca,0x02cf,
	0x21c0,0x21c5,0x21ca,0x21cf,0x31c0,0x31c5,0x31ca,0x31cf,
	0x50c0,0x50c5,0x50ca,0x50cf,0x6fc0,0x6fc5,0x6fca,0x6fcf,
	0x7ec0,0x7ec5,0x7eca,0x7ecf,0x9ec0,0x9ec5,0x9eca,0x9ecf,
	0xadc0,0xadc5,0xadca,0xadcf,0xccc0,0xccc5,0xccca,0xcccf,
	0xdcc0,0xdcc5,0xdcca,0xdccf,0xebc0,0xebc5,0xebca,0xebcf,
	0x0ac0,0x0ac5,0x0aca,0x0acf,0x19c0,0x19c5,0x19ca,0x19cf,
	0x39c0,0x39c5,0x39ca,0x39cf,0x48c0,0x48c5,0x48ca,0x48cf,
	0xf2e0,0xf2e5,0xf2ea,0xf2ef,0x02e0,0x02e5,0x02ea,0x02ef,
	0x21e0,0x21e5,0x21ea,0x21ef,0x30e0,0x30e5,0x30ea,0x30ef,
	0x50e0,0x50e5,0x50ea,0x50ef,0x6fe0,0x6fe5,0x6fea,0x6fef,
	0x7ee0,0x7ee5,0x7eea,0x7eef,0x9de0,0x9de5,0x9dea,0x9def,
	0xade0,0xade5,0xadea,0xadef,0xcce0,0xcce5,0xccea,0xccef,
	0xdbe0,0xdbe5,0xdbea,0xdbef,0xebe0,0xebe5,0xebea,0xebef,
	0x0ae0,0x0ae5,0x0aea,0x0aef,0x19e0,0x19e5,0x19ea,0x19ef,
	0x38e0,0x38e5,0x38ea,0x38ef,0x48e0,0x48e5,0x48ea,0x48ef,
	0xf200,0xf205,0xf20a,0xf20f,0x0100,0x0105,0x010a,0x010f,
	0x2100,0x2105,0x210a,0x210f,0x3000,0x3005,0x300a,0x300f,
	0x5f00,0x5f05,0x5f0a,0x5f0f,0x6e00,0x6e05,0x6e0a,0x6e0f,
	0x7e00,0x7e05,0x7e0a,0x7e0f,0x9d00,0x9d05,0x9d0a,0x9d0f,
	0xac00,0xac05,0xac0a,0xac0f,0xcc00,0xcc05,0xcc0a,0xcc0f,
	0xdb00,0xdb05,0xdb0a,0xdb0f,0xea00,0xea05,0xea0a,0xea0f,
	0x0900,0x0905,0x090a,0x090f,0x1900,0x1905,0x190a,0x190f,
	0x3800,0x3805,0x380a,0x380f,0x4700,0x4705,0x470a,0x470f,
	0xf210,0xf215,0xf21a,0xf21f,0x0110,0x0115,0x011a,0x011f,
	0x2010,0x2015,0x201a,0x201f,0x3010,0x3015,0x301a,0x301f,
	0x5f10,0x5f15,0x5f1a,0x5f1f,0x6e10,0x6e15,0x6e1a,0x6e1f,
	0x7d10,0x7d15,0x7d1a,0x7d1f,0x9d10,0x9d15,0x9d1a,0x9d1f,
	0xac10,0xac15,0xac1a,0xac1f,0xcb10,0xcb15,0xcb1a,0xcb1f,
	0xdb10,0xdb15,0xdb1a,0xdb1f,0xea10,0xea15,0xea1a,0xea1f,
	0x0910,0x0915,0x091a,0x091f,0x1810,0x1815,0x181a,0x181f,
	0x3810,0x3815,0x381a,0x381f,0x4710,0x4715,0x471a,0x471f,
	0xf130,0xf135,0xf13a,0xf13f,0x0130,0x0135,0x013a,0x013f,
	0x2030,0x2035,0x203a,0x203f,0x3f30,0x3f35,0x3f3a,0x3f3f,
	0x5e30,0x5e35,0x5e3a,0x5e3f,0x6e30,0x6e35,0x6e3a,0x6e3f,
	0x7d30,0x7d35,0x7d3a,0x7d3f,0x9c30,0x9c35,0x9c3a,0x9c3f,
	0xac30,0xac35,0xac3a,0xac3f,0xcb30,0xcb35,0xcb3a,0xcb3f,
	0xda30,0xda35,0xda3a,0xda3f,0xe930,0xe935,0xe93a,0xe93f,
	0x0930,0x0935,0x093a,0x093f,0x1830,0x1835,0x183a,0x183f,
	0x3730,0x3735,0x373a,0x373f,0x4730,0x4735,0x473a,0x473f,
	0xf150,0xf155,0xf15a,0xf15f,0x0050,0x0055,0x005a,0x005f,
	0x2050,0x2055,0x205a,0x205f,0x3f50,0x3f55,0x3f5a,0x3f5f,
	0x5e50,0x5e55,0x5e5a,0x5e5f,0x6d50,0x6d55,0x6d5a,0x6d5f,
	0x7d50,0x7d55,0x7d5a,0x7d5f,0x9c50,0x9c55,0x9c5a,0x9c5f,
	0xab50,0xab55,0xab5a,0xab5f,0xcb50,0xcb55,0xcb5a,0xcb5f,
	0xda50,0xda55,0xda5a,0xda5f,0xe950,0xe955,0xe95a,0xe95f,
	0x0850,0x0855,0x085a,0x085f,0x1850,0x1855,0x185a,0x185f,
	0x3750,0x3755,0x375a,0x375f,0x4650,0x4655,0x465a,0x465f,
	0xf170,0xf175,0xf17a,0xf17f,0x0070,0x0075,0x007a,0x007f,
	0x2f70,0x2f75,0x2f7a,0x2f7f,0x3f70,0x3f75,0x3f7a,0x3f7f,
	0x5e70,0x5e75,0x5e7a,0x5e7f,0x6d70,0x6d75,0x6d7a,0x6d7f,
	0x7c70,0x7c75,0x7c7a,0x7c7f,0x9c70,0x9c75,0x9c7a,0x9c7f,
	0xab70,0xab75,0xab7a,0xab7f,0xca70,0xca75,0xca7a,0xca7f,
	0xda70,0xda75,0xda7a,0xda7f,0xe970,0xe975,0xe97a,0xe97f,
	0x0870,0x0875,0x087a,0x087f,0x1770,0x1775,0x177a,0x177f,
	0x3770,0x3775,0x377a,0x377f,0x4670,0x4675,0x467a,0x467f,
	0xf080,0xf085,0xf08a,0xf08f,0x0080,0x0085,0x008a,0x008f,
	0x2f80,0x2f85,0x2f8a,0x2f8f,0x3e80,0x3e85,0x3e8a,0x3e8f,
	0x5d80,0x5d85,0x5d8a,0x5d8f,0x6d80,0x6d85,0x6d8a,0x6d8f,
	0x7c80,0x7c85,0x7c8a,0x7c8f,0x9b80,0x9b85,0x9b8a,0x9b8f,
	0xab80,0xab85,0xab8a,0xab8f,0xca80,0xca85,0xca8a,0xca8f,
	0xd980,0xd985,0xd98a,0xd98f,0xe880,0xe885,0xe88a,0xe88f,
	0x0880,0x0885,0x088a,0x088f,0x1780,0x1785,0x178a,0x178f,
	0x3680,0x3685,0x368a,0x368f,0x4680,0x4685,0x468a,0x468f,
	0xf0a0,0xf0a5,0xf0aa,0xf0af,0x0fa0,0x0fa5,0x0faa,0x0faf,
	0x2fa0,0x2fa5,0x2faa,0x2faf,0x3ea0,0x3ea5,0x3eaa,0x3eaf,
	0x5da0,0x5da5,0x5daa,0x5daf,0x6ca0,0x6ca5,0x6caa,0x6caf,
	0x7ca0,0x7ca5,0x7caa,0x7caf,0x9ba0,0x9ba5,0x9baa,0x9baf,
	0xaaa0,0xaaa5,0xaaaa,0xaaaf,0xcaa0,0xcaa5,0xcaaa,0xcaaf,
	0xd9a0,0xd9a5,0xd9aa,0xd9af,0xe8a0,0xe8a5,0xe8aa,0xe8af,
	0x07a0,0x07a5,0x07aa,0x07af,0x17a0,0x17a5,0x17aa,0x17af,
	0x36a0,0x36a5,0x36aa,0x36af,0x45a0,0x45a5,0x45aa,0x45af,
	0xf0c0,0xf0c5,0xf0ca,0xf0cf,0x0fc0,0x0fc5,0x0fca,0x0fcf,
	0x2ec0,0x2ec5,0x2eca,0x2ecf,0x3dc0,0x3dc5,0x3dca,0x3dcf,
	0x5dc0,0x5dc5,0x5dca,0x5dcf,0x6cc0,0x6cc5,0x6cca,0x6ccf,
	0x7bc0,0x7bc5,0x7bca,0x7bcf,0x9bc0,0x9bc5,0x9bca,0x9bcf,
	0xaac0,0xaac5,0xaaca,0xaacf,0xc9c0,0xc9c5,0xc9ca,0xc9cf,
	0xd8c0,0xd8c5,0xd8ca,0xd8cf,0xe8c0,0xe8c5,0xe8ca,0xe8cf,
	0x07c0,0x07c5,0x07ca,0x07cf,0x16c0,0x16c5,0x16ca,0x16cf,
	0x36c0,0x36c5,0x36ca,0x36cf,0x45c0,0x45c5,0x45ca,0x45cf,
	0xffe0,0xffe5,0xffea,0xffef,0x0fe0,0x0fe5,0x0fea,0x0fef,
	0x2ee0,0x2ee5,0x2eea,0x2eef,0x3de0,0x3de5,0x3dea,0x3def,
	0x5ce0,0x5ce5,0x5cea,0x5cef,0x6ce0,0x6ce5,0x6cea,0x6cef,
	0x7be0,0x7be5,0x7bea,0x7bef,0x9ae0,0x9ae5,0x9aea,0x9aef,
	0xaae0,0xaae5,0xaaea,0xaaef,0xc9e0,0xc9e5,0xc9ea,0xc9ef,
	0xd8e0,0xd8e5,0xd8ea,0xd8ef,0xe7e0,0xe7e5,0xe7ea,0xe7ef,
	0x07e0,0x07e5,0x07ea,0x07ef,0x16e0,0x16e5,0x16ea,0x16ef,
	0x35e0,0x35e5,0x35ea,0x35ef,0x45e0,0x45e5,0x45ea,0x45ef,
	0xff00,0xff05,0xff0a,0xff0f,0x0e00,0x0e05,0x0e0a,0x0e0f,
	0x2e00,0x2e05,0x2e0a,0x2e0f,0x3d00,0x3d05,0x3d0a,0x3d0f,
	0x5c00,0x5c05,0x5c0a,0x5c0f,0x6b00,0x6b05,0x6b0a,0x6b0f,
	0x7b00,0x7b05,0x7b0a,0x7b0f,0x9a00,0x9a05,0x9a0a,0x9a0f,
	0xa900,0xa905,0xa90a,0xa90f,0xc900,0xc905,0xc90a,0xc90f,
	0xd800,0xd805,0xd80a,0xd80f,0xe700,0xe705,0xe70a,0xe70f,
	0x0600,0x0605,0x060a,0x060f,0x1600,0x1605,0x160a,0x160f,
	0x3500,0x3505,0x350a,0x350f,0x4400,0x4405,0x440a,0x440f,
	0xff10,0xff15,0xff1a,0xff1f,0x0e10,0x0e15,0x0e1a,0x0e1f,
	0x2d10,0x2d15,0x2d1a,0x2d1f,0x3c10,0x3c15,0x3c1a,0x3c1f,
	0x5c10,0x5c15,0x5c1a,0x5c1f,0x6b10,0x6b15,0x6b1a,0x6b1f,
	0x7a10,0x7a15,0x7a1a,0x7a1f,0x9a10,0x9a15,0x9a1a,0x9a1f,
	0xa910,0xa915,0xa91a,0xa91f,0xc810,0xc815,0xc81a,0xc81f,
	0xd710,0xd715,0xd71a,0xd71f,0xe710,0xe715,0xe71a,0xe71f,
	0x0610,0x0615,0x061a,0x061f,0x1510,0x1515,0x151a,0x151f,
	0x3510,0x3515,0x351a,0x351f,0x4410,0x4415,0x441a,0x441f,
	0xfe30,0xfe35,0xfe3a,0xfe3f,0x0e30,0x0e35,0x0e3a,0x0e3f,
	0x2d30,0x2d35,0x2d3a,0x2d3f,0x3c30,0x3c35,0x3c3a,0x3c3f,
	0x5b30,0x5b35,0x5b3a,0x5b3f,0x6b30,0x6b35,0x6b3a,0x6b3f,
	0x7a30,0x7a35,0x7a3a,0x7a3f,0x9930,0x9935,0x993a,0x993f,
	0xa930,0xa935,0xa93a,0xa93f,0xc830,0xc835,0xc83a,0xc83f,
	0xd730,0xd735,0xd73a,0xd73f,0xe630,0xe635,0xe63a,0xe63f,
	0x0630,0x0635,0x063a,0x063f,0x1530,0x1535,0x153a,0x153f,
	0x3430,0x3435,0x343a,0x343f,0x4430,0x4435,0x443a,0x443f,
	0xfe50,0xfe55,0xfe5a,0xfe5f,0x0d50,0x0d55,0x0d5a,0x0d5f,
	0x2c50,0x2c55,0x2c5a,0x2c5f,0x3c50,0x3c55,0x3c5a,0x3c5f,
	0x5b50,0x5b55,0x5b5a,0x5b5f,0x6a50,0x6a55,0x6a5a,0x6a5f,
	0x7a50,0x7a55,0x7a5a,0x7a5f,0x9950,0x9955,0x995a,0x995f,
	0xa850,0xa855,0xa85a,0xa85f,0xc750,0xc755,0xc75a,0xc75f,
	0xd750,0xd755,0xd75a,0xd75f,0xe650,0xe655,0xe65a,0xe65f,
	0x0550,0x0555,0x055a,0x055f,0x1550,0x1555,0x155a,0x155f,
	0x3450,0x3455,0x345a,0x345f,0x4350,0x4355,0x435a,0x435f,
	0xfe70,0xfe75,0xfe7a,0xfe7f,0x0d70,0x0d75,0x0d7a,0x0d7f,
	0x2c70,0x2c75,0x2c7a,0x2c7f,0x3b70,0x3b75,0x3b7a,0x3b7f,
	0x5b70,0x5b75,0x5b7a,0x5b7f,0x6a70,0x6a75,0x6a7a,0x6a7f,
	0x7970,0x7975,0x797a,0x797f,0x9970,0x9975,0x997a,0x997f,
	0xa870,0xa875,0xa87a,0xa87f,0xc770,0xc775,0xc77a,0xc77f,
	0xd670,0xd675,0xd67a,0xd67f,0xe670,0xe675,0xe67a,0xe67f,
	0x0570,0x0575,0x057a,0x057f,0x1470,0x1475,0x147a,0x147f,
	0x3470,0x3475,0x347a,0x347f,0x4370,0x4375,0x437a,0x437f,
	0xf3c0,0xf3c5,0xf3ca,0xf3cf,0x12c0,0x12c5,0x12ca,0x12cf,
	0x22c0,0x22c5,0x22ca,0x22cf,0x31c0,0x31c5,0x31ca,0x31cf,
	0x50c0,0x50c5,0x50ca,0x50cf,0x6fc0,0x6fc5,0x6fca,0x6fcf,
	0x8fc0,0x8fc5,0x8fca,0x8fcf,0x9ec0,0x9ec5,0x9eca,0x9ecf,
	0xbdc0,0xbdc5,0xbdca,0xbdcf,0xcdc0,0xcdc5,0xcdca,0xcdcf,
	0xdcc0,0xdcc5,0xdcca,0xdccf,0xfbc0,0xfbc5,0xfbca,0xfbcf,
	0x0ac0,0x0ac5,0x0aca,0x0acf,0x2ac0,0x2ac5,0x2aca,0x2acf,
	0x39c0,0x39c5,0x39ca,0x39cf,0x48c0,0x48c5,0x48ca,0x48cf,
	0xf3e0,0xf3e5,0xf3ea,0xf3ef,0x12e0,0x12e5,0x12ea,0x12ef,
	0x21e0,0x21e5,0x21ea,0x21ef,0x30e0,0x30e5,0x30ea,0x30ef,
	0x50e0,0x50e5,0x50ea,0x50ef,0x6fe0,0x6fe5,0x6fea,0x6fef,
	0x8ee0,0x8ee5,0x8eea,0x8eef,0x9ee0,0x9ee5,0x9eea,0x9eef,
	0xbde0,0xbde5,0xbdea,0xbdef,0xcce0,0xcce5,0xccea,0xccef,
	0xdbe0,0xdbe5,0xdbea,0xdbef,0xfbe0,0xfbe5,0xfbea,0xfbef,
	0x0ae0,0x0ae5,0x0aea,0x0aef,0x29e0,0x29e5,0x29ea,0x29ef,
	0x39e0,0x39e5,0x39ea,0x39ef,0x48e0,0x48e5,0x48ea,0x48ef,
	0xf200,0xf205,0xf20a,0xf20f,0x1200,0x1205,0x120a,0x120f,
	0x2100,0x2105,0x210a,0x210f,0x3000,0x3005,0x300a,0x300f,
	0x5f00,0x5f05,0x5f0a,0x5f0f,0x6f00,0x6f05,0x6f0a,0x6f0f,
	0x8e00,0x8e05,0x8e0a,0x8e0f,0x9d00,0x9d05,0x9d0a,0x9d0f,
	0xbd00,0xbd05,0xbd0a,0xbd0f,0xcc00,0xcc05,0xcc0a,0xcc0f,
	0xdb00,0xdb05,0xdb0a,0xdb0f,0xfa00,0xfa05,0xfa0a,0xfa0f,
	0x0a00,0x0a05,0x0a0a,0x0a0f,0x2900,0x2905,0x290a,0x290f,
	0x3800,0x3805,0x380a,0x380f,0x4800,0x4805,0x480a,0x480f,
	0xf220,0xf225,0xf22a,0xf22f,0x1120,0x1125,0x112a,0x112f,
	0x2120,0x2125,0x212a,0x212f,0x3020,0x3025,0x302a,0x302f,
	0x5f20,0x5f25,0x5f2a,0x5f2f,0x6e20,0x6e25,0x6e2a,0x6e2f,
	0x8e20,0x8e25,0x8e2a,0x8e2f,0x9d20,0x9d25,0x9d2a,0x9d2f,
	0xbc20,0xbc25,0xbc2a,0xbc2f,0xcc20,0xcc25,0xcc2a,0xcc2f,
	0xdb20,0xdb25,0xdb2a,0xdb2f,0xfa20,0xfa25,0xfa2a,0xfa2f,
	0x0920,0x0925,0x092a,0x092f,0x2920,0x2925,0x292a,0x292f,
	0x3820,0x3825,0x382a,0x382f,0x4720,0x4725,0x472a,0x472f,
	0xf230,0xf235,0xf23a,0xf23f,0x1130,0x1135,0x113a,0x113f,
	0x2030,0x2035,0x203a,0x203f,0x3f30,0x3f35,0x3f3a,0x3f3f,
	0x5f30,0x5f35,0x5f3a,0x5f3f,0x6e30,0x6e35,0x6e3a,0x6e3f,
	0x8d30,0x8d35,0x8d3a,0x8d3f,0x9d30,0x9d35,0x9d3a,0x9d3f,
	0xbc30,0xbc35,0xbc3a,0xbc3f,0xcb30,0xcb35,0xcb3a,0xcb3f,
	0xda30,0xda35,0xda3a,0xda3f,0xfa30,0xfa35,0xfa3a,0xfa3f,
	0x0930,0x0935,0x093a,0x093f,0x2830,0x2835,0x283a,0x283f,
	0x3830,0x3835,0x383a,0x383f,0x4730,0x4735,0x473a,0x473f,
	0xf150,0xf155,0xf15a,0xf15f,0x1150,0x1155,0x115a,0x115f,
	0x2050,0x2055,0x205a,0x205f,0x3f50,0x3f55,0x3f5a,0x3f5f,
	0x5e50,0x5e55,0x5e5a,0x5e5f,0x6e50,0x6e55,0x6e5a,0x6e5f,
	0x8d50,0x8d55,0x8d5a,0x8d5f,0x9c50,0x9c55,0x9c5a,0x9c5f,
	0xbc50,0xbc55,0xbc5a,0xbc5f,0xcb50,0xcb55,0xcb5a,0xcb5f,
	0xda50,0xda55,0xda5a,0xda5f,0xf950,0xf955,0xf95a,0xf95f,
	0x0950,0x0955,0x095a,0x095f,0x2850,0x2855,0x285a,0x285f,
	0x3750,0x3755,0x375a,0x375f,0x4750,0x4755,0x475a,0x475f,
	0xf170,0xf175,0xf17a,0xf17f,0x1070,0x1075,0x107a,0x107f,
	0x2f70,0x2f75,0x2f7a,0x2f7f,0x3f70,0x3f75,0x3f7a,0x3f7f,
	0x5e70,0x5e75,0x5e7a,0x5e7f,0x6d70,0x6d75,0x6d7a,0x6d7f,
	0x8d70,0x8d75,0x8d7a,0x8d7f,0x9c70,0x9c75,0x9c7a,0x9c7f,
	0xbb70,0xbb75,0xbb7a,0xbb7f,0xca70,0xca75,0xca7a,0xca7f,
	0xda70,0xda75,0xda7a,0xda7f,0xf970,0xf975,0xf97a,0xf97f,
	0x0870,0x0875,0x087a,0x087f,0x2870,0x2875,0x287a,0x287f,
	0x3770,0x3775,0x377a,0x377f,0x4670,0x4675,0x467a,0x467f,
	0xf190,0xf195,0xf19a,0xf19f,0x1090,0x1095,0x109a,0x109f,
	0x2f90,0x2f95,0x2f9a,0x2f9f,0x3e90,0x3e95,0x3e9a,0x3e9f,
	0x5e90,0x5e95,0x5e9a,0x5e9f,0x6d90,0x6d95,0x6d9a,0x6d9f,
	0x8c90,0x8c95,0x8c9a,0x8c9f,0x9c90,0x9c95,0x9c9a,0x9c9f,
	0xbb90,0xbb95,0xbb9a,0xbb9f,0xca90,0xca95,0xca9a,0xca9f,
	0xd990,0xd995,0xd99a,0xd99f,0xf990,0xf995,0xf99a,0xf99f,
	0x0890,0x0895,0x089a,0x089f,0x2790,0x2795,0x279a,0x279f,
	0x3790,0x3795,0x379a,0x379f,0x4690,0x4695,0x469a,0x469f,
	0xf0b0,0xf0b5,0xf0ba,0xf0bf,0x1fb0,0x1fb5,0x1fba,0x1fbf,
	0x2fb0,0x2fb5,0x2fba,0x2fbf,0x3eb0,0x3eb5,0x3eba,0x3ebf,
	0x5db0,0x5db5,0x5dba,0x5dbf,0x6db0,0x6db5,0x6dba,0x6dbf,
	0x8cb0,0x8cb5,0x8cba,0x8cbf,0x9bb0,0x9bb5,0x9bba,0x9bbf,
	0xbbb0,0xbbb5,0xbbba,0xbbbf,0xcab0,0xcab5,0xcaba,0xcabf,
	0xd9b0,0xd9b5,0xd9ba,0xd9bf,0xf8b0,0xf8b5,0xf8ba,0xf8bf,
	0x08b0,0x08b5,0x08ba,0x08bf,0x27b0,0x27b5,0x27ba,0x27bf,
	0x36b0,0x36b5,0x36ba,0x36bf,0x46b0,0x46b5,0x46ba,0x46bf,
	0xf0c0,0xf0c5,0xf0ca,0xf0cf,0x1fc0,0x1fc5,0x1fca,0x1fcf,
	0x2ec0,0x2ec5,0x2eca,0x2ecf,0x3ec0,0x3ec5,0x3eca,0x3ecf,
	0x5dc0,0x5dc5,0x5dca,0x5dcf,0x6cc0,0x6cc5,0x6cca,0x6ccf,
	0x8cc0,0x8cc5,0x8cca,0x8ccf,0x9bc0,0x9bc5,0x9bca,0x9bcf,
	0xbac0,0xbac5,0xbaca,0xbacf,0xc9c0,0xc9c5,0xc9ca,0xc9cf,
	0xd9c0,0xd9c5,0xd9ca,0xd9cf,0xf8c0,0xf8c5,0xf8ca,0xf8cf,
	0x07c0,0x07c5,0x07ca,0x07cf,0x27c0,0x27c5,0x27ca,0x27cf,
	0x36c0,0x36c5,0x36ca,0x36cf,0x45c0,0x45c5,0x45ca,0x45cf,
	0xf0e0,0xf0e5,0xf0ea,0xf0ef,0x1fe0,0x1fe5,0x1fea,0x1fef,
	0x2ee0,0x2ee5,0x2eea,0x2eef,0x3de0,0x3de5,0x3dea,0x3def,
	0x5de0,0x5de5,0x5dea,0x5def,0x6ce0,0x6ce5,0x6cea,0x6cef,
	0x8be0,0x8be5,0x8bea,0x8bef,0x9be0,0x9be5,0x9bea,0x9bef,
	0xbae0,0xbae5,0xbaea,0xbaef,0xc9e0,0xc9e5,0xc9ea,0xc9ef,
	0xd8e0,0xd8e5,0xd8ea,0xd8ef,0xf8e0,0xf8e5,0xf8ea,0xf8ef,
	0x07e0,0x07e5,0x07ea,0x07ef,0x26e0,0x26e5,0x26ea,0x26ef,
	0x36e0,0x36e5,0x36ea,0x36ef,0x45e0,0x45e5,0x45ea,0x45ef,
	0xff00,0xff05,0xff0a,0xff0f,0x1e00,0x1e05,0x1e0a,0x1e0f,
	0x2e00,0x2e05,0x2e0a,0x2e0f,0x3d00,0x3d05,0x3d0a,0x3d0f,
	0x5c00,0x5c05,0x5c0a,0x5c0f,0x6c00,0x6c05,0x6c0a,0x6c0f,
	0x8b00,0x8b05,0x8b0a,0x8b0f,0x9a00,0x9a05,0x9a0a,0x9a0f,
	0xb900,0xb905,0xb90a,0xb90f,0xc900,0xc905,0xc90a,0xc90f,
	0xd800,0xd805,0xd80a,0xd80f,0xf700,0xf705,0xf70a,0xf70f,
	0x0700,0x0705,0x070a,0x070f,0x2600,0x2605,0x260a,0x260f,
	0x3500,0x3505,0x350a,0x350f,0x4400,0x4405,0x440a,0x440f,
	0xff20,0xff25,0xff2a,0xff2f,0x1e20,0x1e25,0x1e2a,0x1e2f,
	0x2d20,0x2d25,0x2d2a,0x2d2f,0x3d20,0x3d25,0x3d2a,0x3d2f,
	0x5c20,0x5c25,0x5c2a,0x5c2f,0x6b20,0x6b25,0x6b2a,0x6b2f,
	0x8b20,0x8b25,0x8b2a,0x8b2f,0x9a20,0x9a25,0x9a2a,0x9a2f,
	0xb920,0xb925,0xb92a,0xb92f,0xc820,0xc825,0xc82a,0xc82f,
	0xd820,0xd825,0xd82a,0xd82f,0xf720,0xf725,0xf72a,0xf72f,
	0x0620,0x0625,0x062a,0x062f,0x2620,0x2625,0x262a,0x262f,
	0x3520,0x3525,0x352a,0x352f,0x4420,0x4425,0x442a,0x442f,
	0xfe30,0xfe35,0xfe3a,0xfe3f,0x1e30,0x1e35,0x1e3a,0x1e3f,
	0x2d30,0x2d35,0x2d3a,0x2d3f,0x3c30,0x3c35,0x3c3a,0x3c3f,
	0x5c30,0x5c35,0x5c3a,0x5c3f,0x6b30,0x6b35,0x6b3a,0x6b3f,
	0x8a30,0x8a35,0x8a3a,0x8a3f,0x9930,0x9935,0x993a,0x993f,
	0xb930,0xb935,0xb93a,0xb93f,0xc830,0xc835,0xc83a,0xc83f,
	0xd730,0xd735,0xd73a,0xd73f,0xf730,0xf735,0xf73a,0xf73f,
	0x0630,0x0635,0x063a,0x063f,0x2530,0x2535,0x253a,0x253f,
	0x3430,0x3435,0x343a,0x343f,0x4430,0x4435,0x443a,0x443f,
	0xfe50,0xfe55,0xfe5a,0xfe5f,0x1d50,0x1d55,0x1d5a,0x1d5f,
	0x2d50,0x2d55,0x2d5a,0x2d5f,0x3c50,0x3c55,0x3c5a,0x3c5f,
	0x5b50,0x5b55,0x5b5a,0x5b5f,0x6b50,0x6b55,0x6b5a,0x6b5f,
	0x8a50,0x8a55,0x8a5a,0x8a5f,0x9950,0x9955,0x995a,0x995f,
	0xb850,0xb855,0xb85a,0xb85f,0xc850,0xc855,0xc85a,0xc85f,
	0xd750,0xd755,0xd75a,0xd75f,0xf650,0xf655,0xf65a,0xf65f,
	0x0650,0x0655,0x065a,0x065f,0x2550,0x2555,0x255a,0x255f,
	0x3450,0x3455,0x345a,0x345f,0x4350,0x4355,0x435a,0x435f,
	0xfe70,0xfe75,0xfe7a,0xfe7f,0x1d70,0x1d75,0x1d7a,0x1d7f,
	0x2c70,0x2c75,0x2c7a,0x2c7f,0x3c70,0x3c75,0x3c7a,0x3c7f,
	0x5b70,0x5b75,0x5b7a,0x5b7f,0x6a70,0x6a75,0x6a7a,0x6a7f,
	0x8a70,0x8a75,0x8a7a,0x8a7f,0x9970,0x9975,0x997a,0x997f,
	0xb870,0xb875,0xb87a,0xb87f,0xc770,0xc775,0xc77a,0xc77f,
	0xd770,0xd775,0xd77a,0xd77f,0xf670,0xf675,0xf67a,0xf67f,
	0x0570,0x0575,0x057a,0x057f,0x2570,0x2575,0x257a,0x257f,
	0x3470,0x3475,0x347a,0x347f,0x4370,0x4375,0x437a,0x437f,
	0x03d0,0x03d5,0x03da,0x03df,0x13d0,0x13d5,0x13da,0x13df,
	0x22d0,0x22d5,0x22da,0x22df,0x41d0,0x41d5,0x41da,0x41df,
	0x50d0,0x50d5,0x50da,0x50df,0x70d0,0x70d5,0x70da,0x70df,
	0x8fd0,0x8fd5,0x8fda,0x8fdf,0x9ed0,0x9ed5,0x9eda,0x9edf,
	0xbed0,0xbed5,0xbeda,0xbedf,0xcdd0,0xcdd5,0xcdda,0xcddf,
	0xecd0,0xecd5,0xecda,0xecdf,0xfbd0,0xfbd5,0xfbda,0xfbdf,
	0x0bd0,0x0bd5,0x0bda,0x0bdf,0x2ad0,0x2ad5,0x2ada,0x2adf,
	0x39d0,0x39d5,0x39da,0x39df,0x59d0,0x59d5,0x59da,0x59df,
	0x03e0,0x03e5,0x03ea,0x03ef,0x12e0,0x12e5,0x12ea,0x12ef,
	0x21e0,0x21e5,0x21ea,0x21ef,0x41e0,0x41e5,0x41ea,0x41ef,
	0x50e0,0x50e5,0x50ea,0x50ef,0x7fe0,0x7fe5,0x7fea,0x7fef,
	0x8fe0,0x8fe5,0x8fea,0x8fef,0x9ee0,0x9ee5,0x9eea,0x9eef,
	0xbde0,0xbde5,0xbdea,0xbdef,0xcce0,0xcce5,0xccea,0xccef,
	0xece0,0xece5,0xecea,0xecef,0xfbe0,0xfbe5,0xfbea,0xfbef,
	0x0ae0,0x0ae5,0x0aea,0x0aef,0x2ae0,0x2ae5,0x2aea,0x2aef,
	0x39e0,0x39e5,0x39ea,0x39ef,0x58e0,0x58e5,0x58ea,0x58ef,
	0x0300,0x0305,0x030a,0x030f,0x1200,0x1205,0x120a,0x120f,
	0x2100,0x2105,0x210a,0x210f,0x4000,0x4005,0x400a,0x400f,
	0x5000,0x5005,0x500a,0x500f,0x7f00,0x7f05,0x7f0a,0x7f0f,
	0x8e00,0x8e05,0x8e0a,0x8e0f,0x9e00,0x9e05,0x9e0a,0x9e0f,
	0xbd00,0xbd05,0xbd0a,0xbd0f,0xcc00,0xcc05,0xcc0a,0xcc0f,
	0xeb00,0xeb05,0xeb0a,0xeb0f,0xfb00,0xfb05,0xfb0a,0xfb0f,
	0x0a00,0x0a05,0x0a0a,0x0a0f,0x2900,0x2905,0x290a,0x290f,
	0x3900,0x3905,0x390a,0x390f,0x5800,0x5805,0x580a,0x580f,
	0x0220,0x0225,0x022a,0x022f,0x1120,0x1125,0x112a,0x112f,
	0x2120,0x2125,0x212a,0x212f,0x4020,0x4025,0x402a,0x402f,
	0x5f20,0x5f25,0x5f2a,0x5f2f,0x7f20,0x7f25,0x7f2a,0x7f2f,
	0x8e20,0x8e25,0x8e2a,0x8e2f,0x9d20,0x9d25,0x9d2a,0x9d2f,
	0xbc20,0xbc25,0xbc2a,0xbc2f,0xcc20,0xcc25,0xcc2a,0xcc2f,
	0xeb20,0xeb25,0xeb2a,0xeb2f,0xfa20,0xfa25,0xfa2a,0xfa2f,
	0x0a20,0x0a25,0x0a2a,0x0a2f,0x2920,0x2925,0x292a,0x292f,
	0x3820,0x3825,0x382a,0x382f,0x5720,0x5725,0x572a,0x572f,
	0x0240,0x0245,0x024a,0x024f,0x1140,0x1145,0x114a,0x114f,
	0x2040,0x2045,0x204a,0x204f,0x4040,0x4045,0x404a,0x404f,
	0x5f40,0x5f45,0x5f4a,0x5f4f,0x7e40,0x7e45,0x7e4a,0x7e4f,
	0x8e40,0x8e45,0x8e4a,0x8e4f,0x9d40,0x9d45,0x9d4a,0x9d4f,
	0xbc40,0xbc45,0xbc4a,0xbc4f,0xcb40,0xcb45,0xcb4a,0xcb4f,
	0xeb40,0xeb45,0xeb4a,0xeb4f,0xfa40,0xfa45,0xfa4a,0xfa4f,
	0x0940,0x0945,0x094a,0x094f,0x2940,0x2945,0x294a,0x294f,
	0x3840,0x3845,0x384a,0x384f,0x5740,0x5745,0x574a,0x574f,
	0x0150,0x0155,0x015a,0x015f,0x1150,0x1155,0x115a,0x115f,
	0x2050,0x2055,0x205a,0x205f,0x4f50,0x4f55,0x4f5a,0x4f5f,
	0x5f50,0x5f55,0x5f5a,0x5f5f,0x7e50,0x7e55,0x7e5a,0x7e5f,
	0x8d50,0x8d55,0x8d5a,0x8d5f,0x9c50,0x9c55,0x9c5a,0x9c5f,
	0xbc50,0xbc55,0xbc5a,0xbc5f,0xcb50,0xcb55,0xcb5a,0xcb5f,
	0xea50,0xea55,0xea5a,0xea5f,0xfa50,0xfa55,0xfa5a,0xfa5f,
	0x0950,0x0955,0x095a,0x095f,0x2850,0x2855,0x285a,0x285f,
	0x3750,0x3755,0x375a,0x375f,0x5750,0x5755,0x575a,0x575f,
	0x0170,0x0175,0x017a,0x017f,0x1070,0x1075,0x107a,0x107f,
	0x2070,0x2075,0x207a,0x207f,0x4f70,0x4f75,0x4f7a,0x4f7f,
	0x5e70,0x5e75,0x5e7a,0x5e7f,0x7e70,0x7e75,0x7e7a,0x7e7f,
	0x8d70,0x8d75,0x8d7a,0x8d7f,0x9c70,0x9c75,0x9c7a,0x9c7f,
	0xbb70,0xbb75,0xbb7a,0xbb7f,0xcb70,0xcb75,0xcb7a,0xcb7f,
	0xea70,0xea75,0xea7a,0xea7f,0xf970,0xf975,0xf97a,0xf97f,
	0x0970,0x0975,0x097a,0x097f,0x2870,0x2875,0x287a,0x287f,
	0x3770,0x3775,0x377a,0x377f,0x5670,0x5675,0x567a,0x567f,
	0x0190,0x0195,0x019a,0x019f,0x1090,0x1095,0x109a,0x109f,
	0x2f90,0x2f95,0x2f9a,0x2f9f,0x4f90,0x4f95,0x4f9a,0x4f9f,
	0x5e90,0x5e95,0x5e9a,0x5e9f,0x7d90,0x7d95,0x7d9a,0x7d9f,
	0x8d90,0x8d95,0x8d9a,0x8d9f,0x9c90,0x9c95,0x9c9a,0x9c9f,
	0xbb90,0xbb95,0xbb9a,0xbb9f,0xca90,0xca95,0xca9a,0xca9f,
	0xea90,0xea95,0xea9a,0xea9f,0xf990,0xf995,0xf99a,0xf99f,
	0x0890,0x0895,0x089a,0x089f,0x2890,0x2895,0x289a,0x289f,
	0x3790,0x3795,0x379a,0x379f,0x5690,0x5695,0x569a,0x569f,
	0x00b0,0x00b5,0x00ba,0x00bf,0x10b0,0x10b5,0x10ba,0x10bf,
	0x2fb0,0x2fb5,0x2fba,0x2fbf,0x4eb0,0x4eb5,0x4eba,0x4ebf,
	0x5eb0,0x5eb5,0x5eba,0x5ebf,0x7db0,0x7db5,0x7dba,0x7dbf,
	0x8cb0,0x8cb5,0x8cba,0x8cbf,0x9bb0,0x9bb5,0x9bba,0x9bbf,
	0xbbb0,0xbbb5,0xbbba,0xbbbf,0xcab0,0xcab5,0xcaba,0xcabf,
	0xe9b0,0xe9b5,0xe9ba,0xe9bf,0xf9b0,0xf9b5,0xf9ba,0xf9bf,
	0x08b0,0x08b5,0x08ba,0x08bf,0x27b0,0x27b5,0x27ba,0x27bf,
	0x36b0,0x36b5,0x36ba,0x36bf,0x56b0,0x56b5,0x56ba,0x56bf,
	0x00d0,0x00d5,0x00da,0x00df,0x1fd0,0x1fd5,0x1fda,0x1fdf,
	0x2fd0,0x2fd5,0x2fda,0x2fdf,0x4ed0,0x4ed5,0x4eda,0x4edf,
	0x5dd0,0x5dd5,0x5dda,0x5ddf,0x7dd0,0x7dd5,0x7dda,0x7ddf,
	0x8cd0,0x8cd5,0x8cda,0x8cdf,0x9bd0,0x9bd5,0x9bda,0x9bdf,
	0xbad0,0xbad5,0xbada,0xbadf,0xcad0,0xcad5,0xcada,0xcadf,
	0xe9d0,0xe9d5,0xe9da,0xe9df,0xf8d0,0xf8d5,0xf8da,0xf8df,
	0x08d0,0x08d5,0x08da,0x08df,0x27d0,0x27d5,0x27da,0x27df,
	0x36d0,0x36d5,0x36da,0x36df,0x55d0,0x55d5,0x55da,0x55df,
	0x00e0,0x00e5,0x00ea,0x00ef,0x1fe0,0x1fe5,0x1fea,0x1fef,
	0x2ee0,0x2ee5,0x2eea,0x2eef,0x4ee0,0x4ee5,0x4eea,0x4eef,
	0x5de0,0x5de5,0x5dea,0x5def,0x7ce0,0x7ce5,0x7cea,0x7cef,
	0x8be0,0x8be5,0x8bea,0x8bef,0x9be0,0x9be5,0x9bea,0x9bef,
	0xbae0,0xbae5,0xbaea,0xbaef,0xc9e0,0xc9e5,0xc9ea,0xc9ef,
	0xe9e0,0xe9e5,0xe9ea,0xe9ef,0xf8e0,0xf8e5,0xf8ea,0xf8ef,
	0x07e0,0x07e5,0x07ea,0x07ef,0x26e0,0x26e5,0x26ea,0x26ef,
	0x36e0,0x36e5,0x36ea,0x36ef,0x55e0,0x55e5,0x55ea,0x55ef,
	0x0f00,0x0f05,0x0f0a,0x0f0f,0x1f00,0x1f05,0x1f0a,0x1f0f,
	0x2e00,0x2e05,0x2e0a,0x2e0f,0x4d00,0x4d05,0x4d0a,0x4d0f,
	0x5d00,0x5d05,0x5d0a,0x5d0f,0x7c00,0x7c05,0x7c0a,0x7c0f,
	0x8b00,0x8b05,0x8b0a,0x8b0f,0x9a00,0x9a05,0x9a0a,0x9a0f,
	0xba00,0xba05,0xba0a,0xba0f,0xc900,0xc905,0xc90a,0xc90f,
	0xe800,0xe805,0xe80a,0xe80f,0xf800,0xf805,0xf80a,0xf80f,
	0x0700,0x0705,0x070a,0x070f,0x2600,0x2605,0x260a,0x260f,
	0x3500,0x3505,0x350a,0x350f,0x5500,0x5505,0x550a,0x550f,
	0x0f20,0x0f25,0x0f2a,0x0f2f,0x1e20,0x1e25,0x1e2a,0x1e2f,
	0x2e20,0x2e25,0x2e2a,0x2e2f,0x4d20,0x4d25,0x4d2a,0x4d2f,
	0x5c20,0x5c25,0x5c2a,0x5c2f,0x7c20,0x7c25,0x7c2a,0x7c2f,
	0x8b20,0x8b25,0x8b2a,0x8b2f,0x9a20,0x9a25,0x9a2a,0x9a2f,
	0xb920,0xb925,0xb92a,0xb92f,0xc920,0xc925,0xc92a,0xc92f,
	0xe820,0xe825,0xe82a,0xe82f,0xf720,0xf725,0xf72a,0xf72f,
	0x0720,0x0725,0x072a,0x072f,0x2620,0x2625,0x262a,0x262f,
	0x3520,0x3525,0x352a,0x352f,0x5420,0x5425,0x542a,0x542f,
	0x0f40,0x0f45,0x0f4a,0x0f4f,0x1e40,0x1e45,0x1e4a,0x1e4f,
	0x2d40,0x2d45,0x2d4a,0x2d4f,0x4d40,0x4d45,0x4d4a,0x4d4f,
	0x5c40,0x5c45,0x5c4a,0x5c4f,0x7b40,0x7b45,0x7b4a,0x7b4f,
	0x8a40,0x8a45,0x8a4a,0x8a4f,0x9a40,0x9a45,0x9a4a,0x9a4f,
	0xb940,0xb945,0xb94a,0xb94f,0xc840,0xc845,0xc84a,0xc84f,
	0xe840,0xe845,0xe84a,0xe84f,0xf740,0xf745,0xf74a,0xf74f,
	0x0640,0x0645,0x064a,0x064f,0x2540,0x2545,0x254a,0x254f,
	0x3540,0x3545,0x354a,0x354f,0x5440,0x5445,0x544a,0x544f,
	0x0e50,0x0e55,0x0e5a,0x0e5f,0x1e50,0x1e55,0x1e5a,0x1e5f,
	0x2d50,0x2d55,0x2d5a,0x2d5f,0x4c50,0x4c55,0x4c5a,0x4c5f,
	0x5c50,0x5c55,0x5c5a,0x5c5f,0x7b50,0x7b55,0x7b5a,0x7b5f,
	0x8a50,0x8a55,0x8a5a,0x8a5f,0x9950,0x9955,0x995a,0x995f,
	0xb950,0xb955,0xb95a,0xb95f,0xc850,0xc855,0xc85a,0xc85f,
	0xe750,0xe755,0xe75a,0xe75f,0xf750,0xf755,0xf75a,0xf75f,
	0x0650,0x0655,0x065a,0x065f,0x2550,0x2555,0x255a,0x255f,
	0x3450,0x3455,0x345a,0x345f,0x5450,0x5455,0x545a,0x545f,
	0x0e70,0x0e75,0x0e7a,0x0e7f,0x1d70,0x1d75,0x1d7a,0x1d7f,
	0x2d70,0x2d75,0x2d7a,0x2d7f,0x4c70,0x4c75,0x4c7a,0x4c7f,
	0x5b70,0x5b75,0x5b7a,0x5b7f,0x7a70,0x7a75,0x7a7a,0x7a7f,
	0x8a70,0x8a75,0x8a7a,0x8a7f,0x9970,0x9975,0x997a,0x997f,
	0xb870,0xb875,0xb87a,0xb87f,0xc870,0xc875,0xc87a,0xc87f,
	0xe770,0xe775,0xe77a,0xe77f,0xf670,0xf675,0xf67a,0xf67f,
	0x0570,0x0575,0x057a,0x057f,0x2570,0x2575,0x257a,0x257f,
	0x3470,0x3475,0x347a,0x347f,0x5370,0x5375,0x537a,0x537f,
	0x03d0,0x03d5,0x03da,0x03df,0x13d0,0x13d5,0x13da,0x13df,
	0x32d0,0x32d5,0x32da,0x32df,0x41d0,0x41d5,0x41da,0x41df,
	0x51d0,0x51d5,0x51da,0x51df,0x70d0,0x70d5,0x70da,0x70df,
	0x8fd0,0x8fd5,0x8fda,0x8fdf,0xaed0,0xaed5,0xaeda,0xaedf,
	0xbed0,0xbed5,0xbeda,0xbedf,0xcdd0,0xcdd5,0xcdda,0xcddf,
	0xecd0,0xecd5,0xecda,0xecdf,0xfcd0,0xfcd5,0xfcda,0xfcdf,
	0x1bd0,0x1bd5,0x1bda,0x1bdf,0x2ad0,0x2ad5,0x2ada,0x2adf,
	0x39d0,0x39d5,0x39da,0x39df,0x59d0,0x59d5,0x59da,0x59df,
	0x03f0,0x03f5,0x03fa,0x03ff,0x12f0,0x12f5,0x12fa,0x12ff,
	0x32f0,0x32f5,0x32fa,0x32ff,0x41f0,0x41f5,0x41fa,0x41ff,
	0x50f0,0x50f5,0x50fa,0x50ff,0x70f0,0x70f5,0x70fa,0x70ff,
	0x8ff0,0x8ff5,0x8ffa,0x8fff,0xaef0,0xaef5,0xaefa,0xaeff,
	0xbdf0,0xbdf5,0xbdfa,0xbdff,0xcdf0,0xcdf5,0xcdfa,0xcdff,
	0xecf0,0xecf5,0xecfa,0xecff,0xfbf0,0xfbf5,0xfbfa,0xfbff,
	0x1bf0,0x1bf5,0x1bfa,0x1bff,0x2af0,0x2af5,0x2afa,0x2aff,
	0x39f0,0x39f5,0x39fa,0x39ff,0x58f0,0x58f5,0x58fa,0x58ff,
	0x0300,0x0305,0x030a,0x030f,0x1200,0x1205,0x120a,0x120f,
	0x3100,0x3105,0x310a,0x310f,0x4100,0x4105,0x410a,0x410f,
	0x5000,0x5005,0x500a,0x500f,0x7f00,0x7f05,0x7f0a,0x7f0f,
	0x8e00,0x8e05,0x8e0a,0x8e0f,0xae00,0xae05,0xae0a,0xae0f,
	0xbd00,0xbd05,0xbd0a,0xbd0f,0xcc00,0xcc05,0xcc0a,0xcc0f,
	0xec00,0xec05,0xec0a,0xec0f,0xfb00,0xfb05,0xfb0a,0xfb0f,
	0x1a00,0x1a05,0x1a0a,0x1a0f,0x2900,0x2905,0x290a,0x290f,
	0x3900,0x3905,0x390a,0x390f,0x5800,0x5805,0x580a,0x580f,
	0x0220,0x0225,0x022a,0x022f,0x1220,0x1225,0x122a,0x122f,
	0x3120,0x3125,0x312a,0x312f,0x4020,0x4025,0x402a,0x402f,
	0x5020,0x5025,0x502a,0x502f,0x7f20,0x7f25,0x7f2a,0x7f2f,
	0x8e20,0x8e25,0x8e2a,0x8e2f,0xad20,0xad25,0xad2a,0xad2f,
	0xbd20,0xbd25,0xbd2a,0xbd2f,0xcc20,0xcc25,0xcc2a,0xcc2f,
	0xeb20,0xeb25,0xeb2a,0xeb2f,0xfb20,0xfb25,0xfb2a,0xfb2f,
	0x1a20,0x1a25,0x1a2a,0x1a2f,0x2920,0x2925,0x292a,0x292f,
	0x3820,0x3825,0x382a,0x382f,0x5820,0x5825,0x582a,0x582f,
	0x0240,0x0245,0x024a,0x024f,0x1140,0x1145,0x114a,0x114f,
	0x3140,0x3145,0x314a,0x314f,0x4040,0x4045,0x404a,0x404f,
	0x5f40,0x5f45,0x5f4a,0x5f4f,0x7f40,0x7f45,0x7f4a,0x7f4f,
	0x8e40,0x8e45,0x8e4a,0x8e4f,0xad40,0xad45,0xad4a,0xad4f,
	0xbc40,0xbc45,0xbc4a,0xbc4f,0xcc40,0xcc45,0xcc4a,0xcc4f,
	0xeb40,0xeb45,0xeb4a,0xeb4f,0xfa40,0xfa45,0xfa4a,0xfa4f,
	0x1a40,0x1a45,0x1a4a,0x1a4f,0x2940,0x2945,0x294a,0x294f,
	0x3840,0x3845,0x384a,0x384f,0x5740,0x5745,0x574a,0x574f,
	0x0260,0x0265,0x026a,0x026f,0x1160,0x1165,0x116a,0x116f,
	0x3060,0x3065,0x306a,0x306f,0x4060,0x4065,0x406a,0x406f,
	0x5f60,0x5f65,0x5f6a,0x5f6f,0x7e60,0x7e65,0x7e6a,0x7e6f,
	0x8d60,0x8d65,0x8d6a,0x8d6f,0xad60,0xad65,0xad6a,0xad6f,
	0xbc60,0xbc65,0xbc6a,0xbc6f,0xcb60,0xcb65,0xcb6a,0xcb6f,
	0xeb60,0xeb65,0xeb6a,0xeb6f,0xfa60,0xfa65,0xfa6a,0xfa6f,
	0x1960,0x1965,0x196a,0x196f,0x2860,0x2865,0x286a,0x286f,
	0x3860,0x3865,0x386a,0x386f,0x5760,0x5765,0x576a,0x576f,
	0x0170,0x0175,0x017a,0x017f,0x1170,0x1175,0x117a,0x117f,
	0x3070,0x3075,0x307a,0x307f,0x4f70,0x4f75,0x4f7a,0x4f7f,
	0x5f70,0x5f75,0x5f7a,0x5f7f,0x7e70,0x7e75,0x7e7a,0x7e7f,
	0x8d70,0x8d75,0x8d7a,0x8d7f,0xac70,0xac75,0xac7a,0xac7f,
	0xbc70,0xbc75,0xbc7a,0xbc7f,0xcb70,0xcb75,0xcb7a,0xcb7f,
	0xea70,0xea75,0xea7a,0xea7f,0xfa70,0xfa75,0xfa7a,0xfa7f,
	0x1970,0x1975,0x197a,0x197f,0x2870,0x2875,0x287a,0x287f,
	0x3770,0x3775,0x377a,0x377f,0x5770,0x5775,0x577a,0x577f,
	0x0190,0x0195,0x019a,0x019f,0x1090,0x1095,0x109a,0x109f,
	0x3090,0x3095,0x309a,0x309f,0x4f90,0x4f95,0x4f9a,0x4f9f,
	0x5e90,0x5e95,0x5e9a,0x5e9f,0x7d90,0x7d95,0x7d9a,0x7d9f,
	0x8d90,0x8d95,0x8d9a,0x8d9f,0xac90,0xac95,0xac9a,0xac9f,
	0xbb90,0xbb95,0xbb9a,0xbb9f,0xcb90,0xcb95,0xcb9a,0xcb9f,
	0xea90,0xea95,0xea9a,0xea9f,0xf990,0xf995,0xf99a,0xf99f,
	0x1890,0x1895,0x189a,0x189f,0x2890,0x2895,0x289a,0x289f,
	0x3790,0x3795,0x379a,0x379f,0x5690,0x5695,0x569a,0x569f,
	0x01b0,0x01b5,0x01ba,0x01bf,0x10b0,0x10b5,0x10ba,0x10bf,
	0x3fb0,0x3fb5,0x3fba,0x3fbf,0x4fb0,0x4fb5,0x4fba,0x4fbf,
	0x5eb0,0x5eb5,0x5eba,0x5ebf,0x7db0,0x7db5,0x7dba,0x7dbf,
	0x8cb0,0x8cb5,0x8cba,0x8cbf,0xacb0,0xacb5,0xacba,0xacbf,
	0xbbb0,0xbbb5,0xbbba,0xbbbf,0xcab0,0xcab5,0xcaba,0xcabf,
	0xeab0,0xeab5,0xeaba,0xeabf,0xf9b0,0xf9b5,0xf9ba,0xf9bf,
	0x18b0,0x18b5,0x18ba,0x18bf,0x27b0,0x27b5,0x27ba,0x27bf,
	0x37b0,0x37b5,0x37ba,0x37bf,0x56b0,0x56b5,0x56ba,0x56bf,
	0x00d0,0x00d5,0x00da,0x00df,0x10d0,0x10d5,0x10da,0x10df,
	0x3fd0,0x3fd5,0x3fda,0x3fdf,0x4ed0,0x4ed5,0x4eda,0x4edf,
	0x5ed0,0x5ed5,0x5eda,0x5edf,0x7dd0,0x7dd5,0x7dda,0x7ddf,
	0x8cd0,0x8cd5,0x8cda,0x8cdf,0xabd0,0xabd5,0xabda,0xabdf,
	0xbbd0,0xbbd5,0xbbda,0xbbdf,0xcad0,0xcad5,0xcada,0xcadf,
	0xe9d0,0xe9d5,0xe9da,0xe9df,0xf9d0,0xf9d5,0xf9da,0xf9df,
	0x18d0,0x18d5,0x18da,0x18df,0x27d0,0x27d5,0x27da,0x27df,
	0x36d0,0x36d5,0x36da,0x36df,0x56d0,0x56d5,0x56da,0x56df,
	0x00f0,0x00f5,0x00fa,0x00ff,0x1ff0,0x1ff5,0x1ffa,0x1fff,
	0x3ff0,0x3ff5,0x3ffa,0x3fff,0x4ef0,0x4ef5,0x4efa,0x4eff,
	0x5df0,0x5df5,0x5dfa,0x5dff,0x7cf0,0x7cf5,0x7cfa,0x7cff,
	0x8cf0,0x8cf5,0x8cfa,0x8cff,0xabf0,0xabf5,0xabfa,0xabff,
	0xbaf0,0xbaf5,0xbafa,0xbaff,0xcaf0,0xcaf5,0xcafa,0xcaff,
	0xe9f0,0xe9f5,0xe9fa,0xe9ff,0xf8f0,0xf8f5,0xf8fa,0xf8ff,
	0x17f0,0x17f5,0x17fa,0x17ff,0x27f0,0x27f5,0x27fa,0x27ff,
	0x36f0,0x36f5,0x36fa,0x36ff,0x55f0,0x55f5,0x55fa,0x55ff,
	0x0000,0x0005,0x000a,0x000f,0x1f00,0x1f05,0x1f0a,0x1f0f,
	0x3e00,0x3e05,0x3e0a,0x3e0f,0x4e00,0x4e05,0x4e0a,0x4e0f,
	0x5d00,0x5d05,0x5d0a,0x5d0f,0x7c00,0x7c05,0x7c0a,0x7c0f,
	0x8b00,0x8b05,0x8b0a,0x8b0f,0xab00,0xab05,0xab0a,0xab0f,
	0xba00,0xba05,0xba0a,0xba0f,0xc900,0xc905,0xc90a,0xc90f,
	0xe900,0xe905,0xe90a,0xe90f,0xf800,0xf805,0xf80a,0xf80f,
	0x1700,0x1705,0x170a,0x170f,0x2600,0x2605,0x260a,0x260f,
	0x3600,0x3605,0x360a,0x360f,0x5500,0x5505,0x550a,0x550f,
	0x0f20,0x0f25,0x0f2a,0x0f2f,0x1f20,0x1f25,0x1f2a,0x1f2f,
	0x3e20,0x3e25,0x3e2a,0x3e2f,0x4d20,0x4d25,0x4d2a,0x4d2f,
	0x5c20,0x5c25,0x5c2a,0x5c2f,0x7c20,0x7c25,0x7c2a,0x7c2f,
	0x8b20,0x8b25,0x8b2a,0x8b2f,0xaa20,0xaa25,0xaa2a,0xaa2f,
	0xba20,0xba25,0xba2a,0xba2f,0xc920,0xc925,0xc92a,0xc92f,
	0xe820,0xe825,0xe82a,0xe82f,0xf720,0xf725,0xf72a,0xf72f,
	0x1720,0x1725,0x172a,0x172f,0x2620,0x2625,0x262a,0x262f,
	0x3520,0x3525,0x352a,0x352f,0x5520,0x5525,0x552a,0x552f,
	0x0f40,0x0f45,0x0f4a,0x0f4f,0x1e40,0x1e45,0x1e4a,0x1e4f,
	0x3e40,0x3e45,0x3e4a,0x3e4f,0x4d40,0x4d45,0x4d4a,0x4d4f,
	0x5c40,0x5c45,0x5c4a,0x5c4f,0x7b40,0x7b45,0x7b4a,0x7b4f,
	0x8b40,0x8b45,0x8b4a,0x8b4f,0xaa40,0xaa45,0xaa4a,0xaa4f,
	0xb940,0xb945,0xb94a,0xb94f,0xc940,0xc945,0xc94a,0xc94f,
	0xe840,0xe845,0xe84a,0xe84f,0xf740,0xf745,0xf74a,0xf74f,
	0x1640,0x1645,0x164a,0x164f,0x2640,0x2645,0x264a,0x264f,
	0x3540,0x3545,0x354a,0x354f,0x5440,0x5445,0x544a,0x544f,
	0x0f60,0x0f65,0x0f6a,0x0f6f,0x1e60,0x1e65,0x1e6a,0x1e6f,
	0x3d60,0x3d65,0x3d6a,0x3d6f,0x4d60,0x4d65,0x4d6a,0x4d6f,
	0x5c60,0x5c65,0x5c6a,0x5c6f,0x7b60,0x7b65,0x7b6a,0x7b6f,
	0x8a60,0x8a65,0x8a6a,0x8a6f,0xaa60,0xaa65,0xaa6a,0xaa6f,
	0xb960,0xb965,0xb96a,0xb96f,0xc860,0xc865,0xc86a,0xc86f,
	0xe860,0xe865,0xe86a,0xe86f,0xf760,0xf765,0xf76a,0xf76f,
	0x1660,0x1665,0x166a,0x166f,0x2560,0x2565,0x256a,0x256f,
	0x3560,0x3565,0x356a,0x356f,0x5460,0x5465,0x546a,0x546f,
	0x0e70,0x0e75,0x0e7a,0x0e7f,0x1e70,0x1e75,0x1e7a,0x1e7f,
	0x3d70,0x3d75,0x3d7a,0x3d7f,0x4c70,0x4c75,0x4c7a,0x4c7f,
	0x5b70,0x5b75,0x5b7a,0x5b7f,0x7b70,0x7b75,0x7b7a,0x7b7f,
	0x8a70,0x8a75,0x8a7a,0x8a7f,0xa970,0xa975,0xa97a,0xa97f,
	0xb970,0xb975,0xb97a,0xb97f,0xc870,0xc875,0xc87a,0xc87f,
	0xe770,0xe775,0xe77a,0xe77f,0xf670,0xf675,0xf67a,0xf67f,
	0x1670,0x1675,0x167a,0x167f,0x2570,0x2575,0x257a,0x257f,
	0x3470,0x3475,0x347a,0x347f,0x5470,0x5475,0x547a,0x547f,
	0x04d0,0x04d5,0x04da,0x04df,0x13d0,0x13d5,0x13da,0x13df,
	0x32d0,0x32d5,0x32da,0x32df,0x42d0,0x42d5,0x42da,0x42df,
	0x61d0,0x61d5,0x61da,0x61df,0x70d0,0x70d5,0x70da,0x70df,
	0x8fd0,0x8fd5,0x8fda,0x8fdf,0xafd0,0xafd5,0xafda,0xafdf,
	0xbed0,0xbed5,0xbeda,0xbedf,0xddd0,0xddd5,0xddda,0xdddf,
	0xedd0,0xedd5,0xedda,0xeddf,0xfcd0,0xfcd5,0xfcda,0xfcdf,
	0x1bd0,0x1bd5,0x1bda,0x1bdf,0x2ad0,0x2ad5,0x2ada,0x2adf,
	0x4ad0,0x4ad5,0x4ada,0x4adf,0x59d0,0x59d5,0x59da,0x59df,
	0x03f0,0x03f5,0x03fa,0x03ff,0x13f0,0x13f5,0x13fa,0x13ff,
	0x32f0,0x32f5,0x32fa,0x32ff,0x41f0,0x41f5,0x41fa,0x41ff,
	0x61f0,0x61f5,0x61fa,0x61ff,0x70f0,0x70f5,0x70fa,0x70ff,
	0x8ff0,0x8ff5,0x8ffa,0x8fff,0xaef0,0xaef5,0xaefa,0xaeff,
	0xbef0,0xbef5,0xbefa,0xbeff,0xddf0,0xddf5,0xddfa,0xddff,
	0xecf0,0xecf5,0xecfa,0xecff,0xfcf0,0xfcf5,0xfcfa,0xfcff,
	0x1bf0,0x1bf5,0x1bfa,0x1bff,0x2af0,0x2af5,0x2afa,0x2aff,
	0x49f0,0x49f5,0x49fa,0x49ff,0x59f0,0x59f5,0x59fa,0x59ff,
	0x0310,0x0315,0x031a,0x031f,0x1210,0x1215,0x121a,0x121f,
	0x3210,0x3215,0x321a,0x321f,0x4110,0x4115,0x411a,0x411f,
	0x6010,0x6015,0x601a,0x601f,0x7f10,0x7f15,0x7f1a,0x7f1f,
	0x8f10,0x8f15,0x8f1a,0x8f1f,0xae10,0xae15,0xae1a,0xae1f,
	0xbd10,0xbd15,0xbd1a,0xbd1f,0xdd10,0xdd15,0xdd1a,0xdd1f,
	0xec10,0xec15,0xec1a,0xec1f,0xfb10,0xfb15,0xfb1a,0xfb1f,
	0x1a10,0x1a15,0x1a1a,0x1a1f,0x2a10,0x2a15,0x2a1a,0x2a1f,
	0x4910,0x4915,0x491a,0x491f,0x5810,0x5815,0x581a,0x581f,
	0x0320,0x0325,0x032a,0x032f,0x1220,0x1225,0x122a,0x122f,
	0x3120,0x3125,0x312a,0x312f,0x4120,0x4125,0x412a,0x412f,
	0x6020,0x6025,0x602a,0x602f,0x7f20,0x7f25,0x7f2a,0x7f2f,
	0x8e20,0x8e25,0x8e2a,0x8e2f,0xae20,0xae25,0xae2a,0xae2f,
	0xbd20,0xbd25,0xbd2a,0xbd2f,0xdc20,0xdc25,0xdc2a,0xdc2f,
	0xec20,0xec25,0xec2a,0xec2f,0xfb20,0xfb25,0xfb2a,0xfb2f,
	0x1a20,0x1a25,0x1a2a,0x1a2f,0x2920,0x2925,0x292a,0x292f,
	0x4920,0x4925,0x492a,0x492f,0x5820,0x5825,0x582a,0x582f,
	0x0240,0x0245,0x024a,0x024f,0x1240,0x1245,0x124a,0x124f,
	0x3140,0x3145,0x314a,0x314f,0x4040,0x4045,0x404a,0x404f,
	0x6f40,0x6f45,0x6f4a,0x6f4f,0x7f40,0x7f45,0x7f4a,0x7f4f,
	0x8e40,0x8e45,0x8e4a,0x8e4f,0xad40,0xad45,0xad4a,0xad4f,
	0xbd40,0xbd45,0xbd4a,0xbd4f,0xdc40,0xdc45,0xdc4a,0xdc4f,
	0xeb40,0xeb45,0xeb4a,0xeb4f,0xfa40,0xfa45,0xfa4a,0xfa4f,
	0x1a40,0x1a45,0x1a4a,0x1a4f,0x2940,0x2945,0x294a,0x294f,
	0x4840,0x4845,0x484a,0x484f,0x5840,0x5845,0x584a,0x584f,
	0x0260,0x0265,0x026a,0x026f,0x1160,0x1165,0x116a,0x116f,
	0x3160,0x3165,0x316a,0x316f,0x4060,0x4065,0x406a,0x406f,
	0x6f60,0x6f65,0x6f6a,0x6f6f,0x7e60,0x7e65,0x7e6a,0x7e6f,
	0x8e60,0x8e65,0x8e6a,0x8e6f,0xad60,0xad65,0xad6a,0xad6f,
	0xbc60,0xbc65,0xbc6a,0xbc6f,0xdc60,0xdc65,0xdc6a,0xdc6f,
	0xeb60,0xeb65,0xeb6a,0xeb6f,0xfa60,0xfa65,0xfa6a,0xfa6f,
	0x1960,0x1965,0x196a,0x196f,0x2960,0x2965,0x296a,0x296f,
	0x4860,0x4865,0x486a,0x486f,0x5760,0x5765,0x576a,0x576f,
	0x0280,0x0285,0x028a,0x028f,0x1180,0x1185,0x118a,0x118f,
	0x3080,0x3085,0x308a,0x308f,0x4080,0x4085,0x408a,0x408f,
	0x6f80,0x6f85,0x6f8a,0x6f8f,0x7e80,0x7e85,0x7e8a,0x7e8f,
	0x8d80,0x8d85,0x8d8a,0x8d8f,0xad80,0xad85,0xad8a,0xad8f,
	0xbc80,0xbc85,0xbc8a,0xbc8f,0xdb80,0xdb85,0xdb8a,0xdb8f,
	0xeb80,0xeb85,0xeb8a,0xeb8f,0xfa80,0xfa85,0xfa8a,0xfa8f,
	0x1980,0x1985,0x198a,0x198f,0x2880,0x2885,0x288a,0x288f,
	0x4880,0x4885,0x488a,0x488f,0x5780,0x5785,0x578a,0x578f,
	0x0190,0x0195,0x019a,0x019f,0x1190,0x1195,0x119a,0x119f,
	0x3090,0x3095,0x309a,0x309f,0x4f90,0x4f95,0x4f9a,0x4f9f,
	0x6e90,0x6e95,0x6e9a,0x6e9f,0x7e90,0x7e95,0x7e9a,0x7e9f,
	0x8d90,0x8d95,0x8d9a,0x8d9f,0xac90,0xac95,0xac9a,0xac9f,
	0xbc90,0xbc95,0xbc9a,0xbc9f,0xdb90,0xdb95,0xdb9a,0xdb9f,
	0xea90,0xea95,0xea9a,0xea9f,0xf990,0xf995,0xf99a,0xf99f,
	0x1990,0x1995,0x199a,0x199f,0x2890,0x2895,0x289a,0x289f,
	0x4790,0x4795,0x479a,0x479f,0x5790,0x5795,0x579a,0x579f,
	0x01b0,0x01b5,0x01ba,0x01bf,0x10b0,0x10b5,0x10ba,0x10bf,
	0x30b0,0x30b5,0x30ba,0x30bf,0x4fb0,0x4fb5,0x4fba,0x4fbf,
	0x6eb0,0x6eb5,0x6eba,0x6ebf,0x7db0,0x7db5,0x7dba,0x7dbf,
	0x8db0,0x8db5,0x8dba,0x8dbf,0xacb0,0xacb5,0xacba,0xacbf,
	0xbbb0,0xbbb5,0xbbba,0xbbbf,0xdbb0,0xdbb5,0xdbba,0xdbbf,
	0xeab0,0xeab5,0xeaba,0xeabf,0xf9b0,0xf9b5,0xf9ba,0xf9bf,
	0x18b0,0x18b5,0x18ba,0x18bf,0x28b0,0x28b5,0x28ba,0x28bf,
	0x47b0,0x47b5,0x47ba,0x47bf,0x56b0,0x56b5,0x56ba,0x56bf,
	0x01d0,0x01d5,0x01da,0x01df,0x10d0,0x10d5,0x10da,0x10df,
	0x3fd0,0x3fd5,0x3fda,0x3fdf,0x4ed0,0x4ed5,0x4eda,0x4edf,
	0x6ed0,0x6ed5,0x6eda,0x6edf,0x7dd0,0x7dd5,0x7dda,0x7ddf,
	0x8cd0,0x8cd5,0x8cda,0x8cdf,0xacd0,0xacd5,0xacda,0xacdf,
	0xbbd0,0xbbd5,0xbbda,0xbbdf,0xdad0,0xdad5,0xdada,0xdadf,
	0xe9d0,0xe9d5,0xe9da,0xe9df,0xf9d0,0xf9d5,0xf9da,0xf9df,
	0x18d0,0x18d5,0x18da,0x18df,0x27d0,0x27d5,0x27da,0x27df,
	0x47d0,0x47d5,0x47da,0x47df,0x56d0,0x56d5,0x56da,0x56df,
	0x00f0,0x00f5,0x00fa,0x00ff,0x10f0,0x10f5,0x10fa,0x10ff,
	0x3ff0,0x3ff5,0x3ffa,0x3fff,0x4ef0,0x4ef5,0x4efa,0x4eff,
	0x6df0,0x6df5,0x6dfa,0x6dff,0x7df0,0x7df5,0x7dfa,0x7dff,
	0x8cf0,0x8cf5,0x8cfa,0x8cff,0xabf0,0xabf5,0xabfa,0xabff,
	0xbbf0,0xbbf5,0xbbfa,0xbbff,0xdaf0,0xdaf5,0xdafa,0xdaff,
	0xe9f0,0xe9f5,0xe9fa,0xe9ff,0xf8f0,0xf8f5,0xf8fa,0xf8ff,
	0x18f0,0x18f5,0x18fa,0x18ff,0x27f0,0x27f5,0x27fa,0x27ff,
	0x46f0,0x46f5,0x46fa,0x46ff,0x56f0,0x56f5,0x56fa,0x56ff,
	0x0010,0x0015,0x001a,0x001f,0x1f10,0x1f15,0x1f1a,0x1f1f,
	0x3f10,0x3f15,0x3f1a,0x3f1f,0x4e10,0x4e15,0x4e1a,0x4e1f,
	0x6d10,0x6d15,0x6d1a,0x6d1f,0x7c10,0x7c15,0x7c1a,0x7c1f,
	0x8c10,0x8c15,0x8c1a,0x8c1f,0xab10,0xab15,0xab1a,0xab1f,
	0xba10,0xba15,0xba1a,0xba1f,0xda10,0xda15,0xda1a,0xda1f,
	0xe910,0xe915,0xe91a,0xe91f,0xf810,0xf815,0xf81a,0xf81f,
	0x1710,0x1715,0x171a,0x171f,0x2710,0x2715,0x271a,0x271f,
	0x4610,0x4615,0x461a,0x461f,0x5510,0x5515,0x551a,0x551f,
	0x0020,0x0025,0x002a,0x002f,0x1f20,0x1f25,0x1f2a,0x1f2f,
	0x3e20,0x3e25,0x3e2a,0x3e2f,0x4d20,0x4d25,0x4d2a,0x4d2f,
	0x6d20,0x6d25,0x6d2a,0x6d2f,0x7c20,0x7c25,0x7c2a,0x7c2f,
	0x8b20,0x8b25,0x8b2a,0x8b2f,0xab20,0xab25,0xab2a,0xab2f,
	0xba20,0xba25,0xba2a,0xba2f,0xd920,0xd925,0xd92a,0xd92f,
	0xe820,0xe825,0xe82a,0xe82f,0xf820,0xf825,0xf82a,0xf82f,
	0x1720,0x1725,0x172a,0x172f,0x2620,0x2625,0x262a,0x262f,
	0x4620,0x4625,0x462a,0x462f,0x5520,0x5525,0x552a,0x552f,
	0x0f40,0x0f45,0x0f4a,0x0f4f,0x1f40,0x1f45,0x1f4a,0x1f4f,
	0x3e40,0x3e45,0x3e4a,0x3e4f,0x4d40,0x4d45,0x4d4a,0x4d4f,
	0x6c40,0x6c45,0x6c4a,0x6c4f,0x7c40,0x7c45,0x7c4a,0x7c4f,
	0x8b40,0x8b45,0x8b4a,0x8b4f,0xaa40,0xaa45,0xaa4a,0xaa4f,
	0xba40,0xba45,0xba4a,0xba4f,0xd940,0xd945,0xd94a,0xd94f,
	0xe840,0xe845,0xe84a,0xe84f,0xf740,0xf745,0xf74a,0xf74f,
	0x1740,0x1745,0x174a,0x174f,0x2640,0x2645,0x264a,0x264f,
	0x4540,0x4545,0x454a,0x454f,0x5540,0x5545,0x554a,0x554f,
	0x0f60,0x0f65,0x0f6a,0x0f6f,0x1e60,0x1e65,0x1e6a,0x1e6f,
	0x3d60,0x3d65,0x3d6a,0x3d6f,0x4d60,0x4d65,0x4d6a,0x4d6f,
	0x6c60,0x6c65,0x6c6a,0x6c6f,0x7b60,0x7b65,0x7b6a,0x7b6f,
	0x8b60,0x8b65,0x8b6a,0x8b6f,0xaa60,0xaa65,0xaa6a,0xaa6f,
	0xb960,0xb965,0xb96a,0xb96f,0xd860,0xd865,0xd86a,0xd86f,
	0xe860,0xe865,0xe86a,0xe86f,0xf760,0xf765,0xf76a,0xf76f,
	0x1660,0x1665,0x166a,0x166f,0x2660,0x2665,0x266a,0x266f,
	0x4560,0x4565,0x456a,0x456f,0x5460,0x5465,0x546a,0x546f,
	0x0f80,0x0f85,0x0f8a,0x0f8f,0x1e80,0x1e85,0x1e8a,0x1e8f,
	0x3d80,0x3d85,0x3d8a,0x3d8f,0x4c80,0x4c85,0x4c8a,0x4c8f,
	0x6c80,0x6c85,0x6c8a,0x6c8f,0x7b80,0x7b85,0x7b8a,0x7b8f,
	0x8a80,0x8a85,0x8a8a,0x8a8f,0xaa80,0xaa85,0xaa8a,0xaa8f,
	0xb980,0xb985,0xb98a,0xb98f,0xd880,0xd885,0xd88a,0xd88f,
	0xe780,0xe785,0xe78a,0xe78f,0xf780,0xf785,0xf78a,0xf78f,
	0x1680,0x1685,0x168a,0x168f,0x2580,0x2585,0x258a,0x258f,
	0x4580,0x4585,0x458a,0x458f,0x5480,0x5485,0x548a,0x548f,
	0x04d0,0x04d5,0x04da,0x04df,0x23d0,0x23d5,0x23da,0x23df,
	0x33d0,0x33d5,0x33da,0x33df,0x42d0,0x42d5,0x42da,0x42df,
	0x61d0,0x61d5,0x61da,0x61df,0x70d0,0x70d5,0x70da,0x70df,
	0x90d0,0x90d5,0x90da,0x90df,0xafd0,0xafd5,0xafda,0xafdf,
	0xced0,0xced5,0xceda,0xcedf,0xded0,0xded5,0xdeda,0xdedf,
	0xedd0,0xedd5,0xedda,0xeddf,0x0cd0,0x0cd5,0x0cda,0x0cdf,
	0x1bd0,0x1bd5,0x1bda,0x1bdf,0x3bd0,0x3bd5,0x3bda,0x3bdf,
	0x4ad0,0x4ad5,0x4ada,0x4adf,0x59d0,0x59d5,0x59da,0x59df,
	0x04f0,0x04f5,0x04fa,0x04ff,0x23f0,0x23f5,0x23fa,0x23ff,
	0x32f0,0x32f5,0x32fa,0x32ff,0x41f0,0x41f5,0x41fa,0x41ff,
	0x61f0,0x61f5,0x61fa,0x61ff,0x70f0,0x70f5,0x70fa,0x70ff,
	0x9ff0,0x9ff5,0x9ffa,0x9fff,0xaff0,0xaff5,0xaffa,0xafff,
	0xcef0,0xcef5,0xcefa,0xceff,0xddf0,0xddf5,0xddfa,0xddff,
	0xecf0,0xecf5,0xecfa,0xecff,0x0cf0,0x0cf5,0x0cfa,0x0cff,
	0x1bf0,0x1bf5,0x1bfa,0x1bff,0x3af0,0x3af5,0x3afa,0x3aff,
	0x4af0,0x4af5,0x4afa,0x4aff,0x59f0,0x59f5,0x59fa,0x59ff,
	0x0310,0x0315,0x031a,0x031f,0x2310,0x2315,0x231a,0x231f,
	0x3210,0x3215,0x321a,0x321f,0x4110,0x4115,0x411a,0x411f,
	0x6010,0x6015,0x601a,0x601f,0x7010,0x7015,0x701a,0x701f,
	0x9f10,0x9f15,0x9f1a,0x9f1f,0xae10,0xae15,0xae1a,0xae1f,
	0xce10,0xce15,0xce1a,0xce1f,0xdd10,0xdd15,0xdd1a,0xdd1f,
	0xec10,0xec15,0xec1a,0xec1f,0x0b10,0x0b15,0x0b1a,0x0b1f,
	0x1b10,0x1b15,0x1b1a,0x1b1f,0x3a10,0x3a15,0x3a1a,0x3a1f,
	0x4910,0x4915,0x491a,0x491f,0x5910,0x5915,0x591a,0x591f,
	0x0330,0x0335,0x033a,0x033f,0x2230,0x2235,0x223a,0x223f,
	0x3230,0x3235,0x323a,0x323f,0x4130,0x4135,0x413a,0x413f,
	0x6030,0x6035,0x603a,0x603f,0x7f30,0x7f35,0x7f3a,0x7f3f,
	0x9f30,0x9f35,0x9f3a,0x9f3f,0xae30,0xae35,0xae3a,0xae3f,
	0xcd30,0xcd35,0xcd3a,0xcd3f,0xdd30,0xdd35,0xdd3a,0xdd3f,
	0xec30,0xec35,0xec3a,0xec3f,0x0b30,0x0b35,0x0b3a,0x0b3f,
	0x1a30,0x1a35,0x1a3a,0x1a3f,0x3a30,0x3a35,0x3a3a,0x3a3f,
	0x4930,0x4935,0x493a,0x493f,0x5830,0x5835,0x583a,0x583f,
	0x0340,0x0345,0x034a,0x034f,0x2240,0x2245,0x224a,0x224f,
	0x3140,0x3145,0x314a,0x314f,0x4040,0x4045,0x404a,0x404f,
	0x6040,0x6045,0x604a,0x604f,0x7f40,0x7f45,0x7f4a,0x7f4f,
	0x9e40,0x9e45,0x9e4a,0x9e4f,0xae40,0xae45,0xae4a,0xae4f,
	0xcd40,0xcd45,0xcd4a,0xcd4f,0xdc40,0xdc45,0xdc4a,0xdc4f,
	0xeb40,0xeb45,0xeb4a,0xeb4f,0x0b40,0x0b45,0x0b4a,0x0b4f,
	0x1a40,0x1a45,0x1a4a,0x1a4f,0x3940,0x3945,0x394a,0x394f,
	0x4940,0x4945,0x494a,0x494f,0x5840,0x5845,0x584a,0x584f,
	0x0260,0x0265,0x026a,0x026f,0x2260,0x2265,0x226a,0x226f,
	0x3160,0x3165,0x316a,0x316f,0x4060,0x4065,0x406a,0x406f,
	0x6f60,0x6f65,0x6f6a,0x6f6f,0x7f60,0x7f65,0x7f6a,0x7f6f,
	0x9e60,0x9e65,0x9e6a,0x9e6f,0xad60,0xad65,0xad6a,0xad6f,
	0xcd60,0xcd65,0xcd6a,0xcd6f,0xdc60,0xdc65,0xdc6a,0xdc6f,
	0xeb60,0xeb65,0xeb6a,0xeb6f,0x0a60,0x0a65,0x0a6a,0x0a6f,
	0x1a60,0x1a65,0x1a6a,0x1a6f,0x3960,0x3965,0x396a,0x396f,
	0x4860,0x4865,0x486a,0x486f,0x5860,0x5865,0x586a,0x586f,
	0x0280,0x0285,0x028a,0x028f,0x2180,0x2185,0x218a,0x218f,
	0x3080,0x3085,0x308a,0x308f,0x4080,0x4085,0x408a,0x408f,
	0x6f80,0x6f85,0x6f8a,0x6f8f,0x7e80,0x7e85,0x7e8a,0x7e8f,
	0x9e80,0x9e85,0x9e8a,0x9e8f,0xad80,0xad85,0xad8a,0xad8f,
	0xcc80,0xcc85,0xcc8a,0xcc8f,0xdb80,0xdb85,0xdb8a,0xdb8f,
	0xeb80,0xeb85,0xeb8a,0xeb8f,0x0a80,0x0a85,0x0a8a,0x0a8f,
	0x1980,0x1985,0x198a,0x198f,0x3980,0x3985,0x398a,0x398f,
	0x4880,0x4885,0x488a,0x488f,0x5780,0x5785,0x578a,0x578f,
	0x02a0,0x02a5,0x02aa,0x02af,0x21a0,0x21a5,0x21aa,0x21af,
	0x30a0,0x30a5,0x30aa,0x30af,0x4fa0,0x4fa5,0x4faa,0x4faf,
	0x6fa0,0x6fa5,0x6faa,0x6faf,0x7ea0,0x7ea5,0x7eaa,0x7eaf,
	0x9da0,0x9da5,0x9daa,0x9daf,0xada0,0xada5,0xadaa,0xadaf,
	0xcca0,0xcca5,0xccaa,0xccaf,0xdba0,0xdba5,0xdbaa,0xdbaf,
	0xeaa0,0xeaa5,0xeaaa,0xeaaf,0x0aa0,0x0aa5,0x0aaa,0x0aaf,
	0x19a0,0x19a5,0x19aa,0x19af,0x38a0,0x38a5,0x38aa,0x38af,
	0x48a0,0x48a5,0x48aa,0x48af,0x57a0,0x57a5,0x57aa,0x57af,
	0x01c0,0x01c5,0x01ca,0x01cf,0x20c0,0x20c5,0x20ca,0x20cf,
	0x30c0,0x30c5,0x30ca,0x30cf,0x4fc0,0x4fc5,0x4fca,0x4fcf,
	0x6ec0,0x6ec5,0x6eca,0x6ecf,0x7ec0,0x7ec5,0x7eca,0x7ecf,
	0x9dc0,0x9dc5,0x9dca,0x9dcf,0xacc0,0xacc5,0xacca,0xaccf,
	0xccc0,0xccc5,0xccca,0xcccf,0xdbc0,0xdbc5,0xdbca,0xdbcf,
	0xeac0,0xeac5,0xeaca,0xeacf,0x09c0,0x09c5,0x09ca,0x09cf,
	0x19c0,0x19c5,0x19ca,0x19cf,0x38c0,0x38c5,0x38ca,0x38cf,
	0x47c0,0x47c5,0x47ca,0x47cf,0x57c0,0x57c5,0x57ca,0x57cf,
	0x01d0,0x01d5,0x01da,0x01df,0x20d0,0x20d5,0x20da,0x20df,
	0x3fd0,0x3fd5,0x3fda,0x3fdf,0x4fd0,0x4fd5,0x4fda,0x4fdf,
	0x6ed0,0x6ed5,0x6eda,0x6edf,0x7dd0,0x7dd5,0x7dda,0x7ddf,
	0x9dd0,0x9dd5,0x9dda,0x9ddf,0xacd0,0xacd5,0xacda,0xacdf,
	0xcbd0,0xcbd5,0xcbda,0xcbdf,0xdad0,0xdad5,0xdada,0xdadf,
	0xead0,0xead5,0xeada,0xeadf,0x09d0,0x09d5,0x09da,0x09df,
	0x18d0,0x18d5,0x18da,0x18df,0x38d0,0x38d5,0x38da,0x38df,
	0x47d0,0x47d5,0x47da,0x47df,0x56d0,0x56d5,0x56da,0x56df,
	0x01f0,0x01f5,0x01fa,0x01ff,0x20f0,0x20f5,0x20fa,0x20ff,
	0x3ff0,0x3ff5,0x3ffa,0x3fff,0x4ef0,0x4ef5,0x4efa,0x4eff,
	0x6ef0,0x6ef5,0x6efa,0x6eff,0x7df0,0x7df5,0x7dfa,0x7dff,
	0x9cf0,0x9cf5,0x9cfa,0x9cff,0xacf0,0xacf5,0xacfa,0xacff,
	0xcbf0,0xcbf5,0xcbfa,0xcbff,0xdaf0,0xdaf5,0xdafa,0xdaff,
	0xe9f0,0xe9f5,0xe9fa,0xe9ff,0x09f0,0x09f5,0x09fa,0x09ff,
	0x18f0,0x18f5,0x18fa,0x18ff,0x37f0,0x37f5,0x37fa,0x37ff,
	0x47f0,0x47f5,0x47fa,0x47ff,0x56f0,0x56f5,0x56fa,0x56ff,
	0x0010,0x0015,0x001a,0x001f,0x2f10,0x2f15,0x2f1a,0x2f1f,
	0x3f10,0x3f15,0x3f1a,0x3f1f,0x4e10,0x4e15,0x4e1a,0x4e1f,
	0x6d10,0x6d15,0x6d1a,0x6d1f,0x7d10,0x7d15,0x7d1a,0x7d1f,
	0x9c10,0x9c15,0x9c1a,0x9c1f,0xab10,0xab15,0xab1a,0xab1f,
	0xca10,0xca15,0xca1a,0xca1f,0xda10,0xda15,0xda1a,0xda1f,
	0xe910,0xe915,0xe91a,0xe91f,0x0810,0x0815,0x081a,0x081f,
	0x1810,0x1815,0x181a,0x181f,0x3710,0x3715,0x371a,0x371f,
	0x4610,0x4615,0x461a,0x461f,0x5510,0x5515,0x551a,0x551f,
	0x0030,0x0035,0x003a,0x003f,0x2f30,0x2f35,0x2f3a,0x2f3f,
	0x3e30,0x3e35,0x3e3a,0x3e3f,0x4e30,0x4e35,0x4e3a,0x4e3f,
	0x6d30,0x6d35,0x6d3a,0x6d3f,0x7c30,0x7c35,0x7c3a,0x7c3f,
	0x9c30,0x9c35,0x9c3a,0x9c3f,0xab30,0xab35,0xab3a,0xab3f,
	0xca30,0xca35,0xca3a,0xca3f,0xd930,0xd935,0xd93a,0xd93f,
	0xe930,0xe935,0xe93a,0xe93f,0x0830,0x0835,0x083a,0x083f,
	0x1730,0x1735,0x173a,0x173f,0x3730,0x3735,0x373a,0x373f,
	0x4630,0x4635,0x463a,0x463f,0x5530,0x5535,0x553a,0x553f,
	0x0f40,0x0f45,0x0f4a,0x0f4f,0x2f40,0x2f45,0x2f4a,0x2f4f,
	0x3e40,0x3e45,0x3e4a,0x3e4f,0x4d40,0x4d45,0x4d4a,0x4d4f,
	0x6d40,0x6d45,0x6d4a,0x6d4f,0x7c40,0x7c45,0x7c4a,0x7c4f,
	0x9b40,0x9b45,0x9b4a,0x9b4f,0xaa40,0xaa45,0xaa4a,0xaa4f,
	0xca40,0xca45,0xca4a,0xca4f,0xd940,0xd945,0xd94a,0xd94f,
	0xe840,0xe845,0xe84a,0xe84f,0x0840,0x0845,0x084a,0x084f,
	0x1740,0x1745,0x174a,0x174f,0x3640,0x3645,0x364a,0x364f,
	0x4540,0x4545,0x454a,0x454f,0x5540,0x5545,0x554a,0x554f,
	0x0f60,0x0f65,0x0f6a,0x0f6f,0x2e60,0x2e65,0x2e6a,0x2e6f,
	0x3e60,0x3e65,0x3e6a,0x3e6f,0x4d60,0x4d65,0x4d6a,0x4d6f,
	0x6c60,0x6c65,0x6c6a,0x6c6f,0x7c60,0x7c65,0x7c6a,0x7c6f,
	0x9b60,0x9b65,0x9b6a,0x9b6f,0xaa60,0xaa65,0xaa6a,0xaa6f,
	0xc960,0xc965,0xc96a,0xc96f,0xd960,0xd965,0xd96a,0xd96f,
	0xe860,0xe865,0xe86a,0xe86f,0x0760,0x0765,0x076a,0x076f,
	0x1760,0x1765,0x176a,0x176f,0x3660,0x3665,0x366a,0x366f,
	0x4560,0x4565,0x456a,0x456f,0x5460,0x5465,0x546a,0x546f,
	0x0f80,0x0f85,0x0f8a,0x0f8f,0x2e80,0x2e85,0x2e8a,0x2e8f,
	0x3d80,0x3d85,0x3d8a,0x3d8f,0x4d80,0x4d85,0x4d8a,0x4d8f,
	0x6c80,0x6c85,0x6c8a,0x6c8f,0x7b80,0x7b85,0x7b8a,0x7b8f,
	0x9b80,0x9b85,0x9b8a,0x9b8f,0xaa80,0xaa85,0xaa8a,0xaa8f,
	0xc980,0xc985,0xc98a,0xc98f,0xd880,0xd885,0xd88a,0xd88f,
	0xe880,0xe885,0xe88a,0xe88f,0x0780,0x0785,0x078a,0x078f,
	0x1680,0x1685,0x168a,0x168f,0x3680,0x3685,0x368a,0x368f,
	0x4580,0x4585,0x458a,0x458f,0x5480,0x5485,0x548a,0x548f,
	0x14e0,0x14e5,0x14ea,0x14ef,0x24e0,0x24e5,0x24ea,0x24ef,
	0x33e0,0x33e5,0x33ea,0x33ef,0x52e0,0x52e5,0x52ea,0x52ef,
	0x61e0,0x61e5,0x61ea,0x61ef,0x81e0,0x81e5,0x81ea,0x81ef,
	0x90e0,0x90e5,0x90ea,0x90ef,0xafe0,0xafe5,0xafea,0xafef,
	0xcfe0,0xcfe5,0xcfea,0xcfef,0xdee0,0xdee5,0xdeea,0xdeef,
	0xfde0,0xfde5,0xfdea,0xfdef,0x0ce0,0x0ce5,0x0cea,0x0cef,
	0x1ce0,0x1ce5,0x1cea,0x1cef,0x3be0,0x3be5,0x3bea,0x3bef,
	0x4ae0,0x4ae5,0x4aea,0x4aef,0x6ae0,0x6ae5,0x6aea,0x6aef,
	0x14f0,0x14f5,0x14fa,0x14ff,0x23f0,0x23f5,0x23fa,0x23ff,
	0x32f0,0x32f5,0x32fa,0x32ff,0x52f0,0x52f5,0x52fa,0x52ff,
	0x61f0,0x61f5,0x61fa,0x61ff,0x80f0,0x80f5,0x80fa,0x80ff,
	0x90f0,0x90f5,0x90fa,0x90ff,0xaff0,0xaff5,0xaffa,0xafff,
	0xcef0,0xcef5,0xcefa,0xceff,0xddf0,0xddf5,0xddfa,0xddff,
	0xfdf0,0xfdf5,0xfdfa,0xfdff,0x0cf0,0x0cf5,0x0cfa,0x0cff,
	0x1bf0,0x1bf5,0x1bfa,0x1bff,0x3bf0,0x3bf5,0x3bfa,0x3bff,
	0x4af0,0x4af5,0x4afa,0x4aff,0x69f0,0x69f5,0x69fa,0x69ff,
	0x1410,0x1415,0x141a,0x141f,0x2310,0x2315,0x231a,0x231f,
	0x3210,0x3215,0x321a,0x321f,0x5110,0x5115,0x511a,0x511f,
	0x6110,0x6115,0x611a,0x611f,0x8010,0x8015,0x801a,0x801f,
	0x9f10,0x9f15,0x9f1a,0x9f1f,0xaf10,0xaf15,0xaf1a,0xaf1f,
	0xce10,0xce15,0xce1a,0xce1f,0xdd10,0xdd15,0xdd1a,0xdd1f,
	0xfc10,0xfc15,0xfc1a,0xfc1f,0x0c10,0x0c15,0x0c1a,0x0c1f,
	0x1b10,0x1b15,0x1b1a,0x1b1f,0x3a10,0x3a15,0x3a1a,0x3a1f,
	0x4a10,0x4a15,0x4a1a,0x4a1f,0x6910,0x6915,0x691a,0x691f,
	0x1330,0x1335,0x133a,0x133f,0x2230,0x2235,0x223a,0x223f,
	0x3230,0x3235,0x323a,0x323f,0x5130,0x5135,0x513a,0x513f,
	0x6030,0x6035,0x603a,0x603f,0x8030,0x8035,0x803a,0x803f,
	0x9f30,0x9f35,0x9f3a,0x9f3f,0xae30,0xae35,0xae3a,0xae3f,
	0xcd30,0xcd35,0xcd3a,0xcd3f,0xdd30,0xdd35,0xdd3a,0xdd3f,
	0xfc30,0xfc35,0xfc3a,0xfc3f,0x0b30,0x0b35,0x0b3a,0x0b3f,
	0x1b30,0x1b35,0x1b3a,0x1b3f,0x3a30,0x3a35,0x3a3a,0x3a3f,
	0x4930,0x4935,0x493a,0x493f,0x6830,0x6835,0x683a,0x683f,
	0x1350,0x1355,0x135a,0x135f,0x2250,0x2255,0x225a,0x225f,
	0x3150,0x3155,0x315a,0x315f,0x5150,0x5155,0x515a,0x515f,
	0x6050,0x6055,0x605a,0x605f,0x8f50,0x8f55,0x8f5a,0x8f5f,
	0x9f50,0x9f55,0x9f5a,0x9f5f,0xae50,0xae55,0xae5a,0xae5f,
	0xcd50,0xcd55,0xcd5a,0xcd5f,0xdc50,0xdc55,0xdc5a,0xdc5f,
	0xfc50,0xfc55,0xfc5a,0xfc5f,0x0b50,0x0b55,0x0b5a,0x0b5f,
	0x1a50,0x1a55,0x1a5a,0x1a5f,0x3a50,0x3a55,0x3a5a,0x3a5f,
	0x4950,0x4955,0x495a,0x495f,0x6850,0x6855,0x685a,0x685f,
	0x1260,0x1265,0x126a,0x126f,0x2260,0x2265,0x226a,0x226f,
	0x3160,0x3165,0x316a,0x316f,0x5060,0x5065,0x506a,0x506f,
	0x6060,0x6065,0x606a,0x606f,0x8f60,0x8f65,0x8f6a,0x8f6f,
	0x9e60,0x9e65,0x9e6a,0x9e6f,0xad60,0xad65,0xad6a,0xad6f,
	0xcd60,0xcd65,0xcd6a,0xcd6f,0xdc60,0xdc65,0xdc6a,0xdc6f,
	0xfb60,0xfb65,0xfb6a,0xfb6f,0x0b60,0x0b65,0x0b6a,0x0b6f,
	0x1a60,0x1a65,0x1a6a,0x1a6f,0x3960,0x3965,0x396a,0x396f,
	0x4860,0x4865,0x486a,0x486f,0x6860,0x6865,0x686a,0x686f,
	0x1280,0x1285,0x128a,0x128f,0x2180,0x2185,0x218a,0x218f,
	0x3180,0x3185,0x318a,0x318f,0x5080,0x5085,0x508a,0x508f,
	0x6f80,0x6f85,0x6f8a,0x6f8f,0x8f80,0x8f85,0x8f8a,0x8f8f,
	0x9e80,0x9e85,0x9e8a,0x9e8f,0xad80,0xad85,0xad8a,0xad8f,
	0xcc80,0xcc85,0xcc8a,0xcc8f,0xdc80,0xdc85,0xdc8a,0xdc8f,
	0xfb80,0xfb85,0xfb8a,0xfb8f,0x0a80,0x0a85,0x0a8a,0x0a8f,
	0x1a80,0x1a85,0x1a8a,0x1a8f,0x3980,0x3985,0x398a,0x398f,
	0x4880,0x4885,0x488a,0x488f,0x6780,0x6785,0x678a,0x678f,
	0x12a0,0x12a5,0x12aa,0x12af,0x21a0,0x21a5,0x21aa,0x21af,
	0x30a0,0x30a5,0x30aa,0x30af,0x50a0,0x50a5,0x50aa,0x50af,
	0x6fa0,0x6fa5,0x6faa,0x6faf,0x8ea0,0x8ea5,0x8eaa,0x8eaf,
	0x9ea0,0x9ea5,0x9eaa,0x9eaf,0xada0,0xada5,0xadaa,0xadaf,
	0xcca0,0xcca5,0xccaa,0xccaf,0xdba0,0xdba5,0xdbaa,0xdbaf,
	0xfba0,0xfba5,0xfbaa,0xfbaf,0x0aa0,0x0aa5,0x0aaa,0x0aaf,
	0x19a0,0x19a5,0x19aa,0x19af,0x39a0,0x39a5,0x39aa,0x39af,
	0x48a0,0x48a5,0x48aa,0x48af,0x67a0,0x67a5,0x67aa,0x67af,
	0x11c0,0x11c5,0x11ca,0x11cf,0x21c0,0x21c5,0x21ca,0x21cf,
	0x30c0,0x30c5,0x30ca,0x30cf,0x5fc0,0x5fc5,0x5fca,0x5fcf,
	0x6fc0,0x6fc5,0x6fca,0x6fcf,0x8ec0,0x8ec5,0x8eca,0x8ecf,
	0x9dc0,0x9dc5,0x9dca,0x9dcf,0xacc0,0xacc5,0xacca,0xaccf,
	0xccc0,0xccc5,0xccca,0xcccf,0xdbc0,0xdbc5,0xdbca,0xdbcf,
	0xfac0,0xfac5,0xfaca,0xfacf,0x0ac0,0x0ac5,0x0aca,0x0acf,
	0x19c0,0x19c5,0x19ca,0x19cf,0x38c0,0x38c5,0x38ca,0x38cf,
	0x47c0,0x47c5,0x47ca,0x47cf,0x67c0,0x67c5,0x67ca,0x67cf,
	0x11e0,0x11e5,0x11ea,0x11ef,0x20e0,0x20e5,0x20ea,0x20ef,
	0x30e0,0x30e5,0x30ea,0x30ef,0x5fe0,0x5fe5,0x5fea,0x5fef,
	0x6ee0,0x6ee5,0x6eea,0x6eef,0x8ee0,0x8ee5,0x8eea,0x8eef,
	0x9de0,0x9de5,0x9dea,0x9def,0xace0,0xace5,0xacea,0xacef,
	0xcbe0,0xcbe5,0xcbea,0xcbef,0xdbe0,0xdbe5,0xdbea,0xdbef,
	0xfae0,0xfae5,0xfaea,0xfaef,0x09e0,0x09e5,0x09ea,0x09ef,
	0x19e0,0x19e5,0x19ea,0x19ef,0x38e0,0x38e5,0x38ea,0x38ef,
	0x47e0,0x47e5,0x47ea,0x47ef,0x66e0,0x66e5,0x66ea,0x66ef,
	0x11f0,0x11f5,0x11fa,0x11ff,0x20f0,0x20f5,0x20fa,0x20ff,
	0x3ff0,0x3ff5,0x3ffa,0x3fff,0x5ff0,0x5ff5,0x5ffa,0x5fff,
	0x6ef0,0x6ef5,0x6efa,0x6eff,0x8df0,0x8df5,0x8dfa,0x8dff,
	0x9cf0,0x9cf5,0x9cfa,0x9cff,0xacf0,0xacf5,0xacfa,0xacff,
	0xcbf0,0xcbf5,0xcbfa,0xcbff,0xdaf0,0xdaf5,0xdafa,0xdaff,
	0xfaf0,0xfaf5,0xfafa,0xfaff,0x09f0,0x09f5,0x09fa,0x09ff,
	0x18f0,0x18f5,0x18fa,0x18ff,0x37f0,0x37f5,0x37fa,0x37ff,
	0x47f0,0x47f5,0x47fa,0x47ff,0x66f0,0x66f5,0x66fa,0x66ff,
	0x1010,0x1015,0x101a,0x101f,0x2010,0x2015,0x201a,0x201f,
	0x3f10,0x3f15,0x3f1a,0x3f1f,0x5e10,0x5e15,0x5e1a,0x5e1f,
	0x6e10,0x6e15,0x6e1a,0x6e1f,0x8d10,0x8d15,0x8d1a,0x8d1f,
	0x9c10,0x9c15,0x9c1a,0x9c1f,0xab10,0xab15,0xab1a,0xab1f,
	0xcb10,0xcb15,0xcb1a,0xcb1f,0xda10,0xda15,0xda1a,0xda1f,
	0xf910,0xf915,0xf91a,0xf91f,0x0910,0x0915,0x091a,0x091f,
	0x1810,0x1815,0x181a,0x181f,0x3710,0x3715,0x371a,0x371f,
	0x4610,0x4615,0x461a,0x461f,0x6610,0x6615,0x661a,0x661f,
	0x1030,0x1035,0x103a,0x103f,0x2f30,0x2f35,0x2f3a,0x2f3f,
	0x3f30,0x3f35,0x3f3a,0x3f3f,0x5e30,0x5e35,0x5e3a,0x5e3f,
	0x6d30,0x6d35,0x6d3a,0x6d3f,0x8d30,0x8d35,0x8d3a,0x8d3f,
	0x9c30,0x9c35,0x9c3a,0x9c3f,0xab30,0xab35,0xab3a,0xab3f,
	0xca30,0xca35,0xca3a,0xca3f,0xda30,0xda35,0xda3a,0xda3f,
	0xf930,0xf935,0xf93a,0xf93f,0x0830,0x0835,0x083a,0x083f,
	0x1830,0x1835,0x183a,0x183f,0x3730,0x3735,0x373a,0x373f,
	0x4630,0x4635,0x463a,0x463f,0x6530,0x6535,0x653a,0x653f,
	0x1050,0x1055,0x105a,0x105f,0x2f50,0x2f55,0x2f5a,0x2f5f,
	0x3e50,0x3e55,0x3e5a,0x3e5f,0x5e50,0x5e55,0x5e5a,0x5e5f,
	0x6d50,0x6d55,0x6d5a,0x6d5f,0x8c50,0x8c55,0x8c5a,0x8c5f,
	0x9b50,0x9b55,0x9b5a,0x9b5f,0xab50,0xab55,0xab5a,0xab5f,
	0xca50,0xca55,0xca5a,0xca5f,0xd950,0xd955,0xd95a,0xd95f,
	0xf950,0xf955,0xf95a,0xf95f,0x0850,0x0855,0x085a,0x085f,
	0x1750,0x1755,0x175a,0x175f,0x3650,0x3655,0x365a,0x365f,
	0x4650,0x4655,0x465a,0x465f,0x6550,0x6555,0x655a,0x655f,
	0x1f60,0x1f65,0x1f6a,0x1f6f,0x2f60,0x2f65,0x2f6a,0x2f6f,
	0x3e60,0x3e65,0x3e6a,0x3e6f,0x5d60,0x5d65,0x5d6a,0x5d6f,
	0x6d60,0x6d65,0x6d6a,0x6d6f,0x8c60,0x8c65,0x8c6a,0x8c6f,
	0x9b60,0x9b65,0x9b6a,0x9b6f,0xaa60,0xaa65,0xaa6a,0xaa6f,
	0xca60,0xca65,0xca6a,0xca6f,0xd960,0xd965,0xd96a,0xd96f,
	0xf860,0xf865,0xf86a,0xf86f,0x0860,0x0865,0x086a,0x086f,
	0x1760,0x1765,0x176a,0x176f,0x3660,0x3665,0x366a,0x366f,
	0x4560,0x4565,0x456a,0x456f,0x6560,0x6565,0x656a,0x656f,
	0x1f80,0x1f85,0x1f8a,0x1f8f,0x2e80,0x2e85,0x2e8a,0x2e8f,
	0x3e80,0x3e85,0x3e8a,0x3e8f,0x5d80,0x5d85,0x5d8a,0x5d8f,
	0x6c80,0x6c85,0x6c8a,0x6c8f,0x8b80,0x8b85,0x8b8a,0x8b8f,
	0x9b80,0x9b85,0x9b8a,0x9b8f,0xaa80,0xaa85,0xaa8a,0xaa8f,
	0xc980,0xc985,0xc98a,0xc98f,0xd980,0xd985,0xd98a,0xd98f,
	0xf880,0xf885,0xf88a,0xf88f,0x0780,0x0785,0x078a,0x078f,
	0x1680,0x1685,0x168a,0x168f,0x3680,0x3685,0x368a,0x368f,
	0x4580,0x4585,0x458a,0x458f,0x6480,0x6485,0x648a,0x648f,
	0x14e0,0x14e5,0x14ea,0x14ef,0x24e0,0x24e5,0x24ea,0x24ef,
	0x43e0,0x43e5,0x43ea,0x43ef,0x52e0,0x52e5,0x52ea,0x52ef,
	0x62e0,0x62e5,0x62ea,0x62ef,0x81e0,0x81e5,0x81ea,0x81ef,
	0x90e0,0x90e5,0x90ea,0x90ef,0xbfe0,0xbfe5,0xbfea,0xbfef,
	0xcfe0,0xcfe5,0xcfea,0xcfef,0xdee0,0xdee5,0xdeea,0xdeef,
	0xfde0,0xfde5,0xfdea,0xfdef,0x0de0,0x0de5,0x0dea,0x0def,
	0x2ce0,0x2ce5,0x2cea,0x2cef,0x3be0,0x3be5,0x3bea,0x3bef,
	0x4ae0,0x4ae5,0x4aea,0x4aef,0x6ae0,0x6ae5,0x6aea,0x6aef,
	0x1400,0x1405,0x140a,0x140f,0x2300,0x2305,0x230a,0x230f,
	0x4300,0x4305,0x430a,0x430f,0x5200,0x5205,0x520a,0x520f,
	0x6100,0x6105,0x610a,0x610f,0x8100,0x8105,0x810a,0x810f,
	0x9000,0x9005,0x900a,0x900f,0xbf00,0xbf05,0xbf0a,0xbf0f,
	0xce00,0xce05,0xce0a,0xce0f,0xde00,0xde05,0xde0a,0xde0f,
	0xfd00,0xfd05,0xfd0a,0xfd0f,0x0c00,0x0c05,0x0c0a,0x0c0f,
	0x2c00,0x2c05,0x2c0a,0x2c0f,0x3b00,0x3b05,0x3b0a,0x3b0f,
	0x4a00,0x4a05,0x4a0a,0x4a0f,0x6900,0x6905,0x690a,0x690f,
	0x1410,0x1415,0x141a,0x141f,0x2310,0x2315,0x231a,0x231f,
	0x4210,0x4215,0x421a,0x421f,0x5210,0x5215,0x521a,0x521f,
	0x6110,0x6115,0x611a,0x611f,0x8010,0x8015,0x801a,0x801f,
	0x9f10,0x9f15,0x9f1a,0x9f1f,0xbf10,0xbf15,0xbf1a,0xbf1f,
	0xce10,0xce15,0xce1a,0xce1f,0xdd10,0xdd15,0xdd1a,0xdd1f,
	0xfd10,0xfd15,0xfd1a,0xfd1f,0x0c10,0x0c15,0x0c1a,0x0c1f,
	0x2b10,0x2b15,0x2b1a,0x2b1f,0x3a10,0x3a15,0x3a1a,0x3a1f,
	0x4a10,0x4a15,0x4a1a,0x4a1f,0x6910,0x6915,0x691a,0x691f,
	0x1330,0x1335,0x133a,0x133f,0x2330,0x2335,0x233a,0x233f,
	0x4230,0x4235,0x423a,0x423f,0x5130,0x5135,0x513a,0x513f,
	0x6130,0x6135,0x613a,0x613f,0x8030,0x8035,0x803a,0x803f,
	0x9f30,0x9f35,0x9f3a,0x9f3f,0xbe30,0xbe35,0xbe3a,0xbe3f,
	0xce30,0xce35,0xce3a,0xce3f,0xdd30,0xdd35,0xdd3a,0xdd3f,
	0xfc30,0xfc35,0xfc3a,0xfc3f,0x0c30,0x0c35,0x0c3a,0x0c3f,
	0x2b30,0x2b35,0x2b3a,0x2b3f,0x3a30,0x3a35,0x3a3a,0x3a3f,
	0x4930,0x4935,0x493a,0x493f,0x6930,0x6935,0x693a,0x693f,
	0x1350,0x1355,0x135a,0x135f,0x2250,0x2255,0x225a,0x225f,
	0x4250,0x4255,0x425a,0x425f,0x5150,0x5155,0x515a,0x515f,
	0x6050,0x6055,0x605a,0x605f,0x8050,0x8055,0x805a,0x805f,
	0x9f50,0x9f55,0x9f5a,0x9f5f,0xbe50,0xbe55,0xbe5a,0xbe5f,
	0xcd50,0xcd55,0xcd5a,0xcd5f,0xdd50,0xdd55,0xdd5a,0xdd5f,
	0xfc50,0xfc55,0xfc5a,0xfc5f,0x0b50,0x0b55,0x0b5a,0x0b5f,
	0x2b50,0x2b55,0x2b5a,0x2b5f,0x3a50,0x3a55,0x3a5a,0x3a5f,
	0x4950,0x4955,0x495a,0x495f,0x6850,0x6855,0x685a,0x685f,
	0x1370,0x1375,0x137a,0x137f,0x2270,0x2275,0x227a,0x227f,
	0x4170,0x4175,0x417a,0x417f,0x5170,0x5175,0x517a,0x517f,
	0x6070,0x6075,0x607a,0x607f,0x8f70,0x8f75,0x8f7a,0x8f7f,
	0x9e70,0x9e75,0x9e7a,0x9e7f,0xbe70,0xbe75,0xbe7a,0xbe7f,
	0xcd70,0xcd75,0xcd7a,0xcd7f,0xdc70,0xdc75,0xdc7a,0xdc7f,
	0xfc70,0xfc75,0xfc7a,0xfc7f,0x0b70,0x0b75,0x0b7a,0x0b7f,
	0x2a70,0x2a75,0x2a7a,0x2a7f,0x3970,0x3975,0x397a,0x397f,
	0x4970,0x4975,0x497a,0x497f,0x6870,0x6875,0x687a,0x687f,
	0x1280,0x1285,0x128a,0x128f,0x2280,0x2285,0x228a,0x228f,
	0x4180,0x4185,0x418a,0x418f,0x5080,0x5085,0x508a,0x508f,
	0x6080,0x6085,0x608a,0x608f,0x8f80,0x8f85,0x8f8a,0x8f8f,
	0x9e80,0x9e85,0x9e8a,0x9e8f,0xbd80,0xbd85,0xbd8a,0xbd8f,
	0xcd80,0xcd85,0xcd8a,0xcd8f,0xdc80,0xdc85,0xdc8a,0xdc8f,
	0xfb80,0xfb85,0xfb8a,0xfb8f,0x0b80,0x0b85,0x0b8a,0x0b8f,
	0x2a80,0x2a85,0x2a8a,0x2a8f,0x3980,0x3985,0x398a,0x398f,
	0x4880,0x4885,0x488a,0x488f,0x6880,0x6885,0x688a,0x688f,
	0x12a0,0x12a5,0x12aa,0x12af,0x21a0,0x21a5,0x21aa,0x21af,
	0x41a0,0x41a5,0x41aa,0x41af,0x50a0,0x50a5,0x50aa,0x50af,
	0x6fa0,0x6fa5,0x6faa,0x6faf,0x8ea0,0x8ea5,0x8eaa,0x8eaf,
	0x9ea0,0x9ea5,0x9eaa,0x9eaf,0xbda0,0xbda5,0xbdaa,0xbdaf,
	0xcca0,0xcca5,0xccaa,0xccaf,0xdca0,0xdca5,0xdcaa,0xdcaf,
	0xfba0,0xfba5,0xfbaa,0xfbaf,0x0aa0,0x0aa5,0x0aaa,0x0aaf,
	0x29a0,0x29a5,0x29aa,0x29af,0x39a0,0x39a5,0x39aa,0x39af,
	0x48a0,0x48a5,0x48aa,0x48af,0x67a0,0x67a5,0x67aa,0x67af,
	0x12c0,0x12c5,0x12ca,0x12cf,0x21c0,0x21c5,0x21ca,0x21cf,
	0x40c0,0x40c5,0x40ca,0x40cf,0x50c0,0x50c5,0x50ca,0x50cf,
	0x6fc0,0x6fc5,0x6fca,0x6fcf,0x8ec0,0x8ec5,0x8eca,0x8ecf,
	0x9dc0,0x9dc5,0x9dca,0x9dcf,0xbdc0,0xbdc5,0xbdca,0xbdcf,
	0xccc0,0xccc5,0xccca,0xcccf,0xdbc0,0xdbc5,0xdbca,0xdbcf,
	0xfbc0,0xfbc5,0xfbca,0xfbcf,0x0ac0,0x0ac5,0x0aca,0x0acf,
	0x29c0,0x29c5,0x29ca,0x29cf,0x38c0,0x38c5,0x38ca,0x38cf,
	0x48c0,0x48c5,0x48ca,0x48cf,0x67c0,0x67c5,0x67ca,0x67cf,
	0x11e0,0x11e5,0x11ea,0x11ef,0x21e0,0x21e5,0x21ea,0x21ef,
	0x40e0,0x40e5,0x40ea,0x40ef,0x5fe0,0x5fe5,0x5fea,0x5fef,
	0x6fe0,0x6fe5,0x6fea,0x6fef,0x8ee0,0x8ee5,0x8eea,0x8eef,
	0x9de0,0x9de5,0x9dea,0x9def,0xbce0,0xbce5,0xbcea,0xbcef,
	0xcce0,0xcce5,0xccea,0xccef,0xdbe0,0xdbe5,0xdbea,0xdbef,
	0xfae0,0xfae5,0xfaea,0xfaef,0x0ae0,0x0ae5,0x0aea,0x0aef,
	0x29e0,0x29e5,0x29ea,0x29ef,0x38e0,0x38e5,0x38ea,0x38ef,
	0x47e0,0x47e5,0x47ea,0x47ef,0x67e0,0x67e5,0x67ea,0x67ef,
	0x1100,0x1105,0x110a,0x110f,0x2000,0x2005,0x200a,0x200f,
	0x4000,0x4005,0x400a,0x400f,0x5f00,0x5f05,0x5f0a,0x5f0f,
	0x6e00,0x6e05,0x6e0a,0x6e0f,0x8d00,0x8d05,0x8d0a,0x8d0f,
	0x9d00,0x9d05,0x9d0a,0x9d0f,0xbc00,0xbc05,0xbc0a,0xbc0f,
	0xcb00,0xcb05,0xcb0a,0xcb0f,0xdb00,0xdb05,0xdb0a,0xdb0f,
	0xfa00,0xfa05,0xfa0a,0xfa0f,0x0900,0x0905,0x090a,0x090f,
	0x2800,0x2805,0x280a,0x280f,0x3800,0x3805,0x380a,0x380f,
	0x4700,0x4705,0x470a,0x470f,0x6600,0x6605,0x660a,0x660f,
	0x1110,0x1115,0x111a,0x111f,0x2010,0x2015,0x201a,0x201f,
	0x4f10,0x4f15,0x4f1a,0x4f1f,0x5f10,0x5f15,0x5f1a,0x5f1f,
	0x6e10,0x6e15,0x6e1a,0x6e1f,0x8d10,0x8d15,0x8d1a,0x8d1f,
	0x9c10,0x9c15,0x9c1a,0x9c1f,0xbc10,0xbc15,0xbc1a,0xbc1f,
	0xcb10,0xcb15,0xcb1a,0xcb1f,0xda10,0xda15,0xda1a,0xda1f,
	0xfa10,0xfa15,0xfa1a,0xfa1f,0x0910,0x0915,0x091a,0x091f,
	0x2810,0x2815,0x281a,0x281f,0x3710,0x3715,0x371a,0x371f,
	0x4710,0x4715,0x471a,0x471f,0x6610,0x6615,0x661a,0x661f,
	0x1030,0x1035,0x103a,0x103f,0x2030,0x2035,0x203a,0x203f,
	0x4f30,0x4f35,0x4f3a,0x4f3f,0x5e30,0x5e35,0x5e3a,0x5e3f,
	0x6d30,0x6d35,0x6d3a,0x6d3f,0x8d30,0x8d35,0x8d3a,0x8d3f,
	0x9c30,0x9c35,0x9c3a,0x9c3f,0xbb30,0xbb35,0xbb3a,0xbb3f,
	0xcb30,0xcb35,0xcb3a,0xcb3f,0xda30,0xda35,0xda3a,0xda3f,
	0xf930,0xf935,0xf93a,0xf93f,0x0830,0x0835,0x083a,0x083f,
	0x2830,0x2835,0x283a,0x283f,0x3730,0x3735,0x373a,0x373f,
	0x4630,0x4635,0x463a,0x463f,0x6630,0x6635,0x663a,0x663f,
	0x1050,0x1055,0x105a,0x105f,0x2f50,0x2f55,0x2f5a,0x2f5f,
	0x4f50,0x4f55,0x4f5a,0x4f5f,0x5e50,0x5e55,0x5e5a,0x5e5f,
	0x6d50,0x6d55,0x6d5a,0x6d5f,0x8c50,0x8c55,0x8c5a,0x8c5f,
	0x9c50,0x9c55,0x9c5a,0x9c5f,0xbb50,0xbb55,0xbb5a,0xbb5f,
	0xca50,0xca55,0xca5a,0xca5f,0xda50,0xda55,0xda5a,0xda5f,
	0xf950,0xf955,0xf95a,0xf95f,0x0850,0x0855,0x085a,0x085f,
	0x2750,0x2755,0x275a,0x275f,0x3750,0x3755,0x375a,0x375f,
	0x4650,0x4655,0x465a,0x465f,0x6550,0x6555,0x655a,0x655f,
	0x1070,0x1075,0x107a,0x107f,0x2f70,0x2f75,0x2f7a,0x2f7f,
	0x4e70,0x4e75,0x4e7a,0x4e7f,0x5e70,0x5e75,0x5e7a,0x5e7f,
	0x6d70,0x6d75,0x6d7a,0x6d7f,0x8c70,0x8c75,0x8c7a,0x8c7f,
	0x9b70,0x9b75,0x9b7a,0x9b7f,0xbb70,0xbb75,0xbb7a,0xbb7f,
	0xca70,0xca75,0xca7a,0xca7f,0xd970,0xd975,0xd97a,0xd97f,
	0xf970,0xf975,0xf97a,0xf97f,0x0870,0x0875,0x087a,0x087f,
	0x2770,0x2775,0x277a,0x277f,0x3670,0x3675,0x367a,0x367f,
	0x4670,0x4675,0x467a,0x467f,0x6570,0x6575,0x657a,0x657f,
	0x1f80,0x1f85,0x1f8a,0x1f8f,0x2f80,0x2f85,0x2f8a,0x2f8f,
	0x4e80,0x4e85,0x4e8a,0x4e8f,0x5d80,0x5d85,0x5d8a,0x5d8f,
	0x6c80,0x6c85,0x6c8a,0x6c8f,0x8c80,0x8c85,0x8c8a,0x8c8f,
	0x9b80,0x9b85,0x9b8a,0x9b8f,0xba80,0xba85,0xba8a,0xba8f,
	0xca80,0xca85,0xca8a,0xca8f,0xd980,0xd985,0xd98a,0xd98f,
	0xf880,0xf885,0xf88a,0xf88f,0x0780,0x0785,0x078a,0x078f,
	0x2780,0x2785,0x278a,0x278f,0x3680,0x3685,0x368a,0x368f,
	0x4580,0x4585,0x458a,0x458f,0x6580,0x6585,0x658a,0x658f,
	0x15e0,0x15e5,0x15ea,0x15ef,0x24e0,0x24e5,0x24ea,0x24ef,
	0x43e0,0x43e5,0x43ea,0x43ef,0x53e0,0x53e5,0x53ea,0x53ef,
	0x72e0,0x72e5,0x72ea,0x72ef,0x81e0,0x81e5,0x81ea,0x81ef,
	0x90e0,0x90e5,0x90ea,0x90ef,0xb0e0,0xb0e5,0xb0ea,0xb0ef,
	0xcfe0,0xcfe5,0xcfea,0xcfef,0xeee0,0xeee5,0xeeea,0xeeef,
	0xfee0,0xfee5,0xfeea,0xfeef,0x0de0,0x0de5,0x0dea,0x0def,
	0x2ce0,0x2ce5,0x2cea,0x2cef,0x3be0,0x3be5,0x3bea,0x3bef,
	0x5be0,0x5be5,0x5bea,0x5bef,0x6ae0,0x6ae5,0x6aea,0x6aef,
	0x1400,0x1405,0x140a,0x140f,0x2400,0x2405,0x240a,0x240f,
	0x4300,0x4305,0x430a,0x430f,0x5200,0x5205,0x520a,0x520f,
	0x7200,0x7205,0x720a,0x720f,0x8100,0x8105,0x810a,0x810f,
	0x9000,0x9005,0x900a,0x900f,0xbf00,0xbf05,0xbf0a,0xbf0f,
	0xcf00,0xcf05,0xcf0a,0xcf0f,0xee00,0xee05,0xee0a,0xee0f,
	0xfd00,0xfd05,0xfd0a,0xfd0f,0x0d00,0x0d05,0x0d0a,0x0d0f,
	0x2c00,0x2c05,0x2c0a,0x2c0f,0x3b00,0x3b05,0x3b0a,0x3b0f,
	0x5a00,0x5a05,0x5a0a,0x5a0f,0x6a00,0x6a05,0x6a0a,0x6a0f,
	0x1420,0x1425,0x142a,0x142f,0x2320,0x2325,0x232a,0x232f,
	0x4320,0x4325,0x432a,0x432f,0x5220,0x5225,0x522a,0x522f,
	0x7120,0x7125,0x712a,0x712f,0x8020,0x8025,0x802a,0x802f,
	0x9020,0x9025,0x902a,0x902f,0xbf20,0xbf25,0xbf2a,0xbf2f,
	0xce20,0xce25,0xce2a,0xce2f,0xee20,0xee25,0xee2a,0xee2f,
	0xfd20,0xfd25,0xfd2a,0xfd2f,0x0c20,0x0c25,0x0c2a,0x0c2f,
	0x2b20,0x2b25,0x2b2a,0x2b2f,0x3b20,0x3b25,0x3b2a,0x3b2f,
	0x5a20,0x5a25,0x5a2a,0x5a2f,0x6920,0x6925,0x692a,0x692f,
	0x1430,0x1435,0x143a,0x143f,0x2330,0x2335,0x233a,0x233f,
	0x4230,0x4235,0x423a,0x423f,0x5230,0x5235,0x523a,0x523f,
	0x7130,0x7135,0x713a,0x713f,0x8030,0x8035,0x803a,0x803f,
	0x9f30,0x9f35,0x9f3a,0x9f3f,0xbf30,0xbf35,0xbf3a,0xbf3f,
	0xce30,0xce35,0xce3a,0xce3f,0xed30,0xed35,0xed3a,0xed3f,
	0xfd30,0xfd35,0xfd3a,0xfd3f,0x0c30,0x0c35,0x0c3a,0x0c3f,
	0x2b30,0x2b35,0x2b3a,0x2b3f,0x3a30,0x3a35,0x3a3a,0x3a3f,
	0x5a30,0x5a35,0x5a3a,0x5a3f,0x6930,0x6935,0x693a,0x693f,
	0x1350,0x1355,0x135a,0x135f,0x2350,0x2355,0x235a,0x235f,
	0x4250,0x4255,0x425a,0x425f,0x5150,0x5155,0x515a,0x515f,
	0x7050,0x7055,0x705a,0x705f,0x8050,0x8055,0x805a,0x805f,
	0x9f50,0x9f55,0x9f5a,0x9f5f,0xbe50,0xbe55,0xbe5a,0xbe5f,
	0xce50,0xce55,0xce5a,0xce5f,0xed50,0xed55,0xed5a,0xed5f,
	0xfc50,0xfc55,0xfc5a,0xfc5f,0x0b50,0x0b55,0x0b5a,0x0b5f,
	0x2b50,0x2b55,0x2b5a,0x2b5f,0x3a50,0x3a55,0x3a5a,0x3a5f,
	0x5950,0x5955,0x595a,0x595f,0x6950,0x6955,0x695a,0x695f,
	0x1370,0x1375,0x137a,0x137f,0x2270,0x2275,0x227a,0x227f,
	0x4270,0x4275,0x427a,0x427f,0x5170,0x5175,0x517a,0x517f,
	0x7070,0x7075,0x707a,0x707f,0x8f70,0x8f75,0x8f7a,0x8f7f,
	0x9f70,0x9f75,0x9f7a,0x9f7f,0xbe70,0xbe75,0xbe7a,0xbe7f,
	0xcd70,0xcd75,0xcd7a,0xcd7f,0xed70,0xed75,0xed7a,0xed7f,
	0xfc70,0xfc75,0xfc7a,0xfc7f,0x0b70,0x0b75,0x0b7a,0x0b7f,
	0x2a70,0x2a75,0x2a7a,0x2a7f,0x3a70,0x3a75,0x3a7a,0x3a7f,
	0x5970,0x5975,0x597a,0x597f,0x6870,0x6875,0x687a,0x687f,
	0x1390,0x1395,0x139a,0x139f,0x2290,0x2295,0x229a,0x229f,
	0x4190,0x4195,0x419a,0x419f,0x5190,0x5195,0x519a,0x519f,
	0x7090,0x7095,0x709a,0x709f,0x8f90,0x8f95,0x8f9a,0x8f9f,
	0x9e90,0x9e95,0x9e9a,0x9e9f,0xbe90,0xbe95,0xbe9a,0xbe9f,
	0xcd90,0xcd95,0xcd9a,0xcd9f,0xec90,0xec95,0xec9a,0xec9f,
	0xfc90,0xfc95,0xfc9a,0xfc9f,0x0b90,0x0b95,0x0b9a,0x0b9f,
	0x2a90,0x2a95,0x2a9a,0x2a9f,0x3990,0x3995,0x399a,0x399f,
	0x5990,0x5995,0x599a,0x599f,0x6890,0x6895,0x689a,0x689f,
	0x12a0,0x12a5,0x12aa,0x12af,0x22a0,0x22a5,0x22aa,0x22af,
	0x41a0,0x41a5,0x41aa,0x41af,0x50a0,0x50a5,0x50aa,0x50af,
	0x7fa0,0x7fa5,0x7faa,0x7faf,0x8fa0,0x8fa5,0x8faa,0x8faf,
	0x9ea0,0x9ea5,0x9eaa,0x9eaf,0xbda0,0xbda5,0xbdaa,0xbdaf,
	0xcda0,0xcda5,0xcdaa,0xcdaf,0xeca0,0xeca5,0xecaa,0xecaf,
	0xfba0,0xfba5,0xfbaa,0xfbaf,0x0aa0,0x0aa5,0x0aaa,0x0aaf,
	0x2aa0,0x2aa5,0x2aaa,0x2aaf,0x39a0,0x39a5,0x39aa,0x39af,
	0x58a0,0x58a5,0x58aa,0x58af,0x68a0,0x68a5,0x68aa,0x68af,
	0x12c0,0x12c5,0x12ca,0x12cf,0x21c0,0x21c5,0x21ca,0x21cf,
	0x41c0,0x41c5,0x41ca,0x41cf,0x50c0,0x50c5,0x50ca,0x50cf,
	0x7fc0,0x7fc5,0x7fca,0x7fcf,0x8ec0,0x8ec5,0x8eca,0x8ecf,
	0x9ec0,0x9ec5,0x9eca,0x9ecf,0xbdc0,0xbdc5,0xbdca,0xbdcf,
	0xccc0,0xccc5,0xccca,0xcccf,0xecc0,0xecc5,0xecca,0xeccf,
	0xfbc0,0xfbc5,0xfbca,0xfbcf,0x0ac0,0x0ac5,0x0aca,0x0acf,
	0x29c0,0x29c5,0x29ca,0x29cf,0x39c0,0x39c5,0x39ca,0x39cf,
	0x58c0,0x58c5,0x58ca,0x58cf,0x67c0,0x67c5,0x67ca,0x67cf,
	0x12e0,0x12e5,0x12ea,0x12ef,0x21e0,0x21e5,0x21ea,0x21ef,
	0x40e0,0x40e5,0x40ea,0x40ef,0x5fe0,0x5fe5,0x5fea,0x5fef,
	0x7fe0,0x7fe5,0x7fea,0x7fef,0x8ee0,0x8ee5,0x8eea,0x8eef,
	0x9de0,0x9de5,0x9dea,0x9def,0xbde0,0xbde5,0xbdea,0xbdef,
	0xcce0,0xcce5,0xccea,0xccef,0xebe0,0xebe5,0xebea,0xebef,
	0xfae0,0xfae5,0xfaea,0xfaef,0x0ae0,0x0ae5,0x0aea,0x0aef,
	0x29e0,0x29e5,0x29ea,0x29ef,0x38e0,0x38e5,0x38ea,0x38ef,
	0x58e0,0x58e5,0x58ea,0x58ef,0x67e0,0x67e5,0x67ea,0x67ef,
	0x1100,0x1105,0x110a,0x110f,0x2100,0x2105,0x210a,0x210f,
	0x4000,0x4005,0x400a,0x400f,0x5f00,0x5f05,0x5f0a,0x5f0f,
	0x7e00,0x7e05,0x7e0a,0x7e0f,0x8e00,0x8e05,0x8e0a,0x8e0f,
	0x9d00,0x9d05,0x9d0a,0x9d0f,0xbc00,0xbc05,0xbc0a,0xbc0f,
	0xcc00,0xcc05,0xcc0a,0xcc0f,0xeb00,0xeb05,0xeb0a,0xeb0f,
	0xfa00,0xfa05,0xfa0a,0xfa0f,0x0900,0x0905,0x090a,0x090f,
	0x2900,0x2905,0x290a,0x290f,0x3800,0x3805,0x380a,0x380f,
	0x5700,0x5705,0x570a,0x570f,0x6700,0x6705,0x670a,0x670f,
	0x1120,0x1125,0x112a,0x112f,0x2020,0x2025,0x202a,0x202f,
	0x4020,0x4025,0x402a,0x402f,0x5f20,0x5f25,0x5f2a,0x5f2f,
	0x7e20,0x7e25,0x7e2a,0x7e2f,0x8d20,0x8d25,0x8d2a,0x8d2f,
	0x9d20,0x9d25,0x9d2a,0x9d2f,0xbc20,0xbc25,0xbc2a,0xbc2f,
	0xcb20,0xcb25,0xcb2a,0xcb2f,0xeb20,0xeb25,0xeb2a,0xeb2f,
	0xfa20,0xfa25,0xfa2a,0xfa2f,0x0920,0x0925,0x092a,0x092f,
	0x2820,0x2825,0x282a,0x282f,0x3820,0x3825,0x382a,0x382f,
	0x5720,0x5725,0x572a,0x572f,0x6620,0x6625,0x662a,0x662f,
	0x1130,0x1135,0x113a,0x113f,0x2030,0x2035,0x203a,0x203f,
	0x4f30,0x4f35,0x4f3a,0x4f3f,0x5e30,0x5e35,0x5e3a,0x5e3f,
	0x7e30,0x7e35,0x7e3a,0x7e3f,0x8d30,0x8d35,0x8d3a,0x8d3f,
	0x9c30,0x9c35,0x9c3a,0x9c3f,0xbc30,0xbc35,0xbc3a,0xbc3f,
	0xcb30,0xcb35,0xcb3a,0xcb3f,0xea30,0xea35,0xea3a,0xea3f,
	0xf930,0xf935,0xf93a,0xf93f,0x0930,0x0935,0x093a,0x093f,
	0x2830,0x2835,0x283a,0x283f,0x3730,0x3735,0x373a,0x373f,
	0x5730,0x5735,0x573a,0x573f,0x6630,0x6635,0x663a,0x663f,
	0x1050,0x1055,0x105a,0x105f,0x2050,0x2055,0x205a,0x205f,
	0x4f50,0x4f55,0x4f5a,0x4f5f,0x5e50,0x5e55,0x5e5a,0x5e5f,
	0x7d50,0x7d55,0x7d5a,0x7d5f,0x8d50,0x8d55,0x8d5a,0x8d5f,
	0x9c50,0x9c55,0x9c5a,0x9c5f,0xbb50,0xbb55,0xbb5a,0xbb5f,
	0xcb50,0xcb55,0xcb5a,0xcb5f,0xea50,0xea55,0xea5a,0xea5f,
	0xf950,0xf955,0xf95a,0xf95f,0x0850,0x0855,0x085a,0x085f,
	0x2850,0x2855,0x285a,0x285f,0x3750,0x3755,0x375a,0x375f,
	0x5650,0x5655,0x565a,0x565f,0x6650,0x6655,0x665a,0x665f,
	0x1070,0x1075,0x107a,0x107f,0x2f70,0x2f75,0x2f7a,0x2f7f,
	0x4e70,0x4e75,0x4e7a,0x4e7f,0x5e70,0x5e75,0x5e7a,0x5e7f,
	0x7d70,0x7d75,0x7d7a,0x7d7f,0x8c70,0x8c75,0x8c7a,0x8c7f,
	0x9c70,0x9c75,0x9c7a,0x9c7f,0xbb70,0xbb75,0xbb7a,0xbb7f,
	0xca70,0xca75,0xca7a,0xca7f,0xe970,0xe975,0xe97a,0xe97f,
	0xf970,0xf975,0xf97a,0xf97f,0x0870,0x0875,0x087a,0x087f,
	0x2770,0x2775,0x277a,0x277f,0x3770,0x3775,0x377a,0x377f,
	0x5670,0x5675,0x567a,0x567f,0x6570,0x6575,0x657a,0x657f,
	0x1090,0x1095,0x109a,0x109f,0x2f90,0x2f95,0x2f9a,0x2f9f,
	0x4e90,0x4e95,0x4e9a,0x4e9f,0x5d90,0x5d95,0x5d9a,0x5d9f,
	0x7d90,0x7d95,0x7d9a,0x7d9f,0x8c90,0x8c95,0x8c9a,0x8c9f,
	0x9b90,0x9b95,0x9b9a,0x9b9f,0xbb90,0xbb95,0xbb9a,0xbb9f,
	0xca90,0xca95,0xca9a,0xca9f,0xe990,0xe995,0xe99a,0xe99f,
	0xf890,0xf895,0xf89a,0xf89f,0x0890,0x0895,0x089a,0x089f,
	0x2790,0x2795,0x279a,0x279f,0x3690,0x3695,0x369a,0x369f,
	0x5690,0x5695,0x569a,0x569f,0x6590,0x6595,0x659a,0x659f,
	0x15e0,0x15e5,0x15ea,0x15ef,0x34e0,0x34e5,0x34ea,0x34ef,
	0x44e0,0x44e5,0x44ea,0x44ef,0x53e0,0x53e5,0x53ea,0x53ef,
	0x72e0,0x72e5,0x72ea,0x72ef,0x81e0,0x81e5,0x81ea,0x81ef,
	0xa1e0,0xa1e5,0xa1ea,0xa1ef,0xb0e0,0xb0e5,0xb0ea,0xb0ef,
	0xdfe0,0xdfe5,0xdfea,0xdfef,0xefe0,0xefe5,0xefea,0xefef,
	0xfee0,0xfee5,0xfeea,0xfeef,0x1de0,0x1de5,0x1dea,0x1def,
	0x2ce0,0x2ce5,0x2cea,0x2cef,0x4ce0,0x4ce5,0x4cea,0x4cef,
	0x5be0,0x5be5,0x5bea,0x5bef,0x6ae0,0x6ae5,0x6aea,0x6aef,
	0x1500,0x1505,0x150a,0x150f,0x3400,0x3405,0x340a,0x340f,
	0x4300,0x4305,0x430a,0x430f,0x5200,0x5205,0x520a,0x520f,
	0x7200,0x7205,0x720a,0x720f,0x8100,0x8105,0x810a,0x810f,
	0xa000,0xa005,0xa00a,0xa00f,0xb000,0xb005,0xb00a,0xb00f,
	0xdf00,0xdf05,0xdf0a,0xdf0f,0xee00,0xee05,0xee0a,0xee0f,
	0xfd00,0xfd05,0xfd0a,0xfd0f,0x1d00,0x1d05,0x1d0a,0x1d0f,
	0x2c00,0x2c05,0x2c0a,0x2c0f,0x4b00,0x4b05,0x4b0a,0x4b0f,
	0x5b00,0x5b05,0x5b0a,0x5b0f,0x6a00,0x6a05,0x6a0a,0x6a0f,
	0x1420,0x1425,0x142a,0x142f,0x3420,0x3425,0x342a,0x342f,
	0x4320,0x4325,0x432a,0x432f,0x5220,0x5225,0x522a,0x522f,
	0x7120,0x7125,0x712a,0x712f,0x8120,0x8125,0x812a,0x812f,
	0xa020,0xa025,0xa02a,0xa02f,0xbf20,0xbf25,0xbf2a,0xbf2f,
	0xdf20,0xdf25,0xdf2a,0xdf2f,0xee20,0xee25,0xee2a,0xee2f,
	0xfd20,0xfd25,0xfd2a,0xfd2f,0x1c20,0x1c25,0x1c2a,0x1c2f,
	0x2c20,0x2c25,0x2c2a,0x2c2f,0x4b20,0x4b25,0x4b2a,0x4b2f,
	0x5a20,0x5a25,0x5a2a,0x5a2f,0x6a20,0x6a25,0x6a2a,0x6a2f,
	0x1440,0x1445,0x144a,0x144f,0x3340,0x3345,0x334a,0x334f,
	0x4340,0x4345,0x434a,0x434f,0x5240,0x5245,0x524a,0x524f,
	0x7140,0x7145,0x714a,0x714f,0x8040,0x8045,0x804a,0x804f,
	0xa040,0xa045,0xa04a,0xa04f,0xbf40,0xbf45,0xbf4a,0xbf4f,
	0xde40,0xde45,0xde4a,0xde4f,0xee40,0xee45,0xee4a,0xee4f,
	0xfd40,0xfd45,0xfd4a,0xfd4f,0x1c40,0x1c45,0x1c4a,0x1c4f,
	0x2b40,0x2b45,0x2b4a,0x2b4f,0x4b40,0x4b45,0x4b4a,0x4b4f,
	0x5a40,0x5a45,0x5a4a,0x5a4f,0x6940,0x6945,0x694a,0x694f,
	0x1450,0x1455,0x145a,0x145f,0x3350,0x3355,0x335a,0x335f,
	0x4250,0x4255,0x425a,0x425f,0x5150,0x5155,0x515a,0x515f,
	0x7150,0x7155,0x715a,0x715f,0x8050,0x8055,0x805a,0x805f,
	0xaf50,0xaf55,0xaf5a,0xaf5f,0xbf50,0xbf55,0xbf5a,0xbf5f,
	0xde50,0xde55,0xde5a,0xde5f,0xed50,0xed55,0xed5a,0xed5f,
	0xfc50,0xfc55,0xfc5a,0xfc5f,0x1c50,0x1c55,0x1c5a,0x1c5f,
	0x2b50,0x2b55,0x2b5a,0x2b5f,0x4a50,0x4a55,0x4a5a,0x4a5f,
	0x5a50,0x5a55,0x5a5a,0x5a5f,0x6950,0x6955,0x695a,0x695f,
	0x1370,0x1375,0x137a,0x137f,0x3370,0x3375,0x337a,0x337f,
	0x4270,0x4275,0x427a,0x427f,0x5170,0x5175,0x517a,0x517f,
	0x7070,0x7075,0x707a,0x707f,0x8070,0x8075,0x807a,0x807f,
	0xaf70,0xaf75,0xaf7a,0xaf7f,0xbe70,0xbe75,0xbe7a,0xbe7f,
	0xde70,0xde75,0xde7a,0xde7f,0xed70,0xed75,0xed7a,0xed7f,
	0xfc70,0xfc75,0xfc7a,0xfc7f,0x1b70,0x1b75,0x1b7a,0x1b7f,
	0x2b70,0x2b75,0x2b7a,0x2b7f,0x4a70,0x4a75,0x4a7a,0x4a7f,
	0x5970,0x5975,0x597a,0x597f,0x6970,0x6975,0x697a,0x697f,
	0x1390,0x1395,0x139a,0x139f,0x3290,0x3295,0x329a,0x329f,
	0x4190,0x4195,0x419a,0x419f,0x5190,0x5195,0x519a,0x519f,
	0x7090,0x7095,0x709a,0x709f,0x8f90,0x8f95,0x8f9a,0x8f9f,
	0xaf90,0xaf95,0xaf9a,0xaf9f,0xbe90,0xbe95,0xbe9a,0xbe9f,
	0xdd90,0xdd95,0xdd9a,0xdd9f,0xec90,0xec95,0xec9a,0xec9f,
	0xfc90,0xfc95,0xfc9a,0xfc9f,0x1b90,0x1b95,0x1b9a,0x1b9f,
	0x2a90,0x2a95,0x2a9a,0x2a9f,0x4a90,0x4a95,0x4a9a,0x4a9f,
	0x5990,0x5995,0x599a,0x599f,0x6890,0x6895,0x689a,0x689f,
	0x13b0,0x13b5,0x13ba,0x13bf,0x32b0,0x32b5,0x32ba,0x32bf,
	0x41b0,0x41b5,0x41ba,0x41bf,0x50b0,0x50b5,0x50ba,0x50bf,
	0x70b0,0x70b5,0x70ba,0x70bf,0x8fb0,0x8fb5,0x8fba,0x8fbf,
	0xaeb0,0xaeb5,0xaeba,0xaebf,0xbeb0,0xbeb5,0xbeba,0xbebf,
	0xddb0,0xddb5,0xddba,0xddbf,0xecb0,0xecb5,0xecba,0xecbf,
	0xfbb0,0xfbb5,0xfbba,0xfbbf,0x1bb0,0x1bb5,0x1bba,0x1bbf,
	0x2ab0,0x2ab5,0x2aba,0x2abf,0x49b0,0x49b5,0x49ba,0x49bf,
	0x59b0,0x59b5,0x59ba,0x59bf,0x68b0,0x68b5,0x68ba,0x68bf,
	0x12d0,0x12d5,0x12da,0x12df,0x31d0,0x31d5,0x31da,0x31df,
	0x41d0,0x41d5,0x41da,0x41df,0x50d0,0x50d5,0x50da,0x50df,
	0x7fd0,0x7fd5,0x7fda,0x7fdf,0x8fd0,0x8fd5,0x8fda,0x8fdf,
	0xaed0,0xaed5,0xaeda,0xaedf,0xbdd0,0xbdd5,0xbdda,0xbddf,
	0xddd0,0xddd5,0xddda,0xdddf,0xecd0,0xecd5,0xecda,0xecdf,
	0xfbd0,0xfbd5,0xfbda,0xfbdf,0x1ad0,0x1ad5,0x1ada,0x1adf,
	0x2ad0,0x2ad5,0x2ada,0x2adf,0x49d0,0x49d5,0x49da,0x49df,
	0x58d0,0x58d5,0x58da,0x58df,0x68d0,0x68d5,0x68da,0x68df,
	0x12e0,0x12e5,0x12ea,0x12ef,0x31e0,0x31e5,0x31ea,0x31ef,
	0x40e0,0x40e5,0x40ea,0x40ef,0x50e0,0x50e5,0x50ea,0x50ef,
	0x7fe0,0x7fe5,0x7fea,0x7fef,0x8ee0,0x8ee5,0x8eea,0x8eef,
	0xaee0,0xaee5,0xaeea,0xaeef,0xbde0,0xbde5,0xbdea,0xbdef,
	0xdce0,0xdce5,0xdcea,0xdcef,0xebe0,0xebe5,0xebea,0xebef,
	0xfbe0,0xfbe5,0xfbea,0xfbef,0x1ae0,0x1ae5,0x1aea,0x1aef,
	0x29e0,0x29e5,0x29ea,0x29ef,0x49e0,0x49e5,0x49ea,0x49ef,
	0x58e0,0x58e5,0x58ea,0x58ef,0x67e0,0x67e5,0x67ea,0x67ef,
	0x1200,0x1205,0x120a,0x120f,0x3100,0x3105,0x310a,0x310f,
	0x4000,0x4005,0x400a,0x400f,0x5f00,0x5f05,0x5f0a,0x5f0f,
	0x7f00,0x7f05,0x7f0a,0x7f0f,0x8e00,0x8e05,0x8e0a,0x8e0f,
	0xad00,0xad05,0xad0a,0xad0f,0xbd00,0xbd05,0xbd0a,0xbd0f,
	0xdc00,0xdc05,0xdc0a,0xdc0f,0xeb00,0xeb05,0xeb0a,0xeb0f,
	0xfa00,0xfa05,0xfa0a,0xfa0f,0x1a00,0x1a05,0x1a0a,0x1a0f,
	0x2900,0x2905,0x290a,0x290f,0x4800,0x4805,0x480a,0x480f,
	0x5800,0x5805,0x580a,0x580f,0x6700,0x6705,0x670a,0x670f,
	0x1120,0x1125,0x112a,0x112f,0x3020,0x3025,0x302a,0x302f,
	0x4020,0x4025,0x402a,0x402f,0x5f20,0x5f25,0x5f2a,0x5f2f,
	0x7e20,0x7e25,0x7e2a,0x7e2f,0x8e20,0x8e25,0x8e2a,0x8e2f,
	0xad20,0xad25,0xad2a,0xad2f,0xbc20,0xbc25,0xbc2a,0xbc2f,
	0xdb20,0xdb25,0xdb2a,0xdb2f,0xeb20,0xeb25,0xeb2a,0xeb2f,
	0xfa20,0xfa25,0xfa2a,0xfa2f,0x1920,0x1925,0x192a,0x192f,
	0x2920,0x2925,0x292a,0x292f,0x4820,0x4825,0x482a,0x482f,
	0x5720,0x5725,0x572a,0x572f,0x6620,0x6625,0x662a,0x662f,
	0x1140,0x1145,0x114a,0x114f,0x3040,0x3045,0x304a,0x304f,
	0x4f40,0x4f45,0x4f4a,0x4f4f,0x5f40,0x5f45,0x5f4a,0x5f4f,
	0x7e40,0x7e45,0x7e4a,0x7e4f,0x8d40,0x8d45,0x8d4a,0x8d4f,
	0xad40,0xad45,0xad4a,0xad4f,0xbc40,0xbc45,0xbc4a,0xbc4f,
	0xdb40,0xdb45,0xdb4a,0xdb4f,0xea40,0xea45,0xea4a,0xea4f,
	0xfa40,0xfa45,0xfa4a,0xfa4f,0x1940,0x1945,0x194a,0x194f,
	0x2840,0x2845,0x284a,0x284f,0x4840,0x4845,0x484a,0x484f,
	0x5740,0x5745,0x574a,0x574f,0x6640,0x6645,0x664a,0x664f,
	0x1050,0x1055,0x105a,0x105f,0x3050,0x3055,0x305a,0x305f,
	0x4f50,0x4f55,0x4f5a,0x4f5f,0x5e50,0x5e55,0x5e5a,0x5e5f,
	0x7e50,0x7e55,0x7e5a,0x7e5f,0x8d50,0x8d55,0x8d5a,0x8d5f,
	0xac50,0xac55,0xac5a,0xac5f,0xbb50,0xbb55,0xbb5a,0xbb5f,
	0xdb50,0xdb55,0xdb5a,0xdb5f,0xea50,0xea55,0xea5a,0xea5f,
	0xf950,0xf955,0xf95a,0xf95f,0x1950,0x1955,0x195a,0x195f,
	0x2850,0x2855,0x285a,0x285f,0x4750,0x4755,0x475a,0x475f,
	0x5650,0x5655,0x565a,0x565f,0x6650,0x6655,0x665a,0x665f,
	0x1070,0x1075,0x107a,0x107f,0x3f70,0x3f75,0x3f7a,0x3f7f,
	0x4f70,0x4f75,0x4f7a,0x4f7f,0x5e70,0x5e75,0x5e7a,0x5e7f,
	0x7d70,0x7d75,0x7d7a,0x7d7f,0x8d70,0x8d75,0x8d7a,0x8d7f,
	0xac70,0xac75,0xac7a,0xac7f,0xbb70,0xbb75,0xbb7a,0xbb7f,
	0xda70,0xda75,0xda7a,0xda7f,0xea70,0xea75,0xea7a,0xea7f,
	0xf970,0xf975,0xf97a,0xf97f,0x1870,0x1875,0x187a,0x187f,
	0x2870,0x2875,0x287a,0x287f,0x4770,0x4775,0x477a,0x477f,
	0x5670,0x5675,0x567a,0x567f,0x6570,0x6575,0x657a,0x657f,
	0x1090,0x1095,0x109a,0x109f,0x3f90,0x3f95,0x3f9a,0x3f9f,
	0x4e90,0x4e95,0x4e9a,0x4e9f,0x5e90,0x5e95,0x5e9a,0x5e9f,
	0x7d90,0x7d95,0x7d9a,0x7d9f,0x8c90,0x8c95,0x8c9a,0x8c9f,
	0xac90,0xac95,0xac9a,0xac9f,0xbb90,0xbb95,0xbb9a,0xbb9f,
	0xda90,0xda95,0xda9a,0xda9f,0xe990,0xe995,0xe99a,0xe99f,
	0xf990,0xf995,0xf99a,0xf99f,0x1890,0x1895,0x189a,0x189f,
	0x2790,0x2795,0x279a,0x279f,0x4790,0x4795,0x479a,0x479f,
	0x5690,0x5695,0x569a,0x569f,0x6590,0x6595,0x659a,0x659f,
	0x25f0,0x25f5,0x25fa,0x25ff,0x35f0,0x35f5,0x35fa,0x35ff,
	0x44f0,0x44f5,0x44fa,0x44ff,0x63f0,0x63f5,0x63fa,0x63ff,
	0x72f0,0x72f5,0x72fa,0x72ff,0x92f0,0x92f5,0x92fa,0x92ff,
	0xa1f0,0xa1f5,0xa1fa,0xa1ff,0xb0f0,0xb0f5,0xb0fa,0xb0ff,
	0xd0f0,0xd0f5,0xd0fa,0xd0ff,0xeff0,0xeff5,0xeffa,0xefff,
	0x0ef0,0x0ef5,0x0efa,0x0eff,0x1df0,0x1df5,0x1dfa,0x1dff,
	0x2df0,0x2df5,0x2dfa,0x2dff,0x4cf0,0x4cf5,0x4cfa,0x4cff,
	0x5bf0,0x5bf5,0x5bfa,0x5bff,0x7bf0,0x7bf5,0x7bfa,0x7bff,
	0x2500,0x2505,0x250a,0x250f,0x3400,0x3405,0x340a,0x340f,
	0x4300,0x4305,0x430a,0x430f,0x6300,0x6305,0x630a,0x630f,
	0x7200,0x7205,0x720a,0x720f,0x9100,0x9105,0x910a,0x910f,
	0xa100,0xa105,0xa10a,0xa10f,0xb000,0xb005,0xb00a,0xb00f,
	0xdf00,0xdf05,0xdf0a,0xdf0f,0xee00,0xee05,0xee0a,0xee0f,
	0x0e00,0x0e05,0x0e0a,0x0e0f,0x1d00,0x1d05,0x1d0a,0x1d0f,
	0x2c00,0x2c05,0x2c0a,0x2c0f,0x4c00,0x4c05,0x4c0a,0x4c0f,
	0x5b00,0x5b05,0x5b0a,0x5b0f,0x7a00,0x7a05,0x7a0a,0x7a0f,
	0x2520,0x2525,0x252a,0x252f,0x3420,0x3425,0x342a,0x342f,
	0x4320,0x4325,0x432a,0x432f,0x6220,0x6225,0x622a,0x622f,
	0x7220,0x7225,0x722a,0x722f,0x9120,0x9125,0x912a,0x912f,
	0xa020,0xa025,0xa02a,0xa02f,0xb020,0xb025,0xb02a,0xb02f,
	0xdf20,0xdf25,0xdf2a,0xdf2f,0xee20,0xee25,0xee2a,0xee2f,
	0x0d20,0x0d25,0x0d2a,0x0d2f,0x1d20,0x1d25,0x1d2a,0x1d2f,
	0x2c20,0x2c25,0x2c2a,0x2c2f,0x4b20,0x4b25,0x4b2a,0x4b2f,
	0x5b20,0x5b25,0x5b2a,0x5b2f,0x7a20,0x7a25,0x7a2a,0x7a2f,
	0x2440,0x2445,0x244a,0x244f,0x3340,0x3345,0x334a,0x334f,
	0x4340,0x4345,0x434a,0x434f,0x6240,0x6245,0x624a,0x624f,
	0x7140,0x7145,0x714a,0x714f,0x9140,0x9145,0x914a,0x914f,
	0xa040,0xa045,0xa04a,0xa04f,0xbf40,0xbf45,0xbf4a,0xbf4f,
	0xde40,0xde45,0xde4a,0xde4f,0xee40,0xee45,0xee4a,0xee4f,
	0x0d40,0x0d45,0x0d4a,0x0d4f,0x1c40,0x1c45,0x1c4a,0x1c4f,
	0x2c40,0x2c45,0x2c4a,0x2c4f,0x4b40,0x4b45,0x4b4a,0x4b4f,
	0x5a40,0x5a45,0x5a4a,0x5a4f,0x7940,0x7945,0x794a,0x794f,
	0x2460,0x2465,0x246a,0x246f,0x3360,0x3365,0x336a,0x336f,
	0x4260,0x4265,0x426a,0x426f,0x6260,0x6265,0x626a,0x626f,
	0x7160,0x7165,0x716a,0x716f,0x9060,0x9065,0x906a,0x906f,
	0xa060,0xa065,0xa06a,0xa06f,0xbf60,0xbf65,0xbf6a,0xbf6f,
	0xde60,0xde65,0xde6a,0xde6f,0xed60,0xed65,0xed6a,0xed6f,
	0x0d60,0x0d65,0x0d6a,0x0d6f,0x1c60,0x1c65,0x1c6a,0x1c6f,
	0x2b60,0x2b65,0x2b6a,0x2b6f,0x4b60,0x4b65,0x4b6a,0x4b6f,
	0x5a60,0x5a65,0x5a6a,0x5a6f,0x7960,0x7965,0x796a,0x796f,
	0x2370,0x2375,0x237a,0x237f,0x3370,0x3375,0x337a,0x337f,
	0x4270,0x4275,0x427a,0x427f,0x6170,0x6175,0x617a,0x617f,
	0x7170,0x7175,0x717a,0x717f,0x9070,0x9075,0x907a,0x907f,
	0xaf70,0xaf75,0xaf7a,0xaf7f,0xbe70,0xbe75,0xbe7a,0xbe7f,
	0xde70,0xde75,0xde7a,0xde7f,0xed70,0xed75,0xed7a,0xed7f,
	0x0c70,0x0c75,0x0c7a,0x0c7f,0x1c70,0x1c75,0x1c7a,0x1c7f,
	0x2b70,0x2b75,0x2b7a,0x2b7f,0x4a70,0x4a75,0x4a7a,0x4a7f,
	0x5970,0x5975,0x597a,0x597f,0x7970,0x7975,0x797a,0x797f,
	0x2390,0x2395,0x239a,0x239f,0x3290,0x3295,0x329a,0x329f,
	0x4290,0x4295,0x429a,0x429f,0x6190,0x6195,0x619a,0x619f,
	0x7090,0x7095,0x709a,0x709f,0x9090,0x9095,0x909a,0x909f,
	0xaf90,0xaf95,0xaf9a,0xaf9f,0xbe90,0xbe95,0xbe9a,0xbe9f,
	0xdd90,0xdd95,0xdd9a,0xdd9f,0xed90,0xed95,0xed9a,0xed9f,
	0x0c90,0x0c95,0x0c9a,0x0c9f,0x1b90,0x1b95,0x1b9a,0x1b9f,
	0x2b90,0x2b95,0x2b9a,0x2b9f,0x4a90,0x4a95,0x4a9a,0x4a9f,
	0x5990,0x5995,0x599a,0x599f,0x7890,0x7895,0x789a,0x789f,
	0x23b0,0x23b5,0x23ba,0x23bf,0x32b0,0x32b5,0x32ba,0x32bf,
	0x41b0,0x41b5,0x41ba,0x41bf,0x61b0,0x61b5,0x61ba,0x61bf,
	0x70b0,0x70b5,0x70ba,0x70bf,0x9fb0,0x9fb5,0x9fba,0x9fbf,
	0xafb0,0xafb5,0xafba,0xafbf,0xbeb0,0xbeb5,0xbeba,0xbebf,
	0xddb0,0xddb5,0xddba,0xddbf,0xecb0,0xecb5,0xecba,0xecbf,
	0x0cb0,0x0cb5,0x0cba,0x0cbf,0x1bb0,0x1bb5,0x1bba,0x1bbf,
	0x2ab0,0x2ab5,0x2aba,0x2abf,0x4ab0,0x4ab5,0x4aba,0x4abf,
	0x59b0,0x59b5,0x59ba,0x59bf,0x78b0,0x78b5,0x78ba,0x78bf,
	0x22d0,0x22d5,0x22da,0x22df,0x32d0,0x32d5,0x32da,0x32df,
	0x41d0,0x41d5,0x41da,0x41df,0x60d0,0x60d5,0x60da,0x60df,
	0x70d0,0x70d5,0x70da,0x70df,0x9fd0,0x9fd5,0x9fda,0x9fdf,
	0xaed0,0xaed5,0xaeda,0xaedf,0xbdd0,0xbdd5,0xbdda,0xbddf,
	0xddd0,0xddd5,0xddda,0xdddf,0xecd0,0xecd5,0xecda,0xecdf,
	0x0bd0,0x0bd5,0x0bda,0x0bdf,0x1bd0,0x1bd5,0x1bda,0x1bdf,
	0x2ad0,0x2ad5,0x2ada,0x2adf,0x49d0,0x49d5,0x49da,0x49df,
	0x58d0,0x58d5,0x58da,0x58df,0x78d0,0x78d5,0x78da,0x78df,
	0x22f0,0x22f5,0x22fa,0x22ff,0x31f0,0x31f5,0x31fa,0x31ff,
	0x41f0,0x41f5,0x41fa,0x41ff,0x60f0,0x60f5,0x60fa,0x60ff,
	0x7ff0,0x7ff5,0x7ffa,0x7fff,0x9ff0,0x9ff5,0x9ffa,0x9fff,
	0xaef0,0xaef5,0xaefa,0xaeff,0xbdf0,0xbdf5,0xbdfa,0xbdff,
	0xdcf0,0xdcf5,0xdcfa,0xdcff,0xecf0,0xecf5,0xecfa,0xecff,
	0x0bf0,0x0bf5,0x0bfa,0x0bff,0x1af0,0x1af5,0x1afa,0x1aff,
	0x2af0,0x2af5,0x2afa,0x2aff,0x49f0,0x49f5,0x49fa,0x49ff,
	0x58f0,0x58f5,0x58fa,0x58ff,0x77f0,0x77f5,0x77fa,0x77ff,
	0x2200,0x2205,0x220a,0x220f,0x3100,0x3105,0x310a,0x310f,
	0x4000,0x4005,0x400a,0x400f,0x6000,0x6005,0x600a,0x600f,
	0x7f00,0x7f05,0x7f0a,0x7f0f,0x9e00,0x9e05,0x9e0a,0x9e0f,
	0xad00,0xad05,0xad0a,0xad0f,0xbd00,0xbd05,0xbd0a,0xbd0f,
	0xdc00,0xdc05,0xdc0a,0xdc0f,0xeb00,0xeb05,0xeb0a,0xeb0f,
	0x0b00,0x0b05,0x0b0a,0x0b0f,0x1a00,0x1a05,0x1a0a,0x1a0f,
	0x2900,0x2905,0x290a,0x290f,0x4800,0x4805,0x480a,0x480f,
	0x5800,0x5805,0x580a,0x580f,0x7700,0x7705,0x770a,0x770f,
	0x2120,0x2125,0x212a,0x212f,0x3120,0x3125,0x312a,0x312f,
	0x4020,0x4025,0x402a,0x402f,0x6f20,0x6f25,0x6f2a,0x6f2f,
	0x7f20,0x7f25,0x7f2a,0x7f2f,0x9e20,0x9e25,0x9e2a,0x9e2f,
	0xad20,0xad25,0xad2a,0xad2f,0xbc20,0xbc25,0xbc2a,0xbc2f,
	0xdc20,0xdc25,0xdc2a,0xdc2f,0xeb20,0xeb25,0xeb2a,0xeb2f,
	0x0a20,0x0a25,0x0a2a,0x0a2f,0x1a20,0x1a25,0x1a2a,0x1a2f,
	0x2920,0x2925,0x292a,0x292f,0x4820,0x4825,0x482a,0x482f,
	0x5720,0x5725,0x572a,0x572f,0x7720,0x7725,0x772a,0x772f,
	0x2140,0x2145,0x214a,0x214f,0x3040,0x3045,0x304a,0x304f,
	0x4040,0x4045,0x404a,0x404f,0x6f40,0x6f45,0x6f4a,0x6f4f,
	0x7e40,0x7e45,0x7e4a,0x7e4f,0x9e40,0x9e45,0x9e4a,0x9e4f,
	0xad40,0xad45,0xad4a,0xad4f,0xbc40,0xbc45,0xbc4a,0xbc4f,
	0xdb40,0xdb45,0xdb4a,0xdb4f,0xeb40,0xeb45,0xeb4a,0xeb4f,
	0x0a40,0x0a45,0x0a4a,0x0a4f,0x1940,0x1945,0x194a,0x194f,
	0x2940,0x2945,0x294a,0x294f,0x4840,0x4845,0x484a,0x484f,
	0x5740,0x5745,0x574a,0x574f,0x7640,0x7645,0x764a,0x764f,
	0x2160,0x2165,0x216a,0x216f,0x3060,0x3065,0x306a,0x306f,
	0x4f60,0x4f65,0x4f6a,0x4f6f,0x6f60,0x6f65,0x6f6a,0x6f6f,
	0x7e60,0x7e65,0x7e6a,0x7e6f,0x9d60,0x9d65,0x9d6a,0x9d6f,
	0xac60,0xac65,0xac6a,0xac6f,0xbc60,0xbc65,0xbc6a,0xbc6f,
	0xdb60,0xdb65,0xdb6a,0xdb6f,0xea60,0xea65,0xea6a,0xea6f,
	0x0a60,0x0a65,0x0a6a,0x0a6f,0x1960,0x1965,0x196a,0x196f,
	0x2860,0x2865,0x286a,0x286f,0x4760,0x4765,0x476a,0x476f,
	0x5760,0x5765,0x576a,0x576f,0x7660,0x7665,0x766a,0x766f,
	0x2070,0x2075,0x207a,0x207f,0x3070,0x3075,0x307a,0x307f,
	0x4f70,0x4f75,0x4f7a,0x4f7f,0x6e70,0x6e75,0x6e7a,0x6e7f,
	0x7e70,0x7e75,0x7e7a,0x7e7f,0x9d70,0x9d75,0x9d7a,0x9d7f,
	0xac70,0xac75,0xac7a,0xac7f,0xbb70,0xbb75,0xbb7a,0xbb7f,
	0xdb70,0xdb75,0xdb7a,0xdb7f,0xea70,0xea75,0xea7a,0xea7f,
	0x0970,0x0975,0x097a,0x097f,0x1970,0x1975,0x197a,0x197f,
	0x2870,0x2875,0x287a,0x287f,0x4770,0x4775,0x477a,0x477f,
	0x5670,0x5675,0x567a,0x567f,0x7670,0x7675,0x767a,0x767f,
	0x2090,0x2095,0x209a,0x209f,0x3f90,0x3f95,0x3f9a,0x3f9f,
	0x4f90,0x4f95,0x4f9a,0x4f9f,0x6e90,0x6e95,0x6e9a,0x6e9f,
	0x7d90,0x7d95,0x7d9a,0x7d9f,0x9c90,0x9c95,0x9c9a,0x9c9f,
	0xac90,0xac95,0xac9a,0xac9f,0xbb90,0xbb95,0xbb9a,0xbb9f,
	0xda90,0xda95,0xda9a,0xda9f,0xea90,0xea95,0xea9a,0xea9f,
	0x0990,0x0995,0x099a,0x099f,0x1890,0x1895,0x189a,0x189f,
	0x2790,0x2795,0x279a,0x279f,0x4790,0x4795,0x479a,0x479f,
	0x5690,0x5695,0x569a,0x569f,0x7590,0x7595,0x759a,0x759f,
	0x25f0,0x25f5,0x25fa,0x25ff,0x35f0,0x35f5,0x35fa,0x35ff,
	0x54f0,0x54f5,0x54fa,0x54ff,0x63f0,0x63f5,0x63fa,0x63ff,
	0x73f0,0x73f5,0x73fa,0x73ff,0x92f0,0x92f5,0x92fa,0x92ff,
	0xa1f0,0xa1f5,0xa1fa,0xa1ff,0xc0f0,0xc0f5,0xc0fa,0xc0ff,
	0xd0f0,0xd0f5,0xd0fa,0xd0ff,0xeff0,0xeff5,0xeffa,0xefff,
	0x0ef0,0x0ef5,0x0efa,0x0eff,0x1ef0,0x1ef5,0x1efa,0x1eff,
	0x3df0,0x3df5,0x3dfa,0x3dff,0x4cf0,0x4cf5,0x4cfa,0x4cff,
	0x5bf0,0x5bf5,0x5bfa,0x5bff,0x7bf0,0x7bf5,0x7bfa,0x7bff,
	0x2510,0x2515,0x251a,0x251f,0x3410,0x3415,0x341a,0x341f,
	0x5410,0x5415,0x541a,0x541f,0x6310,0x6315,0x631a,0x631f,
	0x7210,0x7215,0x721a,0x721f,0x9210,0x9215,0x921a,0x921f,
	0xa110,0xa115,0xa11a,0xa11f,0xc010,0xc015,0xc01a,0xc01f,
	0xdf10,0xdf15,0xdf1a,0xdf1f,0xef10,0xef15,0xef1a,0xef1f,
	0x0e10,0x0e15,0x0e1a,0x0e1f,0x1d10,0x1d15,0x1d1a,0x1d1f,
	0x3d10,0x3d15,0x3d1a,0x3d1f,0x4c10,0x4c15,0x4c1a,0x4c1f,
	0x5b10,0x5b15,0x5b1a,0x5b1f,0x7a10,0x7a15,0x7a1a,0x7a1f,
	0x2520,0x2525,0x252a,0x252f,0x3420,0x3425,0x342a,0x342f,
	0x5320,0x5325,0x532a,0x532f,0x6320,0x6325,0x632a,0x632f,
	0x7220,0x7225,0x722a,0x722f,0x9120,0x9125,0x912a,0x912f,
	0xa020,0xa025,0xa02a,0xa02f,0xc020,0xc025,0xc02a,0xc02f,
	0xdf20,0xdf25,0xdf2a,0xdf2f,0xee20,0xee25,0xee2a,0xee2f,
	0x0e20,0x0e25,0x0e2a,0x0e2f,0x1d20,0x1d25,0x1d2a,0x1d2f,
	0x3c20,0x3c25,0x3c2a,0x3c2f,0x4b20,0x4b25,0x4b2a,0x4b2f,
	0x5b20,0x5b25,0x5b2a,0x5b2f,0x7a20,0x7a25,0x7a2a,0x7a2f,
	0x2440,0x2445,0x244a,0x244f,0x3440,0x3445,0x344a,0x344f,
	0x5340,0x5345,0x534a,0x534f,0x6240,0x6245,0x624a,0x624f,
	0x7240,0x7245,0x724a,0x724f,0x9140,0x9145,0x914a,0x914f,
	0xa040,0xa045,0xa04a,0xa04f,0xcf40,0xcf45,0xcf4a,0xcf4f,
	0xdf40,0xdf45,0xdf4a,0xdf4f,0xee40,0xee45,0xee4a,0xee4f,
	0x0d40,0x0d45,0x0d4a,0x0d4f,0x1d40,0x1d45,0x1d4a,0x1d4f,
	0x3c40,0x3c45,0x3c4a,0x3c4f,0x4b40,0x4b45,0x4b4a,0x4b4f,
	0x5a40,0x5a45,0x5a4a,0x5a4f,0x7a40,0x7a45,0x7a4a,0x7a4f,
	0x2460,0x2465,0x246a,0x246f,0x3360,0x3365,0x336a,0x336f,
	0x5360,0x5365,0x536a,0x536f,0x6260,0x6265,0x626a,0x626f,
	0x7160,0x7165,0x716a,0x716f,0x9160,0x9165,0x916a,0x916f,
	0xa060,0xa065,0xa06a,0xa06f,0xcf60,0xcf65,0xcf6a,0xcf6f,
	0xde60,0xde65,0xde6a,0xde6f,0xee60,0xee65,0xee6a,0xee6f,
	0x0d60,0x0d65,0x0d6a,0x0d6f,0x1c60,0x1c65,0x1c6a,0x1c6f,
	0x3c60,0x3c65,0x3c6a,0x3c6f,0x4b60,0x4b65,0x4b6a,0x4b6f,
	0x5a60,0x5a65,0x5a6a,0x5a6f,0x7960,0x7965,0x796a,0x796f,
	0x2480,0x2485,0x248a,0x248f,0x3380,0x3385,0x338a,0x338f,
	0x5280,0x5285,0x528a,0x528f,0x6280,0x6285,0x628a,0x628f,
	0x7180,0x7185,0x718a,0x718f,0x9080,0x9085,0x908a,0x908f,
	0xaf80,0xaf85,0xaf8a,0xaf8f,0xcf80,0xcf85,0xcf8a,0xcf8f,
	0xde80,0xde85,0xde8a,0xde8f,0xed80,0xed85,0xed8a,0xed8f,
	0x0d80,0x0d85,0x0d8a,0x0d8f,0x1c80,0x1c85,0x1c8a,0x1c8f,
	0x3b80,0x3b85,0x3b8a,0x3b8f,0x4a80,0x4a85,0x4a8a,0x4a8f,
	0x5a80,0x5a85,0x5a8a,0x5a8f,0x7980,0x7985,0x798a,0x798f,
	0x2390,0x2395,0x239a,0x239f,0x3390,0x3395,0x339a,0x339f,
	0x5290,0x5295,0x529a,0x529f,0x6190,0x6195,0x619a,0x619f,
	0x7190,0x7195,0x719a,0x719f,0x9090,0x9095,0x909a,0x909f,
	0xaf90,0xaf95,0xaf9a,0xaf9f,0xce90,0xce95,0xce9a,0xce9f,
	0xde90,0xde95,0xde9a,0xde9f,0xed90,0xed95,0xed9a,0xed9f,
	0x0c90,0x0c95,0x0c9a,0x0c9f,0x1c90,0x1c95,0x1c9a,0x1c9f,
	0x3b90,0x3b95,0x3b9a,0x3b9f,0x4a90,0x4a95,0x4a9a,0x4a9f,
	0x5990,0x5995,0x599a,0x599f,0x7990,0x7995,0x799a,0x799f,
	0x23b0,0x23b5,0x23ba,0x23bf,0x32b0,0x32b5,0x32ba,0x32bf,
	0x52b0,0x52b5,0x52ba,0x52bf,0x61b0,0x61b5,0x61ba,0x61bf,
	0x70b0,0x70b5,0x70ba,0x70bf,0x9fb0,0x9fb5,0x9fba,0x9fbf,
	0xafb0,0xafb5,0xafba,0xafbf,0xceb0,0xceb5,0xceba,0xcebf,
	0xddb0,0xddb5,0xddba,0xddbf,0xedb0,0xedb5,0xedba,0xedbf,
	0x0cb0,0x0cb5,0x0cba,0x0cbf,0x1bb0,0x1bb5,0x1bba,0x1bbf,
	0x3ab0,0x3ab5,0x3aba,0x3abf,0x4ab0,0x4ab5,0x4aba,0x4abf,
	0x59b0,0x59b5,0x59ba,0x59bf,0x78b0,0x78b5,0x78ba,0x78bf,
	0x23d0,0x23d5,0x23da,0x23df,0x32d0,0x32d5,0x32da,0x32df,
	0x51d0,0x51d5,0x51da,0x51df,0x61d0,0x61d5,0x61da,0x61df,
	0x70d0,0x70d5,0x70da,0x70df,0x9fd0,0x9fd5,0x9fda,0x9fdf,
	0xaed0,0xaed5,0xaeda,0xaedf,0xced0,0xced5,0xceda,0xcedf,
	0xddd0,0xddd5,0xddda,0xdddf,0xecd0,0xecd5,0xecda,0xecdf,
	0x0cd0,0x0cd5,0x0cda,0x0cdf,0x1bd0,0x1bd5,0x1bda,0x1bdf,
	0x3ad0,0x3ad5,0x3ada,0x3adf,0x49d0,0x49d5,0x49da,0x49df,
	0x59d0,0x59d5,0x59da,0x59df,0x78d0,0x78d5,0x78da,0x78df,
	0x22f0,0x22f5,0x22fa,0x22ff,0x32f0,0x32f5,0x32fa,0x32ff,
	0x51f0,0x51f5,0x51fa,0x51ff,0x60f0,0x60f5,0x60fa,0x60ff,
	0x70f0,0x70f5,0x70fa,0x70ff,0x9ff0,0x9ff5,0x9ffa,0x9fff,
	0xaef0,0xaef5,0xaefa,0xaeff,0xcdf0,0xcdf5,0xcdfa,0xcdff,
	0xddf0,0xddf5,0xddfa,0xddff,0xecf0,0xecf5,0xecfa,0xecff,
	0x0bf0,0x0bf5,0x0bfa,0x0bff,0x1bf0,0x1bf5,0x1bfa,0x1bff,
	0x3af0,0x3af5,0x3afa,0x3aff,0x49f0,0x49f5,0x49fa,0x49ff,
	0x58f0,0x58f5,0x58fa,0x58ff,0x78f0,0x78f5,0x78fa,0x78ff,
	0x2210,0x2215,0x221a,0x221f,0x3110,0x3115,0x311a,0x311f,
	0x5110,0x5115,0x511a,0x511f,0x6010,0x6015,0x601a,0x601f,
	0x7f10,0x7f15,0x7f1a,0x7f1f,0x9e10,0x9e15,0x9e1a,0x9e1f,
	0xae10,0xae15,0xae1a,0xae1f,0xcd10,0xcd15,0xcd1a,0xcd1f,
	0xdc10,0xdc15,0xdc1a,0xdc1f,0xec10,0xec15,0xec1a,0xec1f,
	0x0b10,0x0b15,0x0b1a,0x0b1f,0x1a10,0x1a15,0x1a1a,0x1a1f,
	0x3910,0x3915,0x391a,0x391f,0x4910,0x4915,0x491a,0x491f,
	0x5810,0x5815,0x581a,0x581f,0x7710,0x7715,0x771a,0x771f,
	0x2220,0x2225,0x222a,0x222f,0x3120,0x3125,0x312a,0x312f,
	0x5020,0x5025,0x502a,0x502f,0x6020,0x6025,0x602a,0x602f,
	0x7f20,0x7f25,0x7f2a,0x7f2f,0x9e20,0x9e25,0x9e2a,0x9e2f,
	0xad20,0xad25,0xad2a,0xad2f,0xcd20,0xcd25,0xcd2a,0xcd2f,
	0xdc20,0xdc25,0xdc2a,0xdc2f,0xeb20,0xeb25,0xeb2a,0xeb2f,
	0x0b20,0x0b25,0x0b2a,0x0b2f,0x1a20,0x1a25,0x1a2a,0x1a2f,
	0x3920,0x3925,0x392a,0x392f,0x4820,0x4825,0x482a,0x482f,
	0x5820,0x5825,0x582a,0x582f,0x7720,0x7725,0x772a,0x772f,
	0x2140,0x2145,0x214a,0x214f,0x3140,0x3145,0x314a,0x314f,
	0x5040,0x5045,0x504a,0x504f,0x6f40,0x6f45,0x6f4a,0x6f4f,
	0x7e40,0x7e45,0x7e4a,0x7e4f,0x9e40,0x9e45,0x9e4a,0x9e4f,
	0xad40,0xad45,0xad4a,0xad4f,0xcc40,0xcc45,0xcc4a,0xcc4f,
	0xdc40,0xdc45,0xdc4a,0xdc4f,0xeb40,0xeb45,0xeb4a,0xeb4f,
	0x0a40,0x0a45,0x0a4a,0x0a4f,0x1940,0x1945,0x194a,0x194f,
	0x3940,0x3945,0x394a,0x394f,0x4840,0x4845,0x484a,0x484f,
	0x5740,0x5745,0x574a,0x574f,0x7740,0x7745,0x774a,0x774f,
	0x2160,0x2165,0x216a,0x216f,0x3060,0x3065,0x306a,0x306f,
	0x5060,0x5065,0x506a,0x506f,0x6f60,0x6f65,0x6f6a,0x6f6f,
	0x7e60,0x7e65,0x7e6a,0x7e6f,0x9d60,0x9d65,0x9d6a,0x9d6f,
	0xad60,0xad65,0xad6a,0xad6f,0xcc60,0xcc65,0xcc6a,0xcc6f,
	0xdb60,0xdb65,0xdb6a,0xdb6f,0xeb60,0xeb65,0xeb6a,0xeb6f,
	0x0a60,0x0a65,0x0a6a,0x0a6f,0x1960,0x1965,0x196a,0x196f,
	0x3860,0x3865,0x386a,0x386f,0x4860,0x4865,0x486a,0x486f,
	0x5760,0x5765,0x576a,0x576f,0x7660,0x7665,0x766a,0x766f,
	0x2180,0x2185,0x218a,0x218f,0x3080,0x3085,0x308a,0x308f,
	0x5f80,0x5f85,0x5f8a,0x5f8f,0x6f80,0x6f85,0x6f8a,0x6f8f,
	0x7e80,0x7e85,0x7e8a,0x7e8f,0x9d80,0x9d85,0x9d8a,0x9d8f,
	0xac80,0xac85,0xac8a,0xac8f,0xcc80,0xcc85,0xcc8a,0xcc8f,
	0xdb80,0xdb85,0xdb8a,0xdb8f,0xea80,0xea85,0xea8a,0xea8f,
	0x0a80,0x0a85,0x0a8a,0x0a8f,0x1980,0x1985,0x198a,0x198f,
	0x3880,0x3885,0x388a,0x388f,0x4780,0x4785,0x478a,0x478f,
	0x5780,0x5785,0x578a,0x578f,0x7680,0x7685,0x768a,0x768f,
	0x2090,0x2095,0x209a,0x209f,0x3090,0x3095,0x309a,0x309f,
	0x5f90,0x5f95,0x5f9a,0x5f9f,0x6e90,0x6e95,0x6e9a,0x6e9f,
	0x7d90,0x7d95,0x7d9a,0x7d9f,0x9d90,0x9d95,0x9d9a,0x9d9f,
	0xac90,0xac95,0xac9a,0xac9f,0xcb90,0xcb95,0xcb9a,0xcb9f,
	0xdb90,0xdb95,0xdb9a,0xdb9f,0xea90,0xea95,0xea9a,0xea9f,
	0x0990,0x0995,0x099a,0x099f,0x1890,0x1895,0x189a,0x189f,
	0x3890,0x3895,0x389a,0x389f,0x4790,0x4795,0x479a,0x479f,
	0x5690,0x5695,0x569a,0x569f,0x7690,0x7695,0x769a,0x769f,
	0x26f0,0x26f5,0x26fa,0x26ff,0x35f0,0x35f5,0x35fa,0x35ff,
	0x54f0,0x54f5,0x54fa,0x54ff,0x64f0,0x64f5,0x64fa,0x64ff,
	0x83f0,0x83f5,0x83fa,0x83ff,0x92f0,0x92f5,0x92fa,0x92ff,
	0xa1f0,0xa1f5,0xa1fa,0xa1ff,0xc1f0,0xc1f5,0xc1fa,0xc1ff,
	0xd0f0,0xd0f5,0xd0fa,0xd0ff,0xfff0,0xfff5,0xfffa,0xffff,
	0x0ff0,0x0ff5,0x0ffa,0x0fff,0x1ef0,0x1ef5,0x1efa,0x1eff,
	0x3df0,0x3df5,0x3dfa,0x3dff,0x4cf0,0x4cf5,0x4cfa,0x4cff,
	0x6cf0,0x6cf5,0x6cfa,0x6cff,0x7bf0,0x7bf5,0x7bfa,0x7bff,
	0x2510,0x2515,0x251a,0x251f,0x3510,0x3515,0x351a,0x351f,
	0x5410,0x5415,0x541a,0x541f,0x6310,0x6315,0x631a,0x631f,
	0x8310,0x8315,0x831a,0x831f,0x9210,0x9215,0x921a,0x921f,
	0xa110,0xa115,0xa11a,0xa11f,0xc010,0xc015,0xc01a,0xc01f,
	0xd010,0xd015,0xd01a,0xd01f,0xff10,0xff15,0xff1a,0xff1f,
	0x0e10,0x0e15,0x0e1a,0x0e1f,0x1e10,0x1e15,0x1e1a,0x1e1f,
	0x3d10,0x3d15,0x3d1a,0x3d1f,0x4c10,0x4c15,0x4c1a,0x4c1f,
	0x6b10,0x6b15,0x6b1a,0x6b1f,0x7b10,0x7b15,0x7b1a,0x7b1f,
	0x2530,0x2535,0x253a,0x253f,0x3430,0x3435,0x343a,0x343f,
	0x5430,0x5435,0x543a,0x543f,0x6330,0x6335,0x633a,0x633f,
	0x8230,0x8235,0x823a,0x823f,0x9130,0x9135,0x913a,0x913f,
	0xa130,0xa135,0xa13a,0xa13f,0xc030,0xc035,0xc03a,0xc03f,
	0xdf30,0xdf35,0xdf3a,0xdf3f,0xff30,0xff35,0xff3a,0xff3f,
	0x0e30,0x0e35,0x0e3a,0x0e3f,0x1d30,0x1d35,0x1d3a,0x1d3f,
	0x3c30,0x3c35,0x3c3a,0x3c3f,0x4c30,0x4c35,0x4c3a,0x4c3f,
	0x6b30,0x6b35,0x6b3a,0x6b3f,0x7a30,0x7a35,0x7a3a,0x7a3f,
	0x2540,0x2545,0x254a,0x254f,0x3440,0x3445,0x344a,0x344f,
	0x5340,0x5345,0x534a,0x534f,0x6340,0x6345,0x634a,0x634f,
	0x8240,0x8245,0x824a,0x824f,0x9140,0x9145,0x914a,0x914f,
	0xa040,0xa045,0xa04a,0xa04f,0xc040,0xc045,0xc04a,0xc04f,
	0xdf40,0xdf45,0xdf4a,0xdf4f,0xfe40,0xfe45,0xfe4a,0xfe4f,
	0x0e40,0x0e45,0x0e4a,0x0e4f,0x1d40,0x1d45,0x1d4a,0x1d4f,
	0x3c40,0x3c45,0x3c4a,0x3c4f,0x4b40,0x4b45,0x4b4a,0x4b4f,
	0x6b40,0x6b45,0x6b4a,0x6b4f,0x7a40,0x7a45,0x7a4a,0x7a4f,
	0x2460,0x2465,0x246a,0x246f,0x3460,0x3465,0x346a,0x346f,
	0x5360,0x5365,0x536a,0x536f,0x6260,0x6265,0x626a,0x626f,
	0x8160,0x8165,0x816a,0x816f,0x9160,0x9165,0x916a,0x916f,
	0xa060,0xa065,0xa06a,0xa06f,0xcf60,0xcf65,0xcf6a,0xcf6f,
	0xdf60,0xdf65,0xdf6a,0xdf6f,0xfe60,0xfe65,0xfe6a,0xfe6f,
	0x0d60,0x0d65,0x0d6a,0x0d6f,0x1c60,0x1c65,0x1c6a,0x1c6f,
	0x3c60,0x3c65,0x3c6a,0x3c6f,0x4b60,0x4b65,0x4b6a,0x4b6f,
	0x6a60,0x6a65,0x6a6a,0x6a6f,0x7a60,0x7a65,0x7a6a,0x7a6f,
	0x2480,0x2485,0x248a,0x248f,0x3380,0x3385,0x338a,0x338f,
	0x5380,0x5385,0x538a,0x538f,0x6280,0x6285,0x628a,0x628f,
	0x8180,0x8185,0x818a,0x818f,0x9080,0x9085,0x908a,0x908f,
	0xa080,0xa085,0xa08a,0xa08f,0xcf80,0xcf85,0xcf8a,0xcf8f,
	0xde80,0xde85,0xde8a,0xde8f,0xfe80,0xfe85,0xfe8a,0xfe8f,
	0x0d80,0x0d85,0x0d8a,0x0d8f,0x1c80,0x1c85,0x1c8a,0x1c8f,
	0x3b80,0x3b85,0x3b8a,0x3b8f,0x4b80,0x4b85,0x4b8a,0x4b8f,
	0x6a80,0x6a85,0x6a8a,0x6a8f,0x7980,0x7985,0x798a,0x798f,
	0x24a0,0x24a5,0x24aa,0x24af,0x33a0,0x33a5,0x33aa,0x33af,
	0x52a0,0x52a5,0x52aa,0x52af,0x62a0,0x62a5,0x62aa,0x62af,
	0x81a0,0x81a5,0x81aa,0x81af,0x90a0,0x90a5,0x90aa,0x90af,
	0xafa0,0xafa5,0xafaa,0xafaf,0xcfa0,0xcfa5,0xcfaa,0xcfaf,
	0xdea0,0xdea5,0xdeaa,0xdeaf,0xfda0,0xfda5,0xfdaa,0xfdaf,
	0x0da0,0x0da5,0x0daa,0x0daf,0x1ca0,0x1ca5,0x1caa,0x1caf,
	0x3ba0,0x3ba5,0x3baa,0x3baf,0x4aa0,0x4aa5,0x4aaa,0x4aaf,
	0x6aa0,0x6aa5,0x6aaa,0x6aaf,0x79a0,0x79a5,0x79aa,0x79af,
	0x23b0,0x23b5,0x23ba,0x23bf,0x33b0,0x33b5,0x33ba,0x33bf,
	0x52b0,0x52b5,0x52ba,0x52bf,0x61b0,0x61b5,0x61ba,0x61bf,
	0x80b0,0x80b5,0x80ba,0x80bf,0x90b0,0x90b5,0x90ba,0x90bf,
	0xafb0,0xafb5,0xafba,0xafbf,0xceb0,0xceb5,0xceba,0xcebf,
	0xdeb0,0xdeb5,0xdeba,0xdebf,0xfdb0,0xfdb5,0xfdba,0xfdbf,
	0x0cb0,0x0cb5,0x0cba,0x0cbf,0x1bb0,0x1bb5,0x1bba,0x1bbf,
	0x3bb0,0x3bb5,0x3bba,0x3bbf,0x4ab0,0x4ab5,0x4aba,0x4abf,
	0x69b0,0x69b5,0x69ba,0x69bf,0x79b0,0x79b5,0x79ba,0x79bf,
	0x23d0,0x23d5,0x23da,0x23df,0x32d0,0x32d5,0x32da,0x32df,
	0x52d0,0x52d5,0x52da,0x52df,0x61d0,0x61d5,0x61da,0x61df,
	0x80d0,0x80d5,0x80da,0x80df,0x9fd0,0x9fd5,0x9fda,0x9fdf,
	0xafd0,0xafd5,0xafda,0xafdf,0xced0,0xced5,0xceda,0xcedf,
	0xddd0,0xddd5,0xddda,0xdddf,0xfdd0,0xfdd5,0xfdda,0xfddf,
	0x0cd0,0x0cd5,0x0cda,0x0cdf,0x1bd0,0x1bd5,0x1bda,0x1bdf,
	0x3ad0,0x3ad5,0x3ada,0x3adf,0x4ad0,0x4ad5,0x4ada,0x4adf,
	0x69d0,0x69d5,0x69da,0x69df,0x78d0,0x78d5,0x78da,0x78df,
	0x23f0,0x23f5,0x23fa,0x23ff,0x32f0,0x32f5,0x32fa,0x32ff,
	0x51f0,0x51f5,0x51fa,0x51ff,0x60f0,0x60f5,0x60fa,0x60ff,
	0x80f0,0x80f5,0x80fa,0x80ff,0x9ff0,0x9ff5,0x9ffa,0x9fff,
	0xaef0,0xaef5,0xaefa,0xaeff,0xcef0,0xcef5,0xcefa,0xceff,
	0xddf0,0xddf5,0xddfa,0xddff,0xfcf0,0xfcf5,0xfcfa,0xfcff,
	0x0bf0,0x0bf5,0x0bfa,0x0bff,0x1bf0,0x1bf5,0x1bfa,0x1bff,
	0x3af0,0x3af5,0x3afa,0x3aff,0x49f0,0x49f5,0x49fa,0x49ff,
	0x69f0,0x69f5,0x69fa,0x69ff,0x78f0,0x78f5,0x78fa,0x78ff,
	0x2210,0x2215,0x221a,0x221f,0x3210,0x3215,0x321a,0x321f,
	0x5110,0x5115,0x511a,0x511f,0x6010,0x6015,0x601a,0x601f,
	0x8f10,0x8f15,0x8f1a,0x8f1f,0x9f10,0x9f15,0x9f1a,0x9f1f,
	0xae10,0xae15,0xae1a,0xae1f,0xcd10,0xcd15,0xcd1a,0xcd1f,
	0xdd10,0xdd15,0xdd1a,0xdd1f,0xfc10,0xfc15,0xfc1a,0xfc1f,
	0x0b10,0x0b15,0x0b1a,0x0b1f,0x1a10,0x1a15,0x1a1a,0x1a1f,
	0x3a10,0x3a15,0x3a1a,0x3a1f,0x4910,0x4915,0x491a,0x491f,
	0x6810,0x6815,0x681a,0x681f,0x7810,0x7815,0x781a,0x781f,
	0x2230,0x2235,0x223a,0x223f,0x3130,0x3135,0x313a,0x313f,
	0x5130,0x5135,0x513a,0x513f,0x6030,0x6035,0x603a,0x603f,
	0x8f30,0x8f35,0x8f3a,0x8f3f,0x9e30,0x9e35,0x9e3a,0x9e3f,
	0xae30,0xae35,0xae3a,0xae3f,0xcd30,0xcd35,0xcd3a,0xcd3f,
	0xdc30,0xdc35,0xdc3a,0xdc3f,0xfc30,0xfc35,0xfc3a,0xfc3f,
	0x0b30,0x0b35,0x0b3a,0x0b3f,0x1a30,0x1a35,0x1a3a,0x1a3f,
	0x3930,0x3935,0x393a,0x393f,0x4930,0x4935,0x493a,0x493f,
	0x6830,0x6835,0x683a,0x683f,0x7730,0x7735,0x773a,0x773f,
	0x2240,0x2245,0x224a,0x224f,0x3140,0x3145,0x314a,0x314f,
	0x5040,0x5045,0x504a,0x504f,0x6f40,0x6f45,0x6f4a,0x6f4f,
	0x8f40,0x8f45,0x8f4a,0x8f4f,0x9e40,0x9e45,0x9e4a,0x9e4f,
	0xad40,0xad45,0xad4a,0xad4f,0xcd40,0xcd45,0xcd4a,0xcd4f,
	0xdc40,0xdc45,0xdc4a,0xdc4f,0xfb40,0xfb45,0xfb4a,0xfb4f,
	0x0a40,0x0a45,0x0a4a,0x0a4f,0x1a40,0x1a45,0x1a4a,0x1a4f,
	0x3940,0x3945,0x394a,0x394f,0x4840,0x4845,0x484a,0x484f,
	0x6840,0x6845,0x684a,0x684f,0x7740,0x7745,0x774a,0x774f,
	0x2160,0x2165,0x216a,0x216f,0x3160,0x3165,0x316a,0x316f,
	0x5060,0x5065,0x506a,0x506f,0x6f60,0x6f65,0x6f6a,0x6f6f,
	0x8e60,0x8e65,0x8e6a,0x8e6f,0x9e60,0x9e65,0x9e6a,0x9e6f,
	0xad60,0xad65,0xad6a,0xad6f,0xcc60,0xcc65,0xcc6a,0xcc6f,
	0xdc60,0xdc65,0xdc6a,0xdc6f,0xfb60,0xfb65,0xfb6a,0xfb6f,
	0x0a60,0x0a65,0x0a6a,0x0a6f,0x1960,0x1965,0x196a,0x196f,
	0x3960,0x3965,0x396a,0x396f,0x4860,0x4865,0x486a,0x486f,
	0x6760,0x6765,0x676a,0x676f,0x7760,0x7765,0x776a,0x776f,
	0x2180,0x2185,0x218a,0x218f,0x3080,0x3085,0x308a,0x308f,
	0x5f80,0x5f85,0x5f8a,0x5f8f,0x6f80,0x6f85,0x6f8a,0x6f8f,
	0x8e80,0x8e85,0x8e8a,0x8e8f,0x9d80,0x9d85,0x9d8a,0x9d8f,
	0xad80,0xad85,0xad8a,0xad8f,0xcc80,0xcc85,0xcc8a,0xcc8f,
	0xdb80,0xdb85,0xdb8a,0xdb8f,0xfa80,0xfa85,0xfa8a,0xfa8f,
	0x0a80,0x0a85,0x0a8a,0x0a8f,0x1980,0x1985,0x198a,0x198f,
	0x3880,0x3885,0x388a,0x388f,0x4880,0x4885,0x488a,0x488f,
	0x6780,0x6785,0x678a,0x678f,0x7680,0x7685,0x768a,0x768f,
	0x21a0,0x21a5,0x21aa,0x21af,0x30a0,0x30a5,0x30aa,0x30af,
	0x5fa0,0x5fa5,0x5faa,0x5faf,0x6ea0,0x6ea5,0x6eaa,0x6eaf,
	0x8ea0,0x8ea5,0x8eaa,0x8eaf,0x9da0,0x9da5,0x9daa,0x9daf,
	0xaca0,0xaca5,0xacaa,0xacaf,0xcca0,0xcca5,0xccaa,0xccaf,
	0xdba0,0xdba5,0xdbaa,0xdbaf,0xfaa0,0xfaa5,0xfaaa,0xfaaf,
	0x09a0,0x09a5,0x09aa,0x09af,0x19a0,0x19a5,0x19aa,0x19af,
	0x38a0,0x38a5,0x38aa,0x38af,0x47a0,0x47a5,0x47aa,0x47af,
	0x67a0,0x67a5,0x67aa,0x67af,0x76a0,0x76a5,0x76aa,0x76af,
	0x26f0,0x26f5,0x26fa,0x26ff,0x45f0,0x45f5,0x45fa,0x45ff,
	0x55f0,0x55f5,0x55fa,0x55ff,0x64f0,0x64f5,0x64fa,0x64ff,
	0x83f0,0x83f5,0x83fa,0x83ff,0x92f0,0x92f5,0x92fa,0x92ff,
	0xb2f0,0xb2f5,0xb2fa,0xb2ff,0xc1f0,0xc1f5,0xc1fa,0xc1ff,
	0xe0f0,0xe0f5,0xe0fa,0xe0ff,0xf0f0,0xf0f5,0xf0fa,0xf0ff,
	0x0ff0,0x0ff5,0x0ffa,0x0fff,0x2ef0,0x2ef5,0x2efa,0x2eff,
	0x3df0,0x3df5,0x3dfa,0x3dff,0x5df0,0x5df5,0x5dfa,0x5dff,
	0x6cf0,0x6cf5,0x6cfa,0x6cff,0x7bf0,0x7bf5,0x7bfa,0x7bff,
	0x2610,0x2615,0x261a,0x261f,0x4510,0x4515,0x451a,0x451f,
	0x5410,0x5415,0x541a,0x541f,0x6310,0x6315,0x631a,0x631f,
	0x8310,0x8315,0x831a,0x831f,0x9210,0x9215,0x921a,0x921f,
	0xb110,0xb115,0xb11a,0xb11f,0xc110,0xc115,0xc11a,0xc11f,
	0xe010,0xe015,0xe01a,0xe01f,0xff10,0xff15,0xff1a,0xff1f,
	0x0e10,0x0e15,0x0e1a,0x0e1f,0x2e10,0x2e15,0x2e1a,0x2e1f,
	0x3d10,0x3d15,0x3d1a,0x3d1f,0x5c10,0x5c15,0x5c1a,0x5c1f,
	0x6c10,0x6c15,0x6c1a,0x6c1f,0x7b10,0x7b15,0x7b1a,0x7b1f,
	0x2530,0x2535,0x253a,0x253f,0x4530,0x4535,0x453a,0x453f,
	0x5430,0x5435,0x543a,0x543f,0x6330,0x6335,0x633a,0x633f,
	0x8230,0x8235,0x823a,0x823f,0x9230,0x9235,0x923a,0x923f,
	0xb130,0xb135,0xb13a,0xb13f,0xc030,0xc035,0xc03a,0xc03f,
	0xe030,0xe035,0xe03a,0xe03f,0xff30,0xff35,0xff3a,0xff3f,
	0x0e30,0x0e35,0x0e3a,0x0e3f,0x2d30,0x2d35,0x2d3a,0x2d3f,
	0x3d30,0x3d35,0x3d3a,0x3d3f,0x5c30,0x5c35,0x5c3a,0x5c3f,
	0x6b30,0x6b35,0x6b3a,0x6b3f,0x7b30,0x7b35,0x7b3a,0x7b3f,
	0x2550,0x2555,0x255a,0x255f,0x4450,0x4455,0x445a,0x445f,
	0x5450,0x5455,0x545a,0x545f,0x6350,0x6355,0x635a,0x635f,
	0x8250,0x8255,0x825a,0x825f,0x9150,0x9155,0x915a,0x915f,
	0xb150,0xb155,0xb15a,0xb15f,0xc050,0xc055,0xc05a,0xc05f,
	0xef50,0xef55,0xef5a,0xef5f,0xff50,0xff55,0xff5a,0xff5f,
	0x0e50,0x0e55,0x0e5a,0x0e5f,0x2d50,0x2d55,0x2d5a,0x2d5f,
	0x3c50,0x3c55,0x3c5a,0x3c5f,0x5c50,0x5c55,0x5c5a,0x5c5f,
	0x6b50,0x6b55,0x6b5a,0x6b5f,0x7a50,0x7a55,0x7a5a,0x7a5f,
	0x2560,0x2565,0x256a,0x256f,0x4460,0x4465,0x446a,0x446f,
	0x5360,0x5365,0x536a,0x536f,0x6260,0x6265,0x626a,0x626f,
	0x8260,0x8265,0x826a,0x826f,0x9160,0x9165,0x916a,0x916f,
	0xb060,0xb065,0xb06a,0xb06f,0xc060,0xc065,0xc06a,0xc06f,
	0xef60,0xef65,0xef6a,0xef6f,0xfe60,0xfe65,0xfe6a,0xfe6f,
	0x0d60,0x0d65,0x0d6a,0x0d6f,0x2d60,0x2d65,0x2d6a,0x2d6f,
	0x3c60,0x3c65,0x3c6a,0x3c6f,0x5b60,0x5b65,0x5b6a,0x5b6f,
	0x6b60,0x6b65,0x6b6a,0x6b6f,0x7a60,0x7a65,0x7a6a,0x7a6f,
	0x2480,0x2485,0x248a,0x248f,0x4480,0x4485,0x448a,0x448f,
	0x5380,0x5385,0x538a,0x538f,0x6280,0x6285,0x628a,0x628f,
	0x8180,0x8185,0x818a,0x818f,0x9180,0x9185,0x918a,0x918f,
	0xb080,0xb085,0xb08a,0xb08f,0xcf80,0xcf85,0xcf8a,0xcf8f,
	0xef80,0xef85,0xef8a,0xef8f,0xfe80,0xfe85,0xfe8a,0xfe8f,
	0x0d80,0x0d85,0x0d8a,0x0d8f,0x2c80,0x2c85,0x2c8a,0x2c8f,
	0x3c80,0x3c85,0x3c8a,0x3c8f,0x5b80,0x5b85,0x5b8a,0x5b8f,
	0x6a80,0x6a85,0x6a8a,0x6a8f,0x7a80,0x7a85,0x7a8a,0x7a8f,
	0x24a0,0x24a5,0x24aa,0x24af,0x43a0,0x43a5,0x43aa,0x43af,
	0x52a0,0x52a5,0x52aa,0x52af,0x62a0,0x62a5,0x62aa,0x62af,
	0x81a0,0x81a5,0x81aa,0x81af,0x90a0,0x90a5,0x90aa,0x90af,
	0xb0a0,0xb0a5,0xb0aa,0xb0af,0xcfa0,0xcfa5,0xcfaa,0xcfaf,
	0xeea0,0xeea5,0xeeaa,0xeeaf,0xfda0,0xfda5,0xfdaa,0xfdaf,
	0x0da0,0x0da5,0x0daa,0x0daf,0x2ca0,0x2ca5,0x2caa,0x2caf,
	0x3ba0,0x3ba5,0x3baa,0x3baf,0x5ba0,0x5ba5,0x5baa,0x5baf,
	0x6aa0,0x6aa5,0x6aaa,0x6aaf,0x79a0,0x79a5,0x79aa,0x79af,
	0x24c0,0x24c5,0x24ca,0x24cf,0x43c0,0x43c5,0x43ca,0x43cf,
	0x52c0,0x52c5,0x52ca,0x52cf,0x61c0,0x61c5,0x61ca,0x61cf,
	0x81c0,0x81c5,0x81ca,0x81cf,0x90c0,0x90c5,0x90ca,0x90cf,
	0xbfc0,0xbfc5,0xbfca,0xbfcf,0xcfc0,0xcfc5,0xcfca,0xcfcf,
	0xeec0,0xeec5,0xeeca,0xeecf,0xfdc0,0xfdc5,0xfdca,0xfdcf,
	0x0cc0,0x0cc5,0x0cca,0x0ccf,0x2cc0,0x2cc5,0x2cca,0x2ccf,
	0x3bc0,0x3bc5,0x3bca,0x3bcf,0x5ac0,0x5ac5,0x5aca,0x5acf,
	0x6ac0,0x6ac5,0x6aca,0x6acf,0x79c0,0x79c5,0x79ca,0x79cf,
	0x23e0,0x23e5,0x23ea,0x23ef,0x42e0,0x42e5,0x42ea,0x42ef,
	0x52e0,0x52e5,0x52ea,0x52ef,0x61e0,0x61e5,0x61ea,0x61ef,
	0x80e0,0x80e5,0x80ea,0x80ef,0x90e0,0x90e5,0x90ea,0x90ef,
	0xbfe0,0xbfe5,0xbfea,0xbfef,0xcee0,0xcee5,0xceea,0xceef,
	0xeee0,0xeee5,0xeeea,0xeeef,0xfde0,0xfde5,0xfdea,0xfdef,
	0x0ce0,0x0ce5,0x0cea,0x0cef,0x2be0,0x2be5,0x2bea,0x2bef,
	0x3be0,0x3be5,0x3bea,0x3bef,0x5ae0,0x5ae5,0x5aea,0x5aef,
	0x69e0,0x69e5,0x69ea,0x69ef,0x79e0,0x79e5,0x79ea,0x79ef,
	0x23f0,0x23f5,0x23fa,0x23ff,0x42f0,0x42f5,0x42fa,0x42ff,
	0x51f0,0x51f5,0x51fa,0x51ff,0x61f0,0x61f5,0x61fa,0x61ff,
	0x80f0,0x80f5,0x80fa,0x80ff,0x9ff0,0x9ff5,0x9ffa,0x9fff,
	0xbff0,0xbff5,0xbffa,0xbfff,0xcef0,0xcef5,0xcefa,0xceff,
	0xedf0,0xedf5,0xedfa,0xedff,0xfcf0,0xfcf5,0xfcfa,0xfcff,
	0x0cf0,0x0cf5,0x0cfa,0x0cff,0x2bf0,0x2bf5,0x2bfa,0x2bff,
	0x3af0,0x3af5,0x3afa,0x3aff,0x5af0,0x5af5,0x5afa,0x5aff,
	0x69f0,0x69f5,0x69fa,0x69ff,0x78f0,0x78f5,0x78fa,0x78ff,
	0x2310,0x2315,0x231a,0x231f,0x4210,0x4215,0x421a,0x421f,
	0x5110,0x5115,0x511a,0x511f,0x6010,0x6015,0x601a,0x601f,
	0x8010,0x8015,0x801a,0x801f,0x9f10,0x9f15,0x9f1a,0x9f1f,
	0xbe10,0xbe15,0xbe1a,0xbe1f,0xce10,0xce15,0xce1a,0xce1f,
	0xed10,0xed15,0xed1a,0xed1f,0xfc10,0xfc15,0xfc1a,0xfc1f,
	0x0b10,0x0b15,0x0b1a,0x0b1f,0x2b10,0x2b15,0x2b1a,0x2b1f,
	0x3a10,0x3a15,0x3a1a,0x3a1f,0x5910,0x5915,0x591a,0x591f,
	0x6910,0x6915,0x691a,0x691f,0x7810,0x7815,0x781a,0x781f,
	0x2230,0x2235,0x223a,0x223f,0x4130,0x4135,0x413a,0x413f,
	0x5130,0x5135,0x513a,0x513f,0x6030,0x6035,0x603a,0x603f,
	0x8f30,0x8f35,0x8f3a,0x8f3f,0x9f30,0x9f35,0x9f3a,0x9f3f,
	0xbe30,0xbe35,0xbe3a,0xbe3f,0xcd30,0xcd35,0xcd3a,0xcd3f,
	0xec30,0xec35,0xec3a,0xec3f,0xfc30,0xfc35,0xfc3a,0xfc3f,
	0x0b30,0x0b35,0x0b3a,0x0b3f,0x2a30,0x2a35,0x2a3a,0x2a3f,
	0x3a30,0x3a35,0x3a3a,0x3a3f,0x5930,0x5935,0x593a,0x593f,
	0x6830,0x6835,0x683a,0x683f,0x7730,0x7735,0x773a,0x773f,
	0x2250,0x2255,0x225a,0x225f,0x4150,0x4155,0x415a,0x415f,
	0x5050,0x5055,0x505a,0x505f,0x6050,0x6055,0x605a,0x605f,
	0x8f50,0x8f55,0x8f5a,0x8f5f,0x9e50,0x9e55,0x9e5a,0x9e5f,
	0xbe50,0xbe55,0xbe5a,0xbe5f,0xcd50,0xcd55,0xcd5a,0xcd5f,
	0xec50,0xec55,0xec5a,0xec5f,0xfb50,0xfb55,0xfb5a,0xfb5f,
	0x0b50,0x0b55,0x0b5a,0x0b5f,0x2a50,0x2a55,0x2a5a,0x2a5f,
	0x3950,0x3955,0x395a,0x395f,0x5950,0x5955,0x595a,0x595f,
	0x6850,0x6855,0x685a,0x685f,0x7750,0x7755,0x775a,0x775f,
	0x2160,0x2165,0x216a,0x216f,0x4160,0x4165,0x416a,0x416f,
	0x5060,0x5065,0x506a,0x506f,0x6f60,0x6f65,0x6f6a,0x6f6f,
	0x8f60,0x8f65,0x8f6a,0x8f6f,0x9e60,0x9e65,0x9e6a,0x9e6f,
	0xbd60,0xbd65,0xbd6a,0xbd6f,0xcc60,0xcc65,0xcc6a,0xcc6f,
	0xec60,0xec65,0xec6a,0xec6f,0xfb60,0xfb65,0xfb6a,0xfb6f,
	0x0a60,0x0a65,0x0a6a,0x0a6f,0x2a60,0x2a65,0x2a6a,0x2a6f,
	0x3960,0x3965,0x396a,0x396f,0x5860,0x5865,0x586a,0x586f,
	0x6760,0x6765,0x676a,0x676f,0x7760,0x7765,0x776a,0x776f,
	0x2180,0x2185,0x218a,0x218f,0x4080,0x4085,0x408a,0x408f,
	0x5080,0x5085,0x508a,0x508f,0x6f80,0x6f85,0x6f8a,0x6f8f,
	0x8e80,0x8e85,0x8e8a,0x8e8f,0x9e80,0x9e85,0x9e8a,0x9e8f,
	0xbd80,0xbd85,0xbd8a,0xbd8f,0xcc80,0xcc85,0xcc8a,0xcc8f,
	0xeb80,0xeb85,0xeb8a,0xeb8f,0xfb80,0xfb85,0xfb8a,0xfb8f,
	0x0a80,0x0a85,0x0a8a,0x0a8f,0x2980,0x2985,0x298a,0x298f,
	0x3980,0x3985,0x398a,0x398f,0x5880,0x5885,0x588a,0x588f,
	0x6780,0x6785,0x678a,0x678f,0x7680,0x7685,0x768a,0x768f,
	0x21a0,0x21a5,0x21aa,0x21af,0x40a0,0x40a5,0x40aa,0x40af,
	0x5fa0,0x5fa5,0x5faa,0x5faf,0x6fa0,0x6fa5,0x6faa,0x6faf,
	0x8ea0,0x8ea5,0x8eaa,0x8eaf,0x9da0,0x9da5,0x9daa,0x9daf,
	0xbda0,0xbda5,0xbdaa,0xbdaf,0xcca0,0xcca5,0xccaa,0xccaf,
	0xeba0,0xeba5,0xebaa,0xebaf,0xfaa0,0xfaa5,0xfaaa,0xfaaf,
	0x0aa0,0x0aa5,0x0aaa,0x0aaf,0x29a0,0x29a5,0x29aa,0x29af,
	0x38a0,0x38a5,0x38aa,0x38af,0x58a0,0x58a5,0x58aa,0x58af,
	0x67a0,0x67a5,0x67aa,0x67af,0x76a0,0x76a5,0x76aa,0x76af,
	0x3600,0x3605,0x360a,0x360f,0x4600,0x4605,0x460a,0x460f,
	0x5500,0x5505,0x550a,0x550f,0x7400,0x7405,0x740a,0x740f,
	0x8300,0x8305,0x830a,0x830f,0xa300,0xa305,0xa30a,0xa30f,
	0xb200,0xb205,0xb20a,0xb20f,0xc100,0xc105,0xc10a,0xc10f,
	0xe100,0xe105,0xe10a,0xe10f,0xf000,0xf005,0xf00a,0xf00f,
	0x1f00,0x1f05,0x1f0a,0x1f0f,0x2e00,0x2e05,0x2e0a,0x2e0f,
	0x3e00,0x3e05,0x3e0a,0x3e0f,0x5d00,0x5d05,0x5d0a,0x5d0f,
	0x6c00,0x6c05,0x6c0a,0x6c0f,0x8c00,0x8c05,0x8c0a,0x8c0f,
	0x3610,0x3615,0x361a,0x361f,0x4510,0x4515,0x451a,0x451f,
	0x5410,0x5415,0x541a,0x541f,0x7410,0x7415,0x741a,0x741f,
	0x8310,0x8315,0x831a,0x831f,0xa210,0xa215,0xa21a,0xa21f,
	0xb210,0xb215,0xb21a,0xb21f,0xc110,0xc115,0xc11a,0xc11f,
	0xe010,0xe015,0xe01a,0xe01f,0xff10,0xff15,0xff1a,0xff1f,
	0x1f10,0x1f15,0x1f1a,0x1f1f,0x2e10,0x2e15,0x2e1a,0x2e1f,
	0x3d10,0x3d15,0x3d1a,0x3d1f,0x5d10,0x5d15,0x5d1a,0x5d1f,
	0x6c10,0x6c15,0x6c1a,0x6c1f,0x8b10,0x8b15,0x8b1a,0x8b1f,
	0x3630,0x3635,0x363a,0x363f,0x4530,0x4535,0x453a,0x453f,
	0x5430,0x5435,0x543a,0x543f,0x7330,0x7335,0x733a,0x733f,
	0x8330,0x8335,0x833a,0x833f,0xa230,0xa235,0xa23a,0xa23f,
	0xb130,0xb135,0xb13a,0xb13f,0xc130,0xc135,0xc13a,0xc13f,
	0xe030,0xe035,0xe03a,0xe03f,0xff30,0xff35,0xff3a,0xff3f,
	0x1e30,0x1e35,0x1e3a,0x1e3f,0x2e30,0x2e35,0x2e3a,0x2e3f,
	0x3d30,0x3d35,0x3d3a,0x3d3f,0x5c30,0x5c35,0x5c3a,0x5c3f,
	0x6c30,0x6c35,0x6c3a,0x6c3f,0x8b30,0x8b35,0x8b3a,0x8b3f,
	0x3550,0x3555,0x355a,0x355f,0x4450,0x4455,0x445a,0x445f,
	0x5450,0x5455,0x545a,0x545f,0x7350,0x7355,0x735a,0x735f,
	0x8250,0x8255,0x825a,0x825f,0xa250,0xa255,0xa25a,0xa25f,
	0xb150,0xb155,0xb15a,0xb15f,0xc050,0xc055,0xc05a,0xc05f,
	0xef50,0xef55,0xef5a,0xef5f,0xff50,0xff55,0xff5a,0xff5f,
	0x1e50,0x1e55,0x1e5a,0x1e5f,0x2d50,0x2d55,0x2d5a,0x2d5f,
	0x3d50,0x3d55,0x3d5a,0x3d5f,0x5c50,0x5c55,0x5c5a,0x5c5f,
	0x6b50,0x6b55,0x6b5a,0x6b5f,0x8a50,0x8a55,0x8a5a,0x8a5f,
	0x3570,0x3575,0x357a,0x357f,0x4470,0x4475,0x447a,0x447f,
	0x5370,0x5375,0x537a,0x537f,0x7370,0x7375,0x737a,0x737f,
	0x8270,0x8275,0x827a,0x827f,0xa170,0xa175,0xa17a,0xa17f,
	0xb170,0xb175,0xb17a,0xb17f,0xc070,0xc075,0xc07a,0xc07f,
	0xef70,0xef75,0xef7a,0xef7f,0xfe70,0xfe75,0xfe7a,0xfe7f,
	0x1e70,0x1e75,0x1e7a,0x1e7f,0x2d70,0x2d75,0x2d7a,0x2d7f,
	0x3c70,0x3c75,0x3c7a,0x3c7f,0x5c70,0x5c75,0x5c7a,0x5c7f,
	0x6b70,0x6b75,0x6b7a,0x6b7f,0x8a70,0x8a75,0x8a7a,0x8a7f,
	0x3480,0x3485,0x348a,0x348f,0x4480,0x4485,0x448a,0x448f,
	0x5380,0x5385,0x538a,0x538f,0x7280,0x7285,0x728a,0x728f,
	0x8280,0x8285,0x828a,0x828f,0xa180,0xa185,0xa18a,0xa18f,
	0xb080,0xb085,0xb08a,0xb08f,0xcf80,0xcf85,0xcf8a,0xcf8f,
	0xef80,0xef85,0xef8a,0xef8f,0xfe80,0xfe85,0xfe8a,0xfe8f,
	0x1d80,0x1d85,0x1d8a,0x1d8f,0x2d80,0x2d85,0x2d8a,0x2d8f,
	0x3c80,0x3c85,0x3c8a,0x3c8f,0x5b80,0x5b85,0x5b8a,0x5b8f,
	0x6a80,0x6a85,0x6a8a,0x6a8f,0x8a80,0x8a85,0x8a8a,0x8a8f,
	0x34a0,0x34a5,0x34aa,0x34af,0x43a0,0x43a5,0x43aa,0x43af,
	0x53a0,0x53a5,0x53aa,0x53af,0x72a0,0x72a5,0x72aa,0x72af,
	0x81a0,0x81a5,0x81aa,0x81af,0xa1a0,0xa1a5,0xa1aa,0xa1af,
	0xb0a0,0xb0a5,0xb0aa,0xb0af,0xcfa0,0xcfa5,0xcfaa,0xcfaf,
	0xeea0,0xeea5,0xeeaa,0xeeaf,0xfea0,0xfea5,0xfeaa,0xfeaf,
	0x1da0,0x1da5,0x1daa,0x1daf,0x2ca0,0x2ca5,0x2caa,0x2caf,
	0x3ca0,0x3ca5,0x3caa,0x3caf,0x5ba0,0x5ba5,0x5baa,0x5baf,
	0x6aa0,0x6aa5,0x6aaa,0x6aaf,0x89a0,0x89a5,0x89aa,0x89af,
	0x34c0,0x34c5,0x34ca,0x34cf,0x43c0,0x43c5,0x43ca,0x43cf,
	0x52c0,0x52c5,0x52ca,0x52cf,0x72c0,0x72c5,0x72ca,0x72cf,
	0x81c0,0x81c5,0x81ca,0x81cf,0xa0c0,0xa0c5,0xa0ca,0xa0cf,
	0xb0c0,0xb0c5,0xb0ca,0xb0cf,0xcfc0,0xcfc5,0xcfca,0xcfcf,
	0xeec0,0xeec5,0xeeca,0xeecf,0xfdc0,0xfdc5,0xfdca,0xfdcf,
	0x1dc0,0x1dc5,0x1dca,0x1dcf,0x2cc0,0x2cc5,0x2cca,0x2ccf,
	0x3bc0,0x3bc5,0x3bca,0x3bcf,0x5bc0,0x5bc5,0x5bca,0x5bcf,
	0x6ac0,0x6ac5,0x6aca,0x6acf,0x89c0,0x89c5,0x89ca,0x89cf,
	0x33e0,0x33e5,0x33ea,0x33ef,0x43e0,0x43e5,0x43ea,0x43ef,
	0x52e0,0x52e5,0x52ea,0x52ef,0x71e0,0x71e5,0x71ea,0x71ef,
	0x81e0,0x81e5,0x81ea,0x81ef,0xa0e0,0xa0e5,0xa0ea,0xa0ef,
	0xbfe0,0xbfe5,0xbfea,0xbfef,0xcee0,0xcee5,0xceea,0xceef,
	0xeee0,0xeee5,0xeeea,0xeeef,0xfde0,0xfde5,0xfdea,0xfdef,
	0x1ce0,0x1ce5,0x1cea,0x1cef,0x2ce0,0x2ce5,0x2cea,0x2cef,
	0x3be0,0x3be5,0x3bea,0x3bef,0x5ae0,0x5ae5,0x5aea,0x5aef,
	0x69e0,0x69e5,0x69ea,0x69ef,0x89e0,0x89e5,0x89ea,0x89ef,
	0x3300,0x3305,0x330a,0x330f,0x4200,0x4205,0x420a,0x420f,
	0x5200,0x5205,0x520a,0x520f,0x7100,0x7105,0x710a,0x710f,
	0x8000,0x8005,0x800a,0x800f,0xa000,0xa005,0xa00a,0xa00f,
	0xbf00,0xbf05,0xbf0a,0xbf0f,0xce00,0xce05,0xce0a,0xce0f,
	0xed00,0xed05,0xed0a,0xed0f,0xfd00,0xfd05,0xfd0a,0xfd0f,
	0x1c00,0x1c05,0x1c0a,0x1c0f,0x2b00,0x2b05,0x2b0a,0x2b0f,
	0x3b00,0x3b05,0x3b0a,0x3b0f,0x5a00,0x5a05,0x5a0a,0x5a0f,
	0x6900,0x6905,0x690a,0x690f,0x8800,0x8805,0x880a,0x880f,
	0x3310,0x3315,0x331a,0x331f,0x4210,0x4215,0x421a,0x421f,
	0x5110,0x5115,0x511a,0x511f,0x7110,0x7115,0x711a,0x711f,
	0x8010,0x8015,0x801a,0x801f,0xaf10,0xaf15,0xaf1a,0xaf1f,
	0xbe10,0xbe15,0xbe1a,0xbe1f,0xce10,0xce15,0xce1a,0xce1f,
	0xed10,0xed15,0xed1a,0xed1f,0xfc10,0xfc15,0xfc1a,0xfc1f,
	0x1c10,0x1c15,0x1c1a,0x1c1f,0x2b10,0x2b15,0x2b1a,0x2b1f,
	0x3a10,0x3a15,0x3a1a,0x3a1f,0x5910,0x5915,0x591a,0x591f,
	0x6910,0x6915,0x691a,0x691f,0x8810,0x8815,0x881a,0x881f,
	0x3230,0x3235,0x323a,0x323f,0x4230,0x4235,0x423a,0x423f,
	0x5130,0x5135,0x513a,0x513f,0x7030,0x7035,0x703a,0x703f,
	0x8030,0x8035,0x803a,0x803f,0xaf30,0xaf35,0xaf3a,0xaf3f,
	0xbe30,0xbe35,0xbe3a,0xbe3f,0xcd30,0xcd35,0xcd3a,0xcd3f,
	0xed30,0xed35,0xed3a,0xed3f,0xfc30,0xfc35,0xfc3a,0xfc3f,
	0x1b30,0x1b35,0x1b3a,0x1b3f,0x2b30,0x2b35,0x2b3a,0x2b3f,
	0x3a30,0x3a35,0x3a3a,0x3a3f,0x5930,0x5935,0x593a,0x593f,
	0x6830,0x6835,0x683a,0x683f,0x8830,0x8835,0x883a,0x883f,
	0x3250,0x3255,0x325a,0x325f,0x4150,0x4155,0x415a,0x415f,
	0x5150,0x5155,0x515a,0x515f,0x7050,0x7055,0x705a,0x705f,
	0x8f50,0x8f55,0x8f5a,0x8f5f,0xaf50,0xaf55,0xaf5a,0xaf5f,
	0xbe50,0xbe55,0xbe5a,0xbe5f,0xcd50,0xcd55,0xcd5a,0xcd5f,
	0xec50,0xec55,0xec5a,0xec5f,0xfc50,0xfc55,0xfc5a,0xfc5f,
	0x1b50,0x1b55,0x1b5a,0x1b5f,0x2a50,0x2a55,0x2a5a,0x2a5f,
	0x3a50,0x3a55,0x3a5a,0x3a5f,0x5950,0x5955,0x595a,0x595f,
	0x6850,0x6855,0x685a,0x685f,0x8750,0x8755,0x875a,0x875f,
	0x3270,0x3275,0x327a,0x327f,0x4170,0x4175,0x417a,0x417f,
	0x5070,0x5075,0x507a,0x507f,0x7070,0x7075,0x707a,0x707f,
	0x8f70,0x8f75,0x8f7a,0x8f7f,0xae70,0xae75,0xae7a,0xae7f,
	0xbd70,0xbd75,0xbd7a,0xbd7f,0xcd70,0xcd75,0xcd7a,0xcd7f,
	0xec70,0xec75,0xec7a,0xec7f,0xfb70,0xfb75,0xfb7a,0xfb7f,
	0x1b70,0x1b75,0x1b7a,0x1b7f,0x2a70,0x2a75,0x2a7a,0x2a7f,
	0x3970,0x3975,0x397a,0x397f,0x5870,0x5875,0x587a,0x587f,
	0x6870,0x6875,0x687a,0x687f,0x8770,0x8775,0x877a,0x877f,
	0x3180,0x3185,0x318a,0x318f,0x4180,0x4185,0x418a,0x418f,
	0x5080,0x5085,0x508a,0x508f,0x7f80,0x7f85,0x7f8a,0x7f8f,
	0x8f80,0x8f85,0x8f8a,0x8f8f,0xae80,0xae85,0xae8a,0xae8f,
	0xbd80,0xbd85,0xbd8a,0xbd8f,0xcc80,0xcc85,0xcc8a,0xcc8f,
	0xec80,0xec85,0xec8a,0xec8f,0xfb80,0xfb85,0xfb8a,0xfb8f,
	0x1a80,0x1a85,0x1a8a,0x1a8f,0x2a80,0x2a85,0x2a8a,0x2a8f,
	0x3980,0x3985,0x398a,0x398f,0x5880,0x5885,0x588a,0x588f,
	0x6780,0x6785,0x678a,0x678f,0x8780,0x8785,0x878a,0x878f,
	0x31a0,0x31a5,0x31aa,0x31af,0x40a0,0x40a5,0x40aa,0x40af,
	0x50a0,0x50a5,0x50aa,0x50af,0x7fa0,0x7fa5,0x7faa,0x7faf,
	0x8ea0,0x8ea5,0x8eaa,0x8eaf,0xada0,0xada5,0xadaa,0xadaf,
	0xbda0,0xbda5,0xbdaa,0xbdaf,0xcca0,0xcca5,0xccaa,0xccaf,
	0xeba0,0xeba5,0xebaa,0xebaf,0xfba0,0xfba5,0xfbaa,0xfbaf,
	0x1aa0,0x1aa5,0x1aaa,0x1aaf,0x29a0,0x29a5,0x29aa,0x29af,
	0x38a0,0x38a5,0x38aa,0x38af,0x58a0,0x58a5,0x58aa,0x58af,
	0x67a0,0x67a5,0x67aa,0x67af,0x86a0,0x86a5,0x86aa,0x86af,
	0x3600,0x3605,0x360a,0x360f,0x4600,0x4605,0x460a,0x460f,
	0x6500,0x6505,0x650a,0x650f,0x7400,0x7405,0x740a,0x740f,
	0x8400,0x8405,0x840a,0x840f,0xa300,0xa305,0xa30a,0xa30f,
	0xb200,0xb205,0xb20a,0xb20f,0xd100,0xd105,0xd10a,0xd10f,
	0xe100,0xe105,0xe10a,0xe10f,0xf000,0xf005,0xf00a,0xf00f,
	0x1f00,0x1f05,0x1f0a,0x1f0f,0x2f00,0x2f05,0x2f0a,0x2f0f,
	0x4e00,0x4e05,0x4e0a,0x4e0f,0x5d00,0x5d05,0x5d0a,0x5d0f,
	0x6c00,0x6c05,0x6c0a,0x6c0f,0x8c00,0x8c05,0x8c0a,0x8c0f,
	0x3620,0x3625,0x362a,0x362f,0x4520,0x4525,0x452a,0x452f,
	0x6520,0x6525,0x652a,0x652f,0x7420,0x7425,0x742a,0x742f,
	0x8320,0x8325,0x832a,0x832f,0xa320,0xa325,0xa32a,0xa32f,
	0xb220,0xb225,0xb22a,0xb22f,0xd120,0xd125,0xd12a,0xd12f,
	0xe020,0xe025,0xe02a,0xe02f,0xf020,0xf025,0xf02a,0xf02f,
	0x1f20,0x1f25,0x1f2a,0x1f2f,0x2e20,0x2e25,0x2e2a,0x2e2f,
	0x4e20,0x4e25,0x4e2a,0x4e2f,0x5d20,0x5d25,0x5d2a,0x5d2f,
	0x6c20,0x6c25,0x6c2a,0x6c2f,0x8b20,0x8b25,0x8b2a,0x8b2f,
	0x3630,0x3635,0x363a,0x363f,0x4530,0x4535,0x453a,0x453f,
	0x6430,0x6435,0x643a,0x643f,0x7430,0x7435,0x743a,0x743f,
	0x8330,0x8335,0x833a,0x833f,0xa230,0xa235,0xa23a,0xa23f,
	0xb130,0xb135,0xb13a,0xb13f,0xd130,0xd135,0xd13a,0xd13f,
	0xe030,0xe035,0xe03a,0xe03f,0xff30,0xff35,0xff3a,0xff3f,
	0x1f30,0x1f35,0x1f3a,0x1f3f,0x2e30,0x2e35,0x2e3a,0x2e3f,
	0x4d30,0x4d35,0x4d3a,0x4d3f,0x5c30,0x5c35,0x5c3a,0x5c3f,
	0x6c30,0x6c35,0x6c3a,0x6c3f,0x8b30,0x8b35,0x8b3a,0x8b3f,
	0x3550,0x3555,0x355a,0x355f,0x4550,0x4555,0x455a,0x455f,
	0x6450,0x6455,0x645a,0x645f,0x7350,0x7355,0x735a,0x735f,
	0x8350,0x8355,0x835a,0x835f,0xa250,0xa255,0xa25a,0xa25f,
	0xb150,0xb155,0xb15a,0xb15f,0xd050,0xd055,0xd05a,0xd05f,
	0xe050,0xe055,0xe05a,0xe05f,0xff50,0xff55,0xff5a,0xff5f,
	0x1e50,0x1e55,0x1e5a,0x1e5f,0x2e50,0x2e55,0x2e5a,0x2e5f,
	0x4d50,0x4d55,0x4d5a,0x4d5f,0x5c50,0x5c55,0x5c5a,0x5c5f,
	0x6b50,0x6b55,0x6b5a,0x6b5f,0x8b50,0x8b55,0x8b5a,0x8b5f,
	0x3570,0x3575,0x357a,0x357f,0x4470,0x4475,0x447a,0x447f,
	0x6470,0x6475,0x647a,0x647f,0x7370,0x7375,0x737a,0x737f,
	0x8270,0x8275,0x827a,0x827f,0xa270,0xa275,0xa27a,0xa27f,
	0xb170,0xb175,0xb17a,0xb17f,0xd070,0xd075,0xd07a,0xd07f,
	0xef70,0xef75,0xef7a,0xef7f,0xff70,0xff75,0xff7a,0xff7f,
	0x1e70,0x1e75,0x1e7a,0x1e7f,0x2d70,0x2d75,0x2d7a,0x2d7f,
	0x4d70,0x4d75,0x4d7a,0x4d7f,0x5c70,0x5c75,0x5c7a,0x5c7f,
	0x6b70,0x6b75,0x6b7a,0x6b7f,0x8a70,0x8a75,0x8a7a,0x8a7f,
	0x3590,0x3595,0x359a,0x359f,0x4490,0x4495,0x449a,0x449f,
	0x6390,0x6395,0x639a,0x639f,0x7390,0x7395,0x739a,0x739f,
	0x8290,0x8295,0x829a,0x829f,0xa190,0xa195,0xa19a,0xa19f,
	0xb090,0xb095,0xb09a,0xb09f,0xd090,0xd095,0xd09a,0xd09f,
	0xef90,0xef95,0xef9a,0xef9f,0xfe90,0xfe95,0xfe9a,0xfe9f,
	0x1e90,0x1e95,0x1e9a,0x1e9f,0x2d90,0x2d95,0x2d9a,0x2d9f,
	0x4c90,0x4c95,0x4c9a,0x4c9f,0x5b90,0x5b95,0x5b9a,0x5b9f,
	0x6b90,0x6b95,0x6b9a,0x6b9f,0x8a90,0x8a95,0x8a9a,0x8a9f,
	0x34a0,0x34a5,0x34aa,0x34af,0x44a0,0x44a5,0x44aa,0x44af,
	0x63a0,0x63a5,0x63aa,0x63af,0x72a0,0x72a5,0x72aa,0x72af,
	0x82a0,0x82a5,0x82aa,0x82af,0xa1a0,0xa1a5,0xa1aa,0xa1af,
	0xb0a0,0xb0a5,0xb0aa,0xb0af,0xdfa0,0xdfa5,0xdfaa,0xdfaf,
	0xefa0,0xefa5,0xefaa,0xefaf,0xfea0,0xfea5,0xfeaa,0xfeaf,
	0x1da0,0x1da5,0x1daa,0x1daf,0x2da0,0x2da5,0x2daa,0x2daf,
	0x4ca0,0x4ca5,0x4caa,0x4caf,0x5ba0,0x5ba5,0x5baa,0x5baf,
	0x6aa0,0x6aa5,0x6aaa,0x6aaf,0x8aa0,0x8aa5,0x8aaa,0x8aaf,
	0x34c0,0x34c5,0x34ca,0x34cf,0x43c0,0x43c5,0x43ca,0x43cf,
	0x63c0,0x63c5,0x63ca,0x63cf,0x72c0,0x72c5,0x72ca,0x72cf,
	0x81c0,0x81c5,0x81ca,0x81cf,0xa0c0,0xa0c5,0xa0ca,0xa0cf,
	0xb0c0,0xb0c5,0xb0ca,0xb0cf,0xdfc0,0xdfc5,0xdfca,0xdfcf,
	0xeec0,0xeec5,0xeeca,0xeecf,0xfec0,0xfec5,0xfeca,0xfecf,
	0x1dc0,0x1dc5,0x1dca,0x1dcf,0x2cc0,0x2cc5,0x2cca,0x2ccf,
	0x4bc0,0x4bc5,0x4bca,0x4bcf,0x5bc0,0x5bc5,0x5bca,0x5bcf,
	0x6ac0,0x6ac5,0x6aca,0x6acf,0x89c0,0x89c5,0x89ca,0x89cf,
	0x34e0,0x34e5,0x34ea,0x34ef,0x43e0,0x43e5,0x43ea,0x43ef,
	0x62e0,0x62e5,0x62ea,0x62ef,0x72e0,0x72e5,0x72ea,0x72ef,
	0x81e0,0x81e5,0x81ea,0x81ef,0xa0e0,0xa0e5,0xa0ea,0xa0ef,
	0xbfe0,0xbfe5,0xbfea,0xbfef,0xdfe0,0xdfe5,0xdfea,0xdfef,
	0xeee0,0xeee5,0xeeea,0xeeef,0xfde0,0xfde5,0xfdea,0xfdef,
	0x1de0,0x1de5,0x1dea,0x1def,0x2ce0,0x2ce5,0x2cea,0x2cef,
	0x4be0,0x4be5,0x4bea,0x4bef,0x5ae0,0x5ae5,0x5aea,0x5aef,
	0x6ae0,0x6ae5,0x6aea,0x6aef,0x89e0,0x89e5,0x89ea,0x89ef,
	0x3300,0x3305,0x330a,0x330f,0x4300,0x4305,0x430a,0x430f,
	0x6200,0x6205,0x620a,0x620f,0x7100,0x7105,0x710a,0x710f,
	0x8100,0x8105,0x810a,0x810f,0xa000,0xa005,0xa00a,0xa00f,
	0xbf00,0xbf05,0xbf0a,0xbf0f,0xde00,0xde05,0xde0a,0xde0f,
	0xee00,0xee05,0xee0a,0xee0f,0xfd00,0xfd05,0xfd0a,0xfd0f,
	0x1c00,0x1c05,0x1c0a,0x1c0f,0x2c00,0x2c05,0x2c0a,0x2c0f,
	0x4b00,0x4b05,0x4b0a,0x4b0f,0x5a00,0x5a05,0x5a0a,0x5a0f,
	0x6900,0x6905,0x690a,0x690f,0x8900,0x8905,0x890a,0x890f,
	0x3320,0x3325,0x332a,0x332f,0x4220,0x4225,0x422a,0x422f,
	0x6220,0x6225,0x622a,0x622f,0x7120,0x7125,0x712a,0x712f,
	0x8020,0x8025,0x802a,0x802f,0xaf20,0xaf25,0xaf2a,0xaf2f,
	0xbf20,0xbf25,0xbf2a,0xbf2f,0xde20,0xde25,0xde2a,0xde2f,
	0xed20,0xed25,0xed2a,0xed2f,0xfd20,0xfd25,0xfd2a,0xfd2f,
	0x1c20,0x1c25,0x1c2a,0x1c2f,0x2b20,0x2b25,0x2b2a,0x2b2f,
	0x4a20,0x4a25,0x4a2a,0x4a2f,0x5a20,0x5a25,0x5a2a,0x5a2f,
	0x6920,0x6925,0x692a,0x692f,0x8820,0x8825,0x882a,0x882f,
	0x3330,0x3335,0x333a,0x333f,0x4230,0x4235,0x423a,0x423f,
	0x6130,0x6135,0x613a,0x613f,0x7130,0x7135,0x713a,0x713f,
	0x8030,0x8035,0x803a,0x803f,0xaf30,0xaf35,0xaf3a,0xaf3f,
	0xbe30,0xbe35,0xbe3a,0xbe3f,0xde30,0xde35,0xde3a,0xde3f,
	0xed30,0xed35,0xed3a,0xed3f,0xfc30,0xfc35,0xfc3a,0xfc3f,
	0x1c30,0x1c35,0x1c3a,0x1c3f,0x2b30,0x2b35,0x2b3a,0x2b3f,
	0x4a30,0x4a35,0x4a3a,0x4a3f,0x5930,0x5935,0x593a,0x593f,
	0x6930,0x6935,0x693a,0x693f,0x8830,0x8835,0x883a,0x883f,
	0x3250,0x3255,0x325a,0x325f,0x4250,0x4255,0x425a,0x425f,
	0x6150,0x6155,0x615a,0x615f,0x7050,0x7055,0x705a,0x705f,
	0x8f50,0x8f55,0x8f5a,0x8f5f,0xaf50,0xaf55,0xaf5a,0xaf5f,
	0xbe50,0xbe55,0xbe5a,0xbe5f,0xdd50,0xdd55,0xdd5a,0xdd5f,
	0xed50,0xed55,0xed5a,0xed5f,0xfc50,0xfc55,0xfc5a,0xfc5f,
	0x1b50,0x1b55,0x1b5a,0x1b5f,0x2a50,0x2a55,0x2a5a,0x2a5f,
	0x4a50,0x4a55,0x4a5a,0x4a5f,0x5950,0x5955,0x595a,0x595f,
	0x6850,0x6855,0x685a,0x685f,0x8850,0x8855,0x885a,0x885f,
	0x3270,0x3275,0x327a,0x327f,0x4170,0x4175,0x417a,0x417f,
	0x6170,0x6175,0x617a,0x617f,0x7070,0x7075,0x707a,0x707f,
	0x8f70,0x8f75,0x8f7a,0x8f7f,0xae70,0xae75,0xae7a,0xae7f,
	0xbe70,0xbe75,0xbe7a,0xbe7f,0xdd70,0xdd75,0xdd7a,0xdd7f,
	0xec70,0xec75,0xec7a,0xec7f,0xfc70,0xfc75,0xfc7a,0xfc7f,
	0x1b70,0x1b75,0x1b7a,0x1b7f,0x2a70,0x2a75,0x2a7a,0x2a7f,
	0x4970,0x4975,0x497a,0x497f,0x5970,0x5975,0x597a,0x597f,
	0x6870,0x6875,0x687a,0x687f,0x8770,0x8775,0x877a,0x877f,
	0x3290,0x3295,0x329a,0x329f,0x4190,0x4195,0x419a,0x419f,
	0x6090,0x6095,0x609a,0x609f,0x7090,0x7095,0x709a,0x709f,
	0x8f90,0x8f95,0x8f9a,0x8f9f,0xae90,0xae95,0xae9a,0xae9f,
	0xbd90,0xbd95,0xbd9a,0xbd9f,0xdd90,0xdd95,0xdd9a,0xdd9f,
	0xec90,0xec95,0xec9a,0xec9f,0xfb90,0xfb95,0xfb9a,0xfb9f,
	0x1b90,0x1b95,0x1b9a,0x1b9f,0x2a90,0x2a95,0x2a9a,0x2a9f,
	0x4990,0x4995,0x499a,0x499f,0x5890,0x5895,0x589a,0x589f,
	0x6890,0x6895,0x689a,0x689f,0x8790,0x8795,0x879a,0x879f,
	0x31a0,0x31a5,0x31aa,0x31af,0x41a0,0x41a5,0x41aa,0x41af,
	0x60a0,0x60a5,0x60aa,0x60af,0x7fa0,0x7fa5,0x7faa,0x7faf,
	0x8ea0,0x8ea5,0x8eaa,0x8eaf,0xaea0,0xaea5,0xaeaa,0xaeaf,
	0xbda0,0xbda5,0xbdaa,0xbdaf,0xdca0,0xdca5,0xdcaa,0xdcaf,
	0xeca0,0xeca5,0xecaa,0xecaf,0xfba0,0xfba5,0xfbaa,0xfbaf,
	0x1aa0,0x1aa5,0x1aaa,0x1aaf,0x29a0,0x29a5,0x29aa,0x29af,
	0x49a0,0x49a5,0x49aa,0x49af,0x58a0,0x58a5,0x58aa,0x58af,
	0x67a0,0x67a5,0x67aa,0x67af,0x87a0,0x87a5,0x87aa,0x87af,
	0x3700,0x3705,0x370a,0x370f,0x4600,0x4605,0x460a,0x460f,
	0x6500,0x6505,0x650a,0x650f,0x7500,0x7505,0x750a,0x750f,
	0x9400,0x9405,0x940a,0x940f,0xa300,0xa305,0xa30a,0xa30f,
	0xb200,0xb205,0xb20a,0xb20f,0xd200,0xd205,0xd20a,0xd20f,
	0xe100,0xe105,0xe10a,0xe10f,0x0000,0x0005,0x000a,0x000f,
	0x1000,0x1005,0x100a,0x100f,0x2f00,0x2f05,0x2f0a,0x2f0f,
	0x4e00,0x4e05,0x4e0a,0x4e0f,0x5d00,0x5d05,0x5d0a,0x5d0f,
	0x7d00,0x7d05,0x7d0a,0x7d0f,0x8c00,0x8c05,0x8c0a,0x8c0f,
	0x3620,0x3625,0x362a,0x362f,0x4620,0x4625,0x462a,0x462f,
	0x6520,0x6525,0x652a,0x652f,0x7420,0x7425,0x742a,0x742f,
	0x9420,0x9425,0x942a,0x942f,0xa320,0xa325,0xa32a,0xa32f,
	0xb220,0xb225,0xb22a,0xb22f,0xd120,0xd125,0xd12a,0xd12f,
	0xe120,0xe125,0xe12a,0xe12f,0x0020,0x0025,0x002a,0x002f,
	0x1f20,0x1f25,0x1f2a,0x1f2f,0x2f20,0x2f25,0x2f2a,0x2f2f,
	0x4e20,0x4e25,0x4e2a,0x4e2f,0x5d20,0x5d25,0x5d2a,0x5d2f,
	0x7c20,0x7c25,0x7c2a,0x7c2f,0x8c20,0x8c25,0x8c2a,0x8c2f,
	0x3640,0x3645,0x364a,0x364f,0x4540,0x4545,0x454a,0x454f,
	0x6540,0x6545,0x654a,0x654f,0x7440,0x7445,0x744a,0x744f,
	0x9340,0x9345,0x934a,0x934f,0xa240,0xa245,0xa24a,0xa24f,
	0xb240,0xb245,0xb24a,0xb24f,0xd140,0xd145,0xd14a,0xd14f,
	0xe040,0xe045,0xe04a,0xe04f,0x0040,0x0045,0x004a,0x004f,
	0x1f40,0x1f45,0x1f4a,0x1f4f,0x2e40,0x2e45,0x2e4a,0x2e4f,
	0x4d40,0x4d45,0x4d4a,0x4d4f,0x5d40,0x5d45,0x5d4a,0x5d4f,
	0x7c40,0x7c45,0x7c4a,0x7c4f,0x8b40,0x8b45,0x8b4a,0x8b4f,
	0x3650,0x3655,0x365a,0x365f,0x4550,0x4555,0x455a,0x455f,
	0x6450,0x6455,0x645a,0x645f,0x7450,0x7455,0x745a,0x745f,
	0x9350,0x9355,0x935a,0x935f,0xa250,0xa255,0xa25a,0xa25f,
	0xb150,0xb155,0xb15a,0xb15f,0xd150,0xd155,0xd15a,0xd15f,
	0xe050,0xe055,0xe05a,0xe05f,0x0f50,0x0f55,0x0f5a,0x0f5f,
	0x1f50,0x1f55,0x1f5a,0x1f5f,0x2e50,0x2e55,0x2e5a,0x2e5f,
	0x4d50,0x4d55,0x4d5a,0x4d5f,0x5c50,0x5c55,0x5c5a,0x5c5f,
	0x7c50,0x7c55,0x7c5a,0x7c5f,0x8b50,0x8b55,0x8b5a,0x8b5f,
	0x3570,0x3575,0x357a,0x357f,0x4570,0x4575,0x457a,0x457f,
	0x6470,0x6475,0x647a,0x647f,0x7370,0x7375,0x737a,0x737f,
	0x9270,0x9275,0x927a,0x927f,0xa270,0xa275,0xa27a,0xa27f,
	0xb170,0xb175,0xb17a,0xb17f,0xd070,0xd075,0xd07a,0xd07f,
	0xe070,0xe075,0xe07a,0xe07f,0x0f70,0x0f75,0x0f7a,0x0f7f,
	0x1e70,0x1e75,0x1e7a,0x1e7f,0x2d70,0x2d75,0x2d7a,0x2d7f,
	0x4d70,0x4d75,0x4d7a,0x4d7f,0x5c70,0x5c75,0x5c7a,0x5c7f,
	0x7b70,0x7b75,0x7b7a,0x7b7f,0x8b70,0x8b75,0x8b7a,0x8b7f,
	0x3590,0x3595,0x359a,0x359f,0x4490,0x4495,0x449a,0x449f,
	0x6490,0x6495,0x649a,0x649f,0x7390,0x7395,0x739a,0x739f,
	0x9290,0x9295,0x929a,0x929f,0xa190,0xa195,0xa19a,0xa19f,
	0xb190,0xb195,0xb19a,0xb19f,0xd090,0xd095,0xd09a,0xd09f,
	0xef90,0xef95,0xef9a,0xef9f,0x0f90,0x0f95,0x0f9a,0x0f9f,
	0x1e90,0x1e95,0x1e9a,0x1e9f,0x2d90,0x2d95,0x2d9a,0x2d9f,
	0x4c90,0x4c95,0x4c9a,0x4c9f,0x5c90,0x5c95,0x5c9a,0x5c9f,
	0x7b90,0x7b95,0x7b9a,0x7b9f,0x8a90,0x8a95,0x8a9a,0x8a9f,
	0x35b0,0x35b5,0x35ba,0x35bf,0x44b0,0x44b5,0x44ba,0x44bf,
	0x63b0,0x63b5,0x63ba,0x63bf,0x73b0,0x73b5,0x73ba,0x73bf,
	0x92b0,0x92b5,0x92ba,0x92bf,0xa1b0,0xa1b5,0xa1ba,0xa1bf,
	0xb0b0,0xb0b5,0xb0ba,0xb0bf,0xd0b0,0xd0b5,0xd0ba,0xd0bf,
	0xefb0,0xefb5,0xefba,0xefbf,0x0eb0,0x0eb5,0x0eba,0x0ebf,
	0x1eb0,0x1eb5,0x1eba,0x1ebf,0x2db0,0x2db5,0x2dba,0x2dbf,
	0x4cb0,0x4cb5,0x4cba,0x4cbf,0x5bb0,0x5bb5,0x5bba,0x5bbf,
	0x7bb0,0x7bb5,0x7bba,0x7bbf,0x8ab0,0x8ab5,0x8aba,0x8abf,
	0x34c0,0x34c5,0x34ca,0x34cf,0x44c0,0x44c5,0x44ca,0x44cf,
	0x63c0,0x63c5,0x63ca,0x63cf,0x72c0,0x72c5,0x72ca,0x72cf,
	0x91c0,0x91c5,0x91ca,0x91cf,0xa1c0,0xa1c5,0xa1ca,0xa1cf,
	0xb0c0,0xb0c5,0xb0ca,0xb0cf,0xdfc0,0xdfc5,0xdfca,0xdfcf,
	0xefc0,0xefc5,0xefca,0xefcf,0x0ec0,0x0ec5,0x0eca,0x0ecf,
	0x1dc0,0x1dc5,0x1dca,0x1dcf,0x2cc0,0x2cc5,0x2cca,0x2ccf,
	0x4cc0,0x4cc5,0x4cca,0x4ccf,0x5bc0,0x5bc5,0x5bca,0x5bcf,
	0x7ac0,0x7ac5,0x7aca,0x7acf,0x8ac0,0x8ac5,0x8aca,0x8acf,
	0x34e0,0x34e5,0x34ea,0x34ef,0x43e0,0x43e5,0x43ea,0x43ef,
	0x63e0,0x63e5,0x63ea,0x63ef,0x72e0,0x72e5,0x72ea,0x72ef,
	0x91e0,0x91e5,0x91ea,0x91ef,0xa0e0,0xa0e5,0xa0ea,0xa0ef,
	0xb0e0,0xb0e5,0xb0ea,0xb0ef,0xdfe0,0xdfe5,0xdfea,0xdfef,
	0xeee0,0xeee5,0xeeea,0xeeef,0x0ee0,0x0ee5,0x0eea,0x0eef,
	0x1de0,0x1de5,0x1dea,0x1def,0x2ce0,0x2ce5,0x2cea,0x2cef,
	0x4be0,0x4be5,0x4bea,0x4bef,0x5be0,0x5be5,0x5bea,0x5bef,
	0x7ae0,0x7ae5,0x7aea,0x7aef,0x89e0,0x89e5,0x89ea,0x89ef,
	0x3400,0x3405,0x340a,0x340f,0x4300,0x4305,0x430a,0x430f,
	0x6200,0x6205,0x620a,0x620f,0x7100,0x7105,0x710a,0x710f,
	0x9100,0x9105,0x910a,0x910f,0xa000,0xa005,0xa00a,0xa00f,
	0xbf00,0xbf05,0xbf0a,0xbf0f,0xdf00,0xdf05,0xdf0a,0xdf0f,
	0xee00,0xee05,0xee0a,0xee0f,0x0d00,0x0d05,0x0d0a,0x0d0f,
	0x1c00,0x1c05,0x1c0a,0x1c0f,0x2c00,0x2c05,0x2c0a,0x2c0f,
	0x4b00,0x4b05,0x4b0a,0x4b0f,0x5a00,0x5a05,0x5a0a,0x5a0f,
	0x7a00,0x7a05,0x7a0a,0x7a0f,0x8900,0x8905,0x890a,0x890f,
	0x3320,0x3325,0x332a,0x332f,0x4320,0x4325,0x432a,0x432f,
	0x6220,0x6225,0x622a,0x622f,0x7120,0x7125,0x712a,0x712f,
	0x9020,0x9025,0x902a,0x902f,0xa020,0xa025,0xa02a,0xa02f,
	0xbf20,0xbf25,0xbf2a,0xbf2f,0xde20,0xde25,0xde2a,0xde2f,
	0xee20,0xee25,0xee2a,0xee2f,0x0d20,0x0d25,0x0d2a,0x0d2f,
	0x1c20,0x1c25,0x1c2a,0x1c2f,0x2b20,0x2b25,0x2b2a,0x2b2f,
	0x4b20,0x4b25,0x4b2a,0x4b2f,0x5a20,0x5a25,0x5a2a,0x5a2f,
	0x7920,0x7925,0x792a,0x792f,0x8920,0x8925,0x892a,0x892f,
	0x3340,0x3345,0x334a,0x334f,0x4240,0x4245,0x424a,0x424f,
	0x6240,0x6245,0x624a,0x624f,0x7140,0x7145,0x714a,0x714f,
	0x9040,0x9045,0x904a,0x904f,0xaf40,0xaf45,0xaf4a,0xaf4f,
	0xbf40,0xbf45,0xbf4a,0xbf4f,0xde40,0xde45,0xde4a,0xde4f,
	0xed40,0xed45,0xed4a,0xed4f,0x0d40,0x0d45,0x0d4a,0x0d4f,
	0x1c40,0x1c45,0x1c4a,0x1c4f,0x2b40,0x2b45,0x2b4a,0x2b4f,
	0x4a40,0x4a45,0x4a4a,0x4a4f,0x5a40,0x5a45,0x5a4a,0x5a4f,
	0x7940,0x7945,0x794a,0x794f,0x8840,0x8845,0x884a,0x884f,
	0x3350,0x3355,0x335a,0x335f,0x4250,0x4255,0x425a,0x425f,
	0x6150,0x6155,0x615a,0x615f,0x7050,0x7055,0x705a,0x705f,
	0x9050,0x9055,0x905a,0x905f,0xaf50,0xaf55,0xaf5a,0xaf5f,
	0xbe50,0xbe55,0xbe5a,0xbe5f,0xde50,0xde55,0xde5a,0xde5f,
	0xed50,0xed55,0xed5a,0xed5f,0x0c50,0x0c55,0x0c5a,0x0c5f,
	0x1b50,0x1b55,0x1b5a,0x1b5f,0x2b50,0x2b55,0x2b5a,0x2b5f,
	0x4a50,0x4a55,0x4a5a,0x4a5f,0x5950,0x5955,0x595a,0x595f,
	0x7950,0x7955,0x795a,0x795f,0x8850,0x8855,0x885a,0x885f,
	0x3270,0x3275,0x327a,0x327f,0x4270,0x4275,0x427a,0x427f,
	0x6170,0x6175,0x617a,0x617f,0x7070,0x7075,0x707a,0x707f,
	0x9f70,0x9f75,0x9f7a,0x9f7f,0xaf70,0xaf75,0xaf7a,0xaf7f,
	0xbe70,0xbe75,0xbe7a,0xbe7f,0xdd70,0xdd75,0xdd7a,0xdd7f,
	0xed70,0xed75,0xed7a,0xed7f,0x0c70,0x0c75,0x0c7a,0x0c7f,
	0x1b70,0x1b75,0x1b7a,0x1b7f,0x2a70,0x2a75,0x2a7a,0x2a7f,
	0x4a70,0x4a75,0x4a7a,0x4a7f,0x5970,0x5975,0x597a,0x597f,
	0x7870,0x7875,0x787a,0x787f,0x8870,0x8875,0x887a,0x887f,
	0x3290,0x3295,0x329a,0x329f,0x4190,0x4195,0x419a,0x419f,
	0x6090,0x6095,0x609a,0x609f,0x7090,0x7095,0x709a,0x709f,
	0x9f90,0x9f95,0x9f9a,0x9f9f,0xae90,0xae95,0xae9a,0xae9f,
	0xbe90,0xbe95,0xbe9a,0xbe9f,0xdd90,0xdd95,0xdd9a,0xdd9f,
	0xec90,0xec95,0xec9a,0xec9f,0x0b90,0x0b95,0x0b9a,0x0b9f,
	0x1b90,0x1b95,0x1b9a,0x1b9f,0x2a90,0x2a95,0x2a9a,0x2a9f,
	0x4990,0x4995,0x499a,0x499f,0x5990,0x5995,0x599a,0x599f,
	0x7890,0x7895,0x789a,0x789f,0x8790,0x8795,0x879a,0x879f,
	0x32b0,0x32b5,0x32ba,0x32bf,0x41b0,0x41b5,0x41ba,0x41bf,
	0x60b0,0x60b5,0x60ba,0x60bf,0x7fb0,0x7fb5,0x7fba,0x7fbf,
	0x9fb0,0x9fb5,0x9fba,0x9fbf,0xaeb0,0xaeb5,0xaeba,0xaebf,
	0xbdb0,0xbdb5,0xbdba,0xbdbf,0xddb0,0xddb5,0xddba,0xddbf,
	0xecb0,0xecb5,0xecba,0xecbf,0x0bb0,0x0bb5,0x0bba,0x0bbf,
	0x1ab0,0x1ab5,0x1aba,0x1abf,0x2ab0,0x2ab5,0x2aba,0x2abf,
	0x49b0,0x49b5,0x49ba,0x49bf,0x58b0,0x58b5,0x58ba,0x58bf,
	0x78b0,0x78b5,0x78ba,0x78bf,0x87b0,0x87b5,0x87ba,0x87bf,
	0x3700,0x3705,0x370a,0x370f,0x5600,0x5605,0x560a,0x560f,
	0x6600,0x6605,0x660a,0x660f,0x7500,0x7505,0x750a,0x750f,
	0x9400,0x9405,0x940a,0x940f,0xa300,0xa305,0xa30a,0xa30f,
	0xc300,0xc305,0xc30a,0xc30f,0xd200,0xd205,0xd20a,0xd20f,
	0xf100,0xf105,0xf10a,0xf10f,0x0100,0x0105,0x010a,0x010f,
	0x1000,0x1005,0x100a,0x100f,0x3f00,0x3f05,0x3f0a,0x3f0f,
	0x4e00,0x4e05,0x4e0a,0x4e0f,0x6e00,0x6e05,0x6e0a,0x6e0f,
	0x7d00,0x7d05,0x7d0a,0x7d0f,0x8c00,0x8c05,0x8c0a,0x8c0f,
	0x3720,0x3725,0x372a,0x372f,0x5620,0x5625,0x562a,0x562f,
	0x6520,0x6525,0x652a,0x652f,0x7420,0x7425,0x742a,0x742f,
	0x9420,0x9425,0x942a,0x942f,0xa320,0xa325,0xa32a,0xa32f,
	0xc220,0xc225,0xc22a,0xc22f,0xd220,0xd225,0xd22a,0xd22f,
	0xf120,0xf125,0xf12a,0xf12f,0x0020,0x0025,0x002a,0x002f,
	0x1f20,0x1f25,0x1f2a,0x1f2f,0x3f20,0x3f25,0x3f2a,0x3f2f,
	0x4e20,0x4e25,0x4e2a,0x4e2f,0x6d20,0x6d25,0x6d2a,0x6d2f,
	0x7d20,0x7d25,0x7d2a,0x7d2f,0x8c20,0x8c25,0x8c2a,0x8c2f,
	0x3640,0x3645,0x364a,0x364f,0x5640,0x5645,0x564a,0x564f,
	0x6540,0x6545,0x654a,0x654f,0x7440,0x7445,0x744a,0x744f,
	0x9340,0x9345,0x934a,0x934f,0xa340,0xa345,0xa34a,0xa34f,
	0xc240,0xc245,0xc24a,0xc24f,0xd140,0xd145,0xd14a,0xd14f,
	0xf140,0xf145,0xf14a,0xf14f,0x0040,0x0045,0x004a,0x004f,
	0x1f40,0x1f45,0x1f4a,0x1f4f,0x3e40,0x3e45,0x3e4a,0x3e4f,
	0x4e40,0x4e45,0x4e4a,0x4e4f,0x6d40,0x6d45,0x6d4a,0x6d4f,
	0x7c40,0x7c45,0x7c4a,0x7c4f,0x8c40,0x8c45,0x8c4a,0x8c4f,
	0x3660,0x3665,0x366a,0x366f,0x5560,0x5565,0x556a,0x556f,
	0x6560,0x6565,0x656a,0x656f,0x7460,0x7465,0x746a,0x746f,
	0x9360,0x9365,0x936a,0x936f,0xa260,0xa265,0xa26a,0xa26f,
	0xc260,0xc265,0xc26a,0xc26f,0xd160,0xd165,0xd16a,0xd16f,
	0xf060,0xf065,0xf06a,0xf06f,0x0060,0x0065,0x006a,0x006f,
	0x1f60,0x1f65,0x1f6a,0x1f6f,0x3e60,0x3e65,0x3e6a,0x3e6f,
	0x4d60,0x4d65,0x4d6a,0x4d6f,0x6d60,0x6d65,0x6d6a,0x6d6f,
	0x7c60,0x7c65,0x7c6a,0x7c6f,0x8b60,0x8b65,0x8b6a,0x8b6f,
	0x3670,0x3675,0x367a,0x367f,0x5570,0x5575,0x557a,0x557f,
	0x6470,0x6475,0x647a,0x647f,0x7370,0x7375,0x737a,0x737f,
	0x9370,0x9375,0x937a,0x937f,0xa270,0xa275,0xa27a,0xa27f,
	0xc170,0xc175,0xc17a,0xc17f,0xd170,0xd175,0xd17a,0xd17f,
	0xf070,0xf075,0xf07a,0xf07f,0x0f70,0x0f75,0x0f7a,0x0f7f,
	0x1e70,0x1e75,0x1e7a,0x1e7f,0x3e70,0x3e75,0x3e7a,0x3e7f,
	0x4d70,0x4d75,0x4d7a,0x4d7f,0x6c70,0x6c75,0x6c7a,0x6c7f,
	0x7c70,0x7c75,0x7c7a,0x7c7f,0x8b70,0x8b75,0x8b7a,0x8b7f,
	0x3590,0x3595,0x359a,0x359f,0x5590,0x5595,0x559a,0x559f,
	0x6490,0x6495,0x649a,0x649f,0x7390,0x7395,0x739a,0x739f,
	0x9290,0x9295,0x929a,0x929f,0xa290,0xa295,0xa29a,0xa29f,
	0xc190,0xc195,0xc19a,0xc19f,0xd090,0xd095,0xd09a,0xd09f,
	0xf090,0xf095,0xf09a,0xf09f,0x0f90,0x0f95,0x0f9a,0x0f9f,
	0x1e90,0x1e95,0x1e9a,0x1e9f,0x3d90,0x3d95,0x3d9a,0x3d9f,
	0x4d90,0x4d95,0x4d9a,0x4d9f,0x6c90,0x6c95,0x6c9a,0x6c9f,
	0x7b90,0x7b95,0x7b9a,0x7b9f,0x8b90,0x8b95,0x8b9a,0x8b9f,
	0x35b0,0x35b5,0x35ba,0x35bf,0x54b0,0x54b5,0x54ba,0x54bf,
	0x63b0,0x63b5,0x63ba,0x63bf,0x73b0,0x73b5,0x73ba,0x73bf,
	0x92b0,0x92b5,0x92ba,0x92bf,0xa1b0,0xa1b5,0xa1ba,0xa1bf,
	0xc1b0,0xc1b5,0xc1ba,0xc1bf,0xd0b0,0xd0b5,0xd0ba,0xd0bf,
	0xffb0,0xffb5,0xffba,0xffbf,0x0eb0,0x0eb5,0x0eba,0x0ebf,
	0x1eb0,0x1eb5,0x1eba,0x1ebf,0x3db0,0x3db5,0x3dba,0x3dbf,
	0x4cb0,0x4cb5,0x4cba,0x4cbf,0x6cb0,0x6cb5,0x6cba,0x6cbf,
	0x7bb0,0x7bb5,0x7bba,0x7bbf,0x8ab0,0x8ab5,0x8aba,0x8abf,
	0x35d0,0x35d5,0x35da,0x35df,0x54d0,0x54d5,0x54da,0x54df,
	0x63d0,0x63d5,0x63da,0x63df,0x72d0,0x72d5,0x72da,0x72df,
	0x92d0,0x92d5,0x92da,0x92df,0xa1d0,0xa1d5,0xa1da,0xa1df,
	0xc0d0,0xc0d5,0xc0da,0xc0df,0xd0d0,0xd0d5,0xd0da,0xd0df,
	0xffd0,0xffd5,0xffda,0xffdf,0x0ed0,0x0ed5,0x0eda,0x0edf,
	0x1dd0,0x1dd5,0x1dda,0x1ddf,0x3dd0,0x3dd5,0x3dda,0x3ddf,
	0x4cd0,0x4cd5,0x4cda,0x4cdf,0x6bd0,0x6bd5,0x6bda,0x6bdf,
	0x7bd0,0x7bd5,0x7bda,0x7bdf,0x8ad0,0x8ad5,0x8ada,0x8adf,
	0x34f0,0x34f5,0x34fa,0x34ff,0x53f0,0x53f5,0x53fa,0x53ff,
	0x63f0,0x63f5,0x63fa,0x63ff,0x72f0,0x72f5,0x72fa,0x72ff,
	0x91f0,0x91f5,0x91fa,0x91ff,0xa1f0,0xa1f5,0xa1fa,0xa1ff,
	0xc0f0,0xc0f5,0xc0fa,0xc0ff,0xdff0,0xdff5,0xdffa,0xdfff,
	0xfff0,0xfff5,0xfffa,0xffff,0x0ef0,0x0ef5,0x0efa,0x0eff,
	0x1df0,0x1df5,0x1dfa,0x1dff,0x3cf0,0x3cf5,0x3cfa,0x3cff,
	0x4cf0,0x4cf5,0x4cfa,0x4cff,0x6bf0,0x6bf5,0x6bfa,0x6bff,
	0x7af0,0x7af5,0x7afa,0x7aff,0x8af0,0x8af5,0x8afa,0x8aff,
	0x3400,0x3405,0x340a,0x340f,0x5300,0x5305,0x530a,0x530f,
	0x6200,0x6205,0x620a,0x620f,0x7200,0x7205,0x720a,0x720f,
	0x9100,0x9105,0x910a,0x910f,0xa000,0xa005,0xa00a,0xa00f,
	0xc000,0xc005,0xc00a,0xc00f,0xdf00,0xdf05,0xdf0a,0xdf0f,
	0xfe00,0xfe05,0xfe0a,0xfe0f,0x0d00,0x0d05,0x0d0a,0x0d0f,
	0x1d00,0x1d05,0x1d0a,0x1d0f,0x3c00,0x3c05,0x3c0a,0x3c0f,
	0x4b00,0x4b05,0x4b0a,0x4b0f,0x6b00,0x6b05,0x6b0a,0x6b0f,
	0x7a00,0x7a05,0x7a0a,0x7a0f,0x8900,0x8905,0x890a,0x890f,
	0x3420,0x3425,0x342a,0x342f,0x5320,0x5325,0x532a,0x532f,
	0x6220,0x6225,0x622a,0x622f,0x7120,0x7125,0x712a,0x712f,
	0x9120,0x9125,0x912a,0x912f,0xa020,0xa025,0xa02a,0xa02f,
	0xcf20,0xcf25,0xcf2a,0xcf2f,0xdf20,0xdf25,0xdf2a,0xdf2f,
	0xfe20,0xfe25,0xfe2a,0xfe2f,0x0d20,0x0d25,0x0d2a,0x0d2f,
	0x1c20,0x1c25,0x1c2a,0x1c2f,0x3c20,0x3c25,0x3c2a,0x3c2f,
	0x4b20,0x4b25,0x4b2a,0x4b2f,0x6a20,0x6a25,0x6a2a,0x6a2f,
	0x7a20,0x7a25,0x7a2a,0x7a2f,0x8920,0x8925,0x892a,0x892f,
	0x3340,0x3345,0x334a,0x334f,0x5240,0x5245,0x524a,0x524f,
	0x6240,0x6245,0x624a,0x624f,0x7140,0x7145,0x714a,0x714f,
	0x9040,0x9045,0x904a,0x904f,0xa040,0xa045,0xa04a,0xa04f,
	0xcf40,0xcf45,0xcf4a,0xcf4f,0xde40,0xde45,0xde4a,0xde4f,
	0xfd40,0xfd45,0xfd4a,0xfd4f,0x0d40,0x0d45,0x0d4a,0x0d4f,
	0x1c40,0x1c45,0x1c4a,0x1c4f,0x3b40,0x3b45,0x3b4a,0x3b4f,
	0x4b40,0x4b45,0x4b4a,0x4b4f,0x6a40,0x6a45,0x6a4a,0x6a4f,
	0x7940,0x7945,0x794a,0x794f,0x8840,0x8845,0x884a,0x884f,
	0x3360,0x3365,0x336a,0x336f,0x5260,0x5265,0x526a,0x526f,
	0x6160,0x6165,0x616a,0x616f,0x7160,0x7165,0x716a,0x716f,
	0x9060,0x9065,0x906a,0x906f,0xaf60,0xaf65,0xaf6a,0xaf6f,
	0xcf60,0xcf65,0xcf6a,0xcf6f,0xde60,0xde65,0xde6a,0xde6f,
	0xfd60,0xfd65,0xfd6a,0xfd6f,0x0c60,0x0c65,0x0c6a,0x0c6f,
	0x1c60,0x1c65,0x1c6a,0x1c6f,0x3b60,0x3b65,0x3b6a,0x3b6f,
	0x4a60,0x4a65,0x4a6a,0x4a6f,0x6a60,0x6a65,0x6a6a,0x6a6f,
	0x7960,0x7965,0x796a,0x796f,0x8860,0x8865,0x886a,0x886f,
	0x3270,0x3275,0x327a,0x327f,0x5270,0x5275,0x527a,0x527f,
	0x6170,0x6175,0x617a,0x617f,0x7070,0x7075,0x707a,0x707f,
	0x9070,0x9075,0x907a,0x907f,0xaf70,0xaf75,0xaf7a,0xaf7f,
	0xce70,0xce75,0xce7a,0xce7f,0xdd70,0xdd75,0xdd7a,0xdd7f,
	0xfd70,0xfd75,0xfd7a,0xfd7f,0x0c70,0x0c75,0x0c7a,0x0c7f,
	0x1b70,0x1b75,0x1b7a,0x1b7f,0x3b70,0x3b75,0x3b7a,0x3b7f,
	0x4a70,0x4a75,0x4a7a,0x4a7f,0x6970,0x6975,0x697a,0x697f,
	0x7870,0x7875,0x787a,0x787f,0x8870,0x8875,0x887a,0x887f,
	0x3290,0x3295,0x329a,0x329f,0x5190,0x5195,0x519a,0x519f,
	0x6190,0x6195,0x619a,0x619f,0x7090,0x7095,0x709a,0x709f,
	0x9f90,0x9f95,0x9f9a,0x9f9f,0xaf90,0xaf95,0xaf9a,0xaf9f,
	0xce90,0xce95,0xce9a,0xce9f,0xdd90,0xdd95,0xdd9a,0xdd9f,
	0xfc90,0xfc95,0xfc9a,0xfc9f,0x0c90,0x0c95,0x0c9a,0x0c9f,
	0x1b90,0x1b95,0x1b9a,0x1b9f,0x3a90,0x3a95,0x3a9a,0x3a9f,
	0x4a90,0x4a95,0x4a9a,0x4a9f,0x6990,0x6995,0x699a,0x699f,
	0x7890,0x7895,0x789a,0x789f,0x8790,0x8795,0x879a,0x879f,
	0x32b0,0x32b5,0x32ba,0x32bf,0x51b0,0x51b5,0x51ba,0x51bf,
	0x60b0,0x60b5,0x60ba,0x60bf,0x70b0,0x70b5,0x70ba,0x70bf,
	0x9fb0,0x9fb5,0x9fba,0x9fbf,0xaeb0,0xaeb5,0xaeba,0xaebf,
	0xceb0,0xceb5,0xceba,0xcebf,0xddb0,0xddb5,0xddba,0xddbf,
	0xfcb0,0xfcb5,0xfcba,0xfcbf,0x0bb0,0x0bb5,0x0bba,0x0bbf,
	0x1bb0,0x1bb5,0x1bba,0x1bbf,0x3ab0,0x3ab5,0x3aba,0x3abf,
	0x49b0,0x49b5,0x49ba,0x49bf,0x69b0,0x69b5,0x69ba,0x69bf,
	0x78b0,0x78b5,0x78ba,0x78bf,0x87b0,0x87b5,0x87ba,0x87bf,
	0x4710,0x4715,0x471a,0x471f,0x5710,0x5715,0x571a,0x571f,
	0x6610,0x6615,0x661a,0x661f,0x8510,0x8515,0x851a,0x851f,
	0x9410,0x9415,0x941a,0x941f,0xb410,0xb415,0xb41a,0xb41f,
	0xc310,0xc315,0xc31a,0xc31f,0xd210,0xd215,0xd21a,0xd21f,
	0xf210,0xf215,0xf21a,0xf21f,0x0110,0x0115,0x011a,0x011f,
	0x2010,0x2015,0x201a,0x201f,0x3f10,0x3f15,0x3f1a,0x3f1f,
	0x4f10,0x4f15,0x4f1a,0x4f1f,0x6e10,0x6e15,0x6e1a,0x6e1f,
	0x7d10,0x7d15,0x7d1a,0x7d1f,0x9d10,0x9d15,0x9d1a,0x9d1f,
	0x4720,0x4725,0x472a,0x472f,0x5620,0x5625,0x562a,0x562f,
	0x6520,0x6525,0x652a,0x652f,0x8520,0x8525,0x852a,0x852f,
	0x9420,0x9425,0x942a,0x942f,0xb320,0xb325,0xb32a,0xb32f,
	0xc320,0xc325,0xc32a,0xc32f,0xd220,0xd225,0xd22a,0xd22f,
	0xf120,0xf125,0xf12a,0xf12f,0x0020,0x0025,0x002a,0x002f,
	0x2020,0x2025,0x202a,0x202f,0x3f20,0x3f25,0x3f2a,0x3f2f,
	0x4e20,0x4e25,0x4e2a,0x4e2f,0x6e20,0x6e25,0x6e2a,0x6e2f,
	0x7d20,0x7d25,0x7d2a,0x7d2f,0x9c20,0x9c25,0x9c2a,0x9c2f,
	0x4740,0x4745,0x474a,0x474f,0x5640,0x5645,0x564a,0x564f,
	0x6540,0x6545,0x654a,0x654f,0x8440,0x8445,0x844a,0x844f,
	0x9440,0x9445,0x944a,0x944f,0xb340,0xb345,0xb34a,0xb34f,
	0xc240,0xc245,0xc24a,0xc24f,0xd240,0xd245,0xd24a,0xd24f,
	0xf140,0xf145,0xf14a,0xf14f,0x0040,0x0045,0x004a,0x004f,
	0x2f40,0x2f45,0x2f4a,0x2f4f,0x3f40,0x3f45,0x3f4a,0x3f4f,
	0x4e40,0x4e45,0x4e4a,0x4e4f,0x6d40,0x6d45,0x6d4a,0x6d4f,
	0x7d40,0x7d45,0x7d4a,0x7d4f,0x9c40,0x9c45,0x9c4a,0x9c4f,
	0x4660,0x4665,0x466a,0x466f,0x5560,0x5565,0x556a,0x556f,
	0x6560,0x6565,0x656a,0x656f,0x8460,0x8465,0x846a,0x846f,
	0x9360,0x9365,0x936a,0x936f,0xb360,0xb365,0xb36a,0xb36f,
	0xc260,0xc265,0xc26a,0xc26f,0xd160,0xd165,0xd16a,0xd16f,
	0xf060,0xf065,0xf06a,0xf06f,0x0060,0x0065,0x006a,0x006f,
	0x2f60,0x2f65,0x2f6a,0x2f6f,0x3e60,0x3e65,0x3e6a,0x3e6f,
	0x4e60,0x4e65,0x4e6a,0x4e6f,0x6d60,0x6d65,0x6d6a,0x6d6f,
	0x7c60,0x7c65,0x7c6a,0x7c6f,0x9b60,0x9b65,0x9b6a,0x9b6f,
	0x4680,0x4685,0x468a,0x468f,0x5580,0x5585,0x558a,0x558f,
	0x6480,0x6485,0x648a,0x648f,0x8480,0x8485,0x848a,0x848f,
	0x9380,0x9385,0x938a,0x938f,0xb280,0xb285,0xb28a,0xb28f,
	0xc280,0xc285,0xc28a,0xc28f,0xd180,0xd185,0xd18a,0xd18f,
	0xf080,0xf085,0xf08a,0xf08f,0x0f80,0x0f85,0x0f8a,0x0f8f,
	0x2f80,0x2f85,0x2f8a,0x2f8f,0x3e80,0x3e85,0x3e8a,0x3e8f,
	0x4d80,0x4d85,0x4d8a,0x4d8f,0x6d80,0x6d85,0x6d8a,0x6d8f,
	0x7c80,0x7c85,0x7c8a,0x7c8f,0x9b80,0x9b85,0x9b8a,0x9b8f,
	0x4590,0x4595,0x459a,0x459f,0x5590,0x5595,0x559a,0x559f,
	0x6490,0x6495,0x649a,0x649f,0x8390,0x8395,0x839a,0x839f,
	0x9390,0x9395,0x939a,0x939f,0xb290,0xb295,0xb29a,0xb29f,
	0xc190,0xc195,0xc19a,0xc19f,0xd090,0xd095,0xd09a,0xd09f,
	0xf090,0xf095,0xf09a,0xf09f,0x0f90,0x0f95,0x0f9a,0x0f9f,
	0x2e90,0x2e95,0x2e9a,0x2e9f,0x3e90,0x3e95,0x3e9a,0x3e9f,
	0x4d90,0x4d95,0x4d9a,0x4d9f,0x6c90,0x6c95,0x6c9a,0x6c9f,
	0x7b90,0x7b95,0x7b9a,0x7b9f,0x9b90,0x9b95,0x9b9a,0x9b9f,
	0x45b0,0x45b5,0x45ba,0x45bf,0x54b0,0x54b5,0x54ba,0x54bf,
	0x64b0,0x64b5,0x64ba,0x64bf,0x83b0,0x83b5,0x83ba,0x83bf,
	0x92b0,0x92b5,0x92ba,0x92bf,0xb2b0,0xb2b5,0xb2ba,0xb2bf,
	0xc1b0,0xc1b5,0xc1ba,0xc1bf,0xd0b0,0xd0b5,0xd0ba,0xd0bf,
	0xffb0,0xffb5,0xffba,0xffbf,0x0fb0,0x0fb5,0x0fba,0x0fbf,
	0x2eb0,0x2eb5,0x2eba,0x2ebf,0x3db0,0x3db5,0x3dba,0x3dbf,
	0x4db0,0x4db5,0x4dba,0x4dbf,0x6cb0,0x6cb5,0x6cba,0x6cbf,
	0x7bb0,0x7bb5,0x7bba,0x7bbf,0x9ab0,0x9ab5,0x9aba,0x9abf,
	0x45d0,0x45d5,0x45da,0x45df,0x54d0,0x54d5,0x54da,0x54df,
	0x63d0,0x63d5,0x63da,0x63df,0x83d0,0x83d5,0x83da,0x83df,
	0x92d0,0x92d5,0x92da,0x92df,0xb1d0,0xb1d5,0xb1da,0xb1df,
	0xc1d0,0xc1d5,0xc1da,0xc1df,0xd0d0,0xd0d5,0xd0da,0xd0df,
	0xffd0,0xffd5,0xffda,0xffdf,0x0ed0,0x0ed5,0x0eda,0x0edf,
	0x2ed0,0x2ed5,0x2eda,0x2edf,0x3dd0,0x3dd5,0x3dda,0x3ddf,
	0x4cd0,0x4cd5,0x4cda,0x4cdf,0x6cd0,0x6cd5,0x6cda,0x6cdf,
	0x7bd0,0x7bd5,0x7bda,0x7bdf,0x9ad0,0x9ad5,0x9ada,0x9adf,
	0x44f0,0x44f5,0x44fa,0x44ff,0x54f0,0x54f5,0x54fa,0x54ff,
	0x63f0,0x63f5,0x63fa,0x63ff,0x82f0,0x82f5,0x82fa,0x82ff,
	0x92f0,0x92f5,0x92fa,0x92ff,0xb1f0,0xb1f5,0xb1fa,0xb1ff,
	0xc0f0,0xc0f5,0xc0fa,0xc0ff,0xdff0,0xdff5,0xdffa,0xdfff,
	0xfff0,0xfff5,0xfffa,0xffff,0x0ef0,0x0ef5,0x0efa,0x0eff,
	0x2df0,0x2df5,0x2dfa,0x2dff,0x3df0,0x3df5,0x3dfa,0x3dff,
	0x4cf0,0x4cf5,0x4cfa,0x4cff,0x6bf0,0x6bf5,0x6bfa,0x6bff,
	0x7af0,0x7af5,0x7afa,0x7aff,0x9af0,0x9af5,0x9afa,0x9aff,
	0x4410,0x4415,0x441a,0x441f,0x5310,0x5315,0x531a,0x531f,
	0x6310,0x6315,0x631a,0x631f,0x8210,0x8215,0x821a,0x821f,
	0x9110,0x9115,0x911a,0x911f,0xb110,0xb115,0xb11a,0xb11f,
	0xc010,0xc015,0xc01a,0xc01f,0xdf10,0xdf15,0xdf1a,0xdf1f,
	0xfe10,0xfe15,0xfe1a,0xfe1f,0x0e10,0x0e15,0x0e1a,0x0e1f,
	0x2d10,0x2d15,0x2d1a,0x2d1f,0x3c10,0x3c15,0x3c1a,0x3c1f,
	0x4c10,0x4c15,0x4c1a,0x4c1f,0x6b10,0x6b15,0x6b1a,0x6b1f,
	0x7a10,0x7a15,0x7a1a,0x7a1f,0x9910,0x9915,0x991a,0x991f,
	0x4420,0x4425,0x442a,0x442f,0x5320,0x5325,0x532a,0x532f,
	0x6220,0x6225,0x622a,0x622f,0x8220,0x8225,0x822a,0x822f,
	0x9120,0x9125,0x912a,0x912f,0xb020,0xb025,0xb02a,0xb02f,
	0xcf20,0xcf25,0xcf2a,0xcf2f,0xdf20,0xdf25,0xdf2a,0xdf2f,
	0xfe20,0xfe25,0xfe2a,0xfe2f,0x0d20,0x0d25,0x0d2a,0x0d2f,
	0x2d20,0x2d25,0x2d2a,0x2d2f,0x3c20,0x3c25,0x3c2a,0x3c2f,
	0x4b20,0x4b25,0x4b2a,0x4b2f,0x6a20,0x6a25,0x6a2a,0x6a2f,
	0x7a20,0x7a25,0x7a2a,0x7a2f,0x9920,0x9925,0x992a,0x992f,
	0x4340,0x4345,0x434a,0x434f,0x5340,0x5345,0x534a,0x534f,
	0x6240,0x6245,0x624a,0x624f,0x8140,0x8145,0x814a,0x814f,
	0x9140,0x9145,0x914a,0x914f,0xb040,0xb045,0xb04a,0xb04f,
	0xcf40,0xcf45,0xcf4a,0xcf4f,0xde40,0xde45,0xde4a,0xde4f,
	0xfe40,0xfe45,0xfe4a,0xfe4f,0x0d40,0x0d45,0x0d4a,0x0d4f,
	0x2c40,0x2c45,0x2c4a,0x2c4f,0x3c40,0x3c45,0x3c4a,0x3c4f,
	0x4b40,0x4b45,0x4b4a,0x4b4f,0x6a40,0x6a45,0x6a4a,0x6a4f,
	0x7940,0x7945,0x794a,0x794f,0x9940,0x9945,0x994a,0x994f,
	0x4360,0x4365,0x436a,0x436f,0x5260,0x5265,0x526a,0x526f,
	0x6260,0x6265,0x626a,0x626f,0x8160,0x8165,0x816a,0x816f,
	0x9060,0x9065,0x906a,0x906f,0xb060,0xb065,0xb06a,0xb06f,
	0xcf60,0xcf65,0xcf6a,0xcf6f,0xde60,0xde65,0xde6a,0xde6f,
	0xfd60,0xfd65,0xfd6a,0xfd6f,0x0d60,0x0d65,0x0d6a,0x0d6f,
	0x2c60,0x2c65,0x2c6a,0x2c6f,0x3b60,0x3b65,0x3b6a,0x3b6f,
	0x4b60,0x4b65,0x4b6a,0x4b6f,0x6a60,0x6a65,0x6a6a,0x6a6f,
	0x7960,0x7965,0x796a,0x796f,0x9860,0x9865,0x986a,0x986f,
	0x4380,0x4385,0x438a,0x438f,0x5280,0x5285,0x528a,0x528f,
	0x6180,0x6185,0x618a,0x618f,0x8180,0x8185,0x818a,0x818f,
	0x9080,0x9085,0x908a,0x908f,0xbf80,0xbf85,0xbf8a,0xbf8f,
	0xce80,0xce85,0xce8a,0xce8f,0xde80,0xde85,0xde8a,0xde8f,
	0xfd80,0xfd85,0xfd8a,0xfd8f,0x0c80,0x0c85,0x0c8a,0x0c8f,
	0x2c80,0x2c85,0x2c8a,0x2c8f,0x3b80,0x3b85,0x3b8a,0x3b8f,
	0x4a80,0x4a85,0x4a8a,0x4a8f,0x6980,0x6985,0x698a,0x698f,
	0x7980,0x7985,0x798a,0x798f,0x9880,0x9885,0x988a,0x988f,
	0x4290,0x4295,0x429a,0x429f,0x5290,0x5295,0x529a,0x529f,
	0x6190,0x6195,0x619a,0x619f,0x8090,0x8095,0x809a,0x809f,
	0x9090,0x9095,0x909a,0x909f,0xbf90,0xbf95,0xbf9a,0xbf9f,
	0xce90,0xce95,0xce9a,0xce9f,0xdd90,0xdd95,0xdd9a,0xdd9f,
	0xfd90,0xfd95,0xfd9a,0xfd9f,0x0c90,0x0c95,0x0c9a,0x0c9f,
	0x2b90,0x2b95,0x2b9a,0x2b9f,0x3b90,0x3b95,0x3b9a,0x3b9f,
	0x4a90,0x4a95,0x4a9a,0x4a9f,0x6990,0x6995,0x699a,0x699f,
	0x7890,0x7895,0x789a,0x789f,0x9890,0x9895,0x989a,0x989f,
	0x42b0,0x42b5,0x42ba,0x42bf,0x51b0,0x51b5,0x51ba,0x51bf,
	0x61b0,0x61b5,0x61ba,0x61bf,0x80b0,0x80b5,0x80ba,0x80bf,
	0x9fb0,0x9fb5,0x9fba,0x9fbf,0xbeb0,0xbeb5,0xbeba,0xbebf,
	0xceb0,0xceb5,0xceba,0xcebf,0xddb0,0xddb5,0xddba,0xddbf,
	0xfcb0,0xfcb5,0xfcba,0xfcbf,0x0cb0,0x0cb5,0x0cba,0x0cbf,
	0x2bb0,0x2bb5,0x2bba,0x2bbf,0x3ab0,0x3ab5,0x3aba,0x3abf,
	0x49b0,0x49b5,0x49ba,0x49bf,0x69b0,0x69b5,0x69ba,0x69bf,
	0x78b0,0x78b5,0x78ba,0x78bf,0x97b0,0x97b5,0x97ba,0x97bf,
	0x4710,0x4715,0x471a,0x471f,0x5710,0x5715,0x571a,0x571f,
	0x7610,0x7615,0x761a,0x761f,0x8510,0x8515,0x851a,0x851f,
	0x9510,0x9515,0x951a,0x951f,0xb410,0xb415,0xb41a,0xb41f,
	0xc310,0xc315,0xc31a,0xc31f,0xe210,0xe215,0xe21a,0xe21f,
	0xf210,0xf215,0xf21a,0xf21f,0x0110,0x0115,0x011a,0x011f,
	0x2010,0x2015,0x201a,0x201f,0x3010,0x3015,0x301a,0x301f,
	0x5f10,0x5f15,0x5f1a,0x5f1f,0x6e10,0x6e15,0x6e1a,0x6e1f,
	0x7d10,0x7d15,0x7d1a,0x7d1f,0x9d10,0x9d15,0x9d1a,0x9d1f,
	0x4730,0x4735,0x473a,0x473f,0x5630,0x5635,0x563a,0x563f,
	0x7630,0x7635,0x763a,0x763f,0x8530,0x8535,0x853a,0x853f,
	0x9430,0x9435,0x943a,0x943f,0xb430,0xb435,0xb43a,0xb43f,
	0xc330,0xc335,0xc33a,0xc33f,0xe230,0xe235,0xe23a,0xe23f,
	0xf130,0xf135,0xf13a,0xf13f,0x0130,0x0135,0x013a,0x013f,
	0x2030,0x2035,0x203a,0x203f,0x3f30,0x3f35,0x3f3a,0x3f3f,
	0x5f30,0x5f35,0x5f3a,0x5f3f,0x6e30,0x6e35,0x6e3a,0x6e3f,
	0x7d30,0x7d35,0x7d3a,0x7d3f,0x9c30,0x9c35,0x9c3a,0x9c3f,
	0x4740,0x4745,0x474a,0x474f,0x5640,0x5645,0x564a,0x564f,
	0x7540,0x7545,0x754a,0x754f,0x8540,0x8545,0x854a,0x854f,
	0x9440,0x9445,0x944a,0x944f,0xb340,0xb345,0xb34a,0xb34f,
	0xc240,0xc245,0xc24a,0xc24f,0xe240,0xe245,0xe24a,0xe24f,
	0xf140,0xf145,0xf14a,0xf14f,0x0040,0x0045,0x004a,0x004f,
	0x2040,0x2045,0x204a,0x204f,0x3f40,0x3f45,0x3f4a,0x3f4f,
	0x5e40,0x5e45,0x5e4a,0x5e4f,0x6d40,0x6d45,0x6d4a,0x6d4f,
	0x7d40,0x7d45,0x7d4a,0x7d4f,0x9c40,0x9c45,0x9c4a,0x9c4f,
	0x4660,0x4665,0x466a,0x466f,0x5660,0x5665,0x566a,0x566f,
	0x7560,0x7565,0x756a,0x756f,0x8460,0x8465,0x846a,0x846f,
	0x9460,0x9465,0x946a,0x946f,0xb360,0xb365,0xb36a,0xb36f,
	0xc260,0xc265,0xc26a,0xc26f,0xe160,0xe165,0xe16a,0xe16f,
	0xf160,0xf165,0xf16a,0xf16f,0x0060,0x0065,0x006a,0x006f,
	0x2f60,0x2f65,0x2f6a,0x2f6f,0x3f60,0x3f65,0x3f6a,0x3f6f,
	0x5e60,0x5e65,0x5e6a,0x5e6f,0x6d60,0x6d65,0x6d6a,0x6d6f,
	0x7c60,0x7c65,0x7c6a,0x7c6f,0x9c60,0x9c65,0x9c6a,0x9c6f,
	0x4680,0x4685,0x468a,0x468f,0x5580,0x5585,0x558a,0x558f,
	0x7580,0x7585,0x758a,0x758f,0x8480,0x8485,0x848a,0x848f,
	0x9380,0x9385,0x938a,0x938f,0xb380,0xb385,0xb38a,0xb38f,
	0xc280,0xc285,0xc28a,0xc28f,0xe180,0xe185,0xe18a,0xe18f,
	0xf080,0xf085,0xf08a,0xf08f,0x0080,0x0085,0x008a,0x008f,
	0x2f80,0x2f85,0x2f8a,0x2f8f,0x3e80,0x3e85,0x3e8a,0x3e8f,
	0x5e80,0x5e85,0x5e8a,0x5e8f,0x6d80,0x6d85,0x6d8a,0x6d8f,
	0x7c80,0x7c85,0x7c8a,0x7c8f,0x9b80,0x9b85,0x9b8a,0x9b8f,
	0x46a0,0x46a5,0x46aa,0x46af,0x55a0,0x55a5,0x55aa,0x55af,
	0x74a0,0x74a5,0x74aa,0x74af,0x84a0,0x84a5,0x84aa,0x84af,
	0x93a0,0x93a5,0x93aa,0x93af,0xb2a0,0xb2a5,0xb2aa,0xb2af,
	0xc1a0,0xc1a5,0xc1aa,0xc1af,0xe1a0,0xe1a5,0xe1aa,0xe1af,
	0xf0a0,0xf0a5,0xf0aa,0xf0af,0x0fa0,0x0fa5,0x0faa,0x0faf,
	0x2fa0,0x2fa5,0x2faa,0x2faf,0x3ea0,0x3ea5,0x3eaa,0x3eaf,
	0x5da0,0x5da5,0x5daa,0x5daf,0x6ca0,0x6ca5,0x6caa,0x6caf,
	0x7ca0,0x7ca5,0x7caa,0x7caf,0x9ba0,0x9ba5,0x9baa,0x9baf,
	0x45b0,0x45b5,0x45ba,0x45bf,0x55b0,0x55b5,0x55ba,0x55bf,
	0x74b0,0x74b5,0x74ba,0x74bf,0x83b0,0x83b5,0x83ba,0x83bf,
	0x93b0,0x93b5,0x93ba,0x93bf,0xb2b0,0xb2b5,0xb2ba,0xb2bf,
	0xc1b0,0xc1b5,0xc1ba,0xc1bf,0xe0b0,0xe0b5,0xe0ba,0xe0bf,
	0xf0b0,0xf0b5,0xf0ba,0xf0bf,0x0fb0,0x0fb5,0x0fba,0x0fbf,
	0x2eb0,0x2eb5,0x2eba,0x2ebf,0x3eb0,0x3eb5,0x3eba,0x3ebf,
	0x5db0,0x5db5,0x5dba,0x5dbf,0x6cb0,0x6cb5,0x6cba,0x6cbf,
	0x7bb0,0x7bb5,0x7bba,0x7bbf,0x9bb0,0x9bb5,0x9bba,0x9bbf,
	0x45d0,0x45d5,0x45da,0x45df,0x54d0,0x54d5,0x54da,0x54df,
	0x74d0,0x74d5,0x74da,0x74df,0x83d0,0x83d5,0x83da,0x83df,
	0x92d0,0x92d5,0x92da,0x92df,0xb1d0,0xb1d5,0xb1da,0xb1df,
	0xc1d0,0xc1d5,0xc1da,0xc1df,0xe0d0,0xe0d5,0xe0da,0xe0df,
	0xffd0,0xffd5,0xffda,0xffdf,0x0fd0,0x0fd5,0x0fda,0x0fdf,
	0x2ed0,0x2ed5,0x2eda,0x2edf,0x3dd0,0x3dd5,0x3dda,0x3ddf,
	0x5cd0,0x5cd5,0x5cda,0x5cdf,0x6cd0,0x6cd5,0x6cda,0x6cdf,
	0x7bd0,0x7bd5,0x7bda,0x7bdf,0x9ad0,0x9ad5,0x9ada,0x9adf,
	0x45f0,0x45f5,0x45fa,0x45ff,0x54f0,0x54f5,0x54fa,0x54ff,
	0x73f0,0x73f5,0x73fa,0x73ff,0x83f0,0x83f5,0x83fa,0x83ff,
	0x92f0,0x92f5,0x92fa,0x92ff,0xb1f0,0xb1f5,0xb1fa,0xb1ff,
	0xc0f0,0xc0f5,0xc0fa,0xc0ff,0xe0f0,0xe0f5,0xe0fa,0xe0ff,
	0xfff0,0xfff5,0xfffa,0xffff,0x0ef0,0x0ef5,0x0efa,0x0eff,
	0x2ef0,0x2ef5,0x2efa,0x2eff,0x3df0,0x3df5,0x3dfa,0x3dff,
	0x5cf0,0x5cf5,0x5cfa,0x5cff,0x6bf0,0x6bf5,0x6bfa,0x6bff,
	0x7bf0,0x7bf5,0x7bfa,0x7bff,0x9af0,0x9af5,0x9afa,0x9aff,
	0x4410,0x4415,0x441a,0x441f,0x5410,0x5415,0x541a,0x541f,
	0x7310,0x7315,0x731a,0x731f,0x8210,0x8215,0x821a,0x821f,
	0x9210,0x9215,0x921a,0x921f,0xb110,0xb115,0xb11a,0xb11f,
	0xc010,0xc015,0xc01a,0xc01f,0xef10,0xef15,0xef1a,0xef1f,
	0xff10,0xff15,0xff1a,0xff1f,0x0e10,0x0e15,0x0e1a,0x0e1f,
	0x2d10,0x2d15,0x2d1a,0x2d1f,0x3d10,0x3d15,0x3d1a,0x3d1f,
	0x5c10,0x5c15,0x5c1a,0x5c1f,0x6b10,0x6b15,0x6b1a,0x6b1f,
	0x7a10,0x7a15,0x7a1a,0x7a1f,0x9a10,0x9a15,0x9a1a,0x9a1f,
	0x4430,0x4435,0x443a,0x443f,0x5330,0x5335,0x533a,0x533f,
	0x7330,0x7335,0x733a,0x733f,0x8230,0x8235,0x823a,0x823f,
	0x9130,0x9135,0x913a,0x913f,0xb030,0xb035,0xb03a,0xb03f,
	0xc030,0xc035,0xc03a,0xc03f,0xef30,0xef35,0xef3a,0xef3f,
	0xfe30,0xfe35,0xfe3a,0xfe3f,0x0e30,0x0e35,0x0e3a,0x0e3f,
	0x2d30,0x2d35,0x2d3a,0x2d3f,0x3c30,0x3c35,0x3c3a,0x3c3f,
	0x5b30,0x5b35,0x5b3a,0x5b3f,0x6b30,0x6b35,0x6b3a,0x6b3f,
	0x7a30,0x7a35,0x7a3a,0x7a3f,0x9930,0x9935,0x993a,0x993f,
	0x4440,0x4445,0x444a,0x444f,0x5340,0x5345,0x534a,0x534f,
	0x7240,0x7245,0x724a,0x724f,0x8240,0x8245,0x824a,0x824f,
	0x9140,0x9145,0x914a,0x914f,0xb040,0xb045,0xb04a,0xb04f,
	0xcf40,0xcf45,0xcf4a,0xcf4f,0xef40,0xef45,0xef4a,0xef4f,
	0xfe40,0xfe45,0xfe4a,0xfe4f,0x0d40,0x0d45,0x0d4a,0x0d4f,
	0x2d40,0x2d45,0x2d4a,0x2d4f,0x3c40,0x3c45,0x3c4a,0x3c4f,
	0x5b40,0x5b45,0x5b4a,0x5b4f,0x6a40,0x6a45,0x6a4a,0x6a4f,
	0x7a40,0x7a45,0x7a4a,0x7a4f,0x9940,0x9945,0x994a,0x994f,
	0x4360,0x4365,0x436a,0x436f,0x5360,0x5365,0x536a,0x536f,
	0x7260,0x7265,0x726a,0x726f,0x8160,0x8165,0x816a,0x816f,
	0x9060,0x9065,0x906a,0x906f,0xb060,0xb065,0xb06a,0xb06f,
	0xcf60,0xcf65,0xcf6a,0xcf6f,0xee60,0xee65,0xee6a,0xee6f,
	0xfe60,0xfe65,0xfe6a,0xfe6f,0x0d60,0x0d65,0x0d6a,0x0d6f,
	0x2c60,0x2c65,0x2c6a,0x2c6f,0x3b60,0x3b65,0x3b6a,0x3b6f,
	0x5b60,0x5b65,0x5b6a,0x5b6f,0x6a60,0x6a65,0x6a6a,0x6a6f,
	0x7960,0x7965,0x796a,0x796f,0x9960,0x9965,0x996a,0x996f,
	0x4380,0x4385,0x438a,0x438f,0x5280,0x5285,0x528a,0x528f,
	0x7280,0x7285,0x728a,0x728f,0x8180,0x8185,0x818a,0x818f,
	0x9080,0x9085,0x908a,0x908f,0xbf80,0xbf85,0xbf8a,0xbf8f,
	0xcf80,0xcf85,0xcf8a,0xcf8f,0xee80,0xee85,0xee8a,0xee8f,
	0xfd80,0xfd85,0xfd8a,0xfd8f,0x0d80,0x0d85,0x0d8a,0x0d8f,
	0x2c80,0x2c85,0x2c8a,0x2c8f,0x3b80,0x3b85,0x3b8a,0x3b8f,
	0x5a80,0x5a85,0x5a8a,0x5a8f,0x6a80,0x6a85,0x6a8a,0x6a8f,
	0x7980,0x7985,0x798a,0x798f,0x9880,0x9885,0x988a,0x988f,
	0x43a0,0x43a5,0x43aa,0x43af,0x52a0,0x52a5,0x52aa,0x52af,
	0x71a0,0x71a5,0x71aa,0x71af,0x81a0,0x81a5,0x81aa,0x81af,
	0x90a0,0x90a5,0x90aa,0x90af,0xbfa0,0xbfa5,0xbfaa,0xbfaf,
	0xcea0,0xcea5,0xceaa,0xceaf,0xeea0,0xeea5,0xeeaa,0xeeaf,
	0xfda0,0xfda5,0xfdaa,0xfdaf,0x0ca0,0x0ca5,0x0caa,0x0caf,
	0x2ca0,0x2ca5,0x2caa,0x2caf,0x3ba0,0x3ba5,0x3baa,0x3baf,
	0x5aa0,0x5aa5,0x5aaa,0x5aaf,0x69a0,0x69a5,0x69aa,0x69af,
	0x79a0,0x79a5,0x79aa,0x79af,0x98a0,0x98a5,0x98aa,0x98af,
	0x42b0,0x42b5,0x42ba,0x42bf,0x52b0,0x52b5,0x52ba,0x52bf,
	0x71b0,0x71b5,0x71ba,0x71bf,0x80b0,0x80b5,0x80ba,0x80bf,
	0x9fb0,0x9fb5,0x9fba,0x9fbf,0xbfb0,0xbfb5,0xbfba,0xbfbf,
	0xceb0,0xceb5,0xceba,0xcebf,0xedb0,0xedb5,0xedba,0xedbf,
	0xfdb0,0xfdb5,0xfdba,0xfdbf,0x0cb0,0x0cb5,0x0cba,0x0cbf,
	0x2bb0,0x2bb5,0x2bba,0x2bbf,0x3ab0,0x3ab5,0x3aba,0x3abf,
	0x5ab0,0x5ab5,0x5aba,0x5abf,0x69b0,0x69b5,0x69ba,0x69bf,
	0x78b0,0x78b5,0x78ba,0x78bf,0x98b0,0x98b5,0x98ba,0x98bf,
	0x4810,0x4815,0x481a,0x481f,0x5710,0x5715,0x571a,0x571f,
	0x7610,0x7615,0x761a,0x761f,0x8610,0x8615,0x861a,0x861f,
	0xa510,0xa515,0xa51a,0xa51f,0xb410,0xb415,0xb41a,0xb41f,
	0xc310,0xc315,0xc31a,0xc31f,0xe310,0xe315,0xe31a,0xe31f,
	0xf210,0xf215,0xf21a,0xf21f,0x1110,0x1115,0x111a,0x111f,
	0x2110,0x2115,0x211a,0x211f,0x3010,0x3015,0x301a,0x301f,
	0x5f10,0x5f15,0x5f1a,0x5f1f,0x6e10,0x6e15,0x6e1a,0x6e1f,
	0x8e10,0x8e15,0x8e1a,0x8e1f,0x9d10,0x9d15,0x9d1a,0x9d1f,
	0x4730,0x4735,0x473a,0x473f,0x5730,0x5735,0x573a,0x573f,
	0x7630,0x7635,0x763a,0x763f,0x8530,0x8535,0x853a,0x853f,
	0xa530,0xa535,0xa53a,0xa53f,0xb430,0xb435,0xb43a,0xb43f,
	0xc330,0xc335,0xc33a,0xc33f,0xe230,0xe235,0xe23a,0xe23f,
	0xf230,0xf235,0xf23a,0xf23f,0x1130,0x1135,0x113a,0x113f,
	0x2030,0x2035,0x203a,0x203f,0x3030,0x3035,0x303a,0x303f,
	0x5f30,0x5f35,0x5f3a,0x5f3f,0x6e30,0x6e35,0x6e3a,0x6e3f,
	0x8d30,0x8d35,0x8d3a,0x8d3f,0x9d30,0x9d35,0x9d3a,0x9d3f,
	0x4750,0x4755,0x475a,0x475f,0x5650,0x5655,0x565a,0x565f,
	0x7650,0x7655,0x765a,0x765f,0x8550,0x8555,0x855a,0x855f,
	0xa450,0xa455,0xa45a,0xa45f,0xb350,0xb355,0xb35a,0xb35f,
	0xc350,0xc355,0xc35a,0xc35f,0xe250,0xe255,0xe25a,0xe25f,
	0xf150,0xf155,0xf15a,0xf15f,0x1150,0x1155,0x115a,0x115f,
	0x2050,0x2055,0x205a,0x205f,0x3f50,0x3f55,0x3f5a,0x3f5f,
	0x5e50,0x5e55,0x5e5a,0x5e5f,0x6e50,0x6e55,0x6e5a,0x6e5f,
	0x8d50,0x8d55,0x8d5a,0x8d5f,0x9c50,0x9c55,0x9c5a,0x9c5f,
	0x4760,0x4765,0x476a,0x476f,0x5660,0x5665,0x566a,0x566f,
	0x7560,0x7565,0x756a,0x756f,0x8560,0x8565,0x856a,0x856f,
	0xa460,0xa465,0xa46a,0xa46f,0xb360,0xb365,0xb36a,0xb36f,
	0xc260,0xc265,0xc26a,0xc26f,0xe260,0xe265,0xe26a,0xe26f,
	0xf160,0xf165,0xf16a,0xf16f,0x1060,0x1065,0x106a,0x106f,
	0x2060,0x2065,0x206a,0x206f,0x3f60,0x3f65,0x3f6a,0x3f6f,
	0x5e60,0x5e65,0x5e6a,0x5e6f,0x6d60,0x6d65,0x6d6a,0x6d6f,
	0x8d60,0x8d65,0x8d6a,0x8d6f,0x9c60,0x9c65,0x9c6a,0x9c6f,
	0x4680,0x4685,0x468a,0x468f,0x5680,0x5685,0x568a,0x568f,
	0x7580,0x7585,0x758a,0x758f,0x8480,0x8485,0x848a,0x848f,
	0xa380,0xa385,0xa38a,0xa38f,0xb380,0xb385,0xb38a,0xb38f,
	0xc280,0xc285,0xc28a,0xc28f,0xe180,0xe185,0xe18a,0xe18f,
	0xf180,0xf185,0xf18a,0xf18f,0x1080,0x1085,0x108a,0x108f,
	0x2f80,0x2f85,0x2f8a,0x2f8f,0x3e80,0x3e85,0x3e8a,0x3e8f,
	0x5e80,0x5e85,0x5e8a,0x5e8f,0x6d80,0x6d85,0x6d8a,0x6d8f,
	0x8c80,0x8c85,0x8c8a,0x8c8f,0x9c80,0x9c85,0x9c8a,0x9c8f,
	0x46a0,0x46a5,0x46aa,0x46af,0x55a0,0x55a5,0x55aa,0x55af,
	0x75a0,0x75a5,0x75aa,0x75af,0x84a0,0x84a5,0x84aa,0x84af,
	0xa3a0,0xa3a5,0xa3aa,0xa3af,0xb2a0,0xb2a5,0xb2aa,0xb2af,
	0xc2a0,0xc2a5,0xc2aa,0xc2af,0xe1a0,0xe1a5,0xe1aa,0xe1af,
	0xf0a0,0xf0a5,0xf0aa,0xf0af,0x10a0,0x10a5,0x10aa,0x10af,
	0x2fa0,0x2fa5,0x2faa,0x2faf,0x3ea0,0x3ea5,0x3eaa,0x3eaf,
	0x5da0,0x5da5,0x5daa,0x5daf,0x6da0,0x6da5,0x6daa,0x6daf,
	0x8ca0,0x8ca5,0x8caa,0x8caf,0x9ba0,0x9ba5,0x9baa,0x9baf,
	0x46c0,0x46c5,0x46ca,0x46cf,0x55c0,0x55c5,0x55ca,0x55cf,
	0x74c0,0x74c5,0x74ca,0x74cf,0x84c0,0x84c5,0x84ca,0x84cf,
	0xa3c0,0xa3c5,0xa3ca,0xa3cf,0xb2c0,0xb2c5,0xb2ca,0xb2cf,
	0xc1c0,0xc1c5,0xc1ca,0xc1cf,0xe1c0,0xe1c5,0xe1ca,0xe1cf,
	0xf0c0,0xf0c5,0xf0ca,0xf0cf,0x1fc0,0x1fc5,0x1fca,0x1fcf,
	0x2fc0,0x2fc5,0x2fca,0x2fcf,0x3ec0,0x3ec5,0x3eca,0x3ecf,
	0x5dc0,0x5dc5,0x5dca,0x5dcf,0x6cc0,0x6cc5,0x6cca,0x6ccf,
	0x8cc0,0x8cc5,0x8cca,0x8ccf,0x9bc0,0x9bc5,0x9bca,0x9bcf,
	0x45d0,0x45d5,0x45da,0x45df,0x55d0,0x55d5,0x55da,0x55df,
	0x74d0,0x74d5,0x74da,0x74df,0x83d0,0x83d5,0x83da,0x83df,
	0xa2d0,0xa2d5,0xa2da,0xa2df,0xb2d0,0xb2d5,0xb2da,0xb2df,
	0xc1d0,0xc1d5,0xc1da,0xc1df,0xe0d0,0xe0d5,0xe0da,0xe0df,
	0xf0d0,0xf0d5,0xf0da,0xf0df,0x1fd0,0x1fd5,0x1fda,0x1fdf,
	0x2ed0,0x2ed5,0x2eda,0x2edf,0x3dd0,0x3dd5,0x3dda,0x3ddf,
	0x5dd0,0x5dd5,0x5dda,0x5ddf,0x6cd0,0x6cd5,0x6cda,0x6cdf,
	0x8bd0,0x8bd5,0x8bda,0x8bdf,0x9bd0,0x9bd5,0x9bda,0x9bdf,
	0x45f0,0x45f5,0x45fa,0x45ff,0x54f0,0x54f5,0x54fa,0x54ff,
	0x74f0,0x74f5,0x74fa,0x74ff,0x83f0,0x83f5,0x83fa,0x83ff,
	0xa2f0,0xa2f5,0xa2fa,0xa2ff,0xb1f0,0xb1f5,0xb1fa,0xb1ff,
	0xc1f0,0xc1f5,0xc1fa,0xc1ff,0xe0f0,0xe0f5,0xe0fa,0xe0ff,
	0xfff0,0xfff5,0xfffa,0xffff,0x1ff0,0x1ff5,0x1ffa,0x1fff,
	0x2ef0,0x2ef5,0x2efa,0x2eff,0x3df0,0x3df5,0x3dfa,0x3dff,
	0x5cf0,0x5cf5,0x5cfa,0x5cff,0x6cf0,0x6cf5,0x6cfa,0x6cff,
	0x8bf0,0x8bf5,0x8bfa,0x8bff,0x9af0,0x9af5,0x9afa,0x9aff,
	0x4510,0x4515,0x451a,0x451f,0x5410,0x5415,0x541a,0x541f,
	0x7310,0x7315,0x731a,0x731f,0x8210,0x8215,0x821a,0x821f,
	0xa210,0xa215,0xa21a,0xa21f,0xb110,0xb115,0xb11a,0xb11f,
	0xc010,0xc015,0xc01a,0xc01f,0xe010,0xe015,0xe01a,0xe01f,
	0xff10,0xff15,0xff1a,0xff1f,0x1e10,0x1e15,0x1e1a,0x1e1f,
	0x2d10,0x2d15,0x2d1a,0x2d1f,0x3d10,0x3d15,0x3d1a,0x3d1f,
	0x5c10,0x5c15,0x5c1a,0x5c1f,0x6b10,0x6b15,0x6b1a,0x6b1f,
	0x8b10,0x8b15,0x8b1a,0x8b1f,0x9a10,0x9a15,0x9a1a,0x9a1f,
	0x4430,0x4435,0x443a,0x443f,0x5430,0x5435,0x543a,0x543f,
	0x7330,0x7335,0x733a,0x733f,0x8230,0x8235,0x823a,0x823f,
	0xa130,0xa135,0xa13a,0xa13f,0xb130,0xb135,0xb13a,0xb13f,
	0xc030,0xc035,0xc03a,0xc03f,0xef30,0xef35,0xef3a,0xef3f,
	0xff30,0xff35,0xff3a,0xff3f,0x1e30,0x1e35,0x1e3a,0x1e3f,
	0x2d30,0x2d35,0x2d3a,0x2d3f,0x3c30,0x3c35,0x3c3a,0x3c3f,
	0x5c30,0x5c35,0x5c3a,0x5c3f,0x6b30,0x6b35,0x6b3a,0x6b3f,
	0x8a30,0x8a35,0x8a3a,0x8a3f,0x9a30,0x9a35,0x9a3a,0x9a3f,
	0x4450,0x4455,0x445a,0x445f,0x5350,0x5355,0x535a,0x535f,
	0x7350,0x7355,0x735a,0x735f,0x8250,0x8255,0x825a,0x825f,
	0xa150,0xa155,0xa15a,0xa15f,0xb050,0xb055,0xb05a,0xb05f,
	0xc050,0xc055,0xc05a,0xc05f,0xef50,0xef55,0xef5a,0xef5f,
	0xfe50,0xfe55,0xfe5a,0xfe5f,0x1e50,0x1e55,0x1e5a,0x1e5f,
	0x2d50,0x2d55,0x2d5a,0x2d5f,0x3c50,0x3c55,0x3c5a,0x3c5f,
	0x5b50,0x5b55,0x5b5a,0x5b5f,0x6b50,0x6b55,0x6b5a,0x6b5f,
	0x8a50,0x8a55,0x8a5a,0x8a5f,0x9950,0x9955,0x995a,0x995f,
	0x4460,0x4465,0x446a,0x446f,0x5360,0x5365,0x536a,0x536f,
	0x7260,0x7265,0x726a,0x726f,0x8160,0x8165,0x816a,0x816f,
	0xa160,0xa165,0xa16a,0xa16f,0xb060,0xb065,0xb06a,0xb06f,
	0xcf60,0xcf65,0xcf6a,0xcf6f,0xef60,0xef65,0xef6a,0xef6f,
	0xfe60,0xfe65,0xfe6a,0xfe6f,0x1d60,0x1d65,0x1d6a,0x1d6f,
	0x2c60,0x2c65,0x2c6a,0x2c6f,0x3c60,0x3c65,0x3c6a,0x3c6f,
	0x5b60,0x5b65,0x5b6a,0x5b6f,0x6a60,0x6a65,0x6a6a,0x6a6f,
	0x8a60,0x8a65,0x8a6a,0x8a6f,0x9960,0x9965,0x996a,0x996f,
	0x4380,0x4385,0x438a,0x438f,0x5380,0x5385,0x538a,0x538f,
	0x7280,0x7285,0x728a,0x728f,0x8180,0x8185,0x818a,0x818f,
	0xa080,0xa085,0xa08a,0xa08f,0xb080,0xb085,0xb08a,0xb08f,
	0xcf80,0xcf85,0xcf8a,0xcf8f,0xee80,0xee85,0xee8a,0xee8f,
	0xfe80,0xfe85,0xfe8a,0xfe8f,0x1d80,0x1d85,0x1d8a,0x1d8f,
	0x2c80,0x2c85,0x2c8a,0x2c8f,0x3b80,0x3b85,0x3b8a,0x3b8f,
	0x5b80,0x5b85,0x5b8a,0x5b8f,0x6a80,0x6a85,0x6a8a,0x6a8f,
	0x8980,0x8985,0x898a,0x898f,0x9980,0x9985,0x998a,0x998f,
	0x43a0,0x43a5,0x43aa,0x43af,0x52a0,0x52a5,0x52aa,0x52af,
	0x71a0,0x71a5,0x71aa,0x71af,0x81a0,0x81a5,0x81aa,0x81af,
	0xa0a0,0xa0a5,0xa0aa,0xa0af,0xbfa0,0xbfa5,0xbfaa,0xbfaf,
	0xcfa0,0xcfa5,0xcfaa,0xcfaf,0xeea0,0xeea5,0xeeaa,0xeeaf,
	0xfda0,0xfda5,0xfdaa,0xfdaf,0x1ca0,0x1ca5,0x1caa,0x1caf,
	0x2ca0,0x2ca5,0x2caa,0x2caf,0x3ba0,0x3ba5,0x3baa,0x3baf,
	0x5aa0,0x5aa5,0x5aaa,0x5aaf,0x6aa0,0x6aa5,0x6aaa,0x6aaf,
	0x89a0,0x89a5,0x89aa,0x89af,0x98a0,0x98a5,0x98aa,0x98af,
	0x43c0,0x43c5,0x43ca,0x43cf,0x52c0,0x52c5,0x52ca,0x52cf,
	0x71c0,0x71c5,0x71ca,0x71cf,0x80c0,0x80c5,0x80ca,0x80cf,
	0xa0c0,0xa0c5,0xa0ca,0xa0cf,0xbfc0,0xbfc5,0xbfca,0xbfcf,
	0xcec0,0xcec5,0xceca,0xcecf,0xeec0,0xeec5,0xeeca,0xeecf,
	0xfdc0,0xfdc5,0xfdca,0xfdcf,0x1cc0,0x1cc5,0x1cca,0x1ccf,
	0x2bc0,0x2bc5,0x2bca,0x2bcf,0x3bc0,0x3bc5,0x3bca,0x3bcf,
	0x5ac0,0x5ac5,0x5aca,0x5acf,0x69c0,0x69c5,0x69ca,0x69cf,
	0x89c0,0x89c5,0x89ca,0x89cf,0x98c0,0x98c5,0x98ca,0x98cf,
};
#endif

#endif

